INSERT INTO country (id, name) VALUES (1, 'India');
INSERT INTO state (id, name, country_id) VALUES (1, 'Andhra Pradesh', 1);
INSERT INTO district (id, name, state_id) VALUES (1, 'Alluri Sitharama Raju', 1);
INSERT INTO constituency (id, name, district_id, mla_name, mp_name) VALUES (1, 'Default Constituency Alluri Sitharama Raju', 1, 'Pending MLA', 'Pending MP');
INSERT INTO mandal (id, name, constituency_id) VALUES (1, 'Ananthagiri', 1);
INSERT INTO panchayat (id, name, mandal_id) VALUES (1, 'Default Panchayat Ananthagiri', 1);
INSERT INTO village (id, name, panchayat_id) VALUES (1, 'Addategela', 1);
INSERT INTO village (id, name, panchayat_id) VALUES (2, 'Ananthagiri', 1);
INSERT INTO village (id, name, panchayat_id) VALUES (3, 'Baliaguda @ Cheedivalasa', 1);
INSERT INTO village (id, name, panchayat_id) VALUES (4, 'Baliyaguda', 1);
INSERT INTO village (id, name, panchayat_id) VALUES (5, 'Ballagaruvu', 1);
INSERT INTO village (id, name, panchayat_id) VALUES (6, 'Ballamamidi', 1);
INSERT INTO village (id, name, panchayat_id) VALUES (7, 'Bandakonda', 1);
INSERT INTO village (id, name, panchayat_id) VALUES (8, 'Bandavalasa', 1);
INSERT INTO village (id, name, panchayat_id) VALUES (9, 'Bangarampeta', 1);
INSERT INTO village (id, name, panchayat_id) VALUES (10, 'Banjoda', 1);
INSERT INTO village (id, name, panchayat_id) VALUES (11, 'Bediliguda', 1);
INSERT INTO village (id, name, panchayat_id) VALUES (12, 'Bembi', 1);
INSERT INTO village (id, name, panchayat_id) VALUES (13, 'Bhagamarivalasa', 1);
INSERT INTO village (id, name, panchayat_id) VALUES (14, 'Bhalluguda', 1);
INSERT INTO village (id, name, panchayat_id) VALUES (15, 'Bheemavaram', 1);
INSERT INTO village (id, name, panchayat_id) VALUES (16, 'Bheesupuram', 1);
INSERT INTO village (id, name, panchayat_id) VALUES (17, 'Billakamba', 1);
INSERT INTO village (id, name, panchayat_id) VALUES (18, 'Billakota', 1);
INSERT INTO village (id, name, panchayat_id) VALUES (19, 'Bithragadda', 1);
INSERT INTO village (id, name, panchayat_id) VALUES (20, 'Bodaguda', 1);
INSERT INTO village (id, name, panchayat_id) VALUES (21, 'Boddaputtu', 1);
INSERT INTO village (id, name, panchayat_id) VALUES (22, 'Bonduguda', 1);
INSERT INTO village (id, name, panchayat_id) VALUES (23, 'Bondyaguda', 1);
INSERT INTO village (id, name, panchayat_id) VALUES (24, 'Bongija', 1);
INSERT INTO village (id, name, panchayat_id) VALUES (25, 'Bonuru', 1);
INSERT INTO village (id, name, panchayat_id) VALUES (26, 'Boodi', 1);
INSERT INTO village (id, name, panchayat_id) VALUES (27, 'Boraborivalasa', 1);
INSERT INTO village (id, name, panchayat_id) VALUES (28, 'Boringuvalasa', 1);
INSERT INTO village (id, name, panchayat_id) VALUES (29, 'Borra', 1);
INSERT INTO village (id, name, panchayat_id) VALUES (30, 'Borrapalem', 1);
INSERT INTO village (id, name, panchayat_id) VALUES (31, 'Buddigaruvu', 1);
INSERT INTO village (id, name, panchayat_id) VALUES (32, 'Buliyaguda @ Buruju', 1);
INSERT INTO village (id, name, panchayat_id) VALUES (33, 'Buruga', 1);
INSERT INTO village (id, name, panchayat_id) VALUES (34, 'Burugulapadu', 1);
INSERT INTO village (id, name, panchayat_id) VALUES (35, 'Busipadu', 1);
INSERT INTO village (id, name, panchayat_id) VALUES (36, 'Chappadi', 1);
INSERT INTO village (id, name, panchayat_id) VALUES (37, 'Chatakamba', 1);
INSERT INTO village (id, name, panchayat_id) VALUES (38, 'Cheedigaruvu', 1);
INSERT INTO village (id, name, panchayat_id) VALUES (39, 'Cheedimetta', 1);
INSERT INTO village (id, name, panchayat_id) VALUES (40, 'Cheedivalasa', 1);
INSERT INTO village (id, name, panchayat_id) VALUES (41, 'Cherukubidda', 1);
INSERT INTO village (id, name, panchayat_id) VALUES (42, 'Cherukumadata', 1);
INSERT INTO village (id, name, panchayat_id) VALUES (43, 'Chilakalagedda', 1);
INSERT INTO village (id, name, panchayat_id) VALUES (44, 'Chimiti', 1);
INSERT INTO village (id, name, panchayat_id) VALUES (45, 'Chinaburuga', 1);
INSERT INTO village (id, name, panchayat_id) VALUES (46, 'China Konela', 1);
INSERT INTO village (id, name, panchayat_id) VALUES (47, 'China Rabha', 1);
INSERT INTO village (id, name, panchayat_id) VALUES (48, 'Chindugulapadu', 1);
INSERT INTO village (id, name, panchayat_id) VALUES (49, 'Chintalapalem', 1);
INSERT INTO village (id, name, panchayat_id) VALUES (50, 'Chintapaka', 1);
INSERT INTO village (id, name, panchayat_id) VALUES (51, 'Chippapalle', 1);
INSERT INTO village (id, name, panchayat_id) VALUES (52, 'Chitrallapalem', 1);
INSERT INTO village (id, name, panchayat_id) VALUES (53, 'Chittampadu', 1);
INSERT INTO village (id, name, panchayat_id) VALUES (54, 'Chittamvalasa', 1);
INSERT INTO village (id, name, panchayat_id) VALUES (55, 'Dabbalapadu', 1);
INSERT INTO village (id, name, panchayat_id) VALUES (56, 'Dabbalapalem', 1);
INSERT INTO village (id, name, panchayat_id) VALUES (57, 'Dalimputtu', 1);
INSERT INTO village (id, name, panchayat_id) VALUES (58, 'Damsalavalasa', 1);
INSERT INTO village (id, name, panchayat_id) VALUES (59, 'Damsarai', 1);
INSERT INTO village (id, name, panchayat_id) VALUES (60, 'Damuku', 1);
INSERT INTO village (id, name, panchayat_id) VALUES (61, 'Damukurai', 1);
INSERT INTO village (id, name, panchayat_id) VALUES (62, 'Dandabadu', 1);
INSERT INTO village (id, name, panchayat_id) VALUES (63, 'Dayarti', 1);
INSERT INTO village (id, name, panchayat_id) VALUES (64, 'Dekkapuram', 1);
INSERT INTO village (id, name, panchayat_id) VALUES (65, 'Dhanukota', 1);
INSERT INTO village (id, name, panchayat_id) VALUES (66, 'Dibbapalem', 1);
INSERT INTO village (id, name, panchayat_id) VALUES (67, 'Diguva Kambavalasa', 1);
INSERT INTO village (id, name, panchayat_id) VALUES (68, 'Diguvamallelu', 1);
INSERT INTO village (id, name, panchayat_id) VALUES (69, 'Diguvasobha', 1);
INSERT INTO village (id, name, panchayat_id) VALUES (70, 'Diguvasonabha', 1);
INSERT INTO village (id, name, panchayat_id) VALUES (71, 'Dimbrivanivandlavada', 1);
INSERT INTO village (id, name, panchayat_id) VALUES (72, 'Donkaiputtu', 1);
INSERT INTO village (id, name, panchayat_id) VALUES (73, 'Donumuru', 1);
INSERT INTO village (id, name, panchayat_id) VALUES (74, 'Doraguda', 1);
INSERT INTO village (id, name, panchayat_id) VALUES (75, 'Dumbrivalasa', 1);
INSERT INTO village (id, name, panchayat_id) VALUES (76, 'Eetamanuvalasa', 1);
INSERT INTO village (id, name, panchayat_id) VALUES (77, 'Eguvamallelu', 1);
INSERT INTO village (id, name, panchayat_id) VALUES (78, 'Eguvamamidi', 1);
INSERT INTO village (id, name, panchayat_id) VALUES (79, 'Eguvasobha', 1);
INSERT INTO village (id, name, panchayat_id) VALUES (80, 'Gaddibanda', 1);
INSERT INTO village (id, name, panchayat_id) VALUES (81, 'Gadiguda', 1);
INSERT INTO village (id, name, panchayat_id) VALUES (82, 'Gadilalova', 1);
INSERT INTO village (id, name, panchayat_id) VALUES (83, 'Gangavaram', 1);
INSERT INTO village (id, name, panchayat_id) VALUES (84, 'Gangudivalasa', 1);
INSERT INTO village (id, name, panchayat_id) VALUES (85, 'Garugubilli', 1);
INSERT INTO village (id, name, panchayat_id) VALUES (86, 'Gatuguda', 1);
INSERT INTO village (id, name, panchayat_id) VALUES (87, 'Gazzellagaruvu', 1);
INSERT INTO village (id, name, panchayat_id) VALUES (88, 'Getuvalasa', 1);
INSERT INTO village (id, name, panchayat_id) VALUES (89, 'Godugumamidipalem', 1);
INSERT INTO village (id, name, panchayat_id) VALUES (90, 'Gommangipadu', 1);
INSERT INTO village (id, name, panchayat_id) VALUES (91, 'Gondiguda', 1);
INSERT INTO village (id, name, panchayat_id) VALUES (92, 'Goppulapalem', 1);
INSERT INTO village (id, name, panchayat_id) VALUES (93, 'Gorregommu', 1);
INSERT INTO village (id, name, panchayat_id) VALUES (94, 'Gottipadu', 1);
INSERT INTO village (id, name, panchayat_id) VALUES (95, 'Gudem', 1);
INSERT INTO village (id, name, panchayat_id) VALUES (96, 'Gujjali', 1);
INSERT INTO village (id, name, panchayat_id) VALUES (97, 'Gulamalapalle', 1);
INSERT INTO village (id, name, panchayat_id) VALUES (98, 'Gumma', 1);
INSERT INTO village (id, name, panchayat_id) VALUES (99, 'Gummanti', 1);
INSERT INTO village (id, name, panchayat_id) VALUES (100, 'Gummidipadu', 1);
INSERT INTO village (id, name, panchayat_id) VALUES (101, 'Gurajala', 1);
INSERT INTO village (id, name, panchayat_id) VALUES (102, 'Gurilova', 1);
INSERT INTO village (id, name, panchayat_id) VALUES (103, 'Heetaguda', 1);
INSERT INTO village (id, name, panchayat_id) VALUES (104, 'Jakariguda', 1);
INSERT INTO village (id, name, panchayat_id) VALUES (105, 'Jalada', 1);
INSERT INTO village (id, name, panchayat_id) VALUES (106, 'Jampaputtu', 1);
INSERT INTO village (id, name, panchayat_id) VALUES (107, 'Jamuguda', 1);
INSERT INTO village (id, name, panchayat_id) VALUES (108, 'Jeelugulapadu', 1);
INSERT INTO village (id, name, panchayat_id) VALUES (109, 'Jeenapadu', 1);
INSERT INTO village (id, name, panchayat_id) VALUES (110, 'Jeerugedda', 1);
INSERT INTO village (id, name, panchayat_id) VALUES (111, 'Jorlaguda', 1);
INSERT INTO village (id, name, panchayat_id) VALUES (112, 'Kadarevu', 1);
INSERT INTO village (id, name, panchayat_id) VALUES (113, 'Kagulagaruvu', 1);
INSERT INTO village (id, name, panchayat_id) VALUES (114, 'Kakarapadu', 1);
INSERT INTO village (id, name, panchayat_id) VALUES (115, 'Kamalapuram', 1);
INSERT INTO village (id, name, panchayat_id) VALUES (116, 'Kambavalasa', 1);
INSERT INTO village (id, name, panchayat_id) VALUES (117, 'Kannamgaruvu', 1);
INSERT INTO village (id, name, panchayat_id) VALUES (118, 'Kantipuram', 1);
INSERT INTO village (id, name, panchayat_id) VALUES (119, 'Kapativalasa', 1);
INSERT INTO village (id, name, panchayat_id) VALUES (120, 'Karaiguda', 1);
INSERT INTO village (id, name, panchayat_id) VALUES (121, 'Karakavalasa', 1);
INSERT INTO village (id, name, panchayat_id) VALUES (122, 'Karivesu', 1);
INSERT INTO village (id, name, panchayat_id) VALUES (123, 'Karriguda', 1);
INSERT INTO village (id, name, panchayat_id) VALUES (124, 'Kasipatnam', 1);
INSERT INTO village (id, name, panchayat_id) VALUES (125, 'Katika', 1);
INSERT INTO village (id, name, panchayat_id) VALUES (126, 'Katimanuvalasa', 1);
INSERT INTO village (id, name, panchayat_id) VALUES (127, 'Katturu', 1);
INSERT INTO village (id, name, panchayat_id) VALUES (128, 'Kavaliguda', 1);
INSERT INTO village (id, name, panchayat_id) VALUES (129, 'Kittalingi', 1);
INSERT INTO village (id, name, panchayat_id) VALUES (130, 'Kittayyatota', 1);
INSERT INTO village (id, name, panchayat_id) VALUES (131, 'Kivarla', 1);
INSERT INTO village (id, name, panchayat_id) VALUES (132, 'Kodamaguda', 1);
INSERT INTO village (id, name, panchayat_id) VALUES (133, 'Kondavenkatapuram', 1);
INSERT INTO village (id, name, panchayat_id) VALUES (134, 'Kondemkota', 1);
INSERT INTO village (id, name, panchayat_id) VALUES (135, 'Kondiba', 1);
INSERT INTO village (id, name, panchayat_id) VALUES (136, 'Kontysimidi', 1);
INSERT INTO village (id, name, panchayat_id) VALUES (137, 'Kosamamidi', 1);
INSERT INTO village (id, name, panchayat_id) VALUES (138, 'Kotaparti', 1);
INSERT INTO village (id, name, panchayat_id) VALUES (139, 'Kotapartivalasa', 1);
INSERT INTO village (id, name, panchayat_id) VALUES (140, 'Kotharevallapalem', 1);
INSERT INTO village (id, name, panchayat_id) VALUES (141, 'Kothavalasa', 1);
INSERT INTO village (id, name, panchayat_id) VALUES (142, 'Kottamguda', 1);
INSERT INTO village (id, name, panchayat_id) VALUES (143, 'Kottavalasa', 1);
INSERT INTO village (id, name, panchayat_id) VALUES (144, 'Kottavalasa @ Verumulapuram', 1);
INSERT INTO village (id, name, panchayat_id) VALUES (145, 'Kotturu', 1);
INSERT INTO village (id, name, panchayat_id) VALUES (146, 'Kotyaguda', 1);
INSERT INTO village (id, name, panchayat_id) VALUES (147, 'Krishnapuram', 1);
INSERT INTO village (id, name, panchayat_id) VALUES (148, 'Kudiya', 1);
INSERT INTO village (id, name, panchayat_id) VALUES (149, 'Kumburti', 1);
INSERT INTO village (id, name, panchayat_id) VALUES (150, 'Kummarivalasa', 1);
INSERT INTO village (id, name, panchayat_id) VALUES (151, 'Kunapuram', 1);
INSERT INTO village (id, name, panchayat_id) VALUES (152, 'Lanjilaguda', 1);
INSERT INTO village (id, name, panchayat_id) VALUES (153, 'Laxmipuram', 1);
INSERT INTO village (id, name, panchayat_id) VALUES (154, 'Liddangi', 1);
INSERT INTO village (id, name, panchayat_id) VALUES (155, 'Limbaguda @ Nimmada', 1);
INSERT INTO village (id, name, panchayat_id) VALUES (156, 'Lungaparti', 1);
INSERT INTO village (id, name, panchayat_id) VALUES (157, 'Maddigaruvu', 1);
INSERT INTO village (id, name, panchayat_id) VALUES (158, 'Maddipadu', 1);
INSERT INTO village (id, name, panchayat_id) VALUES (159, 'Madrebu', 1);
INSERT INTO village (id, name, panchayat_id) VALUES (160, 'Makanapalle', 1);
INSERT INTO village (id, name, panchayat_id) VALUES (161, 'Malingavalasa', 1);
INSERT INTO village (id, name, panchayat_id) VALUES (162, 'Malipadu', 1);
INSERT INTO village (id, name, panchayat_id) VALUES (163, 'Mallampeta', 1);
INSERT INTO village (id, name, panchayat_id) VALUES (164, 'Mandaparti', 1);
INSERT INTO village (id, name, panchayat_id) VALUES (165, 'Mandruvalasa', 1);
INSERT INTO village (id, name, panchayat_id) VALUES (166, 'Mangagumma', 1);
INSERT INTO village (id, name, panchayat_id) VALUES (167, 'Mardaguda', 1);
INSERT INTO village (id, name, panchayat_id) VALUES (168, 'Marrimanuvalasa', 1);
INSERT INTO village (id, name, panchayat_id) VALUES (169, 'Marrivalasa @ Manuvalasa', 1);
INSERT INTO village (id, name, panchayat_id) VALUES (170, 'Medaparti', 1);
INSERT INTO village (id, name, panchayat_id) VALUES (171, 'Mettavalasa', 1);
INSERT INTO village (id, name, panchayat_id) VALUES (172, 'Mirithidungada', 1);
INSERT INTO village (id, name, panchayat_id) VALUES (173, 'Mondijanguda', 1);
INSERT INTO village (id, name, panchayat_id) VALUES (174, 'Moolapatnam', 1);
INSERT INTO village (id, name, panchayat_id) VALUES (175, 'Mulyaguda', 1);
INSERT INTO village (id, name, panchayat_id) VALUES (176, 'Muvvamvalasa', 1);
INSERT INTO village (id, name, panchayat_id) VALUES (177, 'Nadimivalasa', 1);
INSERT INTO village (id, name, panchayat_id) VALUES (178, 'Nakkalamamidi', 1);
INSERT INTO village (id, name, panchayat_id) VALUES (179, 'Nandanapuram', 1);
INSERT INTO village (id, name, panchayat_id) VALUES (180, 'Nandigummi', 1);
INSERT INTO village (id, name, panchayat_id) VALUES (181, 'Nandiguni', 1);
INSERT INTO village (id, name, panchayat_id) VALUES (182, 'Nandikota', 1);
INSERT INTO village (id, name, panchayat_id) VALUES (183, 'Nandulavalasa', 1);
INSERT INTO village (id, name, panchayat_id) VALUES (184, 'Nelapalem', 1);
INSERT INTO village (id, name, panchayat_id) VALUES (185, 'Nerellavalasa', 1);
INSERT INTO village (id, name, panchayat_id) VALUES (186, 'Nimmalapadu', 1);
INSERT INTO village (id, name, panchayat_id) VALUES (187, 'Nimmavuta', 1);
INSERT INTO village (id, name, panchayat_id) VALUES (188, 'Ninnimamidi', 1);
INSERT INTO village (id, name, panchayat_id) VALUES (189, 'Nisaniguda', 1);
INSERT INTO village (id, name, panchayat_id) VALUES (190, 'Nunemamid', 1);
INSERT INTO village (id, name, panchayat_id) VALUES (191, 'Onikannela', 1);
INSERT INTO village (id, name, panchayat_id) VALUES (192, 'Onukonda', 1);
INSERT INTO village (id, name, panchayat_id) VALUES (193, 'Palabandavalasa', 1);
INSERT INTO village (id, name, panchayat_id) VALUES (194, 'Pallamvanivalasa', 1);
INSERT INTO village (id, name, panchayat_id) VALUES (195, 'Panasamanuvalasa', 1);
INSERT INTO village (id, name, panchayat_id) VALUES (196, 'Pandirimamidi', 1);
INSERT INTO village (id, name, panchayat_id) VALUES (197, 'Pandirimamidivalasa', 1);
INSERT INTO village (id, name, panchayat_id) VALUES (198, 'Patakota', 1);
INSERT INTO village (id, name, panchayat_id) VALUES (199, 'Patipalle', 1);
INSERT INTO village (id, name, panchayat_id) VALUES (200, 'Patti', 1);
INSERT INTO village (id, name, panchayat_id) VALUES (201, 'Pedabayalu', 1);
INSERT INTO village (id, name, panchayat_id) VALUES (202, 'Pedabidda', 1);
INSERT INTO village (id, name, panchayat_id) VALUES (203, 'Peda Buruga-I', 1);
INSERT INTO village (id, name, panchayat_id) VALUES (204, 'Pedaburugu II', 1);
INSERT INTO village (id, name, panchayat_id) VALUES (205, 'Pedagangavaram', 1);
INSERT INTO village (id, name, panchayat_id) VALUES (206, 'Pedakonela', 1);
INSERT INTO village (id, name, panchayat_id) VALUES (207, 'Pedakota', 1);
INSERT INTO village (id, name, panchayat_id) VALUES (208, 'Peda Rabha', 1);
INSERT INTO village (id, name, panchayat_id) VALUES (209, 'Pedduru', 1);
INSERT INTO village (id, name, panchayat_id) VALUES (210, 'Pempuduvalasa', 1);
INSERT INTO village (id, name, panchayat_id) VALUES (211, 'Penamarti', 1);
INSERT INTO village (id, name, panchayat_id) VALUES (212, 'Pinakota', 1);
INSERT INTO village (id, name, panchayat_id) VALUES (213, 'Poderti', 1);
INSERT INTO village (id, name, panchayat_id) VALUES (214, 'Pooluguda', 1);
INSERT INTO village (id, name, panchayat_id) VALUES (215, 'Porlu', 1);
INSERT INTO village (id, name, panchayat_id) VALUES (216, 'Porlubanda', 1);
INSERT INTO village (id, name, panchayat_id) VALUES (217, 'Pulusumamidi', 1);
INSERT INTO village (id, name, panchayat_id) VALUES (218, 'Purulabanda', 1);
INSERT INTO village (id, name, panchayat_id) VALUES (219, 'Putikaputtu', 1);
INSERT INTO village (id, name, panchayat_id) VALUES (220, 'Pynampadu', 1);
INSERT INTO village (id, name, panchayat_id) VALUES (221, 'Rachakilam', 1);
INSERT INTO village (id, name, panchayat_id) VALUES (222, 'Rajupaka', 1);
INSERT INTO village (id, name, panchayat_id) VALUES (223, 'Rallagaruvu', 1);
INSERT INTO village (id, name, panchayat_id) VALUES (224, 'Rampalle', 1);
INSERT INTO village (id, name, panchayat_id) VALUES (225, 'Ranjaliguda @ Ranginiguda', 1);
INSERT INTO village (id, name, panchayat_id) VALUES (226, 'Rayavalasa', 1);
INSERT INTO village (id, name, panchayat_id) VALUES (227, 'Rayipadu', 1);
INSERT INTO village (id, name, panchayat_id) VALUES (228, 'Regam', 1);
INSERT INTO village (id, name, panchayat_id) VALUES (229, 'Regapunayagiri', 1);
INSERT INTO village (id, name, panchayat_id) VALUES (230, 'Regulapalem', 1);
INSERT INTO village (id, name, panchayat_id) VALUES (231, 'Revallapalem', 1);
INSERT INTO village (id, name, panchayat_id) VALUES (232, 'R.T.Puram', 1);
INSERT INTO village (id, name, panchayat_id) VALUES (233, 'Sada', 1);
INSERT INTO village (id, name, panchayat_id) VALUES (234, 'Samareddipalem', 1);
INSERT INTO village (id, name, panchayat_id) VALUES (235, 'Sankuparti', 1);
INSERT INTO village (id, name, panchayat_id) VALUES (236, 'Saraiguda', 1);
INSERT INTO village (id, name, panchayat_id) VALUES (237, 'Saravani Palem', 1);
INSERT INTO village (id, name, panchayat_id) VALUES (238, 'Sariapalle', 1);
INSERT INTO village (id, name, panchayat_id) VALUES (239, 'Sariya', 1);
INSERT INTO village (id, name, panchayat_id) VALUES (240, 'Seesaguda', 1);
INSERT INTO village (id, name, panchayat_id) VALUES (241, 'Seesamanda', 1);
INSERT INTO village (id, name, panchayat_id) VALUES (242, 'Seetampeta', 1);
INSERT INTO village (id, name, panchayat_id) VALUES (243, 'Singarbha', 1);
INSERT INTO village (id, name, panchayat_id) VALUES (244, 'Singavaram', 1);
INSERT INTO village (id, name, panchayat_id) VALUES (245, 'Sivalingapuram', 1);
INSERT INTO village (id, name, panchayat_id) VALUES (246, 'Solabongu', 1);
INSERT INTO village (id, name, panchayat_id) VALUES (247, 'Sorasapodaru', 1);
INSERT INTO village (id, name, panchayat_id) VALUES (248, 'Sottadivalasa', 1);
INSERT INTO village (id, name, panchayat_id) VALUES (249, 'Sukuduputtu', 1);
INSERT INTO village (id, name, panchayat_id) VALUES (250, 'Tadiguda', 1);
INSERT INTO village (id, name, panchayat_id) VALUES (251, 'Talaripadu', 1);
INSERT INTO village (id, name, panchayat_id) VALUES (252, 'Tamuta', 1);
INSERT INTO village (id, name, panchayat_id) VALUES (253, 'Tangellabanda', 1);
INSERT INTO village (id, name, panchayat_id) VALUES (254, 'Tankota', 1);
INSERT INTO village (id, name, panchayat_id) VALUES (255, 'Taragam', 1);
INSERT INTO village (id, name, panchayat_id) VALUES (256, 'Tattapudi', 1);
INSERT INTO village (id, name, panchayat_id) VALUES (257, 'Tattavalasa', 1);
INSERT INTO village (id, name, panchayat_id) VALUES (258, 'Teegalamada', 1);
INSERT INTO village (id, name, panchayat_id) VALUES (259, 'Tekkapuram', 1);
INSERT INTO village (id, name, panchayat_id) VALUES (260, 'Tenkalavalasa', 1);
INSERT INTO village (id, name, panchayat_id) VALUES (261, 'Tenkariguda', 1);
INSERT INTO village (id, name, panchayat_id) VALUES (262, 'Tenkubudda', 1);
INSERT INTO village (id, name, panchayat_id) VALUES (263, 'Tenteliguda', 1);
INSERT INTO village (id, name, panchayat_id) VALUES (264, 'Tenuputtu', 1);
INSERT INTO village (id, name, panchayat_id) VALUES (265, 'Tokavalasa', 1);
INSERT INTO village (id, name, panchayat_id) VALUES (266, 'Tokuru', 1);
INSERT INTO village (id, name, panchayat_id) VALUES (267, 'Totavalasa', 1);
INSERT INTO village (id, name, panchayat_id) VALUES (268, 'Tumbarti', 1);
INSERT INTO village (id, name, panchayat_id) VALUES (269, 'Tummanuvalasa', 1);
INSERT INTO village (id, name, panchayat_id) VALUES (270, 'Tunisebu', 1);
INSERT INTO village (id, name, panchayat_id) VALUES (271, 'Valasala Garuvu', 1);
INSERT INTO village (id, name, panchayat_id) VALUES (272, 'Valasi', 1);
INSERT INTO village (id, name, panchayat_id) VALUES (273, 'Vandavalova', 1);
INSERT INTO village (id, name, panchayat_id) VALUES (274, 'Vanjalavalasa', 1);
INSERT INTO village (id, name, panchayat_id) VALUES (275, 'Vantarbha', 1);
INSERT INTO village (id, name, panchayat_id) VALUES (276, 'Vanthalamamidi', 1);
INSERT INTO village (id, name, panchayat_id) VALUES (277, 'Vanthanagaruvu', 1);
INSERT INTO village (id, name, panchayat_id) VALUES (278, 'Vantinivanipalem', 1);
INSERT INTO village (id, name, panchayat_id) VALUES (279, 'Varakavadu', 1);
INSERT INTO village (id, name, panchayat_id) VALUES (280, 'Vatalamamidi', 1);
INSERT INTO village (id, name, panchayat_id) VALUES (281, 'Vegupadu', 1);
INSERT INTO village (id, name, panchayat_id) VALUES (282, 'Velagalapadu', 1);
INSERT INTO village (id, name, panchayat_id) VALUES (283, 'Velamamidi', 1);
INSERT INTO village (id, name, panchayat_id) VALUES (284, 'Vengada', 1);
INSERT INTO village (id, name, panchayat_id) VALUES (285, 'Venkayyapalem', 1);
INSERT INTO village (id, name, panchayat_id) VALUES (286, 'Voobalu', 1);
INSERT INTO village (id, name, panchayat_id) VALUES (287, 'Vootagedda', 1);
INSERT INTO village (id, name, panchayat_id) VALUES (288, 'Vootamamidi', 1);
INSERT INTO village (id, name, panchayat_id) VALUES (289, 'Vulagumma', 1);
INSERT INTO village (id, name, panchayat_id) VALUES (290, 'Yerraguppa', 1);
INSERT INTO village (id, name, panchayat_id) VALUES (291, 'Yerrametta', 1);
INSERT INTO village (id, name, panchayat_id) VALUES (292, 'Y.S.R.Puram', 1);
INSERT INTO village (id, name, panchayat_id) VALUES (293, 'Zendagaruvu', 1);
INSERT INTO mandal (id, name, constituency_id) VALUES (2, 'Araku Valley', 1);
INSERT INTO panchayat (id, name, mandal_id) VALUES (2, 'Default Panchayat Araku Valley', 2);
INSERT INTO village (id, name, panchayat_id) VALUES (294, 'Adaru', 2);
INSERT INTO village (id, name, panchayat_id) VALUES (295, 'Addumanda', 2);
INSERT INTO village (id, name, panchayat_id) VALUES (296, 'Amalaguda', 2);
INSERT INTO village (id, name, panchayat_id) VALUES (297, 'Antiparthi', 2);
INSERT INTO village (id, name, panchayat_id) VALUES (298, 'Bairuguda', 2);
INSERT INTO village (id, name, panchayat_id) VALUES (299, 'Baliyaguda', 2);
INSERT INTO village (id, name, panchayat_id) VALUES (300, 'Bamsuguda', 2);
INSERT INTO village (id, name, panchayat_id) VALUES (301, 'Bandapanuvalasa', 2);
INSERT INTO village (id, name, panchayat_id) VALUES (302, 'Baski', 2);
INSERT INTO village (id, name, panchayat_id) VALUES (303, 'Battivalasa', 2);
INSERT INTO village (id, name, panchayat_id) VALUES (304, 'Beddaguda', 2);
INSERT INTO village (id, name, panchayat_id) VALUES (305, 'Bishnuguda', 2);
INSERT INTO village (id, name, panchayat_id) VALUES (306, 'Boduguda', 2);
INSERT INTO village (id, name, panchayat_id) VALUES (307, 'Bondaguda', 2);
INSERT INTO village (id, name, panchayat_id) VALUES (308, 'Bondam', 2);
INSERT INTO village (id, name, panchayat_id) VALUES (309, 'Bonduguda', 2);
INSERT INTO village (id, name, panchayat_id) VALUES (310, 'Borrachinta', 2);
INSERT INTO village (id, name, panchayat_id) VALUES (311, 'Borrakaluvalasa', 2);
INSERT INTO village (id, name, panchayat_id) VALUES (312, 'Borriguda', 2);
INSERT INTO village (id, name, panchayat_id) VALUES (313, 'Bosubeda', 2);
INSERT INTO village (id, name, panchayat_id) VALUES (314, 'Boyiguda', 2);
INSERT INTO village (id, name, panchayat_id) VALUES (315, 'Chandrapoda', 2);
INSERT INTO village (id, name, panchayat_id) VALUES (316, 'Cheedivalasa', 2);
INSERT INTO village (id, name, panchayat_id) VALUES (317, 'Chellubadi', 2);
INSERT INTO village (id, name, panchayat_id) VALUES (318, 'Chendrapodaru', 2);
INSERT INTO village (id, name, panchayat_id) VALUES (319, 'Chinagangagudi', 2);
INSERT INTO village (id, name, panchayat_id) VALUES (320, 'Chinalabudu', 2);
INSERT INTO village (id, name, panchayat_id) VALUES (321, 'Chittamgondi', 2);
INSERT INTO village (id, name, panchayat_id) VALUES (322, 'Chompi', 2);
INSERT INTO village (id, name, panchayat_id) VALUES (323, 'Dabuguda', 2);
INSERT INTO village (id, name, panchayat_id) VALUES (324, 'Daburangini', 2);
INSERT INTO village (id, name, panchayat_id) VALUES (325, 'Dalapatiguda', 2);
INSERT INTO village (id, name, panchayat_id) VALUES (326, 'Danasalavalasa', 2);
INSERT INTO village (id, name, panchayat_id) VALUES (327, 'Danirangini', 2);
INSERT INTO village (id, name, panchayat_id) VALUES (328, 'Dappuguda', 2);
INSERT INTO village (id, name, panchayat_id) VALUES (329, 'Davadaguda', 2);
INSERT INTO village (id, name, panchayat_id) VALUES (330, 'Dellipadu', 2);
INSERT INTO village (id, name, panchayat_id) VALUES (331, 'Devarapalle', 2);
INSERT INTO village (id, name, panchayat_id) VALUES (332, 'Dhoburangini', 2);
INSERT INTO village (id, name, panchayat_id) VALUES (333, 'Dingriputtu', 2);
INSERT INTO village (id, name, panchayat_id) VALUES (334, 'Dolliguda', 2);
INSERT INTO village (id, name, panchayat_id) VALUES (335, 'Domalajoru', 2);
INSERT INTO village (id, name, panchayat_id) VALUES (336, 'Doraguda', 2);
INSERT INTO village (id, name, panchayat_id) VALUES (337, 'Duddikonda', 2);
INSERT INTO village (id, name, panchayat_id) VALUES (338, 'Dumbriguda', 2);
INSERT INTO village (id, name, panchayat_id) VALUES (339, 'Dungiyaputtu', 2);
INSERT INTO village (id, name, panchayat_id) VALUES (340, 'Gadyaguda', 2);
INSERT INTO village (id, name, panchayat_id) VALUES (341, 'Gandametta', 2);
INSERT INTO village (id, name, panchayat_id) VALUES (342, 'Gangasanivalasa', 2);
INSERT INTO village (id, name, panchayat_id) VALUES (343, 'Ganjayavalasa', 2);
INSERT INTO village (id, name, panchayat_id) VALUES (344, 'Gannela', 2);
INSERT INTO village (id, name, panchayat_id) VALUES (345, 'Garudaguda', 2);
INSERT INTO village (id, name, panchayat_id) VALUES (346, 'Gatapadu', 2);
INSERT INTO village (id, name, panchayat_id) VALUES (347, 'Gattanaguda', 2);
INSERT INTO village (id, name, panchayat_id) VALUES (348, 'Gattaraguda', 2);
INSERT INTO village (id, name, panchayat_id) VALUES (349, 'Gatuguda', 2);
INSERT INTO village (id, name, panchayat_id) VALUES (350, 'Girliguda', 2);
INSERT INTO village (id, name, panchayat_id) VALUES (351, 'Gojara', 2);
INSERT INTO village (id, name, panchayat_id) VALUES (352, 'Gondiguda', 2);
INSERT INTO village (id, name, panchayat_id) VALUES (353, 'Gugguda', 2);
INSERT INTO village (id, name, panchayat_id) VALUES (354, 'Hattaguda', 2);
INSERT INTO village (id, name, panchayat_id) VALUES (355, 'Iragai', 2);
INSERT INTO village (id, name, panchayat_id) VALUES (356, 'Jaginivalasa', 2);
INSERT INTO village (id, name, panchayat_id) VALUES (357, 'Janamguda', 2);
INSERT INTO village (id, name, panchayat_id) VALUES (358, 'Jarimanuguda', 2);
INSERT INTO village (id, name, panchayat_id) VALUES (359, 'Jarlangi', 2);
INSERT INTO village (id, name, panchayat_id) VALUES (360, 'Kaguvalasa', 2);
INSERT INTO village (id, name, panchayat_id) VALUES (361, 'Kajjuruguda', 2);
INSERT INTO village (id, name, panchayat_id) VALUES (362, 'Kamalabanda', 2);
INSERT INTO village (id, name, panchayat_id) VALUES (363, 'Kamalatota', 2);
INSERT INTO village (id, name, panchayat_id) VALUES (364, 'Kandulaguddi', 2);
INSERT INTO village (id, name, panchayat_id) VALUES (365, 'Kantabamsuguda (Ct)', 2);
INSERT INTO village (id, name, panchayat_id) VALUES (366, 'Kappalagondi', 2);
INSERT INTO village (id, name, panchayat_id) VALUES (367, 'Karakavalasa', 2);
INSERT INTO village (id, name, panchayat_id) VALUES (368, 'Kentubade', 2);
INSERT INTO village (id, name, panchayat_id) VALUES (369, 'Kikkatiguda', 2);
INSERT INTO village (id, name, panchayat_id) VALUES (370, 'Kinnamguda', 2);
INSERT INTO village (id, name, panchayat_id) VALUES (371, 'Kodipunjuvalasa', 2);
INSERT INTO village (id, name, panchayat_id) VALUES (372, 'Koliyaguda', 2);
INSERT INTO village (id, name, panchayat_id) VALUES (373, 'Korraguda', 2);
INSERT INTO village (id, name, panchayat_id) VALUES (374, 'Kosiguda', 2);
INSERT INTO village (id, name, panchayat_id) VALUES (375, 'Kothaballuguda', 2);
INSERT INTO village (id, name, panchayat_id) VALUES (376, 'Kothavalasa', 2);
INSERT INTO village (id, name, panchayat_id) VALUES (377, 'Kottavalasa', 2);
INSERT INTO village (id, name, panchayat_id) VALUES (378, 'Kundiguda', 2);
INSERT INTO village (id, name, panchayat_id) VALUES (379, 'Kuruseela', 2);
INSERT INTO village (id, name, panchayat_id) VALUES (380, 'Kusumguda', 2);
INSERT INTO village (id, name, panchayat_id) VALUES (381, 'Lamtampadu', 2);
INSERT INTO village (id, name, panchayat_id) VALUES (382, 'Landiguda', 2);
INSERT INTO village (id, name, panchayat_id) VALUES (383, 'Leddangi', 2);
INSERT INTO village (id, name, panchayat_id) VALUES (384, 'Lembaguda', 2);
INSERT INTO village (id, name, panchayat_id) VALUES (385, 'Limbaguda', 2);
INSERT INTO village (id, name, panchayat_id) VALUES (386, 'Littiguda', 2);
INSERT INTO village (id, name, panchayat_id) VALUES (387, 'Loteru Musiriguda', 2);
INSERT INTO village (id, name, panchayat_id) VALUES (388, 'Lotheru', 2);
INSERT INTO village (id, name, panchayat_id) VALUES (389, 'Madaguda', 2);
INSERT INTO village (id, name, panchayat_id) VALUES (390, 'Madala', 2);
INSERT INTO village (id, name, panchayat_id) VALUES (391, 'Majjivalasa', 2);
INSERT INTO village (id, name, panchayat_id) VALUES (392, 'Mala Singaram', 2);
INSERT INTO village (id, name, panchayat_id) VALUES (393, 'Manjuguda', 2);
INSERT INTO village (id, name, panchayat_id) VALUES (394, 'Mettapadu', 2);
INSERT INTO village (id, name, panchayat_id) VALUES (395, 'Morriguda', 2);
INSERT INTO village (id, name, panchayat_id) VALUES (396, 'Mulyagalugu', 2);
INSERT INTO village (id, name, panchayat_id) VALUES (397, 'Musiriguda', 2);
INSERT INTO village (id, name, panchayat_id) VALUES (398, 'Musriguda', 2);
INSERT INTO village (id, name, panchayat_id) VALUES (399, 'Nanda', 2);
INSERT INTO village (id, name, panchayat_id) VALUES (400, 'Nandiguda', 2);
INSERT INTO village (id, name, panchayat_id) VALUES (401, 'Ninnimamidivalasa', 2);
INSERT INTO village (id, name, panchayat_id) VALUES (402, 'Novvaguda', 2);
INSERT INTO village (id, name, panchayat_id) VALUES (403, 'Padmapuram', 2);
INSERT INTO village (id, name, panchayat_id) VALUES (404, 'Pakanaguda', 2);
INSERT INTO village (id, name, panchayat_id) VALUES (405, 'Panirangini', 2);
INSERT INTO village (id, name, panchayat_id) VALUES (406, 'Pappuduvalasa', 2);
INSERT INTO village (id, name, panchayat_id) VALUES (407, 'Pathaballuguda', 2);
INSERT INTO village (id, name, panchayat_id) VALUES (408, 'Pedagangagudi', 2);
INSERT INTO village (id, name, panchayat_id) VALUES (409, 'Pedagaruvu', 2);
INSERT INTO village (id, name, panchayat_id) VALUES (410, 'Pedageddavalasa', 2);
INSERT INTO village (id, name, panchayat_id) VALUES (411, 'Peda Labudu', 2);
INSERT INTO village (id, name, panchayat_id) VALUES (412, 'Peda Valasa', 2);
INSERT INTO village (id, name, panchayat_id) VALUES (413, 'Piribanda', 2);
INSERT INTO village (id, name, panchayat_id) VALUES (414, 'Piripodaru', 2);
INSERT INTO village (id, name, panchayat_id) VALUES (415, 'Pitraguda', 2);
INSERT INTO village (id, name, panchayat_id) VALUES (416, 'Pittamarriguda', 2);
INSERT INTO village (id, name, panchayat_id) VALUES (417, 'Polamguda', 2);
INSERT INTO village (id, name, panchayat_id) VALUES (418, 'Polliguda', 2);
INSERT INTO village (id, name, panchayat_id) VALUES (419, 'Pooluguda', 2);
INSERT INTO village (id, name, panchayat_id) VALUES (420, 'Pottangipadu', 2);
INSERT INTO village (id, name, panchayat_id) VALUES (421, 'Pujaribanda', 2);
INSERT INTO village (id, name, panchayat_id) VALUES (422, 'Raktakandi', 2);
INSERT INTO village (id, name, panchayat_id) VALUES (423, 'Ramakrishnanagar', 2);
INSERT INTO village (id, name, panchayat_id) VALUES (424, 'Rampuduvalasa', 2);
INSERT INTO village (id, name, panchayat_id) VALUES (425, 'Ranajilleda', 2);
INSERT INTO village (id, name, panchayat_id) VALUES (426, 'Ranginiguda', 2);
INSERT INTO village (id, name, panchayat_id) VALUES (427, 'Ravvalaguda', 2);
INSERT INTO village (id, name, panchayat_id) VALUES (428, 'Rega', 2);
INSERT INTO village (id, name, panchayat_id) VALUES (429, 'Sabaka', 2);
INSERT INTO village (id, name, panchayat_id) VALUES (430, 'Sarabhaguda', 2);
INSERT INTO village (id, name, panchayat_id) VALUES (431, 'Sarubedda', 2);
INSERT INTO village (id, name, panchayat_id) VALUES (432, 'Siragam', 2);
INSERT INTO village (id, name, panchayat_id) VALUES (433, 'Sirasaguda', 2);
INSERT INTO village (id, name, panchayat_id) VALUES (434, 'Somelapadu', 2);
INSERT INTO village (id, name, panchayat_id) VALUES (435, 'Sukuruguda', 2);
INSERT INTO village (id, name, panchayat_id) VALUES (436, 'Sunkarametta', 2);
INSERT INTO village (id, name, panchayat_id) VALUES (437, 'Tadaka', 2);
INSERT INTO village (id, name, panchayat_id) VALUES (438, 'Tangulabedda', 2);
INSERT INTO village (id, name, panchayat_id) VALUES (439, 'Tidiguda', 2);
INSERT INTO village (id, name, panchayat_id) VALUES (440, 'Todubanda', 2);
INSERT INTO village (id, name, panchayat_id) VALUES (441, 'Tokavalasa', 2);
INSERT INTO village (id, name, panchayat_id) VALUES (442, 'Toradambuvalasa', 2);
INSERT INTO village (id, name, panchayat_id) VALUES (443, 'Totavalasa', 2);
INSERT INTO village (id, name, panchayat_id) VALUES (444, 'Tudumu', 2);
INSERT INTO village (id, name, panchayat_id) VALUES (445, 'Tungagedda', 2);
INSERT INTO village (id, name, panchayat_id) VALUES (446, 'Urumulu', 2);
INSERT INTO village (id, name, panchayat_id) VALUES (447, 'Validipanasa', 2);
INSERT INTO village (id, name, panchayat_id) VALUES (448, 'Vanthalaguda', 2);
INSERT INTO village (id, name, panchayat_id) VALUES (449, 'Vanthamuru', 2);
INSERT INTO village (id, name, panchayat_id) VALUES (450, 'Varra', 2);
INSERT INTO village (id, name, panchayat_id) VALUES (451, 'Yandapallivalasa', 2);
INSERT INTO mandal (id, name, constituency_id) VALUES (3, 'Chinthapalli', 1);
INSERT INTO panchayat (id, name, mandal_id) VALUES (3, 'Default Panchayat Chinthapalli', 3);
INSERT INTO village (id, name, panchayat_id) VALUES (452, 'Anjalam', 3);
INSERT INTO village (id, name, panchayat_id) VALUES (453, 'Annavaram', 3);
INSERT INTO village (id, name, panchayat_id) VALUES (454, 'Antharla', 3);
INSERT INTO village (id, name, panchayat_id) VALUES (455, 'Asirada', 3);
INSERT INTO village (id, name, panchayat_id) VALUES (456, 'Baddimetta', 3);
INSERT INTO village (id, name, panchayat_id) VALUES (457, 'Balabadram', 3);
INSERT INTO village (id, name, panchayat_id) VALUES (458, 'Balajipeta', 3);
INSERT INTO village (id, name, panchayat_id) VALUES (459, 'Balapam', 3);
INSERT INTO village (id, name, panchayat_id) VALUES (460, 'Bandabayalu', 3);
INSERT INTO village (id, name, panchayat_id) VALUES (461, 'Bangarugummi', 3);
INSERT INTO village (id, name, panchayat_id) VALUES (462, 'Barikadorapakalu @ Rajupakalu', 3);
INSERT INTO village (id, name, panchayat_id) VALUES (463, 'Basangi Kothuru', 3);
INSERT INTO village (id, name, panchayat_id) VALUES (464, 'Bayalukinchangi', 3);
INSERT INTO village (id, name, panchayat_id) VALUES (465, 'Bayapadu', 3);
INSERT INTO village (id, name, panchayat_id) VALUES (466, 'Bemudichatru', 3);
INSERT INTO village (id, name, panchayat_id) VALUES (467, 'Bennavaram', 3);
INSERT INTO village (id, name, panchayat_id) VALUES (468, 'Bheemanapalle', 3);
INSERT INTO village (id, name, panchayat_id) VALUES (469, 'Bheemanupalle', 3);
INSERT INTO village (id, name, panchayat_id) VALUES (470, 'Bheemasingi', 3);
INSERT INTO village (id, name, panchayat_id) VALUES (471, 'Boddajuvvi', 3);
INSERT INTO village (id, name, panchayat_id) VALUES (472, 'Boddaputtu', 3);
INSERT INTO village (id, name, panchayat_id) VALUES (473, 'Bokkellu', 3);
INSERT INTO village (id, name, panchayat_id) VALUES (474, 'Borramamidi', 3);
INSERT INTO village (id, name, panchayat_id) VALUES (475, 'Bourthy', 3);
INSERT INTO village (id, name, panchayat_id) VALUES (476, 'Bowda', 3);
INSERT INTO village (id, name, panchayat_id) VALUES (477, 'Boyalagudem', 3);
INSERT INTO village (id, name, panchayat_id) VALUES (478, 'Budidapadu', 3);
INSERT INTO village (id, name, panchayat_id) VALUES (479, 'Buradamamidi', 3);
INSERT INTO village (id, name, panchayat_id) VALUES (480, 'Burisingi', 3);
INSERT INTO village (id, name, panchayat_id) VALUES (481, 'Burugubailu', 3);
INSERT INTO village (id, name, panchayat_id) VALUES (482, 'Busibanda', 3);
INSERT INTO village (id, name, panchayat_id) VALUES (483, 'Busulakota', 3);
INSERT INTO village (id, name, panchayat_id) VALUES (484, 'Chadalapadu', 3);
INSERT INTO village (id, name, panchayat_id) VALUES (485, 'Chadipeta', 3);
INSERT INTO village (id, name, panchayat_id) VALUES (486, 'Chavatapadu', 3);
INSERT INTO village (id, name, panchayat_id) VALUES (487, 'Cheemalabayalu', 3);
INSERT INTO village (id, name, panchayat_id) VALUES (488, 'Cherapalle', 3);
INSERT INTO village (id, name, panchayat_id) VALUES (489, 'Cherukumpakalu', 3);
INSERT INTO village (id, name, panchayat_id) VALUES (490, 'Cheruvuru', 3);
INSERT INTO village (id, name, panchayat_id) VALUES (491, 'Chilakalamamidi', 3);
INSERT INTO village (id, name, panchayat_id) VALUES (492, 'Chinnabarada', 3);
INSERT INTO village (id, name, panchayat_id) VALUES (493, 'Chinna Gedda', 3);
INSERT INTO village (id, name, panchayat_id) VALUES (494, 'Chinna Rajupakalu', 3);
INSERT INTO village (id, name, panchayat_id) VALUES (495, 'Chinnayyapalem', 3);
INSERT INTO village (id, name, panchayat_id) VALUES (496, 'Chintapalle (Ct)', 3);
INSERT INTO village (id, name, panchayat_id) VALUES (497, 'Chinthaluru', 3);
INSERT INTO village (id, name, panchayat_id) VALUES (498, 'Chitrallagoppu', 3);
INSERT INTO village (id, name, panchayat_id) VALUES (499, 'Chittamgaruvu', 3);
INSERT INTO village (id, name, panchayat_id) VALUES (500, 'Chowdupalle', 3);
INSERT INTO village (id, name, panchayat_id) VALUES (501, 'Dasuduveedhi', 3);
INSERT INTO village (id, name, panchayat_id) VALUES (502, 'Debbagaruvu', 3);
INSERT INTO village (id, name, panchayat_id) VALUES (503, 'Degalapalem', 3);
INSERT INTO village (id, name, panchayat_id) VALUES (504, 'Digavalasapalle', 3);
INSERT INTO village (id, name, panchayat_id) VALUES (505, 'Digijanaba', 3);
INSERT INTO village (id, name, panchayat_id) VALUES (506, 'Diguvapakalu', 3);
INSERT INTO village (id, name, panchayat_id) VALUES (507, 'Domalagondhi', 3);
INSERT INTO village (id, name, panchayat_id) VALUES (508, 'Dongalega', 3);
INSERT INTO village (id, name, panchayat_id) VALUES (509, 'Donipolalu', 3);
INSERT INTO village (id, name, panchayat_id) VALUES (510, 'Dovarapalle', 3);
INSERT INTO village (id, name, panchayat_id) VALUES (511, 'Egajanaba', 3);
INSERT INTO village (id, name, panchayat_id) VALUES (512, 'Egavalasapalle', 3);
INSERT INTO village (id, name, panchayat_id) VALUES (513, 'Gadapari', 3);
INSERT INTO village (id, name, panchayat_id) VALUES (514, 'Gaddibanda', 3);
INSERT INTO village (id, name, panchayat_id) VALUES (515, 'Gangavaram', 3);
INSERT INTO village (id, name, panchayat_id) VALUES (516, 'Ganugulapadu', 3);
INSERT INTO village (id, name, panchayat_id) VALUES (517, 'Gattumpakalu', 3);
INSERT INTO village (id, name, panchayat_id) VALUES (518, 'Genjigedda', 3);
INSERT INTO village (id, name, panchayat_id) VALUES (519, 'Gerrilagadda', 3);
INSERT INTO village (id, name, panchayat_id) VALUES (520, 'Gochapalle', 3);
INSERT INTO village (id, name, panchayat_id) VALUES (521, 'Goddibanda', 3);
INSERT INTO village (id, name, panchayat_id) VALUES (522, 'Godugulametta', 3);
INSERT INTO village (id, name, panchayat_id) VALUES (523, 'Godugumamidi', 3);
INSERT INTO village (id, name, panchayat_id) VALUES (524, 'Gondipakalu', 3);
INSERT INTO village (id, name, panchayat_id) VALUES (525, 'Goppugudiselu', 3);
INSERT INTO village (id, name, panchayat_id) VALUES (526, 'Gorrelametta', 3);
INSERT INTO village (id, name, panchayat_id) VALUES (527, 'Gosaigondhi', 3);
INSERT INTO village (id, name, panchayat_id) VALUES (528, 'Goyyalametta', 3);
INSERT INTO village (id, name, panchayat_id) VALUES (529, 'Gummidipalem', 3);
INSERT INTO village (id, name, panchayat_id) VALUES (530, 'Gunnamamidi', 3);
INSERT INTO village (id, name, panchayat_id) VALUES (531, 'Itikabedda', 3);
INSERT INTO village (id, name, panchayat_id) VALUES (532, 'Jaduguru', 3);
INSERT INTO village (id, name, panchayat_id) VALUES (533, 'Jangambanda', 3);
INSERT INTO village (id, name, panchayat_id) VALUES (534, 'Jangambuddi', 3);
INSERT INTO village (id, name, panchayat_id) VALUES (535, 'Jangampakalu', 3);
INSERT INTO village (id, name, panchayat_id) VALUES (536, 'Jeelugumetta', 3);
INSERT INTO village (id, name, panchayat_id) VALUES (537, 'Jerrigedda', 3);
INSERT INTO village (id, name, panchayat_id) VALUES (538, 'Joharu', 3);
INSERT INTO village (id, name, panchayat_id) VALUES (539, 'Joheru', 3);
INSERT INTO village (id, name, panchayat_id) VALUES (540, 'Junnulu', 3);
INSERT INTO village (id, name, panchayat_id) VALUES (541, 'Kadasilpa', 3);
INSERT INTO village (id, name, panchayat_id) VALUES (542, 'Kagulabanda', 3);
INSERT INTO village (id, name, panchayat_id) VALUES (543, 'Kandulagodi', 3);
INSERT INTO village (id, name, panchayat_id) VALUES (544, 'Kapasupadu', 3);
INSERT INTO village (id, name, panchayat_id) VALUES (545, 'Kappagondhi', 3);
INSERT INTO village (id, name, panchayat_id) VALUES (546, 'Kappalu', 3);
INSERT INTO village (id, name, panchayat_id) VALUES (547, 'Karakapalle', 3);
INSERT INTO village (id, name, panchayat_id) VALUES (548, 'Kattubanda', 3);
INSERT INTO village (id, name, panchayat_id) VALUES (549, 'Kikkisalabanda', 3);
INSERT INTO village (id, name, panchayat_id) VALUES (550, 'Kilimisingi Durgam', 3);
INSERT INTO village (id, name, panchayat_id) VALUES (551, 'Kinnerla', 3);
INSERT INTO village (id, name, panchayat_id) VALUES (552, 'Kitumula', 3);
INSERT INTO village (id, name, panchayat_id) VALUES (553, 'Kolanubanda', 3);
INSERT INTO village (id, name, panchayat_id) VALUES (554, 'Kolapari', 3);
INSERT INTO village (id, name, panchayat_id) VALUES (555, 'Kommangi', 3);
INSERT INTO village (id, name, panchayat_id) VALUES (556, 'Kondavanchula', 3);
INSERT INTO village (id, name, panchayat_id) VALUES (557, 'Korrabanda', 3);
INSERT INTO village (id, name, panchayat_id) VALUES (558, 'Korukonda', 3);
INSERT INTO village (id, name, panchayat_id) VALUES (559, 'Kotagunnalu', 3);
INSERT INTO village (id, name, panchayat_id) VALUES (560, 'Kothapalem', 3);
INSERT INTO village (id, name, panchayat_id) VALUES (561, 'Kothaveedhi', 3);
INSERT INTO village (id, name, panchayat_id) VALUES (562, 'Kothavuru', 3);
INSERT INTO village (id, name, panchayat_id) VALUES (563, 'Krishnapuram', 3);
INSERT INTO village (id, name, panchayat_id) VALUES (564, 'Kudumulu', 3);
INSERT INTO village (id, name, panchayat_id) VALUES (565, 'Kudumusari', 3);
INSERT INTO village (id, name, panchayat_id) VALUES (566, 'Kudupusingi', 3);
INSERT INTO village (id, name, panchayat_id) VALUES (567, 'Kummarivanchala', 3);
INSERT INTO village (id, name, panchayat_id) VALUES (568, 'Kuramanapakalu', 3);
INSERT INTO village (id, name, panchayat_id) VALUES (569, 'Kurusingi', 3);
INSERT INTO village (id, name, panchayat_id) VALUES (570, 'Labbangi', 3);
INSERT INTO village (id, name, panchayat_id) VALUES (571, 'Labbangikothaveedhi', 3);
INSERT INTO village (id, name, panchayat_id) VALUES (572, 'Lakkavaram', 3);
INSERT INTO village (id, name, panchayat_id) VALUES (573, 'Lakshmipuram', 3);
INSERT INTO village (id, name, panchayat_id) VALUES (574, 'Lambadampalle', 3);
INSERT INTO village (id, name, panchayat_id) VALUES (575, 'Lammadampalle', 3);
INSERT INTO village (id, name, panchayat_id) VALUES (576, 'Lammasingi', 3);
INSERT INTO village (id, name, panchayat_id) VALUES (577, 'Lingalagudi', 3);
INSERT INTO village (id, name, panchayat_id) VALUES (578, 'Lothugedda', 3);
INSERT INTO village (id, name, panchayat_id) VALUES (579, 'Lubbagunta', 3);
INSERT INTO village (id, name, panchayat_id) VALUES (580, 'Lumburu', 3);
INSERT INTO village (id, name, panchayat_id) VALUES (581, 'Madigunta', 3);
INSERT INTO village (id, name, panchayat_id) VALUES (582, 'Madimabanda', 3);
INSERT INTO village (id, name, panchayat_id) VALUES (583, 'Mallavaram', 3);
INSERT INTO village (id, name, panchayat_id) VALUES (584, 'Mamidipalle', 3);
INSERT INTO village (id, name, panchayat_id) VALUES (585, 'Mandipalle', 3);
INSERT INTO village (id, name, panchayat_id) VALUES (586, 'Marrichettu Pakalu', 3);
INSERT INTO village (id, name, panchayat_id) VALUES (587, 'Matchalamamidi', 3);
INSERT INTO village (id, name, panchayat_id) VALUES (588, 'Meduru', 3);
INSERT INTO village (id, name, panchayat_id) VALUES (589, 'Merakalu', 3);
INSERT INTO village (id, name, panchayat_id) VALUES (590, 'Mulusubanda', 3);
INSERT INTO village (id, name, panchayat_id) VALUES (591, 'Munthamamidi', 3);
INSERT INTO village (id, name, panchayat_id) VALUES (592, 'Nadimipalem', 3);
INSERT INTO village (id, name, panchayat_id) VALUES (593, 'Nagraharam', 3);
INSERT INTO village (id, name, panchayat_id) VALUES (594, 'Nagulagondi', 3);
INSERT INTO village (id, name, panchayat_id) VALUES (595, 'Nimmalapadu', 3);
INSERT INTO village (id, name, panchayat_id) VALUES (596, 'Nimmalapalem', 3);
INSERT INTO village (id, name, panchayat_id) VALUES (597, 'Nuthibanda', 3);
INSERT INTO village (id, name, panchayat_id) VALUES (598, 'Ona Chakarayabanda', 3);
INSERT INTO village (id, name, panchayat_id) VALUES (599, 'Pakabu', 3);
INSERT INTO village (id, name, panchayat_id) VALUES (600, 'Palada', 3);
INSERT INTO village (id, name, panchayat_id) VALUES (601, 'Palamamidi', 3);
INSERT INTO village (id, name, panchayat_id) VALUES (602, 'Pamulachintabanda', 3);
INSERT INTO village (id, name, panchayat_id) VALUES (603, 'Panasalapadu', 3);
INSERT INTO village (id, name, panchayat_id) VALUES (604, 'Pandlimamidi', 3);
INSERT INTO village (id, name, panchayat_id) VALUES (605, 'Parikalu', 3);
INSERT INTO village (id, name, panchayat_id) VALUES (606, 'Pasuvulabanda', 3);
INSERT INTO village (id, name, panchayat_id) VALUES (607, 'Pathapadu', 3);
INSERT INTO village (id, name, panchayat_id) VALUES (608, 'Pedabarada', 3);
INSERT INTO village (id, name, panchayat_id) VALUES (609, 'Pedagaruvu', 3);
INSERT INTO village (id, name, panchayat_id) VALUES (610, 'Pedagondhi', 3);
INSERT INTO village (id, name, panchayat_id) VALUES (611, 'Pedakonda', 3);
INSERT INTO village (id, name, panchayat_id) VALUES (612, 'Pedapakalu', 3);
INSERT INTO village (id, name, panchayat_id) VALUES (613, 'Pina Kothuru', 3);
INSERT INTO village (id, name, panchayat_id) VALUES (614, 'Pinapadu', 3);
INSERT INTO village (id, name, panchayat_id) VALUES (615, 'Polamabanda', 3);
INSERT INTO village (id, name, panchayat_id) VALUES (616, 'Polugonta', 3);
INSERT INTO village (id, name, panchayat_id) VALUES (617, 'Porlubanda', 3);
INSERT INTO village (id, name, panchayat_id) VALUES (618, 'Pothurajugummalu', 3);
INSERT INTO village (id, name, panchayat_id) VALUES (619, 'Pothurajugunnalu', 3);
INSERT INTO village (id, name, panchayat_id) VALUES (620, 'Puligondhi', 3);
INSERT INTO village (id, name, panchayat_id) VALUES (621, 'Puligondi', 3);
INSERT INTO village (id, name, panchayat_id) VALUES (622, 'Pullalamamidi', 3);
INSERT INTO village (id, name, panchayat_id) VALUES (623, 'Pusalapalem', 3);
INSERT INTO village (id, name, panchayat_id) VALUES (624, 'Rachapanasa', 3);
INSERT INTO village (id, name, panchayat_id) VALUES (625, 'Rachapanukulu', 3);
INSERT INTO village (id, name, panchayat_id) VALUES (626, 'Rajubanda', 3);
INSERT INTO village (id, name, panchayat_id) VALUES (627, 'Rakota', 3);
INSERT INTO village (id, name, panchayat_id) VALUES (628, 'Rallagedda', 3);
INSERT INTO village (id, name, panchayat_id) VALUES (629, 'Rallagedda Kothuru', 3);
INSERT INTO village (id, name, panchayat_id) VALUES (630, 'Ravimanupakalu', 3);
INSERT INTO village (id, name, panchayat_id) VALUES (631, 'Rayipalem', 3);
INSERT INTO village (id, name, panchayat_id) VALUES (632, 'Regallu', 3);
INSERT INTO village (id, name, panchayat_id) VALUES (633, 'Regubailu', 3);
INSERT INTO village (id, name, panchayat_id) VALUES (634, 'Relangi', 3);
INSERT INTO village (id, name, panchayat_id) VALUES (635, 'Rolugunta', 3);
INSERT INTO village (id, name, panchayat_id) VALUES (636, 'Routhupayalu', 3);
INSERT INTO village (id, name, panchayat_id) VALUES (637, 'Rowrimthada', 3);
INSERT INTO village (id, name, panchayat_id) VALUES (638, 'Sadika', 3);
INSERT INTO village (id, name, panchayat_id) VALUES (639, 'Sallai', 3);
INSERT INTO village (id, name, panchayat_id) VALUES (640, 'Samagiri', 3);
INSERT INTO village (id, name, panchayat_id) VALUES (641, 'Sampangiputtu', 3);
INSERT INTO village (id, name, panchayat_id) VALUES (642, 'Sanivaram', 3);
INSERT INTO village (id, name, panchayat_id) VALUES (643, 'Sathyavaram', 3);
INSERT INTO village (id, name, panchayat_id) VALUES (644, 'Seetharamapuram', 3);
INSERT INTO village (id, name, panchayat_id) VALUES (645, 'Sheekayabanda', 3);
INSERT INTO village (id, name, panchayat_id) VALUES (646, 'Singavaram', 3);
INSERT INTO village (id, name, panchayat_id) VALUES (647, 'Singavaram Kothuru', 3);
INSERT INTO village (id, name, panchayat_id) VALUES (648, 'Siripuram', 3);
INSERT INTO village (id, name, panchayat_id) VALUES (649, 'Somavaram', 3);
INSERT INTO village (id, name, panchayat_id) VALUES (650, 'Suddagaruvu', 3);
INSERT INTO village (id, name, panchayat_id) VALUES (651, 'Tadlapalle', 3);
INSERT INTO village (id, name, panchayat_id) VALUES (652, 'Tajangi', 3);
INSERT INTO village (id, name, panchayat_id) VALUES (653, 'Tamarapalle', 3);
INSERT INTO village (id, name, panchayat_id) VALUES (654, 'Tammingala', 3);
INSERT INTO village (id, name, panchayat_id) VALUES (655, 'Tappulamamidi', 3);
INSERT INTO village (id, name, panchayat_id) VALUES (656, 'Teegalametta', 3);
INSERT INTO village (id, name, panchayat_id) VALUES (657, 'Terapalle', 3);
INSERT INTO village (id, name, panchayat_id) VALUES (658, 'Thallakota', 3);
INSERT INTO village (id, name, panchayat_id) VALUES (659, 'Thatibanda', 3);
INSERT INTO village (id, name, panchayat_id) VALUES (660, 'Thatipalem', 3);
INSERT INTO village (id, name, panchayat_id) VALUES (661, 'Tokapadu', 3);
INSERT INTO village (id, name, panchayat_id) VALUES (662, 'Totamamidi', 3);
INSERT INTO village (id, name, panchayat_id) VALUES (663, 'Turamamidi', 3);
INSERT INTO village (id, name, panchayat_id) VALUES (664, 'Turebongalu', 3);
INSERT INTO village (id, name, panchayat_id) VALUES (665, 'Turubongulu', 3);
INSERT INTO village (id, name, panchayat_id) VALUES (666, 'Ubalagaruvu', 3);
INSERT INTO village (id, name, panchayat_id) VALUES (667, 'Umrasigondi', 3);
INSERT INTO village (id, name, panchayat_id) VALUES (668, 'Usuruputtu', 3);
INSERT INTO village (id, name, panchayat_id) VALUES (669, 'Vamigedda', 3);
INSERT INTO village (id, name, panchayat_id) VALUES (670, 'Vamigedda Kothuru', 3);
INSERT INTO village (id, name, panchayat_id) VALUES (671, 'Vanajajulu', 3);
INSERT INTO village (id, name, panchayat_id) VALUES (672, 'Vanchuladurgam', 3);
INSERT INTO village (id, name, panchayat_id) VALUES (673, 'Vandanapalle', 3);
INSERT INTO village (id, name, panchayat_id) VALUES (674, 'Vandlamamidi', 3);
INSERT INTO village (id, name, panchayat_id) VALUES (675, 'Vangasari', 3);
INSERT INTO village (id, name, panchayat_id) VALUES (676, 'Vanthalapadu', 3);
INSERT INTO village (id, name, panchayat_id) VALUES (677, 'Vanthamamidi', 3);
INSERT INTO village (id, name, panchayat_id) VALUES (678, 'Varathanapalle', 3);
INSERT INTO village (id, name, panchayat_id) VALUES (679, 'Vedurupalle', 3);
INSERT INTO village (id, name, panchayat_id) VALUES (680, 'Veeravaram', 3);
INSERT INTO village (id, name, panchayat_id) VALUES (681, 'Velamjuvvi', 3);
INSERT INTO village (id, name, panchayat_id) VALUES (682, 'Vookabanda', 3);
INSERT INTO village (id, name, panchayat_id) VALUES (683, 'Votti Busulu', 3);
INSERT INTO village (id, name, panchayat_id) VALUES (684, 'Vurisingi', 3);
INSERT INTO village (id, name, panchayat_id) VALUES (685, 'Yernabili', 3);
INSERT INTO village (id, name, panchayat_id) VALUES (686, 'Yerrabanda', 3);
INSERT INTO village (id, name, panchayat_id) VALUES (687, 'Yerrabommalu', 3);
INSERT INTO village (id, name, panchayat_id) VALUES (688, 'Yerranabilli', 3);
INSERT INTO village (id, name, panchayat_id) VALUES (689, 'Yerravaram', 3);
INSERT INTO mandal (id, name, constituency_id) VALUES (4, 'Dumbriguda', 1);
INSERT INTO panchayat (id, name, mandal_id) VALUES (4, 'Default Panchayat Dumbriguda', 4);
INSERT INTO village (id, name, panchayat_id) VALUES (690, 'Anjoda', 4);
INSERT INTO village (id, name, panchayat_id) VALUES (691, 'Antriguda', 4);
INSERT INTO village (id, name, panchayat_id) VALUES (692, 'Araku', 4);
INSERT INTO village (id, name, panchayat_id) VALUES (693, 'Arama', 4);
INSERT INTO village (id, name, panchayat_id) VALUES (694, 'Badiyapadu', 4);
INSERT INTO village (id, name, panchayat_id) VALUES (695, 'Bairaguda', 4);
INSERT INTO village (id, name, panchayat_id) VALUES (696, 'Billaputtu', 4);
INSERT INTO village (id, name, panchayat_id) VALUES (697, 'Bitragonda', 4);
INSERT INTO village (id, name, panchayat_id) VALUES (698, 'Boddaputtu', 4);
INSERT INTO village (id, name, panchayat_id) VALUES (699, 'Bodimela', 4);
INSERT INTO village (id, name, panchayat_id) VALUES (700, 'Borrapalem', 4);
INSERT INTO village (id, name, panchayat_id) VALUES (701, 'Chamadapadu', 4);
INSERT INTO village (id, name, panchayat_id) VALUES (702, 'Champaputtu', 4);
INSERT INTO village (id, name, panchayat_id) VALUES (703, 'Chelimarivalasa', 4);
INSERT INTO village (id, name, panchayat_id) VALUES (704, 'Chinakaguvalasa', 4);
INSERT INTO village (id, name, panchayat_id) VALUES (705, 'Dathuru', 4);
INSERT INTO village (id, name, panchayat_id) VALUES (706, 'Demuduvalasa', 4);
INSERT INTO village (id, name, panchayat_id) VALUES (707, 'Dondalavalasa', 4);
INSERT INTO village (id, name, panchayat_id) VALUES (708, 'Dumbriguda', 4);
INSERT INTO village (id, name, panchayat_id) VALUES (709, 'Gadabagolugu', 4);
INSERT INTO village (id, name, panchayat_id) VALUES (710, 'Gandha', 4);
INSERT INTO village (id, name, panchayat_id) VALUES (711, 'Gasaba', 4);
INSERT INTO village (id, name, panchayat_id) VALUES (712, 'Gatharagilleda', 4);
INSERT INTO village (id, name, panchayat_id) VALUES (713, 'Godasortu', 4);
INSERT INTO village (id, name, panchayat_id) VALUES (714, 'Gondiguda', 4);
INSERT INTO village (id, name, panchayat_id) VALUES (715, 'Gondivalasa', 4);
INSERT INTO village (id, name, panchayat_id) VALUES (716, 'Goppilivalasa', 4);
INSERT INTO village (id, name, panchayat_id) VALUES (717, 'Gorapur', 4);
INSERT INTO village (id, name, panchayat_id) VALUES (718, 'Guntagannela', 4);
INSERT INTO village (id, name, panchayat_id) VALUES (719, 'Guntaseema', 4);
INSERT INTO village (id, name, panchayat_id) VALUES (720, 'Jamguda', 4);
INSERT INTO village (id, name, panchayat_id) VALUES (721, 'Jurripadu', 4);
INSERT INTO village (id, name, panchayat_id) VALUES (722, 'Kamalabanda', 4);
INSERT INTO village (id, name, panchayat_id) VALUES (723, 'Kandram', 4);
INSERT INTO village (id, name, panchayat_id) VALUES (724, 'Karakavalasa', 4);
INSERT INTO village (id, name, panchayat_id) VALUES (725, 'Kinchumanda', 4);
INSERT INTO village (id, name, panchayat_id) VALUES (726, 'Kinjeru', 4);
INSERT INTO village (id, name, panchayat_id) VALUES (727, 'Kiridivalasa', 4);
INSERT INTO village (id, name, panchayat_id) VALUES (728, 'Kithalangi', 4);
INSERT INTO village (id, name, panchayat_id) VALUES (729, 'Kollaputtu', 4);
INSERT INTO village (id, name, panchayat_id) VALUES (730, 'Koranjiguda', 4);
INSERT INTO village (id, name, panchayat_id) VALUES (731, 'Korra', 4);
INSERT INTO village (id, name, panchayat_id) VALUES (732, 'Korrai', 4);
INSERT INTO village (id, name, panchayat_id) VALUES (733, 'Kosangi', 4);
INSERT INTO village (id, name, panchayat_id) VALUES (734, 'Kotragondi', 4);
INSERT INTO village (id, name, panchayat_id) VALUES (735, 'Kuda', 4);
INSERT INTO village (id, name, panchayat_id) VALUES (736, 'Kujabangi', 4);
INSERT INTO village (id, name, panchayat_id) VALUES (737, 'Kuridi', 4);
INSERT INTO village (id, name, panchayat_id) VALUES (738, 'Kusumavalasa', 4);
INSERT INTO village (id, name, panchayat_id) VALUES (739, 'Kutti', 4);
INSERT INTO village (id, name, panchayat_id) VALUES (740, 'Lakka', 4);
INSERT INTO village (id, name, panchayat_id) VALUES (741, 'Livitiputtu', 4);
INSERT INTO village (id, name, panchayat_id) VALUES (742, 'Logili', 4);
INSERT INTO village (id, name, panchayat_id) VALUES (743, 'Lyganda', 4);
INSERT INTO village (id, name, panchayat_id) VALUES (744, 'Malinguvalasa', 4);
INSERT INTO village (id, name, panchayat_id) VALUES (745, 'Mallivalasa', 4);
INSERT INTO village (id, name, panchayat_id) VALUES (746, 'Mamidivalasa', 4);
INSERT INTO village (id, name, panchayat_id) VALUES (747, 'Morriguda', 4);
INSERT INTO village (id, name, panchayat_id) VALUES (748, 'Musiri', 4);
INSERT INTO village (id, name, panchayat_id) VALUES (749, 'Nandiguda', 4);
INSERT INTO village (id, name, panchayat_id) VALUES (750, 'Nandivalasa', 4);
INSERT INTO village (id, name, panchayat_id) VALUES (751, 'Nimmagedda', 4);
INSERT INTO village (id, name, panchayat_id) VALUES (752, 'Ombi', 4);
INSERT INTO village (id, name, panchayat_id) VALUES (753, 'Padi', 4);
INSERT INTO village (id, name, panchayat_id) VALUES (754, 'Panasavalasa', 4);
INSERT INTO village (id, name, panchayat_id) VALUES (755, 'Pantalachinta', 4);
INSERT INTO village (id, name, panchayat_id) VALUES (756, 'Paridi', 4);
INSERT INTO village (id, name, panchayat_id) VALUES (757, 'Pariseela', 4);
INSERT INTO village (id, name, panchayat_id) VALUES (758, 'Pedapadu', 4);
INSERT INTO village (id, name, panchayat_id) VALUES (759, 'Pothangi', 4);
INSERT INTO village (id, name, panchayat_id) VALUES (760, 'Rangilisingi', 4);
INSERT INTO village (id, name, panchayat_id) VALUES (761, 'Ranginiguda', 4);
INSERT INTO village (id, name, panchayat_id) VALUES (762, 'Ranginivalasa', 4);
INSERT INTO village (id, name, panchayat_id) VALUES (763, 'Sagara', 4);
INSERT INTO village (id, name, panchayat_id) VALUES (764, 'Sagirivalasa', 4);
INSERT INTO village (id, name, panchayat_id) VALUES (765, 'Sangamvalasa', 4);
INSERT INTO village (id, name, panchayat_id) VALUES (766, 'Sarai', 4);
INSERT INTO village (id, name, panchayat_id) VALUES (767, 'Seelamgondi', 4);
INSERT INTO village (id, name, panchayat_id) VALUES (768, 'Sornayakguda @ Surusyaguda', 4);
INSERT INTO village (id, name, panchayat_id) VALUES (769, 'Sovva', 4);
INSERT INTO village (id, name, panchayat_id) VALUES (770, 'Thotavalasa', 4);
INSERT INTO village (id, name, panchayat_id) VALUES (771, 'Thutangi', 4);
INSERT INTO village (id, name, panchayat_id) VALUES (772, 'Ujjangi', 4);
INSERT INTO village (id, name, panchayat_id) VALUES (773, 'Uyyalaputtu', 4);
INSERT INTO village (id, name, panchayat_id) VALUES (774, 'Vadiyavalasa @ Vaddevalasa', 4);
INSERT INTO village (id, name, panchayat_id) VALUES (775, 'Vantharla', 4);
INSERT INTO village (id, name, panchayat_id) VALUES (776, 'Vasabanda', 4);
INSERT INTO village (id, name, panchayat_id) VALUES (777, 'Vayya', 4);
INSERT INTO mandal (id, name, constituency_id) VALUES (5, 'G.Madugula', 1);
INSERT INTO panchayat (id, name, mandal_id) VALUES (5, 'Default Panchayat G.Madugula', 5);
INSERT INTO village (id, name, panchayat_id) VALUES (778, 'A.Bandaveedhi', 5);
INSERT INTO village (id, name, panchayat_id) VALUES (779, 'Addulu', 5);
INSERT INTO village (id, name, panchayat_id) VALUES (780, 'Agampadu', 5);
INSERT INTO village (id, name, panchayat_id) VALUES (781, 'Akuthota', 5);
INSERT INTO village (id, name, panchayat_id) VALUES (782, 'Alagam', 5);
INSERT INTO village (id, name, panchayat_id) VALUES (783, 'Ambalamamidi', 5);
INSERT INTO village (id, name, panchayat_id) VALUES (784, 'Ambili Mamidi', 5);
INSERT INTO village (id, name, panchayat_id) VALUES (785, 'Anarbha', 5);
INSERT INTO village (id, name, panchayat_id) VALUES (786, 'Andanapalle', 5);
INSERT INTO village (id, name, panchayat_id) VALUES (787, 'Andangisingi', 5);
INSERT INTO village (id, name, panchayat_id) VALUES (788, 'Aragadapalle', 5);
INSERT INTO village (id, name, panchayat_id) VALUES (789, 'Bagarugudi', 5);
INSERT INTO village (id, name, panchayat_id) VALUES (790, 'Balamanusanka', 5);
INSERT INTO village (id, name, panchayat_id) VALUES (791, 'Balijipeta', 5);
INSERT INTO village (id, name, panchayat_id) VALUES (792, 'Bandaveedhi', 5);
INSERT INTO village (id, name, panchayat_id) VALUES (793, 'Bangarudoddi', 5);
INSERT INTO village (id, name, panchayat_id) VALUES (794, 'Bangarumamidi', 5);
INSERT INTO village (id, name, panchayat_id) VALUES (795, 'Baram', 5);
INSERT INTO village (id, name, panchayat_id) VALUES (796, 'Barisingi', 5);
INSERT INTO village (id, name, panchayat_id) VALUES (797, 'Barsingimetta', 5);
INSERT INTO village (id, name, panchayat_id) VALUES (798, 'Beeram', 5);
INSERT INTO village (id, name, panchayat_id) VALUES (799, 'Bheemaloya', 5);
INSERT INTO village (id, name, panchayat_id) VALUES (800, 'Bobbampadu', 5);
INSERT INTO village (id, name, panchayat_id) VALUES (801, 'Boddagondi', 5);
INSERT INTO village (id, name, panchayat_id) VALUES (802, 'Boddapadu', 5);
INSERT INTO village (id, name, panchayat_id) VALUES (803, 'Boddaputtu', 5);
INSERT INTO village (id, name, panchayat_id) VALUES (804, 'Boddumamidi', 5);
INSERT INTO village (id, name, panchayat_id) VALUES (805, 'Boithela @ Bonkatili', 5);
INSERT INTO village (id, name, panchayat_id) VALUES (806, 'Bondapalle', 5);
INSERT INTO village (id, name, panchayat_id) VALUES (807, 'Bondulapanuku', 5);
INSERT INTO village (id, name, panchayat_id) VALUES (808, 'Borramamidi', 5);
INSERT INTO village (id, name, panchayat_id) VALUES (809, 'Buradaveedhi', 5);
INSERT INTO village (id, name, panchayat_id) VALUES (810, 'Buruguveedhi', 5);
INSERT INTO village (id, name, panchayat_id) VALUES (811, 'Busipalle', 5);
INSERT INTO village (id, name, panchayat_id) VALUES (812, 'Busulakota', 5);
INSERT INTO village (id, name, panchayat_id) VALUES (813, 'Buttakota', 5);
INSERT INTO village (id, name, panchayat_id) VALUES (814, 'Chapagedda', 5);
INSERT INTO village (id, name, panchayat_id) VALUES (815, 'Cheekumbanda', 5);
INSERT INTO village (id, name, panchayat_id) VALUES (816, 'Cheemakurapalem', 5);
INSERT INTO village (id, name, panchayat_id) VALUES (817, 'Chepalle', 5);
INSERT INTO village (id, name, panchayat_id) VALUES (818, 'Chilakala Mamidi', 5);
INSERT INTO village (id, name, panchayat_id) VALUES (819, 'Chilakalapalem', 5);
INSERT INTO village (id, name, panchayat_id) VALUES (820, 'Chilakapanasa', 5);
INSERT INTO village (id, name, panchayat_id) VALUES (821, 'China Kantavaram', 5);
INSERT INTO village (id, name, panchayat_id) VALUES (822, 'Chinaporlu', 5);
INSERT INTO village (id, name, panchayat_id) VALUES (823, 'Chinnakothuru', 5);
INSERT INTO village (id, name, panchayat_id) VALUES (824, 'Chinnalochali', 5);
INSERT INTO village (id, name, panchayat_id) VALUES (825, 'Chinna Pinapalem', 5);
INSERT INTO village (id, name, panchayat_id) VALUES (826, 'Chinnaurumu', 5);
INSERT INTO village (id, name, panchayat_id) VALUES (827, 'Chintalagondi', 5);
INSERT INTO village (id, name, panchayat_id) VALUES (828, 'Chintaluru', 5);
INSERT INTO village (id, name, panchayat_id) VALUES (829, 'Chinthakota', 5);
INSERT INTO village (id, name, panchayat_id) VALUES (830, 'Chittampadu', 5);
INSERT INTO village (id, name, panchayat_id) VALUES (831, 'Chittamputtu', 5);
INSERT INTO village (id, name, panchayat_id) VALUES (832, 'Chittugummi', 5);
INSERT INTO village (id, name, panchayat_id) VALUES (833, 'Churulapanuku', 5);
INSERT INTO village (id, name, panchayat_id) VALUES (834, 'Chuttukota', 5);
INSERT INTO village (id, name, panchayat_id) VALUES (835, 'Dabbagaruvu', 5);
INSERT INTO village (id, name, panchayat_id) VALUES (836, 'Darlamgondi', 5);
INSERT INTO village (id, name, panchayat_id) VALUES (837, 'Degalapalem', 5);
INSERT INTO village (id, name, panchayat_id) VALUES (838, 'Degalarai', 5);
INSERT INTO village (id, name, panchayat_id) VALUES (839, 'Devarapalle', 5);
INSERT INTO village (id, name, panchayat_id) VALUES (840, 'Digarapalle', 5);
INSERT INTO village (id, name, panchayat_id) VALUES (841, 'Dippalagondi', 5);
INSERT INTO village (id, name, panchayat_id) VALUES (842, 'Donimamidi', 5);
INSERT INTO village (id, name, panchayat_id) VALUES (843, 'Gadderai', 5);
INSERT INTO village (id, name, panchayat_id) VALUES (844, 'Gadigunta', 5);
INSERT INTO village (id, name, panchayat_id) VALUES (845, 'Gadrayi', 5);
INSERT INTO village (id, name, panchayat_id) VALUES (846, 'Gaduthuru', 5);
INSERT INTO village (id, name, panchayat_id) VALUES (847, 'Galipadu', 5);
INSERT INTO village (id, name, panchayat_id) VALUES (848, 'Gangadevigudi', 5);
INSERT INTO village (id, name, panchayat_id) VALUES (849, 'Ganjigedda', 5);
INSERT INTO village (id, name, panchayat_id) VALUES (850, 'Gannelba', 5);
INSERT INTO village (id, name, panchayat_id) VALUES (851, 'Ganneruputtu', 5);
INSERT INTO village (id, name, panchayat_id) VALUES (852, 'Ganugurolu', 5);
INSERT INTO village (id, name, panchayat_id) VALUES (853, 'Garisingi', 5);
INSERT INTO village (id, name, panchayat_id) VALUES (854, 'Gedalabanda', 5);
INSERT INTO village (id, name, panchayat_id) VALUES (855, 'Gemmeli', 5);
INSERT INTO village (id, name, panchayat_id) VALUES (856, 'Gemmelibaru', 5);
INSERT INTO village (id, name, panchayat_id) VALUES (857, 'G.Kothuru', 5);
INSERT INTO village (id, name, panchayat_id) VALUES (858, 'G.M.Kothuru', 5);
INSERT INTO village (id, name, panchayat_id) VALUES (859, 'G.Nittaputtu', 5);
INSERT INTO village (id, name, panchayat_id) VALUES (860, 'Godda', 5);
INSERT INTO village (id, name, panchayat_id) VALUES (861, 'Goddalikarra', 5);
INSERT INTO village (id, name, panchayat_id) VALUES (862, 'Goddubusulu', 5);
INSERT INTO village (id, name, panchayat_id) VALUES (863, 'Goddukuralabanda', 5);
INSERT INTO village (id, name, panchayat_id) VALUES (864, 'Godugumamidi', 5);
INSERT INTO village (id, name, panchayat_id) VALUES (865, 'Golagonda', 5);
INSERT INTO village (id, name, panchayat_id) VALUES (866, 'Gompam', 5);
INSERT INTO village (id, name, panchayat_id) VALUES (867, 'Gondimelaka', 5);
INSERT INTO village (id, name, panchayat_id) VALUES (868, 'Gondipadu', 5);
INSERT INTO village (id, name, panchayat_id) VALUES (869, 'Gondipalle', 5);
INSERT INTO village (id, name, panchayat_id) VALUES (870, 'Gonduru@ Y.B.Gonduru', 5);
INSERT INTO village (id, name, panchayat_id) VALUES (871, 'Goradalu', 5);
INSERT INTO village (id, name, panchayat_id) VALUES (872, 'Gorrilaputtu', 5);
INSERT INTO village (id, name, panchayat_id) VALUES (873, 'Goyyigunta', 5);
INSERT INTO village (id, name, panchayat_id) VALUES (874, 'Gummadigondi', 5);
INSERT INTO village (id, name, panchayat_id) VALUES (875, 'Gummaveedhi', 5);
INSERT INTO village (id, name, panchayat_id) VALUES (876, 'Guntapalle', 5);
INSERT INTO village (id, name, panchayat_id) VALUES (877, 'Gurralagummi', 5);
INSERT INTO village (id, name, panchayat_id) VALUES (878, 'Gurrala Nunni', 5);
INSERT INTO village (id, name, panchayat_id) VALUES (879, 'Gurrayi', 5);
INSERT INTO village (id, name, panchayat_id) VALUES (880, 'Indugula', 5);
INSERT INTO village (id, name, panchayat_id) VALUES (881, 'Jamulaveedhi', 5);
INSERT INTO village (id, name, panchayat_id) VALUES (882, 'Jannera', 5);
INSERT INTO village (id, name, panchayat_id) VALUES (883, 'Jarrai', 5);
INSERT INTO village (id, name, panchayat_id) VALUES (884, 'Jeelugulagoyya', 5);
INSERT INTO village (id, name, panchayat_id) VALUES (885, 'Jerrai', 5);
INSERT INTO village (id, name, panchayat_id) VALUES (886, 'Jogulaputtu', 5);
INSERT INTO village (id, name, panchayat_id) VALUES (887, 'Jolamputtu', 5);
INSERT INTO village (id, name, panchayat_id) VALUES (888, 'Jurrai', 5);
INSERT INTO village (id, name, panchayat_id) VALUES (889, 'Kajjapalle', 5);
INSERT INTO village (id, name, panchayat_id) VALUES (890, 'Kandulagade', 5);
INSERT INTO village (id, name, panchayat_id) VALUES (891, 'Kangulabanda', 5);
INSERT INTO village (id, name, panchayat_id) VALUES (892, 'Kappalu', 5);
INSERT INTO village (id, name, panchayat_id) VALUES (893, 'Karakapalle', 5);
INSERT INTO village (id, name, panchayat_id) VALUES (894, 'Karebanda', 5);
INSERT INTO village (id, name, panchayat_id) VALUES (895, 'Karnikalanka', 5);
INSERT INTO village (id, name, panchayat_id) VALUES (896, 'K.Bandaveedhi', 5);
INSERT INTO village (id, name, panchayat_id) VALUES (897, 'K.G.Madugula', 5);
INSERT INTO village (id, name, panchayat_id) VALUES (898, 'Kichannoli', 5);
INSERT INTO village (id, name, panchayat_id) VALUES (899, 'Killamkota', 5);
INSERT INTO village (id, name, panchayat_id) VALUES (900, 'Killupalle', 5);
INSERT INTO village (id, name, panchayat_id) VALUES (901, 'Kimudupalle', 5);
INSERT INTO village (id, name, panchayat_id) VALUES (902, 'Kinagari', 5);
INSERT INTO village (id, name, panchayat_id) VALUES (903, 'Kitumulu', 5);
INSERT INTO village (id, name, panchayat_id) VALUES (904, 'K.Kodapalle', 5);
INSERT INTO village (id, name, panchayat_id) VALUES (905, 'Kodimamidi', 5);
INSERT INTO village (id, name, panchayat_id) VALUES (906, 'Kokkirapalle', 5);
INSERT INTO village (id, name, panchayat_id) VALUES (907, 'Kolambora', 5);
INSERT INTO village (id, name, panchayat_id) VALUES (908, 'Kondabheemapalem', 5);
INSERT INTO village (id, name, panchayat_id) VALUES (909, 'Korapalle', 5);
INSERT INTO village (id, name, panchayat_id) VALUES (910, 'Korrapadu', 5);
INSERT INTO village (id, name, panchayat_id) VALUES (911, 'Kotha Kondalu', 5);
INSERT INTO village (id, name, panchayat_id) VALUES (912, 'Kothakundalu', 5);
INSERT INTO village (id, name, panchayat_id) VALUES (913, 'Kothapalle', 5);
INSERT INTO village (id, name, panchayat_id) VALUES (914, 'Kothurupadu', 5);
INSERT INTO village (id, name, panchayat_id) VALUES (915, 'Krishnapuram', 5);
INSERT INTO village (id, name, panchayat_id) VALUES (916, 'Kuddangi', 5);
INSERT INTO village (id, name, panchayat_id) VALUES (917, 'Kulupadu', 5);
INSERT INTO village (id, name, panchayat_id) VALUES (918, 'Kumbidisingi', 5);
INSERT INTO village (id, name, panchayat_id) VALUES (919, 'Kumburla', 5);
INSERT INTO village (id, name, panchayat_id) VALUES (920, 'Kummaragunta', 5);
INSERT INTO village (id, name, panchayat_id) VALUES (921, 'Kuneti', 5);
INSERT INTO village (id, name, panchayat_id) VALUES (922, 'Kuntalam', 5);
INSERT INTO village (id, name, panchayat_id) VALUES (923, 'Kuntipalle', 5);
INSERT INTO village (id, name, panchayat_id) VALUES (924, 'Kuntupalle', 5);
INSERT INTO village (id, name, panchayat_id) VALUES (925, 'Kuridilu', 5);
INSERT INTO village (id, name, panchayat_id) VALUES (926, 'Labbarla', 5);
INSERT INTO village (id, name, panchayat_id) VALUES (927, 'Lakkapadu', 5);
INSERT INTO village (id, name, panchayat_id) VALUES (928, 'Lakkulu', 5);
INSERT INTO village (id, name, panchayat_id) VALUES (929, 'Luvvapalle', 5);
INSERT INTO village (id, name, panchayat_id) VALUES (930, 'Madathakonda', 5);
INSERT INTO village (id, name, panchayat_id) VALUES (931, 'Maddigaruvu', 5);
INSERT INTO village (id, name, panchayat_id) VALUES (932, 'Maddiveedhi', 5);
INSERT INTO village (id, name, panchayat_id) VALUES (933, 'Maddulabanda', 5);
INSERT INTO village (id, name, panchayat_id) VALUES (934, 'Madhuramamidi', 5);
INSERT INTO village (id, name, panchayat_id) VALUES (935, 'Mahadevapuram', 5);
INSERT INTO village (id, name, panchayat_id) VALUES (936, 'Mallipadu', 5);
INSERT INTO village (id, name, panchayat_id) VALUES (937, 'Mandibha', 5);
INSERT INTO village (id, name, panchayat_id) VALUES (938, 'Mandigaruvu', 5);
INSERT INTO village (id, name, panchayat_id) VALUES (939, 'Mandivanam', 5);
INSERT INTO village (id, name, panchayat_id) VALUES (940, 'Manepalle', 5);
INSERT INTO village (id, name, panchayat_id) VALUES (941, 'Mangathapalem', 5);
INSERT INTO village (id, name, panchayat_id) VALUES (942, 'Marripalem', 5);
INSERT INTO village (id, name, panchayat_id) VALUES (943, 'Matchyapuram', 5);
INSERT INTO village (id, name, panchayat_id) VALUES (944, 'Mettapadu', 5);
INSERT INTO village (id, name, panchayat_id) VALUES (945, 'Mittalapadu', 5);
INSERT INTO village (id, name, panchayat_id) VALUES (946, 'M.Nittaputtu', 5);
INSERT INTO village (id, name, panchayat_id) VALUES (947, 'Molikalu', 5);
INSERT INTO village (id, name, panchayat_id) VALUES (948, 'Mondikota', 5);
INSERT INTO village (id, name, panchayat_id) VALUES (949, 'Mosaidipanuku Kothuru', 5);
INSERT INTO village (id, name, panchayat_id) VALUES (950, 'Mulagaruvu', 5);
INSERT INTO village (id, name, panchayat_id) VALUES (951, 'Mulakaiputtu', 5);
INSERT INTO village (id, name, panchayat_id) VALUES (952, 'Neyyalabanda', 5);
INSERT INTO village (id, name, panchayat_id) VALUES (953, 'Nittamamidi', 5);
INSERT INTO village (id, name, panchayat_id) VALUES (954, 'Nugumamidi', 5);
INSERT INTO village (id, name, panchayat_id) VALUES (955, 'Nurmathi', 5);
INSERT INTO village (id, name, panchayat_id) VALUES (956, 'Olimamidi', 5);
INSERT INTO village (id, name, panchayat_id) VALUES (957, 'Omtampadu', 5);
INSERT INTO village (id, name, panchayat_id) VALUES (958, 'Pacheli', 5);
INSERT INTO village (id, name, panchayat_id) VALUES (959, 'Pachinapalle', 5);
INSERT INTO village (id, name, panchayat_id) VALUES (960, 'Padmapuram', 5);
INSERT INTO village (id, name, panchayat_id) VALUES (961, 'Palakonda', 5);
INSERT INTO village (id, name, panchayat_id) VALUES (962, 'Palamamidi', 5);
INSERT INTO village (id, name, panchayat_id) VALUES (963, 'Panasalagedda', 5);
INSERT INTO village (id, name, panchayat_id) VALUES (964, 'Panasapalle', 5);
INSERT INTO village (id, name, panchayat_id) VALUES (965, 'Peda Bayalu', 5);
INSERT INTO village (id, name, panchayat_id) VALUES (966, 'Pedagedda', 5);
INSERT INTO village (id, name, panchayat_id) VALUES (967, 'Pedajageeru', 5);
INSERT INTO village (id, name, panchayat_id) VALUES (968, 'Pedakantavaram', 5);
INSERT INTO village (id, name, panchayat_id) VALUES (969, 'Pedakonda', 5);
INSERT INTO village (id, name, panchayat_id) VALUES (970, 'Pedalanka', 5);
INSERT INTO village (id, name, panchayat_id) VALUES (971, 'Peda Luvvasingi', 5);
INSERT INTO village (id, name, panchayat_id) VALUES (972, 'Pedapadu', 5);
INSERT INTO village (id, name, panchayat_id) VALUES (973, 'Pedaporlu', 5);
INSERT INTO village (id, name, panchayat_id) VALUES (974, 'Pedaurumu', 5);
INSERT INTO village (id, name, panchayat_id) VALUES (975, 'Pedavalasa', 5);
INSERT INTO village (id, name, panchayat_id) VALUES (976, 'Peddabayalu', 5);
INSERT INTO village (id, name, panchayat_id) VALUES (977, 'Peddagaruvu', 5);
INSERT INTO village (id, name, panchayat_id) VALUES (978, 'Pedda Kiltaru', 5);
INSERT INTO village (id, name, panchayat_id) VALUES (979, 'Peddalochale', 5);
INSERT INTO village (id, name, panchayat_id) VALUES (980, 'Peddapinapalem', 5);
INSERT INTO village (id, name, panchayat_id) VALUES (981, 'Peddapolam', 5);
INSERT INTO village (id, name, panchayat_id) VALUES (982, 'P.G.Madugula', 5);
INSERT INTO village (id, name, panchayat_id) VALUES (983, 'Pinajageeru', 5);
INSERT INTO village (id, name, panchayat_id) VALUES (984, 'Pina Kiltharu', 5);
INSERT INTO village (id, name, panchayat_id) VALUES (985, 'Pinalochali', 5);
INSERT INTO village (id, name, panchayat_id) VALUES (986, 'Pinaluvvasingi', 5);
INSERT INTO village (id, name, panchayat_id) VALUES (987, 'Pinnapolam', 5);
INSERT INTO village (id, name, panchayat_id) VALUES (988, 'Pisumamidi', 5);
INSERT INTO village (id, name, panchayat_id) VALUES (989, 'Pittagullu @ Pittagudlu', 5);
INSERT INTO village (id, name, panchayat_id) VALUES (990, 'Polamanugedda', 5);
INSERT INTO village (id, name, panchayat_id) VALUES (991, 'Porlu', 5);
INSERT INTO village (id, name, panchayat_id) VALUES (992, 'Porlubanda', 5);
INSERT INTO village (id, name, panchayat_id) VALUES (993, 'Porlugunta', 5);
INSERT INTO village (id, name, panchayat_id) VALUES (994, 'Pulagondi', 5);
INSERT INTO village (id, name, panchayat_id) VALUES (995, 'Pulusumamidi', 5);
INSERT INTO village (id, name, panchayat_id) VALUES (996, 'Putikametta', 5);
INSERT INTO village (id, name, panchayat_id) VALUES (997, 'Rachakanuku', 5);
INSERT INTO village (id, name, panchayat_id) VALUES (998, 'Rachapalle', 5);
INSERT INTO village (id, name, panchayat_id) VALUES (999, 'Rachapanuku', 5);
INSERT INTO village (id, name, panchayat_id) VALUES (1000, 'Rachaveedhi', 5);
INSERT INTO village (id, name, panchayat_id) VALUES (1001, 'Rallaputtu', 5);
INSERT INTO village (id, name, panchayat_id) VALUES (1002, 'Ramachandrapalem', 5);
INSERT INTO village (id, name, panchayat_id) VALUES (1003, 'Reemali', 5);
INSERT INTO village (id, name, panchayat_id) VALUES (1004, 'Regadi', 5);
INSERT INTO village (id, name, panchayat_id) VALUES (1005, 'Reyyalagedda', 5);
INSERT INTO village (id, name, panchayat_id) VALUES (1006, 'Rolangiputtu', 5);
INSERT INTO village (id, name, panchayat_id) VALUES (1007, 'Rolugunta', 5);
INSERT INTO village (id, name, panchayat_id) VALUES (1008, 'Roppulu', 5);
INSERT INTO village (id, name, panchayat_id) VALUES (1009, 'Rudibayalu', 5);
INSERT INTO village (id, name, panchayat_id) VALUES (1010, 'Sadangi', 5);
INSERT INTO village (id, name, panchayat_id) VALUES (1011, 'Sadeku', 5);
INSERT INTO village (id, name, panchayat_id) VALUES (1012, 'Salimerangi', 5);
INSERT INTO village (id, name, panchayat_id) VALUES (1013, 'Sampangi Puttu', 5);
INSERT INTO village (id, name, panchayat_id) VALUES (1014, 'Sangam', 5);
INSERT INTO village (id, name, panchayat_id) VALUES (1015, 'Sangambanda', 5);
INSERT INTO village (id, name, panchayat_id) VALUES (1016, 'Sanguloya', 5);
INSERT INTO village (id, name, panchayat_id) VALUES (1017, 'Sankulamaddi', 5);
INSERT INTO village (id, name, panchayat_id) VALUES (1018, 'Sariya', 5);
INSERT INTO village (id, name, panchayat_id) VALUES (1019, 'Sariyapalle', 5);
INSERT INTO village (id, name, panchayat_id) VALUES (1020, 'Seetabanda', 5);
INSERT INTO village (id, name, panchayat_id) VALUES (1021, 'Singam Valasa', 5);
INSERT INTO village (id, name, panchayat_id) VALUES (1022, 'Singarajupeta', 5);
INSERT INTO village (id, name, panchayat_id) VALUES (1023, 'Singarbagondi', 5);
INSERT INTO village (id, name, panchayat_id) VALUES (1024, 'Singarbha', 5);
INSERT INTO village (id, name, panchayat_id) VALUES (1025, 'Sirasapalle', 5);
INSERT INTO village (id, name, panchayat_id) VALUES (1026, 'Sirlabanda', 5);
INSERT INTO village (id, name, panchayat_id) VALUES (1027, 'S.Kothuru', 5);
INSERT INTO village (id, name, panchayat_id) VALUES (1028, 'Solabham', 5);
INSERT INTO village (id, name, panchayat_id) VALUES (1029, 'Sopalu', 5);
INSERT INTO village (id, name, panchayat_id) VALUES (1030, 'Subbulu', 5);
INSERT INTO village (id, name, panchayat_id) VALUES (1031, 'Surimetta', 5);
INSERT INTO village (id, name, panchayat_id) VALUES (1032, 'Surtipalle', 5);
INSERT INTO village (id, name, panchayat_id) VALUES (1033, 'Suvvapadu', 5);
INSERT INTO village (id, name, panchayat_id) VALUES (1034, 'Talabarsingi', 5);
INSERT INTO village (id, name, panchayat_id) VALUES (1035, 'Talabarusingi', 5);
INSERT INTO village (id, name, panchayat_id) VALUES (1036, 'Tarabusingi', 5);
INSERT INTO village (id, name, panchayat_id) VALUES (1037, 'Tartalu', 5);
INSERT INTO village (id, name, panchayat_id) VALUES (1038, 'Tene Bandalu', 5);
INSERT INTO village (id, name, panchayat_id) VALUES (1039, 'Terlamamidi', 5);
INSERT INTO village (id, name, panchayat_id) VALUES (1040, 'Thadiveedhi', 5);
INSERT INTO village (id, name, panchayat_id) VALUES (1041, 'Thaggimetta', 5);
INSERT INTO village (id, name, panchayat_id) VALUES (1042, 'Thallimamidi', 5);
INSERT INTO village (id, name, panchayat_id) VALUES (1043, 'Thatipalem', 5);
INSERT INTO village (id, name, panchayat_id) VALUES (1044, 'Thiyyagundam', 5);
INSERT INTO village (id, name, panchayat_id) VALUES (1045, 'Thoka Chilaka', 5);
INSERT INTO village (id, name, panchayat_id) VALUES (1046, 'Thoka Rai', 5);
INSERT INTO village (id, name, panchayat_id) VALUES (1047, 'Thotalagondi', 5);
INSERT INTO village (id, name, panchayat_id) VALUES (1048, 'Thummedala Neredu', 5);
INSERT INTO village (id, name, panchayat_id) VALUES (1049, 'Tiyyamamidi', 5);
INSERT INTO village (id, name, panchayat_id) VALUES (1050, 'Totamamidi', 5);
INSERT INTO village (id, name, panchayat_id) VALUES (1051, 'Ubalagaruvu', 5);
INSERT INTO village (id, name, panchayat_id) VALUES (1052, 'Udapalam', 5);
INSERT INTO village (id, name, panchayat_id) VALUES (1053, 'Ullikallalabanda', 5);
INSERT INTO village (id, name, panchayat_id) VALUES (1054, 'Ullivarapadu', 5);
INSERT INTO village (id, name, panchayat_id) VALUES (1055, 'Urlumetta', 5);
INSERT INTO village (id, name, panchayat_id) VALUES (1056, 'Vakapalle', 5);
INSERT INTO village (id, name, panchayat_id) VALUES (1057, 'Valam Mamidi', 5);
INSERT INTO village (id, name, panchayat_id) VALUES (1058, 'Valasamamidi', 5);
INSERT INTO village (id, name, panchayat_id) VALUES (1059, 'Valasapadu', 5);
INSERT INTO village (id, name, panchayat_id) VALUES (1060, 'Valasapanasa', 5);
INSERT INTO village (id, name, panchayat_id) VALUES (1061, 'Vallaamamidi', 5);
INSERT INTO village (id, name, panchayat_id) VALUES (1062, 'Vallangula', 5);
INSERT INTO village (id, name, panchayat_id) VALUES (1063, 'Vanabhampadu', 5);
INSERT INTO village (id, name, panchayat_id) VALUES (1064, 'Vanabharangipadu', 5);
INSERT INTO village (id, name, panchayat_id) VALUES (1065, 'Vanchebu', 5);
INSERT INTO village (id, name, panchayat_id) VALUES (1066, 'Vandrangipadu', 5);
INSERT INTO village (id, name, panchayat_id) VALUES (1067, 'Vandrangula', 5);
INSERT INTO village (id, name, panchayat_id) VALUES (1068, 'Vanjangipadu', 5);
INSERT INTO village (id, name, panchayat_id) VALUES (1069, 'Vanjari', 5);
INSERT INTO village (id, name, panchayat_id) VALUES (1070, 'Vannelabha', 5);
INSERT INTO village (id, name, panchayat_id) VALUES (1071, 'Vantalamamidi', 5);
INSERT INTO village (id, name, panchayat_id) VALUES (1072, 'Vanthala', 5);
INSERT INTO village (id, name, panchayat_id) VALUES (1073, 'Vanukuru', 5);
INSERT INTO village (id, name, panchayat_id) VALUES (1074, 'Varadamamidi', 5);
INSERT INTO village (id, name, panchayat_id) VALUES (1075, 'Varigelapalem', 5);
INSERT INTO village (id, name, panchayat_id) VALUES (1076, 'Varlamamidi', 5);
INSERT INTO village (id, name, panchayat_id) VALUES (1077, 'Vasamamidi', 5);
INSERT INTO village (id, name, panchayat_id) VALUES (1078, 'Vasulapanasa', 5);
INSERT INTO village (id, name, panchayat_id) VALUES (1079, 'Vattivagisa', 5);
INSERT INTO village (id, name, panchayat_id) VALUES (1080, 'Vayyampalle', 5);
INSERT INTO village (id, name, panchayat_id) VALUES (1081, 'Vedurupalle', 5);
INSERT INTO village (id, name, panchayat_id) VALUES (1082, 'Vemarajukodapalle', 5);
INSERT INTO village (id, name, panchayat_id) VALUES (1083, 'Vennela', 5);
INSERT INTO village (id, name, panchayat_id) VALUES (1084, 'Vennelakota', 5);
INSERT INTO village (id, name, panchayat_id) VALUES (1085, 'Yeduchavallu', 5);
INSERT INTO village (id, name, panchayat_id) VALUES (1086, 'Yedulagaravu', 5);
INSERT INTO village (id, name, panchayat_id) VALUES (1087, 'Yegarapalle', 5);
INSERT INTO village (id, name, panchayat_id) VALUES (1088, 'Yegaratchapalle', 5);
INSERT INTO village (id, name, panchayat_id) VALUES (1089, 'Yenugugondi', 5);
INSERT INTO village (id, name, panchayat_id) VALUES (1090, 'Yerragoppu', 5);
INSERT INTO village (id, name, panchayat_id) VALUES (1091, 'Yesthala', 5);
INSERT INTO mandal (id, name, constituency_id) VALUES (6, 'Gudem Kotha Veedhi', 1);
INSERT INTO panchayat (id, name, mandal_id) VALUES (6, 'Default Panchayat Gudem Kotha Veedhi', 6);
INSERT INTO village (id, name, panchayat_id) VALUES (1092, 'Adagarapalle', 6);
INSERT INTO village (id, name, panchayat_id) VALUES (1093, 'Agraharam', 6);
INSERT INTO village (id, name, panchayat_id) VALUES (1094, 'Ammavaridharakonda', 6);
INSERT INTO village (id, name, panchayat_id) VALUES (1095, 'Annavaram', 6);
INSERT INTO village (id, name, panchayat_id) VALUES (1096, 'Asurodda', 6);
INSERT INTO village (id, name, panchayat_id) VALUES (1097, 'Badasallu', 6);
INSERT INTO village (id, name, panchayat_id) VALUES (1098, 'Bathunuru', 6);
INSERT INTO village (id, name, panchayat_id) VALUES (1099, 'Boddalalagondi', 6);
INSERT INTO village (id, name, panchayat_id) VALUES (1100, 'Boddamamidi', 6);
INSERT INTO village (id, name, panchayat_id) VALUES (1101, 'Boddamanupakalu', 6);
INSERT INTO village (id, name, panchayat_id) VALUES (1102, 'Bonampalle', 6);
INSERT INTO village (id, name, panchayat_id) VALUES (1103, 'Boyalapalem', 6);
INSERT INTO village (id, name, panchayat_id) VALUES (1104, 'Burugupakalu', 6);
INSERT INTO village (id, name, panchayat_id) VALUES (1105, 'Busikonda', 6);
INSERT INTO village (id, name, panchayat_id) VALUES (1106, 'Busulu', 6);
INSERT INTO village (id, name, panchayat_id) VALUES (1107, 'Challanisilpa', 6);
INSERT INTO village (id, name, panchayat_id) VALUES (1108, 'Chamagedda', 6);
INSERT INTO village (id, name, panchayat_id) VALUES (1109, 'Chapagedda', 6);
INSERT INTO village (id, name, panchayat_id) VALUES (1110, 'Chaparathipalem', 6);
INSERT INTO village (id, name, panchayat_id) VALUES (1111, 'Cheedigunta', 6);
INSERT INTO village (id, name, panchayat_id) VALUES (1112, 'Chekkalamaddi', 6);
INSERT INTO village (id, name, panchayat_id) VALUES (1113, 'Chelakaveedhi', 6);
INSERT INTO village (id, name, panchayat_id) VALUES (1114, 'Cherapalle', 6);
INSERT INTO village (id, name, panchayat_id) VALUES (1115, 'Chinnajadumuru', 6);
INSERT INTO village (id, name, panchayat_id) VALUES (1116, 'Chintagoppu', 6);
INSERT INTO village (id, name, panchayat_id) VALUES (1117, 'Chintalapadu', 6);
INSERT INTO village (id, name, panchayat_id) VALUES (1118, 'Chintalawada', 6);
INSERT INTO village (id, name, panchayat_id) VALUES (1119, 'Chittamamidi', 6);
INSERT INTO village (id, name, panchayat_id) VALUES (1120, 'Chodirai', 6);
INSERT INTO village (id, name, panchayat_id) VALUES (1121, 'Dabbagedda', 6);
INSERT INTO village (id, name, panchayat_id) VALUES (1122, 'Dabbagondi', 6);
INSERT INTO village (id, name, panchayat_id) VALUES (1123, 'Damanapalle', 6);
INSERT INTO village (id, name, panchayat_id) VALUES (1124, 'Darakonda', 6);
INSERT INTO village (id, name, panchayat_id) VALUES (1125, 'Dengurai', 6);
INSERT INTO village (id, name, panchayat_id) VALUES (1126, 'Devarapalle', 6);
INSERT INTO village (id, name, panchayat_id) VALUES (1127, 'Doddikonda', 6);
INSERT INTO village (id, name, panchayat_id) VALUES (1128, 'Dokuluru', 6);
INSERT INTO village (id, name, panchayat_id) VALUES (1129, 'Ducharapalem', 6);
INSERT INTO village (id, name, panchayat_id) VALUES (1130, 'Duppalawada', 6);
INSERT INTO village (id, name, panchayat_id) VALUES (1131, 'Durgam', 6);
INSERT INTO village (id, name, panchayat_id) VALUES (1132, 'Etarobbulu', 6);
INSERT INTO village (id, name, panchayat_id) VALUES (1133, 'Gaigampalle', 6);
INSERT INTO village (id, name, panchayat_id) VALUES (1134, 'Galikonda', 6);
INSERT INTO village (id, name, panchayat_id) VALUES (1135, 'Gandepalle', 6);
INSERT INTO village (id, name, panchayat_id) VALUES (1136, 'Gangavaram', 6);
INSERT INTO village (id, name, panchayat_id) VALUES (1137, 'Garikibanda', 6);
INSERT INTO village (id, name, panchayat_id) VALUES (1138, 'Gilligondi', 6);
INSERT INTO village (id, name, panchayat_id) VALUES (1139, 'Ginjangi', 6);
INSERT INTO village (id, name, panchayat_id) VALUES (1140, 'Godichinta', 6);
INSERT INTO village (id, name, panchayat_id) VALUES (1141, 'Gollapalle', 6);
INSERT INTO village (id, name, panchayat_id) VALUES (1142, 'Gomuvada', 6);
INSERT INTO village (id, name, panchayat_id) VALUES (1143, 'Gondipalle', 6);
INSERT INTO village (id, name, panchayat_id) VALUES (1144, 'Gorrelova', 6);
INSERT INTO village (id, name, panchayat_id) VALUES (1145, 'Gudem Colony', 6);
INSERT INTO village (id, name, panchayat_id) VALUES (1146, 'Gudem Kotha Veedhi', 6);
INSERT INTO village (id, name, panchayat_id) VALUES (1147, 'Gudem Patha Veedhi', 6);
INSERT INTO village (id, name, panchayat_id) VALUES (1148, 'Gudimamidi', 6);
INSERT INTO village (id, name, panchayat_id) VALUES (1149, 'Gudiwada', 6);
INSERT INTO village (id, name, panchayat_id) VALUES (1150, 'Gummalagondi', 6);
INSERT INTO village (id, name, panchayat_id) VALUES (1151, 'Gummirevulu', 6);
INSERT INTO village (id, name, panchayat_id) VALUES (1152, 'Gunalanka', 6);
INSERT INTO village (id, name, panchayat_id) VALUES (1153, 'Gunkurolu', 6);
INSERT INTO village (id, name, panchayat_id) VALUES (1154, 'Jadumuru', 6);
INSERT INTO village (id, name, panchayat_id) VALUES (1155, 'Jajipakalu', 6);
INSERT INTO village (id, name, panchayat_id) VALUES (1156, 'Jampalova', 6);
INSERT INTO village (id, name, panchayat_id) VALUES (1157, 'Jangampadu', 6);
INSERT INTO village (id, name, panchayat_id) VALUES (1158, 'Jerrila', 6);
INSERT INTO village (id, name, panchayat_id) VALUES (1159, 'Jerrilakothuru', 6);
INSERT INTO village (id, name, panchayat_id) VALUES (1160, 'Jonnamamidi', 6);
INSERT INTO village (id, name, panchayat_id) VALUES (1161, 'Kadugulu', 6);
INSERT INTO village (id, name, panchayat_id) VALUES (1162, 'Kakanuru', 6);
INSERT INTO village (id, name, panchayat_id) VALUES (1163, 'Kakulagedda', 6);
INSERT INTO village (id, name, panchayat_id) VALUES (1164, 'Kampamanupakalu', 6);
INSERT INTO village (id, name, panchayat_id) VALUES (1165, 'Katragedda', 6);
INSERT INTO village (id, name, panchayat_id) VALUES (1166, 'Kattupalle', 6);
INSERT INTO village (id, name, panchayat_id) VALUES (1167, 'Kimulabanda', 6);
INSERT INTO village (id, name, panchayat_id) VALUES (1168, 'Kodisingi', 6);
INSERT INTO village (id, name, panchayat_id) VALUES (1169, 'Kokkitapadu', 6);
INSERT INTO village (id, name, panchayat_id) VALUES (1170, 'Kommalawada', 6);
INSERT INTO village (id, name, panchayat_id) VALUES (1171, 'Kommarapalle', 6);
INSERT INTO village (id, name, panchayat_id) VALUES (1172, 'Kondajartha', 6);
INSERT INTO village (id, name, panchayat_id) VALUES (1173, 'Kondakichangi', 6);
INSERT INTO village (id, name, panchayat_id) VALUES (1174, 'Kondawada', 6);
INSERT INTO village (id, name, panchayat_id) VALUES (1175, 'Kondrupalle', 6);
INSERT INTO village (id, name, panchayat_id) VALUES (1176, 'Kongapakalu', 6);
INSERT INTO village (id, name, panchayat_id) VALUES (1177, 'Korapalle', 6);
INSERT INTO village (id, name, panchayat_id) VALUES (1178, 'Kothagudem', 6);
INSERT INTO village (id, name, panchayat_id) VALUES (1179, 'Kothapalem', 6);
INSERT INTO village (id, name, panchayat_id) VALUES (1180, 'Kothapalle', 6);
INSERT INTO village (id, name, panchayat_id) VALUES (1181, 'Kothawada', 6);
INSERT INTO village (id, name, panchayat_id) VALUES (1182, 'Kothurukota', 6);
INSERT INTO village (id, name, panchayat_id) VALUES (1183, 'Kotnabilli', 6);
INSERT INTO village (id, name, panchayat_id) VALUES (1184, 'Kotturu', 6);
INSERT INTO village (id, name, panchayat_id) VALUES (1185, 'Kunkkumpudi', 6);
INSERT INTO village (id, name, panchayat_id) VALUES (1186, 'Lakkavaram', 6);
INSERT INTO village (id, name, panchayat_id) VALUES (1187, 'Lakkavarapupeta', 6);
INSERT INTO village (id, name, panchayat_id) VALUES (1188, 'Lankapakalu', 6);
INSERT INTO village (id, name, panchayat_id) VALUES (1189, 'Lingavaram', 6);
INSERT INTO village (id, name, panchayat_id) VALUES (1190, 'Lubbagunta', 6);
INSERT INTO village (id, name, panchayat_id) VALUES (1191, 'Madem', 6);
INSERT INTO village (id, name, panchayat_id) VALUES (1192, 'Madimalla', 6);
INSERT INTO village (id, name, panchayat_id) VALUES (1193, 'Mangalapalem', 6);
INSERT INTO village (id, name, panchayat_id) VALUES (1194, 'Marripalem', 6);
INSERT INTO village (id, name, panchayat_id) VALUES (1195, 'Mondigedda', 6);
INSERT INTO village (id, name, panchayat_id) VALUES (1196, 'Muddula Busikonda', 6);
INSERT INTO village (id, name, panchayat_id) VALUES (1197, 'Munagarapalle', 6);
INSERT INTO village (id, name, panchayat_id) VALUES (1198, 'Nadimiveedhi', 6);
INSERT INTO village (id, name, panchayat_id) VALUES (1199, 'Naramamidi Gondi', 6);
INSERT INTO village (id, name, panchayat_id) VALUES (1200, 'Neelavaram', 6);
INSERT INTO village (id, name, panchayat_id) VALUES (1201, 'Nelajaratha', 6);
INSERT INTO village (id, name, panchayat_id) VALUES (1202, 'Nemmathotapalem', 6);
INSERT INTO village (id, name, panchayat_id) VALUES (1203, 'Neredupalle', 6);
INSERT INTO village (id, name, panchayat_id) VALUES (1204, 'Nerudubanda', 6);
INSERT INTO village (id, name, panchayat_id) VALUES (1205, 'Nimmachettu', 6);
INSERT INTO village (id, name, panchayat_id) VALUES (1206, 'Nimmalapalem', 6);
INSERT INTO village (id, name, panchayat_id) VALUES (1207, 'Nittamamidi Palem', 6);
INSERT INTO village (id, name, panchayat_id) VALUES (1208, 'Panasalapadu', 6);
INSERT INTO village (id, name, panchayat_id) VALUES (1209, 'Panasapalle', 6);
INSERT INTO village (id, name, panchayat_id) VALUES (1210, 'Paramasingavaram', 6);
INSERT INTO village (id, name, panchayat_id) VALUES (1211, 'Parikala', 6);
INSERT INTO village (id, name, panchayat_id) VALUES (1212, 'Patha Yerragedda', 6);
INSERT INTO village (id, name, panchayat_id) VALUES (1213, 'Pebbampalle', 6);
INSERT INTO village (id, name, panchayat_id) VALUES (1214, 'Pedakothuru', 6);
INSERT INTO village (id, name, panchayat_id) VALUES (1215, 'Pedapadu', 6);
INSERT INTO village (id, name, panchayat_id) VALUES (1216, 'Peddammagondi', 6);
INSERT INTO village (id, name, panchayat_id) VALUES (1217, 'Peddavalasa', 6);
INSERT INTO village (id, name, panchayat_id) VALUES (1218, 'Petrai', 6);
INSERT INTO village (id, name, panchayat_id) VALUES (1219, 'Pilligedda', 6);
INSERT INTO village (id, name, panchayat_id) VALUES (1220, 'Pilligondi', 6);
INSERT INTO village (id, name, panchayat_id) VALUES (1221, 'Pippaladoddi', 6);
INSERT INTO village (id, name, panchayat_id) VALUES (1222, 'Pujaripakalu', 6);
INSERT INTO village (id, name, panchayat_id) VALUES (1223, 'Rajumanupakalu', 6);
INSERT INTO village (id, name, panchayat_id) VALUES (1224, 'Rallagedda', 6);
INSERT INTO village (id, name, panchayat_id) VALUES (1225, 'Ramagedda', 6);
INSERT INTO village (id, name, panchayat_id) VALUES (1226, 'Rampulu', 6);
INSERT INTO village (id, name, panchayat_id) VALUES (1227, 'Reyyalagedda', 6);
INSERT INTO village (id, name, panchayat_id) VALUES (1228, 'Rinthada', 6);
INSERT INTO village (id, name, panchayat_id) VALUES (1229, 'Rosaiguda', 6);
INSERT INTO village (id, name, panchayat_id) VALUES (1230, 'R.V.Nagar', 6);
INSERT INTO village (id, name, panchayat_id) VALUES (1231, 'Sagulu', 6);
INSERT INTO village (id, name, panchayat_id) VALUES (1232, 'Sankada', 6);
INSERT INTO village (id, name, panchayat_id) VALUES (1233, 'Sankadakothuru', 6);
INSERT INTO village (id, name, panchayat_id) VALUES (1234, 'Santha Neredupalle', 6);
INSERT INTO village (id, name, panchayat_id) VALUES (1235, 'Saprla', 6);
INSERT INTO village (id, name, panchayat_id) VALUES (1236, 'Signapalle', 6);
INSERT INTO village (id, name, panchayat_id) VALUES (1237, 'Siribala', 6);
INSERT INTO village (id, name, panchayat_id) VALUES (1238, 'S.Kothuru', 6);
INSERT INTO village (id, name, panchayat_id) VALUES (1239, 'Suravaram', 6);
INSERT INTO village (id, name, panchayat_id) VALUES (1240, 'Tadakapalle', 6);
INSERT INTO village (id, name, panchayat_id) VALUES (1241, 'Teemulabanda', 6);
INSERT INTO village (id, name, panchayat_id) VALUES (1242, 'Thurumamidi', 6);
INSERT INTO village (id, name, panchayat_id) VALUES (1243, 'Tokarai', 6);
INSERT INTO village (id, name, panchayat_id) VALUES (1244, 'Upper Sileru Project Site Camp (Ct)', 6);
INSERT INTO village (id, name, panchayat_id) VALUES (1245, 'Vadamamidi', 6);
INSERT INTO village (id, name, panchayat_id) VALUES (1246, 'Valasagedda', 6);
INSERT INTO village (id, name, panchayat_id) VALUES (1247, 'Vanabalingam', 6);
INSERT INTO village (id, name, panchayat_id) VALUES (1248, 'Vanchula', 6);
INSERT INTO village (id, name, panchayat_id) VALUES (1249, 'Vanthadapalle', 6);
INSERT INTO village (id, name, panchayat_id) VALUES (1250, 'Vasuwada', 6);
INSERT INTO village (id, name, panchayat_id) VALUES (1251, 'Veeravaram', 6);
INSERT INTO village (id, name, panchayat_id) VALUES (1252, 'Vusurugudem', 6);
INSERT INTO village (id, name, panchayat_id) VALUES (1253, 'Yebulum', 6);
INSERT INTO village (id, name, panchayat_id) VALUES (1254, 'Yenugubayalu', 6);
INSERT INTO village (id, name, panchayat_id) VALUES (1255, 'Yenugugondi', 6);
INSERT INTO village (id, name, panchayat_id) VALUES (1256, 'Yernabilli', 6);
INSERT INTO village (id, name, panchayat_id) VALUES (1257, 'Yerracheruvulu', 6);
INSERT INTO village (id, name, panchayat_id) VALUES (1258, 'Yerravaram', 6);
INSERT INTO mandal (id, name, constituency_id) VALUES (7, 'Hukumpeta', 1);
INSERT INTO panchayat (id, name, mandal_id) VALUES (7, 'Default Panchayat Hukumpeta', 7);
INSERT INTO village (id, name, panchayat_id) VALUES (1259, 'Addumanda', 7);
INSERT INTO village (id, name, panchayat_id) VALUES (1260, 'Allamputtu', 7);
INSERT INTO village (id, name, panchayat_id) VALUES (1261, 'Allangiputtu', 7);
INSERT INTO village (id, name, panchayat_id) VALUES (1262, 'Amuru', 7);
INSERT INTO village (id, name, panchayat_id) VALUES (1263, 'Andiba', 7);
INSERT INTO village (id, name, panchayat_id) VALUES (1264, 'Arlada', 7);
INSERT INTO village (id, name, panchayat_id) VALUES (1265, 'Bairodivalasa @ Uppa', 7);
INSERT INTO village (id, name, panchayat_id) VALUES (1266, 'Bakuru', 7);
INSERT INTO village (id, name, panchayat_id) VALUES (1267, 'Baluroda', 7);
INSERT INTO village (id, name, panchayat_id) VALUES (1268, 'Bangarubuddi', 7);
INSERT INTO village (id, name, panchayat_id) VALUES (1269, 'Bangarugaruvu', 7);
INSERT INTO village (id, name, panchayat_id) VALUES (1270, 'Barapalle', 7);
INSERT INTO village (id, name, panchayat_id) VALUES (1271, 'Beeram', 7);
INSERT INTO village (id, name, panchayat_id) VALUES (1272, 'Besaiputtu', 7);
INSERT INTO village (id, name, panchayat_id) VALUES (1273, 'Bheemavaram', 7);
INSERT INTO village (id, name, panchayat_id) VALUES (1274, 'Bijjapalle', 7);
INSERT INTO village (id, name, panchayat_id) VALUES (1275, 'Bilaiputtu', 7);
INSERT INTO village (id, name, panchayat_id) VALUES (1276, 'Billaputtu', 7);
INSERT INTO village (id, name, panchayat_id) VALUES (1277, 'Birisingi', 7);
INSERT INTO village (id, name, panchayat_id) VALUES (1278, 'Boddapattu (Pathakota)', 7);
INSERT INTO village (id, name, panchayat_id) VALUES (1279, 'Boddaputtu', 7);
INSERT INTO village (id, name, panchayat_id) VALUES (1280, 'Boorja', 7);
INSERT INTO village (id, name, panchayat_id) VALUES (1281, 'Buradagummi', 7);
INSERT INTO village (id, name, panchayat_id) VALUES (1282, 'Burmanguda', 7);
INSERT INTO village (id, name, panchayat_id) VALUES (1283, 'Chatraiputtu', 7);
INSERT INTO village (id, name, panchayat_id) VALUES (1284, 'Cheedigaruvu', 7);
INSERT INTO village (id, name, panchayat_id) VALUES (1285, 'Cheediputtu', 7);
INSERT INTO village (id, name, panchayat_id) VALUES (1286, 'Cheekatiputtu', 7);
INSERT INTO village (id, name, panchayat_id) VALUES (1287, 'Cheekumaddula', 7);
INSERT INTO village (id, name, panchayat_id) VALUES (1288, 'Chilakalaputtu', 7);
INSERT INTO village (id, name, panchayat_id) VALUES (1289, 'Chinaburuguputtu', 7);
INSERT INTO village (id, name, panchayat_id) VALUES (1290, 'Chintalaveedhi', 7);
INSERT INTO village (id, name, panchayat_id) VALUES (1291, 'Chittampadu', 7);
INSERT INTO village (id, name, panchayat_id) VALUES (1292, 'Dabbagaruvu', 7);
INSERT INTO village (id, name, panchayat_id) VALUES (1293, 'Dalamputtu', 7);
INSERT INTO village (id, name, panchayat_id) VALUES (1294, 'Dalemputtu', 7);
INSERT INTO village (id, name, panchayat_id) VALUES (1295, 'Daragedda', 7);
INSERT INTO village (id, name, panchayat_id) VALUES (1296, 'D.Chintalaveedhi', 7);
INSERT INTO village (id, name, panchayat_id) VALUES (1297, 'Degasalthangi', 7);
INSERT INTO village (id, name, panchayat_id) VALUES (1298, 'Dirrapalle', 7);
INSERT INTO village (id, name, panchayat_id) VALUES (1299, 'Donkinavalasa', 7);
INSERT INTO village (id, name, panchayat_id) VALUES (1300, 'Duggam', 7);
INSERT INTO village (id, name, panchayat_id) VALUES (1301, 'Dumbriguda', 7);
INSERT INTO village (id, name, panchayat_id) VALUES (1302, 'Durgam', 7);
INSERT INTO village (id, name, panchayat_id) VALUES (1303, 'Edulagondi', 7);
INSERT INTO village (id, name, panchayat_id) VALUES (1304, 'Egasalthangi', 7);
INSERT INTO village (id, name, panchayat_id) VALUES (1305, 'Gadikinchumanda', 7);
INSERT INTO village (id, name, panchayat_id) VALUES (1306, 'Gadugupalle', 7);
INSERT INTO village (id, name, panchayat_id) VALUES (1307, 'Gangarajuputtu', 7);
INSERT INTO village (id, name, panchayat_id) VALUES (1308, 'Gangudi', 7);
INSERT INTO village (id, name, panchayat_id) VALUES (1309, 'Ganika', 7);
INSERT INTO village (id, name, panchayat_id) VALUES (1310, 'Garudapalle', 7);
INSERT INTO village (id, name, panchayat_id) VALUES (1311, 'Gasarapalle', 7);
INSERT INTO village (id, name, panchayat_id) VALUES (1312, 'Gatham', 7);
INSERT INTO village (id, name, panchayat_id) VALUES (1313, 'Gedelapadu', 7);
INSERT INTO village (id, name, panchayat_id) VALUES (1314, 'Gillibaddu', 7);
INSERT INTO village (id, name, panchayat_id) VALUES (1315, 'Gondipeta', 7);
INSERT INTO village (id, name, panchayat_id) VALUES (1316, 'Gondirapa', 7);
INSERT INTO village (id, name, panchayat_id) VALUES (1317, 'Goppulapalem', 7);
INSERT INTO village (id, name, panchayat_id) VALUES (1318, 'Gotchari', 7);
INSERT INTO village (id, name, panchayat_id) VALUES (1319, 'Gummadiganduva', 7);
INSERT INTO village (id, name, panchayat_id) VALUES (1320, 'Gummadigunta', 7);
INSERT INTO village (id, name, panchayat_id) VALUES (1321, 'Hukumpeta', 7);
INSERT INTO village (id, name, panchayat_id) VALUES (1322, 'Irukurai', 7);
INSERT INTO village (id, name, panchayat_id) VALUES (1323, 'Jakaramputtu', 7);
INSERT INTO village (id, name, panchayat_id) VALUES (1324, 'Jangamputtu', 7);
INSERT INTO village (id, name, panchayat_id) VALUES (1325, 'Jarrakonda', 7);
INSERT INTO village (id, name, panchayat_id) VALUES (1326, 'Jeelugulaputtu', 7);
INSERT INTO village (id, name, panchayat_id) VALUES (1327, 'Jogulaputtu', 7);
INSERT INTO village (id, name, panchayat_id) VALUES (1328, 'Kamayyapeta', 7);
INSERT INTO village (id, name, panchayat_id) VALUES (1329, 'Kangaruputtu', 7);
INSERT INTO village (id, name, panchayat_id) VALUES (1330, 'Kanguputtu', 7);
INSERT INTO village (id, name, panchayat_id) VALUES (1331, 'Kethampalem', 7);
INSERT INTO village (id, name, panchayat_id) VALUES (1332, 'Kimiduputtu', 7);
INSERT INTO village (id, name, panchayat_id) VALUES (1333, 'Kodeli', 7);
INSERT INTO village (id, name, panchayat_id) VALUES (1334, 'Koditala', 7);
INSERT INTO village (id, name, panchayat_id) VALUES (1335, 'Kokkisa', 7);
INSERT INTO village (id, name, panchayat_id) VALUES (1336, 'Kondayyapadu', 7);
INSERT INTO village (id, name, panchayat_id) VALUES (1337, 'Kontapalle', 7);
INSERT INTO village (id, name, panchayat_id) VALUES (1338, 'Konthili', 7);
INSERT INTO village (id, name, panchayat_id) VALUES (1339, 'Kotagummam', 7);
INSERT INTO village (id, name, panchayat_id) VALUES (1340, 'Kothavuru', 7);
INSERT INTO village (id, name, panchayat_id) VALUES (1341, 'Kulapadu', 7);
INSERT INTO village (id, name, panchayat_id) VALUES (1342, 'Kunturla', 7);
INSERT INTO village (id, name, panchayat_id) VALUES (1343, 'Kutangi Tadiputtu', 7);
INSERT INTO village (id, name, panchayat_id) VALUES (1344, 'Kuthangi', 7);
INSERT INTO village (id, name, panchayat_id) VALUES (1345, 'Lakeyaputtu', 7);
INSERT INTO village (id, name, panchayat_id) VALUES (1346, 'Liviti', 7);
INSERT INTO village (id, name, panchayat_id) VALUES (1347, 'Locheliputtu', 7);
INSERT INTO village (id, name, panchayat_id) VALUES (1348, 'Maddiputtu', 7);
INSERT INTO village (id, name, panchayat_id) VALUES (1349, 'Majjivalasa', 7);
INSERT INTO village (id, name, panchayat_id) VALUES (1350, 'Malaguda', 7);
INSERT INTO village (id, name, panchayat_id) VALUES (1351, 'Mandiputtu', 7);
INSERT INTO village (id, name, panchayat_id) VALUES (1352, 'Mangalamamidi', 7);
INSERT INTO village (id, name, panchayat_id) VALUES (1353, 'Marela', 7);
INSERT INTO village (id, name, panchayat_id) VALUES (1354, 'Marripalem', 7);
INSERT INTO village (id, name, panchayat_id) VALUES (1355, 'Marriputtu', 7);
INSERT INTO village (id, name, panchayat_id) VALUES (1356, 'Marrivalasa', 7);
INSERT INTO village (id, name, panchayat_id) VALUES (1357, 'Masada', 7);
INSERT INTO village (id, name, panchayat_id) VALUES (1358, 'Matchyapuram', 7);
INSERT INTO village (id, name, panchayat_id) VALUES (1359, 'Matham', 7);
INSERT INTO village (id, name, panchayat_id) VALUES (1360, 'M.Boddaputtu', 7);
INSERT INTO village (id, name, panchayat_id) VALUES (1361, 'Mebha', 7);
INSERT INTO village (id, name, panchayat_id) VALUES (1362, 'Merakachinta', 7);
INSERT INTO village (id, name, panchayat_id) VALUES (1363, 'M.Kothavuru', 7);
INSERT INTO village (id, name, panchayat_id) VALUES (1364, 'Mulakayiputtu', 7);
INSERT INTO village (id, name, panchayat_id) VALUES (1365, 'Muliaputtu', 7);
INSERT INTO village (id, name, panchayat_id) VALUES (1366, 'Mulusobha', 7);
INSERT INTO village (id, name, panchayat_id) VALUES (1367, 'Nakkalaputtu', 7);
INSERT INTO village (id, name, panchayat_id) VALUES (1368, 'Neelamputtu', 7);
INSERT INTO village (id, name, panchayat_id) VALUES (1369, 'Nimmalapadu', 7);
INSERT INTO village (id, name, panchayat_id) VALUES (1370, 'Nittaputtu', 7);
INSERT INTO village (id, name, panchayat_id) VALUES (1371, 'Nurupanuku', 7);
INSERT INTO village (id, name, panchayat_id) VALUES (1372, 'Olda', 7);
INSERT INTO village (id, name, panchayat_id) VALUES (1373, 'Ontipaka', 7);
INSERT INTO village (id, name, panchayat_id) VALUES (1374, 'Palamamidi', 7);
INSERT INTO village (id, name, panchayat_id) VALUES (1375, 'Pamurai', 7);
INSERT INTO village (id, name, panchayat_id) VALUES (1376, 'Panasaputtu', 7);
INSERT INTO village (id, name, panchayat_id) VALUES (1377, 'Pandimetta', 7);
INSERT INTO village (id, name, panchayat_id) VALUES (1378, 'Patakadavada', 7);
INSERT INTO village (id, name, panchayat_id) VALUES (1379, 'Pathakota', 7);
INSERT INTO village (id, name, panchayat_id) VALUES (1380, 'Patiguruvu', 7);
INSERT INTO village (id, name, panchayat_id) VALUES (1381, 'Patimamidi', 7);
INSERT INTO village (id, name, panchayat_id) VALUES (1382, 'Patrimetta', 7);
INSERT INTO village (id, name, panchayat_id) VALUES (1383, 'Pattam', 7);
INSERT INTO village (id, name, panchayat_id) VALUES (1384, 'Pedagaruvu', 7);
INSERT INTO village (id, name, panchayat_id) VALUES (1385, 'Peda Nandiputtu', 7);
INSERT INTO village (id, name, panchayat_id) VALUES (1386, 'Peddapadu', 7);
INSERT INTO village (id, name, panchayat_id) VALUES (1387, 'Pedirai', 7);
INSERT INTO village (id, name, panchayat_id) VALUES (1388, 'Peesumamidi', 7);
INSERT INTO village (id, name, panchayat_id) VALUES (1389, 'Pusalagaruvu', 7);
INSERT INTO village (id, name, panchayat_id) VALUES (1390, 'Ramachandrapuram', 7);
INSERT INTO village (id, name, panchayat_id) VALUES (1391, 'Ranamkota', 7);
INSERT INTO village (id, name, panchayat_id) VALUES (1392, 'Rangapalle', 7);
INSERT INTO village (id, name, panchayat_id) VALUES (1393, 'Rangaseela', 7);
INSERT INTO village (id, name, panchayat_id) VALUES (1394, 'Rapa', 7);
INSERT INTO village (id, name, panchayat_id) VALUES (1395, 'Rathulaputtu', 7);
INSERT INTO village (id, name, panchayat_id) VALUES (1396, 'Reedabanda', 7);
INSERT INTO village (id, name, panchayat_id) VALUES (1397, 'Rudi @ Degarudi', 7);
INSERT INTO village (id, name, panchayat_id) VALUES (1398, 'Sampangiputtu', 7);
INSERT INTO village (id, name, panchayat_id) VALUES (1399, 'Santhari', 7);
INSERT INTO village (id, name, panchayat_id) VALUES (1400, 'Sanyasammapalem', 7);
INSERT INTO village (id, name, panchayat_id) VALUES (1401, 'Sarasapadu', 7);
INSERT INTO village (id, name, panchayat_id) VALUES (1402, 'Sariyapolam', 7);
INSERT INTO village (id, name, panchayat_id) VALUES (1403, 'Sembi', 7);
INSERT INTO village (id, name, panchayat_id) VALUES (1404, 'Sesaipanuku', 7);
INSERT INTO village (id, name, panchayat_id) VALUES (1405, 'Sobakota', 7);
INSERT INTO village (id, name, panchayat_id) VALUES (1406, 'Sukuru', 7);
INSERT INTO village (id, name, panchayat_id) VALUES (1407, 'Sullipakoni', 7);
INSERT INTO village (id, name, panchayat_id) VALUES (1408, 'Sundruputtu', 7);
INSERT INTO village (id, name, panchayat_id) VALUES (1409, 'Tadigiri', 7);
INSERT INTO village (id, name, panchayat_id) VALUES (1410, 'Teegalavalasa', 7);
INSERT INTO village (id, name, panchayat_id) VALUES (1411, 'Thumbaguda', 7);
INSERT INTO village (id, name, panchayat_id) VALUES (1412, 'Tiyyaniputtu', 7);
INSERT INTO village (id, name, panchayat_id) VALUES (1413, 'Tokaduggam', 7);
INSERT INTO village (id, name, panchayat_id) VALUES (1414, 'Totakurapadu', 7);
INSERT INTO village (id, name, panchayat_id) VALUES (1415, 'Turakalametta', 7);
INSERT INTO village (id, name, panchayat_id) VALUES (1416, 'Urrada', 7);
INSERT INTO village (id, name, panchayat_id) VALUES (1417, 'Vachanarangini', 7);
INSERT INTO village (id, name, panchayat_id) VALUES (1418, 'Vakapalle', 7);
INSERT INTO village (id, name, panchayat_id) VALUES (1419, 'Vallangiputtu', 7);
INSERT INTO village (id, name, panchayat_id) VALUES (1420, 'Veerendla', 7);
INSERT INTO village (id, name, panchayat_id) VALUES (1421, 'Vukkurba', 7);
INSERT INTO mandal (id, name, constituency_id) VALUES (8, 'Koyyuru', 1);
INSERT INTO panchayat (id, name, mandal_id) VALUES (8, 'Default Panchayat Koyyuru', 8);
INSERT INTO village (id, name, panchayat_id) VALUES (1422, 'Adakula', 8);
INSERT INTO village (id, name, panchayat_id) VALUES (1423, 'Agraharam', 8);
INSERT INTO village (id, name, panchayat_id) VALUES (1424, 'Ankampalem', 8);
INSERT INTO village (id, name, panchayat_id) VALUES (1425, 'Annavaram', 8);
INSERT INTO village (id, name, panchayat_id) VALUES (1426, 'Anthada', 8);
INSERT INTO village (id, name, panchayat_id) VALUES (1427, 'Balabadrapadu', 8);
INSERT INTO village (id, name, panchayat_id) VALUES (1428, 'Balaram', 8);
INSERT INTO village (id, name, panchayat_id) VALUES (1429, 'Balarevulu', 8);
INSERT INTO village (id, name, panchayat_id) VALUES (1430, 'Balusukura Pakalu', 8);
INSERT INTO village (id, name, panchayat_id) VALUES (1431, 'Bandivalasa', 8);
INSERT INTO village (id, name, panchayat_id) VALUES (1432, 'Bangarammapeta', 8);
INSERT INTO village (id, name, panchayat_id) VALUES (1433, 'Bangarayyapadu', 8);
INSERT INTO village (id, name, panchayat_id) VALUES (1434, 'Bangarupalem', 8);
INSERT INTO village (id, name, panchayat_id) VALUES (1435, 'Battapanukulu', 8);
INSERT INTO village (id, name, panchayat_id) VALUES (1436, 'Battumetta', 8);
INSERT INTO village (id, name, panchayat_id) VALUES (1437, 'Bennavaram', 8);
INSERT INTO village (id, name, panchayat_id) VALUES (1438, 'Bheemavaram', 8);
INSERT INTO village (id, name, panchayat_id) VALUES (1439, 'Bointi', 8);
INSERT INTO village (id, name, panchayat_id) VALUES (1440, 'Bonkulapalem', 8);
INSERT INTO village (id, name, panchayat_id) VALUES (1441, 'Bouthuvalasa', 8);
INSERT INTO village (id, name, panchayat_id) VALUES (1442, 'Budaralla', 8);
INSERT INTO village (id, name, panchayat_id) VALUES (1443, 'Budaralla Kothuru', 8);
INSERT INTO village (id, name, panchayat_id) VALUES (1444, 'Chappidi Mamidi', 8);
INSERT INTO village (id, name, panchayat_id) VALUES (1445, 'Chatarai', 8);
INSERT INTO village (id, name, panchayat_id) VALUES (1446, 'Cheedikota', 8);
INSERT INTO village (id, name, panchayat_id) VALUES (1447, 'Cheedipalem', 8);
INSERT INTO village (id, name, panchayat_id) VALUES (1448, 'Chintalapudi', 8);
INSERT INTO village (id, name, panchayat_id) VALUES (1449, 'Chintuvanipalem', 8);
INSERT INTO village (id, name, panchayat_id) VALUES (1450, 'Chittempadu', 8);
INSERT INTO village (id, name, panchayat_id) VALUES (1451, 'Chowdipalle', 8);
INSERT INTO village (id, name, panchayat_id) VALUES (1452, 'Daddugula', 8);
INSERT INTO village (id, name, panchayat_id) VALUES (1453, 'Daragedda', 8);
INSERT INTO village (id, name, panchayat_id) VALUES (1454, 'Dharmavaram', 8);
INSERT INTO village (id, name, panchayat_id) VALUES (1455, 'Dhonipalem', 8);
INSERT INTO village (id, name, panchayat_id) VALUES (1456, 'Dibbalapalem', 8);
INSERT INTO village (id, name, panchayat_id) VALUES (1457, 'Doddavaram', 8);
INSERT INTO village (id, name, panchayat_id) VALUES (1458, 'Domalagondi', 8);
INSERT INTO village (id, name, panchayat_id) VALUES (1459, 'Downuru', 8);
INSERT INTO village (id, name, panchayat_id) VALUES (1460, 'Gadabapalem', 8);
INSERT INTO village (id, name, panchayat_id) VALUES (1461, 'Gamakonda', 8);
INSERT INTO village (id, name, panchayat_id) VALUES (1462, 'Ganerlapalem', 8);
INSERT INTO village (id, name, panchayat_id) VALUES (1463, 'Gangavaram', 8);
INSERT INTO village (id, name, panchayat_id) VALUES (1464, 'Gantavari Kothagudem', 8);
INSERT INTO village (id, name, panchayat_id) VALUES (1465, 'Ganugula', 8);
INSERT INTO village (id, name, panchayat_id) VALUES (1466, 'Garimanda', 8);
INSERT INTO village (id, name, panchayat_id) VALUES (1467, 'Ginjarthi', 8);
INSERT INTO village (id, name, panchayat_id) VALUES (1468, 'Godugula Manubanda', 8);
INSERT INTO village (id, name, panchayat_id) VALUES (1469, 'Gollivalasa', 8);
INSERT INTO village (id, name, panchayat_id) VALUES (1470, 'Gopavaram', 8);
INSERT INTO village (id, name, panchayat_id) VALUES (1471, 'Gudapalle', 8);
INSERT INTO village (id, name, panchayat_id) VALUES (1472, 'Gummadimanupalem', 8);
INSERT INTO village (id, name, panchayat_id) VALUES (1473, 'Gummalapalem', 8);
INSERT INTO village (id, name, panchayat_id) VALUES (1474, 'Jammavaram', 8);
INSERT INTO village (id, name, panchayat_id) VALUES (1475, 'Jerrigondi', 8);
INSERT INTO village (id, name, panchayat_id) VALUES (1476, 'Jogampeta', 8);
INSERT INTO village (id, name, panchayat_id) VALUES (1477, 'Jonnamamidi', 8);
INSERT INTO village (id, name, panchayat_id) VALUES (1478, 'Kamparegulu', 8);
INSERT INTO village (id, name, panchayat_id) VALUES (1479, 'Kannavaram', 8);
INSERT INTO village (id, name, panchayat_id) VALUES (1480, 'Kantharam', 8);
INSERT INTO village (id, name, panchayat_id) VALUES (1481, 'Kathiralloddi', 8);
INSERT INTO village (id, name, panchayat_id) VALUES (1482, 'Katragedda', 8);
INSERT INTO village (id, name, panchayat_id) VALUES (1483, 'Kinaparthi', 8);
INSERT INTO village (id, name, panchayat_id) VALUES (1484, 'Kinchavanipalem', 8);
INSERT INTO village (id, name, panchayat_id) VALUES (1485, 'Kindangi', 8);
INSERT INTO village (id, name, panchayat_id) VALUES (1486, 'Kithalova', 8);
INSERT INTO village (id, name, panchayat_id) VALUES (1487, 'Kommanuru', 8);
INSERT INTO village (id, name, panchayat_id) VALUES (1488, 'Kommika', 8);
INSERT INTO village (id, name, panchayat_id) VALUES (1489, 'Kondagokira', 8);
INSERT INTO village (id, name, panchayat_id) VALUES (1490, 'Kondasantha', 8);
INSERT INTO village (id, name, panchayat_id) VALUES (1491, 'Koppukonda', 8);
INSERT INTO village (id, name, panchayat_id) VALUES (1492, 'Kothagadabapalem', 8);
INSERT INTO village (id, name, panchayat_id) VALUES (1493, 'Kothapalem', 8);
INSERT INTO village (id, name, panchayat_id) VALUES (1494, 'Kothapalle', 8);
INSERT INTO village (id, name, panchayat_id) VALUES (1495, 'Kothuru', 8);
INSERT INTO village (id, name, panchayat_id) VALUES (1496, 'Koyyuru', 8);
INSERT INTO village (id, name, panchayat_id) VALUES (1497, 'Koyyuru Pathapadu', 8);
INSERT INTO village (id, name, panchayat_id) VALUES (1498, 'Kumbarlubanda', 8);
INSERT INTO village (id, name, panchayat_id) VALUES (1499, 'Lankaveedhi', 8);
INSERT INTO village (id, name, panchayat_id) VALUES (1500, 'Lingapuram', 8);
INSERT INTO village (id, name, panchayat_id) VALUES (1501, 'Lubbarthi', 8);
INSERT INTO village (id, name, panchayat_id) VALUES (1502, 'Lusam', 8);
INSERT INTO village (id, name, panchayat_id) VALUES (1503, 'Mallavaram', 8);
INSERT INTO village (id, name, panchayat_id) VALUES (1504, 'Mampa', 8);
INSERT INTO village (id, name, panchayat_id) VALUES (1505, 'Mandipalle', 8);
INSERT INTO village (id, name, panchayat_id) VALUES (1506, 'Marripakalu', 8);
INSERT INTO village (id, name, panchayat_id) VALUES (1507, 'Marripalem', 8);
INSERT INTO village (id, name, panchayat_id) VALUES (1508, 'Marriwada', 8);
INSERT INTO village (id, name, panchayat_id) VALUES (1509, 'Mattam Bhimavaram', 8);
INSERT INTO village (id, name, panchayat_id) VALUES (1510, 'Mogalidoddi', 8);
INSERT INTO village (id, name, panchayat_id) VALUES (1511, 'Mukudupalle', 8);
INSERT INTO village (id, name, panchayat_id) VALUES (1512, 'Mulagalametta', 8);
INSERT INTO village (id, name, panchayat_id) VALUES (1513, 'Mulapeta', 8);
INSERT INTO village (id, name, panchayat_id) VALUES (1514, 'Nadimpalem', 8);
INSERT INTO village (id, name, panchayat_id) VALUES (1515, 'Nakkalapadu', 8);
INSERT INTO village (id, name, panchayat_id) VALUES (1516, 'Nallabilli', 8);
INSERT INTO village (id, name, panchayat_id) VALUES (1517, 'Nallagonda', 8);
INSERT INTO village (id, name, panchayat_id) VALUES (1518, 'Nimmagedda', 8);
INSERT INTO village (id, name, panchayat_id) VALUES (1519, 'Nimmalagondi', 8);
INSERT INTO village (id, name, panchayat_id) VALUES (1520, 'Nimmalapalem', 8);
INSERT INTO village (id, name, panchayat_id) VALUES (1521, 'Padi', 8);
INSERT INTO village (id, name, panchayat_id) VALUES (1522, 'Pakalajeedi', 8);
INSERT INTO village (id, name, panchayat_id) VALUES (1523, 'Panasalapadu', 8);
INSERT INTO village (id, name, panchayat_id) VALUES (1524, 'Paradesipakalu', 8);
INSERT INTO village (id, name, panchayat_id) VALUES (1525, 'Parlubanda', 8);
INSERT INTO village (id, name, panchayat_id) VALUES (1526, 'Pedalanka Kothuru', 8);
INSERT INTO village (id, name, panchayat_id) VALUES (1527, 'Pedamakavaram', 8);
INSERT INTO village (id, name, panchayat_id) VALUES (1528, 'Peddinipalem', 8);
INSERT INTO village (id, name, panchayat_id) VALUES (1529, 'Pidathamamidi', 8);
INSERT INTO village (id, name, panchayat_id) VALUES (1530, 'Pidugurai', 8);
INSERT INTO village (id, name, panchayat_id) VALUES (1531, 'Pittalapadu', 8);
INSERT INTO village (id, name, panchayat_id) VALUES (1532, 'Pokalapalem', 8);
INSERT INTO village (id, name, panchayat_id) VALUES (1533, 'Pothavaram', 8);
INSERT INTO village (id, name, panchayat_id) VALUES (1534, 'Punukuru', 8);
INSERT INTO village (id, name, panchayat_id) VALUES (1535, 'Puttakota', 8);
INSERT INTO village (id, name, panchayat_id) VALUES (1536, 'Puturugedda', 8);
INSERT INTO village (id, name, panchayat_id) VALUES (1537, 'Rabbasingi', 8);
INSERT INTO village (id, name, panchayat_id) VALUES (1538, 'Rajendrapalem', 8);
INSERT INTO village (id, name, panchayat_id) VALUES (1539, 'Rajupeta', 8);
INSERT INTO village (id, name, panchayat_id) VALUES (1540, 'Ramannapalem', 8);
INSERT INTO village (id, name, panchayat_id) VALUES (1541, 'Ramapuram', 8);
INSERT INTO village (id, name, panchayat_id) VALUES (1542, 'Ramarajupalem', 8);
INSERT INTO village (id, name, panchayat_id) VALUES (1543, 'Ratnampeta', 8);
INSERT INTO village (id, name, panchayat_id) VALUES (1544, 'Ravanapalle', 8);
INSERT INTO village (id, name, panchayat_id) VALUES (1545, 'Ravimanupakalu', 8);
INSERT INTO village (id, name, panchayat_id) VALUES (1546, 'Ravimanupalem', 8);
INSERT INTO village (id, name, panchayat_id) VALUES (1547, 'Ravulakota', 8);
INSERT INTO village (id, name, panchayat_id) VALUES (1548, 'Rellalapalem', 8);
INSERT INTO village (id, name, panchayat_id) VALUES (1549, 'Revallu', 8);
INSERT INTO village (id, name, panchayat_id) VALUES (1550, 'Rolangi', 8);
INSERT INTO village (id, name, panchayat_id) VALUES (1551, 'Sakulapalem', 8);
INSERT INTO village (id, name, panchayat_id) VALUES (1552, 'Sanivarappadu', 8);
INSERT INTO village (id, name, panchayat_id) VALUES (1553, 'Santha Kirlampadu', 8);
INSERT INTO village (id, name, panchayat_id) VALUES (1554, 'Sarabhanna Palem', 8);
INSERT INTO village (id, name, panchayat_id) VALUES (1555, 'Seekayipalem', 8);
INSERT INTO village (id, name, panchayat_id) VALUES (1556, 'Singavaram', 8);
INSERT INTO village (id, name, panchayat_id) VALUES (1557, 'Sitharampadu', 8);
INSERT INTO village (id, name, panchayat_id) VALUES (1558, 'Solabu', 8);
INSERT INTO village (id, name, panchayat_id) VALUES (1559, 'Suddalapalem', 8);
INSERT INTO village (id, name, panchayat_id) VALUES (1560, 'Suramanda', 8);
INSERT INTO village (id, name, panchayat_id) VALUES (1561, 'Surendrapalem', 8);
INSERT INTO village (id, name, panchayat_id) VALUES (1562, 'Tapplimamidi', 8);
INSERT INTO village (id, name, panchayat_id) VALUES (1563, 'Teegalametta', 8);
INSERT INTO village (id, name, panchayat_id) VALUES (1564, 'Tenkala Panukulu', 8);
INSERT INTO village (id, name, panchayat_id) VALUES (1565, 'Thadichetlapalem', 8);
INSERT INTO village (id, name, panchayat_id) VALUES (1566, 'Thallapalem', 8);
INSERT INTO village (id, name, panchayat_id) VALUES (1567, 'Thatimanubanda', 8);
INSERT INTO village (id, name, panchayat_id) VALUES (1568, 'Thotaluru', 8);
INSERT INTO village (id, name, panchayat_id) VALUES (1569, 'Tulabada', 8);
INSERT INTO village (id, name, panchayat_id) VALUES (1570, 'U.Cheedipalem', 8);
INSERT INTO village (id, name, panchayat_id) VALUES (1571, 'Ulligunta', 8);
INSERT INTO village (id, name, panchayat_id) VALUES (1572, 'Valasampeta', 8);
INSERT INTO village (id, name, panchayat_id) VALUES (1573, 'Valasarajupadu', 8);
INSERT INTO village (id, name, panchayat_id) VALUES (1574, 'Valugudem', 8);
INSERT INTO village (id, name, panchayat_id) VALUES (1575, 'Vanthamarri', 8);
INSERT INTO village (id, name, panchayat_id) VALUES (1576, 'Velagalapalem', 8);
INSERT INTO village (id, name, panchayat_id) VALUES (1577, 'Vudutha', 8);
INSERT INTO village (id, name, panchayat_id) VALUES (1578, 'Yeddumamidi Singhadara', 8);
INSERT INTO village (id, name, panchayat_id) VALUES (1579, 'Yerrabilli', 8);
INSERT INTO village (id, name, panchayat_id) VALUES (1580, 'Yerragonda', 8);
INSERT INTO village (id, name, panchayat_id) VALUES (1581, 'Yerrinaidu Pakalu', 8);
INSERT INTO mandal (id, name, constituency_id) VALUES (9, 'Munchingi Puttu', 1);
INSERT INTO panchayat (id, name, mandal_id) VALUES (9, 'Default Panchayat Munchingi Puttu', 9);
INSERT INTO village (id, name, panchayat_id) VALUES (1582, 'Adalaputtu', 9);
INSERT INTO village (id, name, panchayat_id) VALUES (1583, 'Adarladi @ Mukki Puttu', 9);
INSERT INTO village (id, name, panchayat_id) VALUES (1584, 'A.Kotturu', 9);
INSERT INTO village (id, name, panchayat_id) VALUES (1585, 'Alabeeru', 9);
INSERT INTO village (id, name, panchayat_id) VALUES (1586, 'Allangipada', 9);
INSERT INTO village (id, name, panchayat_id) VALUES (1587, 'Amalaguda', 9);
INSERT INTO village (id, name, panchayat_id) VALUES (1588, 'Ambapada', 9);
INSERT INTO village (id, name, panchayat_id) VALUES (1589, 'Antabongu', 9);
INSERT INTO village (id, name, panchayat_id) VALUES (1590, 'Antlavada', 9);
INSERT INTO village (id, name, panchayat_id) VALUES (1591, 'Arabeeru', 9);
INSERT INTO village (id, name, panchayat_id) VALUES (1592, 'Arloiputtu', 9);
INSERT INTO village (id, name, panchayat_id) VALUES (1593, 'Asurada', 9);
INSERT INTO village (id, name, panchayat_id) VALUES (1594, 'Attikalu', 9);
INSERT INTO village (id, name, panchayat_id) VALUES (1595, 'Babusala', 9);
INSERT INTO village (id, name, panchayat_id) VALUES (1596, 'Badiputtu', 9);
INSERT INTO village (id, name, panchayat_id) VALUES (1597, 'Bakubeda', 9);
INSERT INTO village (id, name, panchayat_id) VALUES (1598, 'Balada', 9);
INSERT INTO village (id, name, panchayat_id) VALUES (1599, 'Balajulla', 9);
INSERT INTO village (id, name, panchayat_id) VALUES (1600, 'Baliyaguda', 9);
INSERT INTO village (id, name, panchayat_id) VALUES (1601, 'Bangarumetta', 9);
INSERT INTO village (id, name, panchayat_id) VALUES (1602, 'Bangaru Puttu', 9);
INSERT INTO village (id, name, panchayat_id) VALUES (1603, 'Bangurupalle', 9);
INSERT INTO village (id, name, panchayat_id) VALUES (1604, 'Bapanaputtu', 9);
INSERT INTO village (id, name, panchayat_id) VALUES (1605, 'Barada', 9);
INSERT INTO village (id, name, panchayat_id) VALUES (1606, 'Barlada', 9);
INSERT INTO village (id, name, panchayat_id) VALUES (1607, 'Beeduchampa', 9);
INSERT INTO village (id, name, panchayat_id) VALUES (1608, 'Beeta', 9);
INSERT INTO village (id, name, panchayat_id) VALUES (1609, 'Bhalluguda', 9);
INSERT INTO village (id, name, panchayat_id) VALUES (1610, 'Bhimidi', 9);
INSERT INTO village (id, name, panchayat_id) VALUES (1611, 'Birriguda', 9);
INSERT INTO village (id, name, panchayat_id) VALUES (1612, 'Boddagondi', 9);
INSERT INTO village (id, name, panchayat_id) VALUES (1613, 'Boddapadu', 9);
INSERT INTO village (id, name, panchayat_id) VALUES (1614, 'Boddaputtu', 9);
INSERT INTO village (id, name, panchayat_id) VALUES (1615, 'Bodiliguda', 9);
INSERT INTO village (id, name, panchayat_id) VALUES (1616, 'Bodiputtu', 9);
INSERT INTO village (id, name, panchayat_id) VALUES (1617, 'Bokkeraputtu', 9);
INSERT INTO village (id, name, panchayat_id) VALUES (1618, 'Bonangiputtu', 9);
INSERT INTO village (id, name, panchayat_id) VALUES (1619, 'Bondaputtu', 9);
INSERT INTO village (id, name, panchayat_id) VALUES (1620, 'Bondruguda', 9);
INSERT INTO village (id, name, panchayat_id) VALUES (1621, 'Boosiputtu', 9);
INSERT INTO village (id, name, panchayat_id) VALUES (1622, 'Boragam', 9);
INSERT INTO village (id, name, panchayat_id) VALUES (1623, 'Borramamidi', 9);
INSERT INTO village (id, name, panchayat_id) VALUES (1624, 'Buddapanasa', 9);
INSERT INTO village (id, name, panchayat_id) VALUES (1625, 'Bungaputtu', 9);
INSERT INTO village (id, name, panchayat_id) VALUES (1626, 'Buradagunta', 9);
INSERT INTO village (id, name, panchayat_id) VALUES (1627, 'Burrangula', 9);
INSERT INTO village (id, name, panchayat_id) VALUES (1628, 'Burugumetta', 9);
INSERT INTO village (id, name, panchayat_id) VALUES (1629, 'Burusindhiputtu', 9);
INSERT INTO village (id, name, panchayat_id) VALUES (1630, 'Champaputtu', 9);
INSERT INTO village (id, name, panchayat_id) VALUES (1631, 'Cheediputtu', 9);
INSERT INTO village (id, name, panchayat_id) VALUES (1632, 'Cheepurugondi', 9);
INSERT INTO village (id, name, panchayat_id) VALUES (1633, 'Chekuchinta', 9);
INSERT INTO village (id, name, panchayat_id) VALUES (1634, 'Cheruvu Pakala', 9);
INSERT INTO village (id, name, panchayat_id) VALUES (1635, 'Cheruvu Veedhi', 9);
INSERT INTO village (id, name, panchayat_id) VALUES (1636, 'Chilliputtu', 9);
INSERT INTO village (id, name, panchayat_id) VALUES (1637, 'Chinamukkiputtu', 9);
INSERT INTO village (id, name, panchayat_id) VALUES (1638, 'Chinasariyapalle', 9);
INSERT INTO village (id, name, panchayat_id) VALUES (1639, 'Chinasindhiputtu', 9);
INSERT INTO village (id, name, panchayat_id) VALUES (1640, 'Chintammingula', 9);
INSERT INTO village (id, name, panchayat_id) VALUES (1641, 'Chippaputtu', 9);
INSERT INTO village (id, name, panchayat_id) VALUES (1642, 'Chuttugondi', 9);
INSERT INTO village (id, name, panchayat_id) VALUES (1643, 'Dabuguda', 9);
INSERT INTO village (id, name, panchayat_id) VALUES (1644, 'Dadiputtu', 9);
INSERT INTO village (id, name, panchayat_id) VALUES (1645, 'Danabandu', 9);
INSERT INTO village (id, name, panchayat_id) VALUES (1646, 'Dareli', 9);
INSERT INTO village (id, name, panchayat_id) VALUES (1647, 'Dasariputtu', 9);
INSERT INTO village (id, name, panchayat_id) VALUES (1648, 'Deembuguda', 9);
INSERT INTO village (id, name, panchayat_id) VALUES (1649, 'Degalaputtu', 9);
INSERT INTO village (id, name, panchayat_id) VALUES (1650, 'Dengam', 9);
INSERT INTO village (id, name, panchayat_id) VALUES (1651, 'Dharapalle', 9);
INSERT INTO village (id, name, panchayat_id) VALUES (1652, 'Digakumada', 9);
INSERT INTO village (id, name, panchayat_id) VALUES (1653, 'Digidaputtu', 9);
INSERT INTO village (id, name, panchayat_id) VALUES (1654, 'Dimisamilli', 9);
INSERT INTO village (id, name, panchayat_id) VALUES (1655, 'Dokiriputtu', 9);
INSERT INTO village (id, name, panchayat_id) VALUES (1656, 'Dolliputtu', 9);
INSERT INTO village (id, name, panchayat_id) VALUES (1657, 'Domaliputtu', 9);
INSERT INTO village (id, name, panchayat_id) VALUES (1658, 'Doniputtu', 9);
INSERT INTO village (id, name, panchayat_id) VALUES (1659, 'Doraguda', 9);
INSERT INTO village (id, name, panchayat_id) VALUES (1660, 'Duliputtu', 9);
INSERT INTO village (id, name, panchayat_id) VALUES (1661, 'Dumuduguda', 9);
INSERT INTO village (id, name, panchayat_id) VALUES (1662, 'Dumukuladi', 9);
INSERT INTO village (id, name, panchayat_id) VALUES (1663, 'Gaddibanda', 9);
INSERT INTO village (id, name, panchayat_id) VALUES (1664, 'Gadela Burugu', 9);
INSERT INTO village (id, name, panchayat_id) VALUES (1665, 'Gadelaputtu', 9);
INSERT INTO village (id, name, panchayat_id) VALUES (1666, 'Gajjalabanda', 9);
INSERT INTO village (id, name, panchayat_id) VALUES (1667, 'Galaganda', 9);
INSERT INTO village (id, name, panchayat_id) VALUES (1668, 'Ganneda', 9);
INSERT INTO village (id, name, panchayat_id) VALUES (1669, 'Gannelaputtu', 9);
INSERT INTO village (id, name, panchayat_id) VALUES (1670, 'Garram', 9);
INSERT INTO village (id, name, panchayat_id) VALUES (1671, 'Garrivada', 9);
INSERT INTO village (id, name, panchayat_id) VALUES (1672, 'Gattumalada', 9);
INSERT INTO village (id, name, panchayat_id) VALUES (1673, 'Gatturamanda', 9);
INSERT INTO village (id, name, panchayat_id) VALUES (1674, 'Gedelabanda', 9);
INSERT INTO village (id, name, panchayat_id) VALUES (1675, 'Giddalamamidi', 9);
INSERT INTO village (id, name, panchayat_id) VALUES (1676, 'Giddala Puttu', 9);
INSERT INTO village (id, name, panchayat_id) VALUES (1677, 'Giddulaputtu', 9);
INSERT INTO village (id, name, panchayat_id) VALUES (1678, 'Gobburupadu', 9);
INSERT INTO village (id, name, panchayat_id) VALUES (1679, 'Goddiputtu', 9);
INSERT INTO village (id, name, panchayat_id) VALUES (1680, 'Godugulaputtu', 9);
INSERT INTO village (id, name, panchayat_id) VALUES (1681, 'Golliputtu', 9);
INSERT INTO village (id, name, panchayat_id) VALUES (1682, 'Gorrelametta', 9);
INSERT INTO village (id, name, panchayat_id) VALUES (1683, 'Gudamaliputtu', 9);
INSERT INTO village (id, name, panchayat_id) VALUES (1684, 'Gumma @ Digagumma', 9);
INSERT INTO village (id, name, panchayat_id) VALUES (1685, 'Gummasiragamputtu', 9);
INSERT INTO village (id, name, panchayat_id) VALUES (1686, 'Gunnachelama', 9);
INSERT INTO village (id, name, panchayat_id) VALUES (1687, 'Gunnalamamidi', 9);
INSERT INTO village (id, name, panchayat_id) VALUES (1688, 'Hamsabanda', 9);
INSERT INTO village (id, name, panchayat_id) VALUES (1689, 'Illoyipolam', 9);
INSERT INTO village (id, name, panchayat_id) VALUES (1690, 'Jabada', 9);
INSERT INTO village (id, name, panchayat_id) VALUES (1691, 'Jadiguda', 9);
INSERT INTO village (id, name, panchayat_id) VALUES (1692, 'Jadiputtu', 9);
INSERT INTO village (id, name, panchayat_id) VALUES (1693, 'Jalaripodaru', 9);
INSERT INTO village (id, name, panchayat_id) VALUES (1694, 'Jamiriguda', 9);
INSERT INTO village (id, name, panchayat_id) VALUES (1695, 'Jangam Puttu', 9);
INSERT INTO village (id, name, panchayat_id) VALUES (1696, 'Jangamsariya', 9);
INSERT INTO village (id, name, panchayat_id) VALUES (1697, 'Japparu', 9);
INSERT INTO village (id, name, panchayat_id) VALUES (1698, 'Jarjula', 9);
INSERT INTO village (id, name, panchayat_id) VALUES (1699, 'Jarripada', 9);
INSERT INTO village (id, name, panchayat_id) VALUES (1700, 'Jodiguda', 9);
INSERT INTO village (id, name, panchayat_id) VALUES (1701, 'Jolaputtu', 9);
INSERT INTO village (id, name, panchayat_id) VALUES (1702, 'Kadamjola', 9);
INSERT INTO village (id, name, panchayat_id) VALUES (1703, 'Kadeembeeru', 9);
INSERT INTO village (id, name, panchayat_id) VALUES (1704, 'Kadutula', 9);
INSERT INTO village (id, name, panchayat_id) VALUES (1705, 'Kammarigoyyi', 9);
INSERT INTO village (id, name, panchayat_id) VALUES (1706, 'Kammariguda', 9);
INSERT INTO village (id, name, panchayat_id) VALUES (1707, 'Kammarigunta', 9);
INSERT INTO village (id, name, panchayat_id) VALUES (1708, 'Kanguputtu', 9);
INSERT INTO village (id, name, panchayat_id) VALUES (1709, 'Kangu Veedhi', 9);
INSERT INTO village (id, name, panchayat_id) VALUES (1710, 'Kantavaram', 9);
INSERT INTO village (id, name, panchayat_id) VALUES (1711, 'Kanusulaputtu', 9);
INSERT INTO village (id, name, panchayat_id) VALUES (1712, 'Karabayalu', 9);
INSERT INTO village (id, name, panchayat_id) VALUES (1713, 'Karimikiputtu', 9);
INSERT INTO village (id, name, panchayat_id) VALUES (1714, 'Karlapodaru', 9);
INSERT INTO village (id, name, panchayat_id) VALUES (1715, 'Kenduguda', 9);
INSERT INTO village (id, name, panchayat_id) VALUES (1716, 'Kenduputtu', 9);
INSERT INTO village (id, name, panchayat_id) VALUES (1717, 'Kilagada', 9);
INSERT INTO village (id, name, panchayat_id) VALUES (1718, 'Kilumangi', 9);
INSERT INTO village (id, name, panchayat_id) VALUES (1719, 'Kimmalamamidi', 9);
INSERT INTO village (id, name, panchayat_id) VALUES (1720, 'Kimuduputtu', 9);
INSERT INTO village (id, name, panchayat_id) VALUES (1721, 'Kinchaiputtu', 9);
INSERT INTO village (id, name, panchayat_id) VALUES (1722, 'Kinchai Puttu', 9);
INSERT INTO village (id, name, panchayat_id) VALUES (1723, 'Kincholda', 9);
INSERT INTO village (id, name, panchayat_id) VALUES (1724, 'Kirrambo', 9);
INSERT INTO village (id, name, panchayat_id) VALUES (1725, 'K.Kotturu', 9);
INSERT INTO village (id, name, panchayat_id) VALUES (1726, 'Kodamputtu', 9);
INSERT INTO village (id, name, panchayat_id) VALUES (1727, 'Kodaputtu', 9);
INSERT INTO village (id, name, panchayat_id) VALUES (1728, 'Kommalakonda', 9);
INSERT INTO village (id, name, panchayat_id) VALUES (1729, 'Kondagabulu', 9);
INSERT INTO village (id, name, panchayat_id) VALUES (1730, 'Kondapada', 9);
INSERT INTO village (id, name, panchayat_id) VALUES (1731, 'Kondrangivalasa', 9);
INSERT INTO village (id, name, panchayat_id) VALUES (1732, 'Kooraiputtu', 9);
INSERT INTO village (id, name, panchayat_id) VALUES (1733, 'Kosamputtu', 9);
INSERT INTO village (id, name, panchayat_id) VALUES (1734, 'Kottalabayalu', 9);
INSERT INTO village (id, name, panchayat_id) VALUES (1735, 'Kottaputtu', 9);
INSERT INTO village (id, name, panchayat_id) VALUES (1736, 'Kotturu', 9);
INSERT INTO village (id, name, panchayat_id) VALUES (1737, 'Kujabhangi', 9);
INSERT INTO village (id, name, panchayat_id) VALUES (1738, 'Kulabeeru', 9);
INSERT INTO village (id, name, panchayat_id) VALUES (1739, 'Kumada', 9);
INSERT INTO village (id, name, panchayat_id) VALUES (1740, 'Kumbi Guda', 9);
INSERT INTO village (id, name, panchayat_id) VALUES (1741, 'Kumbri Pada', 9);
INSERT INTO village (id, name, panchayat_id) VALUES (1742, 'Kummariputtu', 9);
INSERT INTO village (id, name, panchayat_id) VALUES (1743, 'Kummari Puttu', 9);
INSERT INTO village (id, name, panchayat_id) VALUES (1744, 'Kuntuda', 9);
INSERT INTO village (id, name, panchayat_id) VALUES (1745, 'Kusumaguda', 9);
INSERT INTO village (id, name, panchayat_id) VALUES (1746, 'Kusumaputtu', 9);
INSERT INTO village (id, name, panchayat_id) VALUES (1747, 'Kuyilongi', 9);
INSERT INTO village (id, name, panchayat_id) VALUES (1748, 'Labadaputtu', 9);
INSERT INTO village (id, name, panchayat_id) VALUES (1749, 'Labburu', 9);
INSERT INTO village (id, name, panchayat_id) VALUES (1750, 'Labburukonda Puttu', 9);
INSERT INTO village (id, name, panchayat_id) VALUES (1751, 'Lakaiputtu', 9);
INSERT INTO village (id, name, panchayat_id) VALUES (1752, 'Langbapodaru', 9);
INSERT INTO village (id, name, panchayat_id) VALUES (1753, 'Laxmipuram', 9);
INSERT INTO village (id, name, panchayat_id) VALUES (1754, 'Lingaputtu', 9);
INSERT INTO village (id, name, panchayat_id) VALUES (1755, 'Lukkuru', 9);
INSERT INTO village (id, name, panchayat_id) VALUES (1756, 'Lungaputtu', 9);
INSERT INTO village (id, name, panchayat_id) VALUES (1757, 'Maddulabanda', 9);
INSERT INTO village (id, name, panchayat_id) VALUES (1758, 'Majjiguda', 9);
INSERT INTO village (id, name, panchayat_id) VALUES (1759, 'Makavaram', 9);
INSERT INTO village (id, name, panchayat_id) VALUES (1760, 'Malagummi', 9);
INSERT INTO village (id, name, panchayat_id) VALUES (1761, 'Malakariputtu', 9);
INSERT INTO village (id, name, panchayat_id) VALUES (1762, 'Mallimunda', 9);
INSERT INTO village (id, name, panchayat_id) VALUES (1763, 'Mallipodaru', 9);
INSERT INTO village (id, name, panchayat_id) VALUES (1764, 'Malluduputtu', 9);
INSERT INTO village (id, name, panchayat_id) VALUES (1765, 'Malugurai', 9);
INSERT INTO village (id, name, panchayat_id) VALUES (1766, 'Manchamrai', 9);
INSERT INTO village (id, name, panchayat_id) VALUES (1767, 'Mandibha', 9);
INSERT INTO village (id, name, panchayat_id) VALUES (1768, 'Mangaliputtu', 9);
INSERT INTO village (id, name, panchayat_id) VALUES (1769, 'Marriputtu', 9);
INSERT INTO village (id, name, panchayat_id) VALUES (1770, 'Marrivalasa', 9);
INSERT INTO village (id, name, panchayat_id) VALUES (1771, 'Matchayapuram', 9);
INSERT INTO village (id, name, panchayat_id) VALUES (1772, 'Mattamputtu', 9);
INSERT INTO village (id, name, panchayat_id) VALUES (1773, 'Mattiguda', 9);
INSERT INTO village (id, name, panchayat_id) VALUES (1774, 'Mehba', 9);
INSERT INTO village (id, name, panchayat_id) VALUES (1775, 'Merakachinta', 9);
INSERT INTO village (id, name, panchayat_id) VALUES (1776, 'Mettaguda', 9);
INSERT INTO village (id, name, panchayat_id) VALUES (1777, 'Minumulaputtu', 9);
INSERT INTO village (id, name, panchayat_id) VALUES (1778, 'Mokkaputtu', 9);
INSERT INTO village (id, name, panchayat_id) VALUES (1779, 'Mondigumma', 9);
INSERT INTO village (id, name, panchayat_id) VALUES (1780, 'Monjaputtu', 9);
INSERT INTO village (id, name, panchayat_id) VALUES (1781, 'Monjuguda', 9);
INSERT INTO village (id, name, panchayat_id) VALUES (1782, 'Mukkiputtu', 9);
INSERT INTO village (id, name, panchayat_id) VALUES (1783, 'Mulaputtu', 9);
INSERT INTO village (id, name, panchayat_id) VALUES (1784, 'Munchingiputtu', 9);
INSERT INTO village (id, name, panchayat_id) VALUES (1785, 'Muraliputtu', 9);
INSERT INTO village (id, name, panchayat_id) VALUES (1786, 'Murugu Cheruvu', 9);
INSERT INTO village (id, name, panchayat_id) VALUES (1787, 'Nadimiveedhi', 9);
INSERT INTO village (id, name, panchayat_id) VALUES (1788, 'Nandimetta', 9);
INSERT INTO village (id, name, panchayat_id) VALUES (1789, 'Nandula Konda', 9);
INSERT INTO village (id, name, panchayat_id) VALUES (1790, 'Narsiputtu', 9);
INSERT INTO village (id, name, panchayat_id) VALUES (1791, 'Nitta Puttu', 9);
INSERT INTO village (id, name, panchayat_id) VALUES (1792, 'Ontiputtu', 9);
INSERT INTO village (id, name, panchayat_id) VALUES (1793, 'Padalaputtu', 9);
INSERT INTO village (id, name, panchayat_id) VALUES (1794, 'Panasa', 9);
INSERT INTO village (id, name, panchayat_id) VALUES (1795, 'Panasaputtu', 9);
INSERT INTO village (id, name, panchayat_id) VALUES (1796, 'Parathaputtu', 9);
INSERT INTO village (id, name, panchayat_id) VALUES (1797, 'Patha Pedaguda', 9);
INSERT INTO village (id, name, panchayat_id) VALUES (1798, 'Patruniputtu', 9);
INSERT INTO village (id, name, panchayat_id) VALUES (1799, 'Peda Guda', 9);
INSERT INTO village (id, name, panchayat_id) VALUES (1800, 'Pedapadu', 9);
INSERT INTO village (id, name, panchayat_id) VALUES (1801, 'Pedasindhiputtu', 9);
INSERT INTO village (id, name, panchayat_id) VALUES (1802, 'Pedatamminagula', 9);
INSERT INTO village (id, name, panchayat_id) VALUES (1803, 'Peddapetu', 9);
INSERT INTO village (id, name, panchayat_id) VALUES (1804, 'Peddaputtu', 9);
INSERT INTO village (id, name, panchayat_id) VALUES (1805, 'Petumaliputtu', 9);
INSERT INTO village (id, name, panchayat_id) VALUES (1806, 'Pilliganduva', 9);
INSERT INTO village (id, name, panchayat_id) VALUES (1807, 'Pittagedda', 9);
INSERT INTO village (id, name, panchayat_id) VALUES (1808, 'Pittagruddlu', 9);
INSERT INTO village (id, name, panchayat_id) VALUES (1809, 'Podaputtu', 9);
INSERT INTO village (id, name, panchayat_id) VALUES (1810, 'Poliputtu', 9);
INSERT INTO village (id, name, panchayat_id) VALUES (1811, 'Poolabanda', 9);
INSERT INTO village (id, name, panchayat_id) VALUES (1812, 'Poturajuputtu', 9);
INSERT INTO village (id, name, panchayat_id) VALUES (1813, 'Pulijalama', 9);
INSERT INTO village (id, name, panchayat_id) VALUES (1814, 'Putcheli', 9);
INSERT INTO village (id, name, panchayat_id) VALUES (1815, 'Raipalli', 9);
INSERT INTO village (id, name, panchayat_id) VALUES (1816, 'Rakasirai', 9);
INSERT INTO village (id, name, panchayat_id) VALUES (1817, 'Ramulu', 9);
INSERT INTO village (id, name, panchayat_id) VALUES (1818, 'Rangabayalu', 9);
INSERT INTO village (id, name, panchayat_id) VALUES (1819, 'Rangilisingi', 9);
INSERT INTO village (id, name, panchayat_id) VALUES (1820, 'Ranginiguda', 9);
INSERT INTO village (id, name, panchayat_id) VALUES (1821, 'Rangini Konda', 9);
INSERT INTO village (id, name, panchayat_id) VALUES (1822, 'Ratulaputtu', 9);
INSERT INTO village (id, name, panchayat_id) VALUES (1823, 'Ravidiputtu', 9);
INSERT INTO village (id, name, panchayat_id) VALUES (1824, 'Ravilabeda', 9);
INSERT INTO village (id, name, panchayat_id) VALUES (1825, 'Saggulu', 9);
INSERT INTO village (id, name, panchayat_id) VALUES (1826, 'Saginiputtu', 9);
INSERT INTO village (id, name, panchayat_id) VALUES (1827, 'Sailamputtu', 9);
INSERT INTO village (id, name, panchayat_id) VALUES (1828, 'Sangada', 9);
INSERT INTO village (id, name, panchayat_id) VALUES (1829, 'Sangamvalasa', 9);
INSERT INTO village (id, name, panchayat_id) VALUES (1830, 'Sankidigondi', 9);
INSERT INTO village (id, name, panchayat_id) VALUES (1831, 'Santaveedhi', 9);
INSERT INTO village (id, name, panchayat_id) VALUES (1832, 'Sarabha Puttu', 9);
INSERT INTO village (id, name, panchayat_id) VALUES (1833, 'Saradhi', 9);
INSERT INTO village (id, name, panchayat_id) VALUES (1834, 'Sarasangi', 9);
INSERT INTO village (id, name, panchayat_id) VALUES (1835, 'Sariyapalle', 9);
INSERT INTO village (id, name, panchayat_id) VALUES (1836, 'Sariyaputtu', 9);
INSERT INTO village (id, name, panchayat_id) VALUES (1837, 'Sebuguda', 9);
INSERT INTO village (id, name, panchayat_id) VALUES (1838, 'Sellum', 9);
INSERT INTO village (id, name, panchayat_id) VALUES (1839, 'Sindhiputtu', 9);
INSERT INTO village (id, name, panchayat_id) VALUES (1840, 'Siragamputtu', 9);
INSERT INTO village (id, name, panchayat_id) VALUES (1841, 'Sirlimetta', 9);
INSERT INTO village (id, name, panchayat_id) VALUES (1842, 'Sojjavada', 9);
INSERT INTO village (id, name, panchayat_id) VALUES (1843, 'Solagamputtu', 9);
INSERT INTO village (id, name, panchayat_id) VALUES (1844, 'Solagam Puttu', 9);
INSERT INTO village (id, name, panchayat_id) VALUES (1845, 'Sujanakota', 9);
INSERT INTO village (id, name, panchayat_id) VALUES (1846, 'Sujanakotapeta', 9);
INSERT INTO village (id, name, panchayat_id) VALUES (1847, 'Sunnapu Kota', 9);
INSERT INTO village (id, name, panchayat_id) VALUES (1848, 'Surtaniputtu', 9);
INSERT INTO village (id, name, panchayat_id) VALUES (1849, 'Suttiguda', 9);
INSERT INTO village (id, name, panchayat_id) VALUES (1850, 'Taddapalli', 9);
INSERT INTO village (id, name, panchayat_id) VALUES (1851, 'Tadiputtu', 9);
INSERT INTO village (id, name, panchayat_id) VALUES (1852, 'Talabirada', 9);
INSERT INTO village (id, name, panchayat_id) VALUES (1853, 'Talabutota', 9);
INSERT INTO village (id, name, panchayat_id) VALUES (1854, 'Talimba', 9);
INSERT INTO village (id, name, panchayat_id) VALUES (1855, 'Tamarapalle', 9);
INSERT INTO village (id, name, panchayat_id) VALUES (1856, 'Tangula', 9);
INSERT INTO village (id, name, panchayat_id) VALUES (1857, 'Tankaputtu', 9);
INSERT INTO village (id, name, panchayat_id) VALUES (1858, 'Tarigeda', 9);
INSERT INTO village (id, name, panchayat_id) VALUES (1859, 'Tarlaguda', 9);
INSERT INTO village (id, name, panchayat_id) VALUES (1860, 'Tenelamamidi', 9);
INSERT INTO village (id, name, panchayat_id) VALUES (1861, 'Tikkarapada', 9);
INSERT INTO village (id, name, panchayat_id) VALUES (1862, 'Tillaypada', 9);
INSERT INTO village (id, name, panchayat_id) VALUES (1863, 'Tontaputtu', 9);
INSERT INTO village (id, name, panchayat_id) VALUES (1864, 'Totagondiputtu', 9);
INSERT INTO village (id, name, panchayat_id) VALUES (1865, 'Tudumurai', 9);
INSERT INTO village (id, name, panchayat_id) VALUES (1866, 'Tumidiputtu', 9);
INSERT INTO village (id, name, panchayat_id) VALUES (1867, 'Tumulapanasa', 9);
INSERT INTO village (id, name, panchayat_id) VALUES (1868, 'Tungi Kota', 9);
INSERT INTO village (id, name, panchayat_id) VALUES (1869, 'Tussapalli', 9);
INSERT INTO village (id, name, panchayat_id) VALUES (1870, 'Vaddiputtu', 9);
INSERT INTO village (id, name, panchayat_id) VALUES (1871, 'Vadlamputtu', 9);
INSERT INTO village (id, name, panchayat_id) VALUES (1872, 'Valajangi', 9);
INSERT INTO village (id, name, panchayat_id) VALUES (1873, 'Vallayibeeru', 9);
INSERT INTO village (id, name, panchayat_id) VALUES (1874, 'Vanabhasingi', 9);
INSERT INTO village (id, name, panchayat_id) VALUES (1875, 'Vanagumma Kusumaputtu', 9);
INSERT INTO village (id, name, panchayat_id) VALUES (1876, 'Vandanapalli', 9);
INSERT INTO village (id, name, panchayat_id) VALUES (1877, 'Vandlamputtu', 9);
INSERT INTO village (id, name, panchayat_id) VALUES (1878, 'Vandrangula', 9);
INSERT INTO village (id, name, panchayat_id) VALUES (1879, 'Vanugumma', 9);
INSERT INTO village (id, name, panchayat_id) VALUES (1880, 'Vanuguputtu', 9);
INSERT INTO village (id, name, panchayat_id) VALUES (1881, 'Vetchangi', 9);
INSERT INTO village (id, name, panchayat_id) VALUES (1882, 'Vetchangi Puttu', 9);
INSERT INTO village (id, name, panchayat_id) VALUES (1883, 'Vuppacheruvu', 9);
INSERT INTO village (id, name, panchayat_id) VALUES (1884, 'Vurikigummi', 9);
INSERT INTO village (id, name, panchayat_id) VALUES (1885, 'Yedukondalabanda', 9);
INSERT INTO village (id, name, panchayat_id) VALUES (1886, 'Yenugurai', 9);
INSERT INTO mandal (id, name, constituency_id) VALUES (10, 'Paderu', 1);
INSERT INTO panchayat (id, name, mandal_id) VALUES (10, 'Default Panchayat Paderu', 10);
INSERT INTO village (id, name, panchayat_id) VALUES (1887, '14 Mile Stone', 10);
INSERT INTO village (id, name, panchayat_id) VALUES (1888, 'Allivara', 10);
INSERT INTO village (id, name, panchayat_id) VALUES (1889, 'Aluguru', 10);
INSERT INTO village (id, name, panchayat_id) VALUES (1890, 'Ampuru', 10);
INSERT INTO village (id, name, panchayat_id) VALUES (1891, 'Antilova', 10);
INSERT INTO village (id, name, panchayat_id) VALUES (1892, 'Arjapuram', 10);
INSERT INTO village (id, name, panchayat_id) VALUES (1893, 'Arlada', 10);
INSERT INTO village (id, name, panchayat_id) VALUES (1894, 'Ayinada', 10);
INSERT INTO village (id, name, panchayat_id) VALUES (1895, 'Baddigummi', 10);
INSERT INTO village (id, name, panchayat_id) VALUES (1896, 'Badimela', 10);
INSERT INTO village (id, name, panchayat_id) VALUES (1897, 'Balamalu', 10);
INSERT INTO village (id, name, panchayat_id) VALUES (1898, 'Bandalu', 10);
INSERT INTO village (id, name, panchayat_id) VALUES (1899, 'Bandapolam', 10);
INSERT INTO village (id, name, panchayat_id) VALUES (1900, 'Bangarumetta', 10);
INSERT INTO village (id, name, panchayat_id) VALUES (1901, 'Bantrothuputtu', 10);
INSERT INTO village (id, name, panchayat_id) VALUES (1902, 'Baridiputtu', 10);
INSERT INTO village (id, name, panchayat_id) VALUES (1903, 'Barisingi', 10);
INSERT INTO village (id, name, panchayat_id) VALUES (1904, 'Barluputtu', 10);
INSERT INTO village (id, name, panchayat_id) VALUES (1905, 'Bidarigaruvu', 10);
INSERT INTO village (id, name, panchayat_id) VALUES (1906, 'Birimisala', 10);
INSERT INTO village (id, name, panchayat_id) VALUES (1907, 'Boddaputtu', 10);
INSERT INTO village (id, name, panchayat_id) VALUES (1908, 'Boddimamidi', 10);
INSERT INTO village (id, name, panchayat_id) VALUES (1909, 'Bodichettu', 10);
INSERT INTO village (id, name, panchayat_id) VALUES (1910, 'Bokkellu', 10);
INSERT INTO village (id, name, panchayat_id) VALUES (1911, 'Bonjangi', 10);
INSERT INTO village (id, name, panchayat_id) VALUES (1912, 'Buradapadu', 10);
INSERT INTO village (id, name, panchayat_id) VALUES (1913, 'Burugu Chetru', 10);
INSERT INTO village (id, name, panchayat_id) VALUES (1914, 'Chakirevu', 10);
INSERT INTO village (id, name, panchayat_id) VALUES (1915, 'Chantada', 10);
INSERT INTO village (id, name, panchayat_id) VALUES (1916, 'Cheedikudda', 10);
INSERT INTO village (id, name, panchayat_id) VALUES (1917, 'Cheedimetta', 10);
INSERT INTO village (id, name, panchayat_id) VALUES (1918, 'Cheekupanasa', 10);
INSERT INTO village (id, name, panchayat_id) VALUES (1919, 'Cheemalapalle', 10);
INSERT INTO village (id, name, panchayat_id) VALUES (1920, 'Chilakalagondi', 10);
INSERT INTO village (id, name, panchayat_id) VALUES (1921, 'Chintada', 10);
INSERT INTO village (id, name, panchayat_id) VALUES (1922, 'Chintagondi', 10);
INSERT INTO village (id, name, panchayat_id) VALUES (1923, 'Chintala Veedhi', 10);
INSERT INTO village (id, name, panchayat_id) VALUES (1924, 'Chodepalle', 10);
INSERT INTO village (id, name, panchayat_id) VALUES (1925, 'Dabbagaruvu', 10);
INSERT INTO village (id, name, panchayat_id) VALUES (1926, 'Dabbapadu', 10);
INSERT INTO village (id, name, panchayat_id) VALUES (1927, 'Dabbaputtu', 10);
INSERT INTO village (id, name, panchayat_id) VALUES (1928, 'Dalimputtu', 10);
INSERT INTO village (id, name, panchayat_id) VALUES (1929, 'Dallapalle', 10);
INSERT INTO village (id, name, panchayat_id) VALUES (1930, 'Darapalle', 10);
INSERT INTO village (id, name, panchayat_id) VALUES (1931, 'Degalaveedhi', 10);
INSERT INTO village (id, name, panchayat_id) VALUES (1932, 'Devapuram', 10);
INSERT INTO village (id, name, panchayat_id) VALUES (1933, 'Devarapalle', 10);
INSERT INTO village (id, name, panchayat_id) VALUES (1934, 'Digasampalu', 10);
INSERT INTO village (id, name, panchayat_id) VALUES (1935, 'Digumodaputtu', 10);
INSERT INTO village (id, name, panchayat_id) VALUES (1936, 'Doddipalle', 10);
INSERT INTO village (id, name, panchayat_id) VALUES (1937, 'Dokuluru', 10);
INSERT INTO village (id, name, panchayat_id) VALUES (1938, 'Donela', 10);
INSERT INTO village (id, name, panchayat_id) VALUES (1939, 'Dummaputtu', 10);
INSERT INTO village (id, name, panchayat_id) VALUES (1940, 'Edulapalem', 10);
INSERT INTO village (id, name, panchayat_id) VALUES (1941, 'Eegasampalu', 10);
INSERT INTO village (id, name, panchayat_id) VALUES (1942, 'Gabbangi', 10);
INSERT INTO village (id, name, panchayat_id) VALUES (1943, 'Gadabavalasa @ Y.Kusarlapalem', 10);
INSERT INTO village (id, name, panchayat_id) VALUES (1944, 'Gaddibanda', 10);
INSERT INTO village (id, name, panchayat_id) VALUES (1945, 'Gaddibandalu', 10);
INSERT INTO village (id, name, panchayat_id) VALUES (1946, 'Gadivalasa', 10);
INSERT INTO village (id, name, panchayat_id) VALUES (1947, 'Galipadu', 10);
INSERT INTO village (id, name, panchayat_id) VALUES (1948, 'Ganjigedda', 10);
INSERT INTO village (id, name, panchayat_id) VALUES (1949, 'Gathapanuku', 10);
INSERT INTO village (id, name, panchayat_id) VALUES (1950, 'Goddalipadu', 10);
INSERT INTO village (id, name, panchayat_id) VALUES (1951, 'Godugula', 10);
INSERT INTO village (id, name, panchayat_id) VALUES (1952, 'Gondeli', 10);
INSERT INTO village (id, name, panchayat_id) VALUES (1953, 'Gonduru', 10);
INSERT INTO village (id, name, panchayat_id) VALUES (1954, 'Goonagummi', 10);
INSERT INTO village (id, name, panchayat_id) VALUES (1955, 'Gudivada (Ct)', 10);
INSERT INTO village (id, name, panchayat_id) VALUES (1956, 'Gulimiddhachatru', 10);
INSERT INTO village (id, name, panchayat_id) VALUES (1957, 'Gulli', 10);
INSERT INTO village (id, name, panchayat_id) VALUES (1958, 'Gullipalle', 10);
INSERT INTO village (id, name, panchayat_id) VALUES (1959, 'Gunjigedda', 10);
INSERT INTO village (id, name, panchayat_id) VALUES (1960, 'Gurragaruvu', 10);
INSERT INTO village (id, name, panchayat_id) VALUES (1961, 'Gurrampanuku', 10);
INSERT INTO village (id, name, panchayat_id) VALUES (1962, 'Gurupalle', 10);
INSERT INTO village (id, name, panchayat_id) VALUES (1963, 'Guttulaputtu', 10);
INSERT INTO village (id, name, panchayat_id) VALUES (1964, 'Hanumanthapuram', 10);
INSERT INTO village (id, name, panchayat_id) VALUES (1965, 'Iradapalle', 10);
INSERT INTO village (id, name, panchayat_id) VALUES (1966, 'Isakagaruvu', 10);
INSERT INTO village (id, name, panchayat_id) VALUES (1967, 'Iskali', 10);
INSERT INTO village (id, name, panchayat_id) VALUES (1968, 'Jallipalle', 10);
INSERT INTO village (id, name, panchayat_id) VALUES (1969, 'Jangadapalle', 10);
INSERT INTO village (id, name, panchayat_id) VALUES (1970, 'Jarragaruvu', 10);
INSERT INTO village (id, name, panchayat_id) VALUES (1971, 'Jeedipagada', 10);
INSERT INTO village (id, name, panchayat_id) VALUES (1972, 'Jeelugupadu', 10);
INSERT INTO village (id, name, panchayat_id) VALUES (1973, 'Jodimamidi', 10);
INSERT INTO village (id, name, panchayat_id) VALUES (1974, 'Joduru', 10);
INSERT INTO village (id, name, panchayat_id) VALUES (1975, 'Kadeli', 10);
INSERT INTO village (id, name, panchayat_id) VALUES (1976, 'Kakki', 10);
INSERT INTO village (id, name, panchayat_id) VALUES (1977, 'Kallalabayalu', 10);
INSERT INTO village (id, name, panchayat_id) VALUES (1978, 'Kandrangipadu', 10);
INSERT INTO village (id, name, panchayat_id) VALUES (1979, 'Kandulapalem', 10);
INSERT INTO village (id, name, panchayat_id) VALUES (1980, 'Kangedda', 10);
INSERT INTO village (id, name, panchayat_id) VALUES (1981, 'Kappalagondi', 10);
INSERT INTO village (id, name, panchayat_id) VALUES (1982, 'Kapparamajji', 10);
INSERT INTO village (id, name, panchayat_id) VALUES (1983, 'Karakaputtu', 10);
INSERT INTO village (id, name, panchayat_id) VALUES (1984, 'Karibanda', 10);
INSERT INTO village (id, name, panchayat_id) VALUES (1985, 'Karya Bandu', 10);
INSERT INTO village (id, name, panchayat_id) VALUES (1986, 'Kavirai', 10);
INSERT INTO village (id, name, panchayat_id) VALUES (1987, 'Kinchuru', 10);
INSERT INTO village (id, name, panchayat_id) VALUES (1988, 'Kindangi', 10);
INSERT INTO village (id, name, panchayat_id) VALUES (1989, 'Kodulolangipadu', 10);
INSERT INTO village (id, name, panchayat_id) VALUES (1990, 'Kollambo', 10);
INSERT INTO village (id, name, panchayat_id) VALUES (1991, 'Kondajeelugu', 10);
INSERT INTO village (id, name, panchayat_id) VALUES (1992, 'Kondamamidi', 10);
INSERT INTO village (id, name, panchayat_id) VALUES (1993, 'Kothabu', 10);
INSERT INTO village (id, name, panchayat_id) VALUES (1994, 'Kothapalle', 10);
INSERT INTO village (id, name, panchayat_id) VALUES (1995, 'Kothapolam', 10);
INSERT INTO village (id, name, panchayat_id) VALUES (1996, 'Kothavalasa', 10);
INSERT INTO village (id, name, panchayat_id) VALUES (1997, 'Kotha Valasapadu', 10);
INSERT INTO village (id, name, panchayat_id) VALUES (1998, 'Kothavooru', 10);
INSERT INTO village (id, name, panchayat_id) VALUES (1999, 'Kothuru', 10);
INSERT INTO village (id, name, panchayat_id) VALUES (2000, 'Kujjali', 10);
INSERT INTO village (id, name, panchayat_id) VALUES (2001, 'Kummaripalem', 10);
INSERT INTO village (id, name, panchayat_id) VALUES (2002, 'Kummariputtu', 10);
INSERT INTO village (id, name, panchayat_id) VALUES (2003, 'Kummarithumu', 10);
INSERT INTO village (id, name, panchayat_id) VALUES (2004, 'Kusarlapalem', 10);
INSERT INTO village (id, name, panchayat_id) VALUES (2005, 'Ladaputtu', 10);
INSERT INTO village (id, name, panchayat_id) VALUES (2006, 'Lagisapalle', 10);
INSERT INTO village (id, name, panchayat_id) VALUES (2007, 'Lampeli', 10);
INSERT INTO village (id, name, panchayat_id) VALUES (2008, 'Lingaputtu', 10);
INSERT INTO village (id, name, panchayat_id) VALUES (2009, 'Lolangipadu', 10);
INSERT INTO village (id, name, panchayat_id) VALUES (2010, 'Madigabanda', 10);
INSERT INTO village (id, name, panchayat_id) VALUES (2011, 'Malakapolam', 10);
INSERT INTO village (id, name, panchayat_id) VALUES (2012, 'Malapadu', 10);
INSERT INTO village (id, name, panchayat_id) VALUES (2013, 'Mandiputtu', 10);
INSERT INTO village (id, name, panchayat_id) VALUES (2014, 'Minumuluru', 10);
INSERT INTO village (id, name, panchayat_id) VALUES (2015, 'Mittalapadu', 10);
INSERT INTO village (id, name, panchayat_id) VALUES (2016, 'Modapalle', 10);
INSERT INTO village (id, name, panchayat_id) VALUES (2017, 'Mulagalapalem', 10);
INSERT INTO village (id, name, panchayat_id) VALUES (2018, 'Munchingi Puttu', 10);
INSERT INTO village (id, name, panchayat_id) VALUES (2019, 'Nandigaruvu', 10);
INSERT INTO village (id, name, panchayat_id) VALUES (2020, 'Nereduvalasa', 10);
INSERT INTO village (id, name, panchayat_id) VALUES (2021, 'Obarthi', 10);
INSERT INTO village (id, name, panchayat_id) VALUES (2022, 'Ontipaka', 10);
INSERT INTO village (id, name, panchayat_id) VALUES (2023, 'Ontiveedhulu', 10);
INSERT INTO village (id, name, panchayat_id) VALUES (2024, 'Onuru', 10);
INSERT INTO village (id, name, panchayat_id) VALUES (2025, 'Palamanichilaka', 10);
INSERT INTO village (id, name, panchayat_id) VALUES (2026, 'Pamurelli', 10);
INSERT INTO village (id, name, panchayat_id) VALUES (2027, 'Panasapalle', 10);
INSERT INTO village (id, name, panchayat_id) VALUES (2028, 'Panasaputtu', 10);
INSERT INTO village (id, name, panchayat_id) VALUES (2029, 'Pandigunta', 10);
INSERT INTO village (id, name, panchayat_id) VALUES (2030, 'Pathapaderu', 10);
INSERT INTO village (id, name, panchayat_id) VALUES (2031, 'Pedapolam', 10);
INSERT INTO village (id, name, panchayat_id) VALUES (2032, 'Pidugumamidi', 10);
INSERT INTO village (id, name, panchayat_id) VALUES (2033, 'Piduguputtu', 10);
INSERT INTO village (id, name, panchayat_id) VALUES (2034, 'Pilliputtu', 10);
INSERT INTO village (id, name, panchayat_id) VALUES (2035, 'Poolabanda', 10);
INSERT INTO village (id, name, panchayat_id) VALUES (2036, 'Pothampalem', 10);
INSERT INTO village (id, name, panchayat_id) VALUES (2037, 'Pothurajumetta', 10);
INSERT INTO village (id, name, panchayat_id) VALUES (2038, 'Pulusumamidi', 10);
INSERT INTO village (id, name, panchayat_id) VALUES (2039, 'Putikagaruvu', 10);
INSERT INTO village (id, name, panchayat_id) VALUES (2040, 'Puttarajupadu', 10);
INSERT INTO village (id, name, panchayat_id) VALUES (2041, 'Raigedda', 10);
INSERT INTO village (id, name, panchayat_id) VALUES (2042, 'Raipalem', 10);
INSERT INTO village (id, name, panchayat_id) VALUES (2043, 'Rakota', 10);
INSERT INTO village (id, name, panchayat_id) VALUES (2044, 'Ranambadi', 10);
INSERT INTO village (id, name, panchayat_id) VALUES (2045, 'Rangasingipadu', 10);
INSERT INTO village (id, name, panchayat_id) VALUES (2046, 'Rellabanda', 10);
INSERT INTO village (id, name, panchayat_id) VALUES (2047, 'Sakiputtu', 10);
INSERT INTO village (id, name, panchayat_id) VALUES (2048, 'Saldigedda', 10);
INSERT INTO village (id, name, panchayat_id) VALUES (2049, 'Salugu', 10);
INSERT INTO village (id, name, panchayat_id) VALUES (2050, 'Sangodi', 10);
INSERT INTO village (id, name, panchayat_id) VALUES (2051, 'Santhaganduva', 10);
INSERT INTO village (id, name, panchayat_id) VALUES (2052, 'Sappiputtu', 10);
INSERT INTO village (id, name, panchayat_id) VALUES (2053, 'Sariapalle', 10);
INSERT INTO village (id, name, panchayat_id) VALUES (2054, 'Seekaipadu', 10);
INSERT INTO village (id, name, panchayat_id) VALUES (2055, 'Seekupanasa', 10);
INSERT INTO village (id, name, panchayat_id) VALUES (2056, 'Seribayalu', 10);
INSERT INTO village (id, name, panchayat_id) VALUES (2057, 'Sindugula', 10);
INSERT INTO village (id, name, panchayat_id) VALUES (2058, 'Solamulu', 10);
INSERT INTO village (id, name, panchayat_id) VALUES (2059, 'Sukuruputtu', 10);
INSERT INTO village (id, name, panchayat_id) VALUES (2060, 'Sundruputtu', 10);
INSERT INTO village (id, name, panchayat_id) VALUES (2061, 'Tagavulamamidi Garuvu', 10);
INSERT INTO village (id, name, panchayat_id) VALUES (2062, 'Talarisingi', 10);
INSERT INTO village (id, name, panchayat_id) VALUES (2063, 'Tamarapalle', 10);
INSERT INTO village (id, name, panchayat_id) VALUES (2064, 'Taragam', 10);
INSERT INTO village (id, name, panchayat_id) VALUES (2065, 'Thotagunnalu', 10);
INSERT INTO village (id, name, panchayat_id) VALUES (2066, 'Thotalagondi', 10);
INSERT INTO village (id, name, panchayat_id) VALUES (2067, 'Thumpada', 10);
INSERT INTO village (id, name, panchayat_id) VALUES (2068, 'Tiyyagedda', 10);
INSERT INTO village (id, name, panchayat_id) VALUES (2069, 'Tummalapalem', 10);
INSERT INTO village (id, name, panchayat_id) VALUES (2070, 'Turumamidi', 10);
INSERT INTO village (id, name, panchayat_id) VALUES (2071, 'Ubbediputtu', 10);
INSERT INTO village (id, name, panchayat_id) VALUES (2072, 'Valasamamidi', 10);
INSERT INTO village (id, name, panchayat_id) VALUES (2073, 'Vallai', 10);
INSERT INTO village (id, name, panchayat_id) VALUES (2074, 'Vallapuram', 10);
INSERT INTO village (id, name, panchayat_id) VALUES (2075, 'Vanagarai', 10);
INSERT INTO village (id, name, panchayat_id) VALUES (2076, 'Vanchadagondi', 10);
INSERT INTO village (id, name, panchayat_id) VALUES (2077, 'Vanjangi', 10);
INSERT INTO village (id, name, panchayat_id) VALUES (2078, 'Vanjaparthi', 10);
INSERT INTO village (id, name, panchayat_id) VALUES (2079, 'Vanji Bathi', 10);
INSERT INTO village (id, name, panchayat_id) VALUES (2080, 'Vankachinta', 10);
INSERT INTO village (id, name, panchayat_id) VALUES (2081, 'Vanthadapalle', 10);
INSERT INTO village (id, name, panchayat_id) VALUES (2082, 'Vanthalagummi', 10);
INSERT INTO village (id, name, panchayat_id) VALUES (2083, 'Vanthalamamidi', 10);
INSERT INTO village (id, name, panchayat_id) VALUES (2084, 'Vanthalamamidi @ Gadilametta', 10);
INSERT INTO village (id, name, panchayat_id) VALUES (2085, 'Vantipaka', 10);
INSERT INTO village (id, name, panchayat_id) VALUES (2086, 'Vanugupalle', 10);
INSERT INTO village (id, name, panchayat_id) VALUES (2087, 'Varthanapalle', 10);
INSERT INTO village (id, name, panchayat_id) VALUES (2088, 'Varukaru', 10);
INSERT INTO village (id, name, panchayat_id) VALUES (2089, 'Vurugonda', 10);
INSERT INTO village (id, name, panchayat_id) VALUES (2090, 'Yegumodaputtu', 10);
INSERT INTO mandal (id, name, constituency_id) VALUES (11, 'Peda Bayalu', 1);
INSERT INTO panchayat (id, name, mandal_id) VALUES (11, 'Default Panchayat Peda Bayalu', 11);
INSERT INTO village (id, name, panchayat_id) VALUES (2091, 'Adugulaputtu', 11);
INSERT INTO village (id, name, panchayat_id) VALUES (2092, 'Agaruveedhi', 11);
INSERT INTO village (id, name, panchayat_id) VALUES (2093, 'A.Kummariputtu', 11);
INSERT INTO village (id, name, panchayat_id) VALUES (2094, 'Alamagundam', 11);
INSERT INTO village (id, name, panchayat_id) VALUES (2095, 'Allamputtu', 11);
INSERT INTO village (id, name, panchayat_id) VALUES (2096, 'Allangiputtu', 11);
INSERT INTO village (id, name, panchayat_id) VALUES (2097, 'Ambapada', 11);
INSERT INTO village (id, name, panchayat_id) VALUES (2098, 'Ambeerupadu', 11);
INSERT INTO village (id, name, panchayat_id) VALUES (2099, 'Amedelu', 11);
INSERT INTO village (id, name, panchayat_id) VALUES (2100, 'Andravara', 11);
INSERT INTO village (id, name, panchayat_id) VALUES (2101, 'Aradagudem', 11);
INSERT INTO village (id, name, panchayat_id) VALUES (2102, 'Arada Kota', 11);
INSERT INTO village (id, name, panchayat_id) VALUES (2103, 'Arimera', 11);
INSERT INTO village (id, name, panchayat_id) VALUES (2104, 'Arlabu', 11);
INSERT INTO village (id, name, panchayat_id) VALUES (2105, 'Badama', 11);
INSERT INTO village (id, name, panchayat_id) VALUES (2106, 'Badambeeru', 11);
INSERT INTO village (id, name, panchayat_id) VALUES (2107, 'Baithinilanka', 11);
INSERT INTO village (id, name, panchayat_id) VALUES (2108, 'Ballapurai', 11);
INSERT INTO village (id, name, panchayat_id) VALUES (2109, 'Bandamamidi', 11);
INSERT INTO village (id, name, panchayat_id) VALUES (2110, 'Bangarumamidi', 11);
INSERT INTO village (id, name, panchayat_id) VALUES (2111, 'Bangarumetta', 11);
INSERT INTO village (id, name, panchayat_id) VALUES (2112, 'Bangaruputtu', 11);
INSERT INTO village (id, name, panchayat_id) VALUES (2113, 'Barrangibanda', 11);
INSERT INTO village (id, name, panchayat_id) VALUES (2114, 'Basula', 11);
INSERT INTO village (id, name, panchayat_id) VALUES (2115, 'Boddagondi', 11);
INSERT INTO village (id, name, panchayat_id) VALUES (2116, 'Boddangipadu', 11);
INSERT INTO village (id, name, panchayat_id) VALUES (2117, 'Boddaputtu', 11);
INSERT INTO village (id, name, panchayat_id) VALUES (2118, 'Bondaputtu', 11);
INSERT INTO village (id, name, panchayat_id) VALUES (2119, 'Bongadari', 11);
INSERT INTO village (id, name, panchayat_id) VALUES (2120, 'Bongaram', 11);
INSERT INTO village (id, name, panchayat_id) VALUES (2121, 'Bongithali', 11);
INSERT INTO village (id, name, panchayat_id) VALUES (2122, 'Bongujangi', 11);
INSERT INTO village (id, name, panchayat_id) VALUES (2123, 'Borlada @ Badama', 11);
INSERT INTO village (id, name, panchayat_id) VALUES (2124, 'Borramamidi', 11);
INSERT INTO village (id, name, panchayat_id) VALUES (2125, 'Borraneredu', 11);
INSERT INTO village (id, name, panchayat_id) VALUES (2126, 'Buradagunta', 11);
INSERT INTO village (id, name, panchayat_id) VALUES (2127, 'Buradamamidi', 11);
INSERT INTO village (id, name, panchayat_id) VALUES (2128, 'Buruguputtu', 11);
INSERT INTO village (id, name, panchayat_id) VALUES (2129, 'Buruguveedhi', 11);
INSERT INTO village (id, name, panchayat_id) VALUES (2130, 'Burugu Veedhi', 11);
INSERT INTO village (id, name, panchayat_id) VALUES (2131, 'Busiputtu', 11);
INSERT INTO village (id, name, panchayat_id) VALUES (2132, 'Chamagedda', 11);
INSERT INTO village (id, name, panchayat_id) VALUES (2133, 'Chandiputtu', 11);
INSERT INTO village (id, name, panchayat_id) VALUES (2134, 'Cheediputtu', 11);
INSERT INTO village (id, name, panchayat_id) VALUES (2135, 'Cheekupanasa', 11);
INSERT INTO village (id, name, panchayat_id) VALUES (2136, 'Cheepurugondi', 11);
INSERT INTO village (id, name, panchayat_id) VALUES (2137, 'Chilakalaputtu', 11);
INSERT INTO village (id, name, panchayat_id) VALUES (2138, 'Chinagullelu', 11);
INSERT INTO village (id, name, panchayat_id) VALUES (2139, 'China Mukhi Puttu', 11);
INSERT INTO village (id, name, panchayat_id) VALUES (2140, 'Chinavancharangi', 11);
INSERT INTO village (id, name, panchayat_id) VALUES (2141, 'Chintagaruvu', 11);
INSERT INTO village (id, name, panchayat_id) VALUES (2142, 'Chintalapadu', 11);
INSERT INTO village (id, name, panchayat_id) VALUES (2143, 'Chitraiputtu', 11);
INSERT INTO village (id, name, panchayat_id) VALUES (2144, 'Chitrakayaputtu', 11);
INSERT INTO village (id, name, panchayat_id) VALUES (2145, 'Chittamrai', 11);
INSERT INTO village (id, name, panchayat_id) VALUES (2146, 'Chuttumetta', 11);
INSERT INTO village (id, name, panchayat_id) VALUES (2147, 'Dabbaputtu', 11);
INSERT INTO village (id, name, panchayat_id) VALUES (2148, 'Deguvabondapalle', 11);
INSERT INTO village (id, name, panchayat_id) VALUES (2149, 'Devarajumerakalu', 11);
INSERT INTO village (id, name, panchayat_id) VALUES (2150, 'Dondaraiputtu', 11);
INSERT INTO village (id, name, panchayat_id) VALUES (2151, 'Dosalabanda', 11);
INSERT INTO village (id, name, panchayat_id) VALUES (2152, 'Duddupalle', 11);
INSERT INTO village (id, name, panchayat_id) VALUES (2153, 'Gabuduputtu', 11);
INSERT INTO village (id, name, panchayat_id) VALUES (2154, 'Gaburumamidi', 11);
INSERT INTO village (id, name, panchayat_id) VALUES (2155, 'Gadepalle', 11);
INSERT INTO village (id, name, panchayat_id) VALUES (2156, 'Gadugupalle', 11);
INSERT INTO village (id, name, panchayat_id) VALUES (2157, 'Gadulaputtu', 11);
INSERT INTO village (id, name, panchayat_id) VALUES (2158, 'Gajjangiveedhi', 11);
INSERT INTO village (id, name, panchayat_id) VALUES (2159, 'Gajjedi', 11);
INSERT INTO village (id, name, panchayat_id) VALUES (2160, 'Galagonda', 11);
INSERT INTO village (id, name, panchayat_id) VALUES (2161, 'Gallelu', 11);
INSERT INTO village (id, name, panchayat_id) VALUES (2162, 'Gamparai', 11);
INSERT INTO village (id, name, panchayat_id) VALUES (2163, 'Gandalam', 11);
INSERT INTO village (id, name, panchayat_id) VALUES (2164, 'Gasabu', 11);
INSERT INTO village (id, name, panchayat_id) VALUES (2165, 'Gindali', 11);
INSERT INTO village (id, name, panchayat_id) VALUES (2166, 'Ginnegaruvu', 11);
INSERT INTO village (id, name, panchayat_id) VALUES (2167, 'Ginnelakota', 11);
INSERT INTO village (id, name, panchayat_id) VALUES (2168, 'Gocheri', 11);
INSERT INTO village (id, name, panchayat_id) VALUES (2169, 'Goddiputtu', 11);
INSERT INTO village (id, name, panchayat_id) VALUES (2170, 'Gomangi', 11);
INSERT INTO village (id, name, panchayat_id) VALUES (2171, 'Gondikodaputtu', 11);
INSERT INTO village (id, name, panchayat_id) VALUES (2172, 'Gorcheri', 11);
INSERT INTO village (id, name, panchayat_id) VALUES (2173, 'Gulleluputtu', 11);
INSERT INTO village (id, name, panchayat_id) VALUES (2174, 'Gunjuvada', 11);
INSERT INTO village (id, name, panchayat_id) VALUES (2175, 'Gurralabailu', 11);
INSERT INTO village (id, name, panchayat_id) VALUES (2176, 'Injari', 11);
INSERT INTO village (id, name, panchayat_id) VALUES (2177, 'Inupatigalu', 11);
INSERT INTO village (id, name, panchayat_id) VALUES (2178, 'Jadiguda', 11);
INSERT INTO village (id, name, panchayat_id) VALUES (2179, 'Jakkum', 11);
INSERT INTO village (id, name, panchayat_id) VALUES (2180, 'Jalampalle', 11);
INSERT INTO village (id, name, panchayat_id) VALUES (2181, 'Jamadalu', 11);
INSERT INTO village (id, name, panchayat_id) VALUES (2182, 'Jamiguda', 11);
INSERT INTO village (id, name, panchayat_id) VALUES (2183, 'Jangamputtu', 11);
INSERT INTO village (id, name, panchayat_id) VALUES (2184, 'Jarsingi', 11);
INSERT INTO village (id, name, panchayat_id) VALUES (2185, 'Jarupulapedabayalu', 11);
INSERT INTO village (id, name, panchayat_id) VALUES (2186, 'Jayantikota', 11);
INSERT INTO village (id, name, panchayat_id) VALUES (2187, 'Jeeluguluputtu', 11);
INSERT INTO village (id, name, panchayat_id) VALUES (2188, 'Kagula', 11);
INSERT INTO village (id, name, panchayat_id) VALUES (2189, 'Kaguvalasa', 11);
INSERT INTO village (id, name, panchayat_id) VALUES (2190, 'Kallabu', 11);
INSERT INTO village (id, name, panchayat_id) VALUES (2191, 'Kambalabayalu', 11);
INSERT INTO village (id, name, panchayat_id) VALUES (2192, 'Kandulagunta', 11);
INSERT INTO village (id, name, panchayat_id) VALUES (2193, 'Kangulu', 11);
INSERT INTO village (id, name, panchayat_id) VALUES (2194, 'Kappada', 11);
INSERT INTO village (id, name, panchayat_id) VALUES (2195, 'Karjuraguda', 11);
INSERT INTO village (id, name, panchayat_id) VALUES (2196, 'Karugonda', 11);
INSERT INTO village (id, name, panchayat_id) VALUES (2197, 'Kavurupalle', 11);
INSERT INTO village (id, name, panchayat_id) VALUES (2198, 'Kenduguda', 11);
INSERT INTO village (id, name, panchayat_id) VALUES (2199, 'Kilumulu', 11);
INSERT INTO village (id, name, panchayat_id) VALUES (2200, 'Kimudupalle', 11);
INSERT INTO village (id, name, panchayat_id) VALUES (2201, 'Kinchuru', 11);
INSERT INTO village (id, name, panchayat_id) VALUES (2202, 'Kindalam', 11);
INSERT INTO village (id, name, panchayat_id) VALUES (2203, 'Kintharelu', 11);
INSERT INTO village (id, name, panchayat_id) VALUES (2204, 'Kittukonda', 11);
INSERT INTO village (id, name, panchayat_id) VALUES (2205, 'Kodaputtu', 11);
INSERT INTO village (id, name, panchayat_id) VALUES (2206, 'Koduvalasa', 11);
INSERT INTO village (id, name, panchayat_id) VALUES (2207, 'Konaputtu', 11);
INSERT INTO village (id, name, panchayat_id) VALUES (2208, 'Kondemulu', 11);
INSERT INTO village (id, name, panchayat_id) VALUES (2209, 'Kondru', 11);
INSERT INTO village (id, name, panchayat_id) VALUES (2210, 'Kothuru', 11);
INSERT INTO village (id, name, panchayat_id) VALUES (2211, 'Kotipalle', 11);
INSERT INTO village (id, name, panchayat_id) VALUES (2212, 'Krishnapuram', 11);
INSERT INTO village (id, name, panchayat_id) VALUES (2213, 'Kudasingi', 11);
INSERT INTO village (id, name, panchayat_id) VALUES (2214, 'Kulluba', 11);
INSERT INTO village (id, name, panchayat_id) VALUES (2215, 'Kummarigunta', 11);
INSERT INTO village (id, name, panchayat_id) VALUES (2216, 'Kummariveedhi', 11);
INSERT INTO village (id, name, panchayat_id) VALUES (2217, 'Kuncharai', 11);
INSERT INTO village (id, name, panchayat_id) VALUES (2218, 'Kunthurla', 11);
INSERT INTO village (id, name, panchayat_id) VALUES (2219, 'Kunthuruputtu', 11);
INSERT INTO village (id, name, panchayat_id) VALUES (2220, 'Kuntumamidi', 11);
INSERT INTO village (id, name, panchayat_id) VALUES (2221, 'Kurajangi', 11);
INSERT INTO village (id, name, panchayat_id) VALUES (2222, 'Kurtada', 11);
INSERT INTO village (id, name, panchayat_id) VALUES (2223, 'Kuthamputtu', 11);
INSERT INTO village (id, name, panchayat_id) VALUES (2224, 'Kuyyaba', 11);
INSERT INTO village (id, name, panchayat_id) VALUES (2225, 'Labjari', 11);
INSERT INTO village (id, name, panchayat_id) VALUES (2226, 'Lagabusi', 11);
INSERT INTO village (id, name, panchayat_id) VALUES (2227, 'Lagasariputtu', 11);
INSERT INTO village (id, name, panchayat_id) VALUES (2228, 'Lakyaputtu', 11);
INSERT INTO village (id, name, panchayat_id) VALUES (2229, 'Lakyuputtu', 11);
INSERT INTO village (id, name, panchayat_id) VALUES (2230, 'Landulu', 11);
INSERT INTO village (id, name, panchayat_id) VALUES (2231, 'Laxmipeta', 11);
INSERT INTO village (id, name, panchayat_id) VALUES (2232, 'Laxmipuram', 11);
INSERT INTO village (id, name, panchayat_id) VALUES (2233, 'Lichabu', 11);
INSERT INTO village (id, name, panchayat_id) VALUES (2234, 'Limmagaruvu', 11);
INSERT INTO village (id, name, panchayat_id) VALUES (2235, 'Limmagunta', 11);
INSERT INTO village (id, name, panchayat_id) VALUES (2236, 'Lingeruputtu', 11);
INSERT INTO village (id, name, panchayat_id) VALUES (2237, 'Lingeti', 11);
INSERT INTO village (id, name, panchayat_id) VALUES (2238, 'Luvvapalle', 11);
INSERT INTO village (id, name, panchayat_id) VALUES (2239, 'Luvvasingi', 11);
INSERT INTO village (id, name, panchayat_id) VALUES (2240, 'Maggamveedhi', 11);
INSERT INTO village (id, name, panchayat_id) VALUES (2241, 'Malakariputtu', 11);
INSERT INTO village (id, name, panchayat_id) VALUES (2242, 'Malaseethakota', 11);
INSERT INTO village (id, name, panchayat_id) VALUES (2243, 'Malliputtu', 11);
INSERT INTO village (id, name, panchayat_id) VALUES (2244, 'Mandiba', 11);
INSERT INTO village (id, name, panchayat_id) VALUES (2245, 'Mangabanda', 11);
INSERT INTO village (id, name, panchayat_id) VALUES (2246, 'Maredupalle', 11);
INSERT INTO village (id, name, panchayat_id) VALUES (2247, 'Marridatu', 11);
INSERT INTO village (id, name, panchayat_id) VALUES (2248, 'Marriputtu', 11);
INSERT INTO village (id, name, panchayat_id) VALUES (2249, 'Matchepalle', 11);
INSERT INTO village (id, name, panchayat_id) VALUES (2250, 'Merakachinta', 11);
INSERT INTO village (id, name, panchayat_id) VALUES (2251, 'Mettaguda', 11);
INSERT INTO village (id, name, panchayat_id) VALUES (2252, 'Mettalagummi', 11);
INSERT INTO village (id, name, panchayat_id) VALUES (2253, 'Mondikota', 11);
INSERT INTO village (id, name, panchayat_id) VALUES (2254, 'Moyyalagummi', 11);
INSERT INTO village (id, name, panchayat_id) VALUES (2255, 'Mulagaruvu', 11);
INSERT INTO village (id, name, panchayat_id) VALUES (2256, 'Mulakoravangi @ Chinakoravangi', 11);
INSERT INTO village (id, name, panchayat_id) VALUES (2257, 'Mulalova', 11);
INSERT INTO village (id, name, panchayat_id) VALUES (2258, 'Murajaribanda', 11);
INSERT INTO village (id, name, panchayat_id) VALUES (2259, 'Musidiputtu', 11);
INSERT INTO village (id, name, panchayat_id) VALUES (2260, 'Nadimivada', 11);
INSERT INTO village (id, name, panchayat_id) VALUES (2261, 'Nandimetta', 11);
INSERT INTO village (id, name, panchayat_id) VALUES (2262, 'Nanubaru', 11);
INSERT INTO village (id, name, panchayat_id) VALUES (2263, 'Nittaputtu', 11);
INSERT INTO village (id, name, panchayat_id) VALUES (2264, 'Palavalasa', 11);
INSERT INTO village (id, name, panchayat_id) VALUES (2265, 'Pandigunta', 11);
INSERT INTO village (id, name, panchayat_id) VALUES (2266, 'Panneda', 11);
INSERT INTO village (id, name, panchayat_id) VALUES (2267, 'Parreda', 11);
INSERT INTO village (id, name, panchayat_id) VALUES (2268, 'Pathruda', 11);
INSERT INTO village (id, name, panchayat_id) VALUES (2269, 'Pedabayalu', 11);
INSERT INTO village (id, name, panchayat_id) VALUES (2270, 'Pedagondi', 11);
INSERT INTO village (id, name, panchayat_id) VALUES (2271, 'Pedagullelu', 11);
INSERT INTO village (id, name, panchayat_id) VALUES (2272, 'Pedakonda', 11);
INSERT INTO village (id, name, panchayat_id) VALUES (2273, 'Pedakondapalle', 11);
INSERT INTO village (id, name, panchayat_id) VALUES (2274, 'Peda Koravangi', 11);
INSERT INTO village (id, name, panchayat_id) VALUES (2275, 'Pedalova', 11);
INSERT INTO village (id, name, panchayat_id) VALUES (2276, 'Pedapadu', 11);
INSERT INTO village (id, name, panchayat_id) VALUES (2277, 'Pedapalle', 11);
INSERT INTO village (id, name, panchayat_id) VALUES (2278, 'Pedasariyapalle', 11);
INSERT INTO village (id, name, panchayat_id) VALUES (2279, 'Peda Vancharangi', 11);
INSERT INTO village (id, name, panchayat_id) VALUES (2280, 'Peddaputtu', 11);
INSERT INTO village (id, name, panchayat_id) VALUES (2281, 'Peparuvalasa @ Kumborla', 11);
INSERT INTO village (id, name, panchayat_id) VALUES (2282, 'Pilliputtu', 11);
INSERT INTO village (id, name, panchayat_id) VALUES (2283, 'Pinaravalli', 11);
INSERT INTO village (id, name, panchayat_id) VALUES (2284, 'Pittalaborra', 11);
INSERT INTO village (id, name, panchayat_id) VALUES (2285, 'Poipalle', 11);
INSERT INTO village (id, name, panchayat_id) VALUES (2286, 'Poi Palle', 11);
INSERT INTO village (id, name, panchayat_id) VALUES (2287, 'Pothulagaruvu', 11);
INSERT INTO village (id, name, panchayat_id) VALUES (2288, 'Puligondi', 11);
INSERT INTO village (id, name, panchayat_id) VALUES (2289, 'Pulusumamidi', 11);
INSERT INTO village (id, name, panchayat_id) VALUES (2290, 'Puruguduputtu @ Vanuguputtu', 11);
INSERT INTO village (id, name, panchayat_id) VALUES (2291, 'Puttakota', 11);
INSERT INTO village (id, name, panchayat_id) VALUES (2292, 'Puturu', 11);
INSERT INTO village (id, name, panchayat_id) VALUES (2293, 'Rai Mamidi', 11);
INSERT INTO village (id, name, panchayat_id) VALUES (2294, 'Rallagongu', 11);
INSERT INTO village (id, name, panchayat_id) VALUES (2295, 'Rangaloya', 11);
INSERT INTO village (id, name, panchayat_id) VALUES (2296, 'Ranjalamamidi', 11);
INSERT INTO village (id, name, panchayat_id) VALUES (2297, 'Rasiguppa', 11);
INSERT INTO village (id, name, panchayat_id) VALUES (2298, 'Rogulu', 11);
INSERT INTO village (id, name, panchayat_id) VALUES (2299, 'Rudagomangi', 11);
INSERT INTO village (id, name, panchayat_id) VALUES (2300, 'Rudakota', 11);
INSERT INTO village (id, name, panchayat_id) VALUES (2301, 'Rundalamputtu', 11);
INSERT INTO village (id, name, panchayat_id) VALUES (2302, 'Sadaru Mamidi', 11);
INSERT INTO village (id, name, panchayat_id) VALUES (2303, 'Sailamkota', 11);
INSERT INTO village (id, name, panchayat_id) VALUES (2304, 'Sakirevu', 11);
INSERT INTO village (id, name, panchayat_id) VALUES (2305, 'Salebulu', 11);
INSERT INTO village (id, name, panchayat_id) VALUES (2306, 'Sampangidatu', 11);
INSERT INTO village (id, name, panchayat_id) VALUES (2307, 'Sampangiputtu', 11);
INSERT INTO village (id, name, panchayat_id) VALUES (2308, 'Sapparlamamidi', 11);
INSERT INTO village (id, name, panchayat_id) VALUES (2309, 'Sarigaguda', 11);
INSERT INTO village (id, name, panchayat_id) VALUES (2310, 'Sariyapalle', 11);
INSERT INTO village (id, name, panchayat_id) VALUES (2311, 'Savidimamidi', 11);
INSERT INTO village (id, name, panchayat_id) VALUES (2312, 'Seekari', 11);
INSERT INTO village (id, name, panchayat_id) VALUES (2313, 'Seekariputtu', 11);
INSERT INTO village (id, name, panchayat_id) VALUES (2314, 'Seemakonda', 11);
INSERT INTO village (id, name, panchayat_id) VALUES (2315, 'Seethagunta', 11);
INSERT INTO village (id, name, panchayat_id) VALUES (2316, 'Sindhiputtu', 11);
INSERT INTO village (id, name, panchayat_id) VALUES (2317, 'Sirasapalle', 11);
INSERT INTO village (id, name, panchayat_id) VALUES (2318, 'Sujjari', 11);
INSERT INTO village (id, name, panchayat_id) VALUES (2319, 'Taggupadu', 11);
INSERT INTO village (id, name, panchayat_id) VALUES (2320, 'Talabirada', 11);
INSERT INTO village (id, name, panchayat_id) VALUES (2321, 'Tallabu', 11);
INSERT INTO village (id, name, panchayat_id) VALUES (2322, 'Tamalabu', 11);
INSERT INTO village (id, name, panchayat_id) VALUES (2323, 'Tamaraveedhi', 11);
INSERT INTO village (id, name, panchayat_id) VALUES (2324, 'Tarabu', 11);
INSERT INTO village (id, name, panchayat_id) VALUES (2325, 'Tarla Singi', 11);
INSERT INTO village (id, name, panchayat_id) VALUES (2326, 'Thadivalasa', 11);
INSERT INTO village (id, name, panchayat_id) VALUES (2327, 'Thamarada', 11);
INSERT INTO village (id, name, panchayat_id) VALUES (2328, 'Thangulaputtu', 11);
INSERT INTO village (id, name, panchayat_id) VALUES (2329, 'Thirangi', 11);
INSERT INTO village (id, name, panchayat_id) VALUES (2330, 'Thogiriputtu @ Gadalaputtu', 11);
INSERT INTO village (id, name, panchayat_id) VALUES (2331, 'Thorangulu', 11);
INSERT INTO village (id, name, panchayat_id) VALUES (2332, 'Thotadaputtu', 11);
INSERT INTO village (id, name, panchayat_id) VALUES (2333, 'Thotalagondi', 11);
INSERT INTO village (id, name, panchayat_id) VALUES (2334, 'Thurakalavalasa', 11);
INSERT INTO village (id, name, panchayat_id) VALUES (2335, 'Tulabharangi', 11);
INSERT INTO village (id, name, panchayat_id) VALUES (2336, 'Tulam', 11);
INSERT INTO village (id, name, panchayat_id) VALUES (2337, 'Ukkurba', 11);
INSERT INTO village (id, name, panchayat_id) VALUES (2338, 'Vaddeputtu', 11);
INSERT INTO village (id, name, panchayat_id) VALUES (2339, 'Vakapalle', 11);
INSERT INTO village (id, name, panchayat_id) VALUES (2340, 'Vallangiputtu', 11);
INSERT INTO village (id, name, panchayat_id) VALUES (2341, 'Valugupalle', 11);
INSERT INTO village (id, name, panchayat_id) VALUES (2342, 'Vanabangi', 11);
INSERT INTO village (id, name, panchayat_id) VALUES (2343, 'Vanabarangi', 11);
INSERT INTO village (id, name, panchayat_id) VALUES (2344, 'Vanakothuru', 11);
INSERT INTO village (id, name, panchayat_id) VALUES (2345, 'Vancharba', 11);
INSERT INTO village (id, name, panchayat_id) VALUES (2346, 'Vanchediputtu', 11);
INSERT INTO village (id, name, panchayat_id) VALUES (2347, 'Vangarai', 11);
INSERT INTO village (id, name, panchayat_id) VALUES (2348, 'Vannadi', 11);
INSERT INTO village (id, name, panchayat_id) VALUES (2349, 'Varidaguda', 11);
INSERT INTO village (id, name, panchayat_id) VALUES (2350, 'Vellapalem', 11);
INSERT INTO village (id, name, panchayat_id) VALUES (2351, 'Vurada', 11);
INSERT INTO village (id, name, panchayat_id) VALUES (2352, 'Vurraguruvu', 11);
INSERT INTO village (id, name, panchayat_id) VALUES (2353, 'Yeguvabondapalle', 11);
INSERT INTO district (id, name, state_id) VALUES (2, 'Anakapalli', 1);
INSERT INTO constituency (id, name, district_id, mla_name, mp_name) VALUES (2, 'Default Constituency Anakapalli', 2, 'Pending MLA', 'Pending MP');
INSERT INTO mandal (id, name, constituency_id) VALUES (12, 'Anakapalli', 2);
INSERT INTO panchayat (id, name, mandal_id) VALUES (12, 'Default Panchayat Anakapalli', 12);
INSERT INTO village (id, name, panchayat_id) VALUES (2354, 'Allikhanudupalem', 12);
INSERT INTO village (id, name, panchayat_id) VALUES (2355, 'Anakapalle North', 12);
INSERT INTO village (id, name, panchayat_id) VALUES (2356, 'Anakapalle South', 12);
INSERT INTO village (id, name, panchayat_id) VALUES (2357, 'Anakapalli South - 2', 12);
INSERT INTO village (id, name, panchayat_id) VALUES (2358, 'Bhatlapudi', 12);
INSERT INTO village (id, name, panchayat_id) VALUES (2359, 'Bowluvada (Ct)', 12);
INSERT INTO village (id, name, panchayat_id) VALUES (2360, 'Chintanippula Agraharam', 12);
INSERT INTO village (id, name, panchayat_id) VALUES (2361, 'Golagam', 12);
INSERT INTO village (id, name, panchayat_id) VALUES (2362, 'Gopalapuram', 12);
INSERT INTO village (id, name, panchayat_id) VALUES (2363, 'Jagannadhapuram', 12);
INSERT INTO village (id, name, panchayat_id) VALUES (2364, 'Koduru', 12);
INSERT INTO village (id, name, panchayat_id) VALUES (2365, 'Kondupalem', 12);
INSERT INTO village (id, name, panchayat_id) VALUES (2366, 'Koppaka', 12);
INSERT INTO village (id, name, panchayat_id) VALUES (2367, 'Kunchangi', 12);
INSERT INTO village (id, name, panchayat_id) VALUES (2368, 'Kundram', 12);
INSERT INTO village (id, name, panchayat_id) VALUES (2369, 'Makavaram', 12);
INSERT INTO village (id, name, panchayat_id) VALUES (2370, 'Mamidipalem', 12);
INSERT INTO village (id, name, panchayat_id) VALUES (2371, 'Maredupudi', 12);
INSERT INTO village (id, name, panchayat_id) VALUES (2372, 'Maredupudi Agraharam', 12);
INSERT INTO village (id, name, panchayat_id) VALUES (2373, 'Marturu', 12);
INSERT INTO village (id, name, panchayat_id) VALUES (2374, 'Mettapalem', 12);
INSERT INTO village (id, name, panchayat_id) VALUES (2375, 'Papayya Palem', 12);
INSERT INTO village (id, name, panchayat_id) VALUES (2376, 'Papayya Santha Palem', 12);
INSERT INTO village (id, name, panchayat_id) VALUES (2377, 'Pisinikada', 12);
INSERT INTO village (id, name, panchayat_id) VALUES (2378, 'Rajupalem', 12);
INSERT INTO village (id, name, panchayat_id) VALUES (2379, 'Rebaka', 12);
INSERT INTO village (id, name, panchayat_id) VALUES (2380, 'Sampathipuram', 12);
INSERT INTO village (id, name, panchayat_id) VALUES (2381, 'Sankaram', 12);
INSERT INTO village (id, name, panchayat_id) VALUES (2382, 'Seethanagaram', 12);
INSERT INTO village (id, name, panchayat_id) VALUES (2383, 'Tagarampudi', 12);
INSERT INTO village (id, name, panchayat_id) VALUES (2384, 'Thummapala', 12);
INSERT INTO village (id, name, panchayat_id) VALUES (2385, 'Valluru', 12);
INSERT INTO village (id, name, panchayat_id) VALUES (2386, 'Venkupalem', 12);
INSERT INTO village (id, name, panchayat_id) VALUES (2387, 'Vetajangalapalem', 12);
INSERT INTO village (id, name, panchayat_id) VALUES (2388, 'Vooderu', 12);
INSERT INTO mandal (id, name, constituency_id) VALUES (13, 'Atchuthapuram', 2);
INSERT INTO panchayat (id, name, mandal_id) VALUES (13, 'Default Panchayat Atchuthapuram', 13);
INSERT INTO village (id, name, panchayat_id) VALUES (2389, 'Andalapalle', 13);
INSERT INTO village (id, name, panchayat_id) VALUES (2390, 'Bhogapuram', 13);
INSERT INTO village (id, name, panchayat_id) VALUES (2391, 'Cheemalapalle', 13);
INSERT INTO village (id, name, panchayat_id) VALUES (2392, 'Chippada', 13);
INSERT INTO village (id, name, panchayat_id) VALUES (2393, 'Chodapalle', 13);
INSERT INTO village (id, name, panchayat_id) VALUES (2394, 'Dibbapalem', 13);
INSERT INTO village (id, name, panchayat_id) VALUES (2395, 'Dopperla', 13);
INSERT INTO village (id, name, panchayat_id) VALUES (2396, 'Dosuru', 13);
INSERT INTO village (id, name, panchayat_id) VALUES (2397, 'Duppituru', 13);
INSERT INTO village (id, name, panchayat_id) VALUES (2398, 'Gangamambapura Agraharam', 13);
INSERT INTO village (id, name, panchayat_id) VALUES (2399, 'Haripalem', 13);
INSERT INTO village (id, name, panchayat_id) VALUES (2400, 'Iravada', 13);
INSERT INTO village (id, name, panchayat_id) VALUES (2401, 'Jagannadhapura Agraharam', 13);
INSERT INTO village (id, name, panchayat_id) VALUES (2402, 'Jaggannapeta', 13);
INSERT INTO village (id, name, panchayat_id) VALUES (2403, 'Janguluru', 13);
INSERT INTO village (id, name, panchayat_id) VALUES (2404, 'Jogannapalem', 13);
INSERT INTO village (id, name, panchayat_id) VALUES (2405, 'Khajipalem', 13);
INSERT INTO village (id, name, panchayat_id) VALUES (2406, 'Kondakarla', 13);
INSERT INTO village (id, name, panchayat_id) VALUES (2407, 'Maduthuru', 13);
INSERT INTO village (id, name, panchayat_id) VALUES (2408, 'Maruturu', 13);
INSERT INTO village (id, name, panchayat_id) VALUES (2409, 'Melupaka Jagannadhapuram', 13);
INSERT INTO village (id, name, panchayat_id) VALUES (2410, 'Nadimpalle', 13);
INSERT INTO village (id, name, panchayat_id) VALUES (2411, 'Nunaparthi', 13);
INSERT INTO village (id, name, panchayat_id) VALUES (2412, 'Pedapadu', 13);
INSERT INTO village (id, name, panchayat_id) VALUES (2413, 'Pudimadaka', 13);
INSERT INTO village (id, name, panchayat_id) VALUES (2414, 'Ravipalem', 13);
INSERT INTO village (id, name, panchayat_id) VALUES (2415, 'Somavaram', 13);
INSERT INTO village (id, name, panchayat_id) VALUES (2416, 'Tantadi', 13);
INSERT INTO village (id, name, panchayat_id) VALUES (2417, 'Thallapalem', 13);
INSERT INTO village (id, name, panchayat_id) VALUES (2418, 'Thimmarajupeta', 13);
INSERT INTO village (id, name, panchayat_id) VALUES (2419, 'Uddlapalem', 13);
INSERT INTO village (id, name, panchayat_id) VALUES (2420, 'Uppavaram', 13);
INSERT INTO village (id, name, panchayat_id) VALUES (2421, 'Veduruvada', 13);
INSERT INTO village (id, name, panchayat_id) VALUES (2422, 'Yerravaram', 13);
INSERT INTO mandal (id, name, constituency_id) VALUES (14, 'Butchayyapeta', 2);
INSERT INTO panchayat (id, name, mandal_id) VALUES (14, 'Default Panchayat Butchayyapeta', 14);
INSERT INTO village (id, name, panchayat_id) VALUES (2423, 'Aithampudi', 14);
INSERT INTO village (id, name, panchayat_id) VALUES (2424, 'Appampalem', 14);
INSERT INTO village (id, name, panchayat_id) VALUES (2425, 'Bhatlova', 14);
INSERT INTO village (id, name, panchayat_id) VALUES (2426, 'Butchayyapeta', 14);
INSERT INTO village (id, name, panchayat_id) VALUES (2427, 'China Madina', 14);
INSERT INTO village (id, name, panchayat_id) VALUES (2428, 'Chinappannapalem', 14);
INSERT INTO village (id, name, panchayat_id) VALUES (2429, 'Chintapaka', 14);
INSERT INTO village (id, name, panchayat_id) VALUES (2430, 'Chittiyyapalem', 14);
INSERT INTO village (id, name, panchayat_id) VALUES (2431, 'Dibbidi', 14);
INSERT INTO village (id, name, panchayat_id) VALUES (2432, 'Gantikorlam', 14);
INSERT INTO village (id, name, panchayat_id) VALUES (2433, 'Gunnempudi', 14);
INSERT INTO village (id, name, panchayat_id) VALUES (2434, 'Kandipudi', 14);
INSERT INTO village (id, name, panchayat_id) VALUES (2435, 'Karaka', 14);
INSERT INTO village (id, name, panchayat_id) VALUES (2436, 'Komallapudi', 14);
INSERT INTO village (id, name, panchayat_id) VALUES (2437, 'Kondapalem', 14);
INSERT INTO village (id, name, panchayat_id) VALUES (2438, 'Kondapalem Agraharam', 14);
INSERT INTO village (id, name, panchayat_id) VALUES (2439, 'Kondempudi', 14);
INSERT INTO village (id, name, panchayat_id) VALUES (2440, 'Laluru', 14);
INSERT INTO village (id, name, panchayat_id) VALUES (2441, 'Lingabhupala Puram Agraharam', 14);
INSERT INTO village (id, name, panchayat_id) VALUES (2442, 'Lopudi', 14);
INSERT INTO village (id, name, panchayat_id) VALUES (2443, 'L.Singavaram', 14);
INSERT INTO village (id, name, panchayat_id) VALUES (2444, 'Mallam', 14);
INSERT INTO village (id, name, panchayat_id) VALUES (2445, 'Mallam Bhupathipalem', 14);
INSERT INTO village (id, name, panchayat_id) VALUES (2446, 'Mangalapuram', 14);
INSERT INTO village (id, name, panchayat_id) VALUES (2447, 'Neelakantapuram', 14);
INSERT INTO village (id, name, panchayat_id) VALUES (2448, 'Nimmalova', 14);
INSERT INTO village (id, name, panchayat_id) VALUES (2449, 'Pangidi', 14);
INSERT INTO village (id, name, panchayat_id) VALUES (2450, 'P. Bheemavaram', 14);
INSERT INTO village (id, name, panchayat_id) VALUES (2451, 'Peda Madina', 14);
INSERT INTO village (id, name, panchayat_id) VALUES (2452, 'Pedapudi', 14);
INSERT INTO village (id, name, panchayat_id) VALUES (2453, 'Pedapudi Agraharam', 14);
INSERT INTO village (id, name, panchayat_id) VALUES (2454, 'Polepalle', 14);
INSERT INTO village (id, name, panchayat_id) VALUES (2455, 'Pottidorapalem', 14);
INSERT INTO village (id, name, panchayat_id) VALUES (2456, 'Rajam', 14);
INSERT INTO village (id, name, panchayat_id) VALUES (2457, 'R. Bheemavaram', 14);
INSERT INTO village (id, name, panchayat_id) VALUES (2458, 'R. Sivarampuram', 14);
INSERT INTO village (id, name, panchayat_id) VALUES (2459, 'Turakalapudi', 14);
INSERT INTO village (id, name, panchayat_id) VALUES (2460, 'Typuram', 14);
INSERT INTO village (id, name, panchayat_id) VALUES (2461, 'Vaddadi', 14);
INSERT INTO village (id, name, panchayat_id) VALUES (2462, 'Vijayaramarajupeta', 14);
INSERT INTO mandal (id, name, constituency_id) VALUES (15, 'Cheedikada', 2);
INSERT INTO panchayat (id, name, mandal_id) VALUES (15, 'Default Panchayat Cheedikada', 15);
INSERT INTO village (id, name, panchayat_id) VALUES (2463, 'Advi Agraharam', 15);
INSERT INTO village (id, name, panchayat_id) VALUES (2464, 'Appalarajupuram', 15);
INSERT INTO village (id, name, panchayat_id) VALUES (2465, 'Arjunagiri Agraharam', 15);
INSERT INTO village (id, name, panchayat_id) VALUES (2466, 'Bylapudi', 15);
INSERT INTO village (id, name, panchayat_id) VALUES (2467, 'Bylapudi Singavaram', 15);
INSERT INTO village (id, name, panchayat_id) VALUES (2468, 'Cheedikada', 15);
INSERT INTO village (id, name, panchayat_id) VALUES (2469, 'Cheedipalle Agraharam', 15);
INSERT INTO village (id, name, panchayat_id) VALUES (2470, 'Chettupalle', 15);
INSERT INTO village (id, name, panchayat_id) VALUES (2471, 'Chinagogada', 15);
INSERT INTO village (id, name, panchayat_id) VALUES (2472, 'Chukkapalle', 15);
INSERT INTO village (id, name, panchayat_id) VALUES (2473, 'Dandi Suravaram', 15);
INSERT INTO village (id, name, panchayat_id) VALUES (2474, 'Dibbapalem', 15);
INSERT INTO village (id, name, panchayat_id) VALUES (2475, 'G.Kothapalle', 15);
INSERT INTO village (id, name, panchayat_id) VALUES (2476, 'Jaithavaram', 15);
INSERT INTO village (id, name, panchayat_id) VALUES (2477, 'J.B.Puram', 15);
INSERT INTO village (id, name, panchayat_id) VALUES (2478, 'Kattuvari Agraharam', 15);
INSERT INTO village (id, name, panchayat_id) VALUES (2479, 'Khandivara Agraharam', 15);
INSERT INTO village (id, name, panchayat_id) VALUES (2480, 'Konam', 15);
INSERT INTO village (id, name, panchayat_id) VALUES (2481, 'Kondasompura Agraharam', 15);
INSERT INTO village (id, name, panchayat_id) VALUES (2482, 'Lingabhupala Patnam', 15);
INSERT INTO village (id, name, panchayat_id) VALUES (2483, 'Manchala', 15);
INSERT INTO village (id, name, panchayat_id) VALUES (2484, 'Neelampeta', 15);
INSERT INTO village (id, name, panchayat_id) VALUES (2485, 'Pedagogada Agraharam', 15);
INSERT INTO village (id, name, panchayat_id) VALUES (2486, 'Seetharampura Agraharam', 15);
INSERT INTO village (id, name, panchayat_id) VALUES (2487, 'Sirijam', 15);
INSERT INTO village (id, name, panchayat_id) VALUES (2488, 'Tangudubilli', 15);
INSERT INTO village (id, name, panchayat_id) VALUES (2489, 'Tuni Valasa', 15);
INSERT INTO village (id, name, panchayat_id) VALUES (2490, 'Tunivalasa Bhupatipalem', 15);
INSERT INTO village (id, name, panchayat_id) VALUES (2491, 'Turuvolu', 15);
INSERT INTO village (id, name, panchayat_id) VALUES (2492, 'Varahapura Agraharam', 15);
INSERT INTO village (id, name, panchayat_id) VALUES (2493, 'Veerabhadrapeta', 15);
INSERT INTO village (id, name, panchayat_id) VALUES (2494, 'Veerapurajupeta', 15);
INSERT INTO village (id, name, panchayat_id) VALUES (2495, 'Vellanki', 15);
INSERT INTO village (id, name, panchayat_id) VALUES (2496, 'Vintipalem', 15);
INSERT INTO mandal (id, name, constituency_id) VALUES (16, 'Chodavaram', 2);
INSERT INTO panchayat (id, name, mandal_id) VALUES (16, 'Default Panchayat Chodavaram', 16);
INSERT INTO village (id, name, panchayat_id) VALUES (2497, 'Adduru', 16);
INSERT INTO village (id, name, panchayat_id) VALUES (2498, 'Amberupuram', 16);
INSERT INTO village (id, name, panchayat_id) VALUES (2499, 'Ankupalem', 16);
INSERT INTO village (id, name, panchayat_id) VALUES (2500, 'Annavaram', 16);
INSERT INTO village (id, name, panchayat_id) VALUES (2501, 'Bennavolu', 16);
INSERT INTO village (id, name, panchayat_id) VALUES (2502, 'Bhogapuram', 16);
INSERT INTO village (id, name, panchayat_id) VALUES (2503, 'Chakipalle', 16);
INSERT INTO village (id, name, panchayat_id) VALUES (2504, 'Chodavaram (Ct)', 16);
INSERT INTO village (id, name, panchayat_id) VALUES (2505, 'Damunapalle', 16);
INSERT INTO village (id, name, panchayat_id) VALUES (2506, 'Duddupalem', 16);
INSERT INTO village (id, name, panchayat_id) VALUES (2507, 'Gajapathinagaram', 16);
INSERT INTO village (id, name, panchayat_id) VALUES (2508, 'Gandhavaram', 16);
INSERT INTO village (id, name, panchayat_id) VALUES (2509, 'Gavaravaram', 16);
INSERT INTO village (id, name, panchayat_id) VALUES (2510, 'Govada', 16);
INSERT INTO village (id, name, panchayat_id) VALUES (2511, 'Gowripatnam', 16);
INSERT INTO village (id, name, panchayat_id) VALUES (2512, 'Jannavaram', 16);
INSERT INTO village (id, name, panchayat_id) VALUES (2513, 'Juttada', 16);
INSERT INTO village (id, name, panchayat_id) VALUES (2514, 'Khandipalle', 16);
INSERT INTO village (id, name, panchayat_id) VALUES (2515, 'Lakkavaram', 16);
INSERT INTO village (id, name, panchayat_id) VALUES (2516, 'Laxmipuram', 16);
INSERT INTO village (id, name, panchayat_id) VALUES (2517, 'M.Kothapalle', 16);
INSERT INTO village (id, name, panchayat_id) VALUES (2518, 'Muddurthi', 16);
INSERT INTO village (id, name, panchayat_id) VALUES (2519, 'Mycherlapalem', 16);
INSERT INTO village (id, name, panchayat_id) VALUES (2520, 'Narasayyapeta', 16);
INSERT INTO village (id, name, panchayat_id) VALUES (2521, 'Pakirsahebpeta', 16);
INSERT INTO village (id, name, panchayat_id) VALUES (2522, 'Rayapurajupeta', 16);
INSERT INTO village (id, name, panchayat_id) VALUES (2523, 'Seemunapalle', 16);
INSERT INTO village (id, name, panchayat_id) VALUES (2524, 'Sreerampatnam', 16);
INSERT INTO village (id, name, panchayat_id) VALUES (2525, 'Thimmannapalem', 16);
INSERT INTO village (id, name, panchayat_id) VALUES (2526, 'Venkannapalem', 16);
INSERT INTO village (id, name, panchayat_id) VALUES (2527, 'Venkayyagaripeta', 16);
INSERT INTO mandal (id, name, constituency_id) VALUES (17, 'Devarapalli', 2);
INSERT INTO panchayat (id, name, mandal_id) VALUES (17, 'Default Panchayat Devarapalli', 17);
INSERT INTO village (id, name, panchayat_id) VALUES (2528, 'Alamanda', 17);
INSERT INTO village (id, name, panchayat_id) VALUES (2529, 'Alamandakothapalle', 17);
INSERT INTO village (id, name, panchayat_id) VALUES (2530, 'Bethapudi', 17);
INSERT INTO village (id, name, panchayat_id) VALUES (2531, 'Boddapadu', 17);
INSERT INTO village (id, name, panchayat_id) VALUES (2532, 'Boilakintada', 17);
INSERT INTO village (id, name, panchayat_id) VALUES (2533, 'Chainulapalem', 17);
INSERT INTO village (id, name, panchayat_id) VALUES (2534, 'Chinagangavaram', 17);
INSERT INTO village (id, name, panchayat_id) VALUES (2535, 'Chinanandipalle', 17);
INSERT INTO village (id, name, panchayat_id) VALUES (2536, 'Chinasompuram', 17);
INSERT INTO village (id, name, panchayat_id) VALUES (2537, 'Chintalapudi', 17);
INSERT INTO village (id, name, panchayat_id) VALUES (2538, 'Devarapalle', 17);
INSERT INTO village (id, name, panchayat_id) VALUES (2539, 'Garisingi', 17);
INSERT INTO village (id, name, panchayat_id) VALUES (2540, 'Gorupalem', 17);
INSERT INTO village (id, name, panchayat_id) VALUES (2541, 'Juttadapalem', 17);
INSERT INTO village (id, name, panchayat_id) VALUES (2542, 'Kaligotla', 17);
INSERT INTO village (id, name, panchayat_id) VALUES (2543, 'Kasipathirajupuram', 17);
INSERT INTO village (id, name, panchayat_id) VALUES (2544, 'Kasipuram', 17);
INSERT INTO village (id, name, panchayat_id) VALUES (2545, 'Kondakodabu', 17);
INSERT INTO village (id, name, panchayat_id) VALUES (2546, 'Kothapenta', 17);
INSERT INTO village (id, name, panchayat_id) VALUES (2547, 'Lovamukundapuram', 17);
INSERT INTO village (id, name, panchayat_id) VALUES (2548, 'Lovarayapuraju Peta', 17);
INSERT INTO village (id, name, panchayat_id) VALUES (2549, 'Mamidipalle', 17);
INSERT INTO village (id, name, panchayat_id) VALUES (2550, 'Marepalle', 17);
INSERT INTO village (id, name, panchayat_id) VALUES (2551, 'Mulakalapalle', 17);
INSERT INTO village (id, name, panchayat_id) VALUES (2552, 'Mushidipalle', 17);
INSERT INTO village (id, name, panchayat_id) VALUES (2553, 'Nagayyapeta', 17);
INSERT INTO village (id, name, panchayat_id) VALUES (2554, 'Narasimha Gajapathinagaram', 17);
INSERT INTO village (id, name, panchayat_id) VALUES (2555, 'Pallapukodabu', 17);
INSERT INTO village (id, name, panchayat_id) VALUES (2556, 'Pedanandipalle Agraharam', 17);
INSERT INTO village (id, name, panchayat_id) VALUES (2557, 'Pedasompuram', 17);
INSERT INTO village (id, name, panchayat_id) VALUES (2558, 'Raiwada', 17);
INSERT INTO village (id, name, panchayat_id) VALUES (2559, 'Sambuvanipalem', 17);
INSERT INTO village (id, name, panchayat_id) VALUES (2560, 'Sammeda', 17);
INSERT INTO village (id, name, panchayat_id) VALUES (2561, 'Seetampeta', 17);
INSERT INTO village (id, name, panchayat_id) VALUES (2562, 'Sivaramachainulapalem', 17);
INSERT INTO village (id, name, panchayat_id) VALUES (2563, 'Tamarabba', 17);
INSERT INTO village (id, name, panchayat_id) VALUES (2564, 'Taruva', 17);
INSERT INTO village (id, name, panchayat_id) VALUES (2565, 'Tenugupudi', 17);
INSERT INTO village (id, name, panchayat_id) VALUES (2566, 'Thimiram', 17);
INSERT INTO village (id, name, panchayat_id) VALUES (2567, 'Vakapalle', 17);
INSERT INTO village (id, name, panchayat_id) VALUES (2568, 'Valabu', 17);
INSERT INTO village (id, name, panchayat_id) VALUES (2569, 'Vechalam', 17);
INSERT INTO village (id, name, panchayat_id) VALUES (2570, 'Venkatarajupuram', 17);
INSERT INTO mandal (id, name, constituency_id) VALUES (18, 'Golugonda', 2);
INSERT INTO panchayat (id, name, mandal_id) VALUES (18, 'Default Panchayat Golugonda', 18);
INSERT INTO village (id, name, panchayat_id) VALUES (2571, 'Agency Laxmipuram', 18);
INSERT INTO village (id, name, panchayat_id) VALUES (2572, 'Ammapeta', 18);
INSERT INTO village (id, name, panchayat_id) VALUES (2573, 'Cheedigummala', 18);
INSERT INTO village (id, name, panchayat_id) VALUES (2574, 'Cheedikada', 18);
INSERT INTO village (id, name, panchayat_id) VALUES (2575, 'Chodyam', 18);
INSERT INTO village (id, name, panchayat_id) VALUES (2576, 'Darapalem', 18);
INSERT INTO village (id, name, panchayat_id) VALUES (2577, 'Gadampalem', 18);
INSERT INTO village (id, name, panchayat_id) VALUES (2578, 'Golugonda', 18);
INSERT INTO village (id, name, panchayat_id) VALUES (2579, 'Gopalapatnam', 18);
INSERT INTO village (id, name, panchayat_id) VALUES (2580, 'Gundupala', 18);
INSERT INTO village (id, name, panchayat_id) VALUES (2581, 'Jammadevipeta', 18);
INSERT INTO village (id, name, panchayat_id) VALUES (2582, 'Jammavaram', 18);
INSERT INTO village (id, name, panchayat_id) VALUES (2583, 'Karaka', 18);
INSERT INTO village (id, name, panchayat_id) VALUES (2584, 'Kasimi', 18);
INSERT INTO village (id, name, panchayat_id) VALUES (2585, 'Komira', 18);
INSERT INTO village (id, name, panchayat_id) VALUES (2586, 'Konkasingi', 18);
INSERT INTO village (id, name, panchayat_id) VALUES (2587, 'Kothamallempeta', 18);
INSERT INTO village (id, name, panchayat_id) VALUES (2588, 'Kothapalem', 18);
INSERT INTO village (id, name, panchayat_id) VALUES (2589, 'Kotha Yellavaram', 18);
INSERT INTO village (id, name, panchayat_id) VALUES (2590, 'Krishnadevipeta', 18);
INSERT INTO village (id, name, panchayat_id) VALUES (2591, 'Kumarapuram', 18);
INSERT INTO village (id, name, panchayat_id) VALUES (2592, 'Lingamdora Palem', 18);
INSERT INTO village (id, name, panchayat_id) VALUES (2593, 'Mungerlapalem', 18);
INSERT INTO village (id, name, panchayat_id) VALUES (2594, 'Nagannadorapalem', 18);
INSERT INTO village (id, name, panchayat_id) VALUES (2595, 'Nallanki', 18);
INSERT INTO village (id, name, panchayat_id) VALUES (2596, 'Pakalapadu', 18);
INSERT INTO village (id, name, panchayat_id) VALUES (2597, 'Pallapu Nagannadora Palem', 18);
INSERT INTO village (id, name, panchayat_id) VALUES (2598, 'Pappusettipalem', 18);
INSERT INTO village (id, name, panchayat_id) VALUES (2599, 'Pathamallempeta', 18);
INSERT INTO village (id, name, panchayat_id) VALUES (2600, 'Pogachetlapalem', 18);
INSERT INTO village (id, name, panchayat_id) VALUES (2601, 'Polavaram', 18);
INSERT INTO village (id, name, panchayat_id) VALUES (2602, 'Seethakandi', 18);
INSERT INTO village (id, name, panchayat_id) VALUES (2603, 'Thallacheedikada', 18);
INSERT INTO village (id, name, panchayat_id) VALUES (2604, 'Vadaparthi', 18);
INSERT INTO village (id, name, panchayat_id) VALUES (2605, 'Yarakampeta', 18);
INSERT INTO village (id, name, panchayat_id) VALUES (2606, 'Yarravaram', 18);
INSERT INTO mandal (id, name, constituency_id) VALUES (19, 'Kasimkota', 2);
INSERT INTO panchayat (id, name, mandal_id) VALUES (19, 'Default Panchayat Kasimkota', 19);
INSERT INTO village (id, name, panchayat_id) VALUES (2607, 'Addam', 19);
INSERT INTO village (id, name, panchayat_id) VALUES (2608, 'Ammeensahabpeta', 19);
INSERT INTO village (id, name, panchayat_id) VALUES (2609, 'Atcherla', 19);
INSERT INTO village (id, name, panchayat_id) VALUES (2610, 'Bayyavaram', 19);
INSERT INTO village (id, name, panchayat_id) VALUES (2611, 'Charakam', 19);
INSERT INTO village (id, name, panchayat_id) VALUES (2612, 'Chintalapalem', 19);
INSERT INTO village (id, name, panchayat_id) VALUES (2613, 'Eswarapalle Chowduvada', 19);
INSERT INTO village (id, name, panchayat_id) VALUES (2614, 'Gobburu', 19);
INSERT INTO village (id, name, panchayat_id) VALUES (2615, 'Gobburupalem', 19);
INSERT INTO village (id, name, panchayat_id) VALUES (2616, 'Gurugu Bheemavaram', 19);
INSERT INTO village (id, name, panchayat_id) VALUES (2617, 'Gytulapalem', 19);
INSERT INTO village (id, name, panchayat_id) VALUES (2618, 'Kasimkota', 19);
INSERT INTO village (id, name, panchayat_id) VALUES (2619, 'Komaralova', 19);
INSERT INTO village (id, name, panchayat_id) VALUES (2620, 'Kothapalle', 19);
INSERT INTO village (id, name, panchayat_id) VALUES (2621, 'Narasapuram', 19);
INSERT INTO village (id, name, panchayat_id) VALUES (2622, 'Narasingibilly', 19);
INSERT INTO village (id, name, panchayat_id) VALUES (2623, 'Nutulaguntla Palem', 19);
INSERT INTO village (id, name, panchayat_id) VALUES (2624, 'Perantalapalem', 19);
INSERT INTO village (id, name, panchayat_id) VALUES (2625, 'Singavaram', 19);
INSERT INTO village (id, name, panchayat_id) VALUES (2626, 'Somavaram', 19);
INSERT INTO village (id, name, panchayat_id) VALUES (2627, 'Sundarayyapeta', 19);
INSERT INTO village (id, name, panchayat_id) VALUES (2628, 'Tallapalem', 19);
INSERT INTO village (id, name, panchayat_id) VALUES (2629, 'Tegada', 19);
INSERT INTO village (id, name, panchayat_id) VALUES (2630, 'Theeda', 19);
INSERT INTO village (id, name, panchayat_id) VALUES (2631, 'Ugginapalem', 19);
INSERT INTO village (id, name, panchayat_id) VALUES (2632, 'Veduruparthi', 19);
INSERT INTO village (id, name, panchayat_id) VALUES (2633, 'Yenugutuni', 19);
INSERT INTO village (id, name, panchayat_id) VALUES (2634, 'Zattapureddituni', 19);
INSERT INTO mandal (id, name, constituency_id) VALUES (20, 'K.Kotapadu', 2);
INSERT INTO panchayat (id, name, mandal_id) VALUES (20, 'Default Panchayat K.Kotapadu', 20);
INSERT INTO village (id, name, panchayat_id) VALUES (2635, 'Alamanda Bheemavaram', 20);
INSERT INTO village (id, name, panchayat_id) VALUES (2636, 'Alamandakoduru', 20);
INSERT INTO village (id, name, panchayat_id) VALUES (2637, 'Arle', 20);
INSERT INTO village (id, name, panchayat_id) VALUES (2638, 'Chandrayyapeta', 20);
INSERT INTO village (id, name, panchayat_id) VALUES (2639, 'Chowduvada', 20);
INSERT INTO village (id, name, panchayat_id) VALUES (2640, 'Dalivalasa', 20);
INSERT INTO village (id, name, panchayat_id) VALUES (2641, 'Deekshitula Agraharam', 20);
INSERT INTO village (id, name, panchayat_id) VALUES (2642, 'Garugubilli', 20);
INSERT INTO village (id, name, panchayat_id) VALUES (2643, 'Gavarapalem', 20);
INSERT INTO village (id, name, panchayat_id) VALUES (2644, 'Gondupalem', 20);
INSERT INTO village (id, name, panchayat_id) VALUES (2645, 'Gotlam', 20);
INSERT INTO village (id, name, panchayat_id) VALUES (2646, 'Gullepalle', 20);
INSERT INTO village (id, name, panchayat_id) VALUES (2647, 'Kavi Konda Agraharam', 20);
INSERT INTO village (id, name, panchayat_id) VALUES (2648, 'Kintada', 20);
INSERT INTO village (id, name, panchayat_id) VALUES (2649, 'Kintadakotapadu', 20);
INSERT INTO village (id, name, panchayat_id) VALUES (2650, 'Koruvada', 20);
INSERT INTO village (id, name, panchayat_id) VALUES (2651, 'Koruvada Jagannadhapuram', 20);
INSERT INTO village (id, name, panchayat_id) VALUES (2652, 'Marrivalasa', 20);
INSERT INTO village (id, name, panchayat_id) VALUES (2653, 'Medicherla', 20);
INSERT INTO village (id, name, panchayat_id) VALUES (2654, 'Paidampeta', 20);
INSERT INTO village (id, name, panchayat_id) VALUES (2655, 'Pathavalasa', 20);
INSERT INTO village (id, name, panchayat_id) VALUES (2656, 'Pindrangi', 20);
INSERT INTO village (id, name, panchayat_id) VALUES (2657, 'Pothanavalasa Agraharam', 20);
INSERT INTO village (id, name, panchayat_id) VALUES (2658, 'Ramayogi Agraharam', 20);
INSERT INTO village (id, name, panchayat_id) VALUES (2659, 'Rongalinaidupalle', 20);
INSERT INTO village (id, name, panchayat_id) VALUES (2660, 'Santhapalem', 20);
INSERT INTO village (id, name, panchayat_id) VALUES (2661, 'Singannadorapalem', 20);
INSERT INTO village (id, name, panchayat_id) VALUES (2662, 'Srungavaram', 20);
INSERT INTO village (id, name, panchayat_id) VALUES (2663, 'Sudivalasa', 20);
INSERT INTO village (id, name, panchayat_id) VALUES (2664, 'Suriddipalem', 20);
INSERT INTO village (id, name, panchayat_id) VALUES (2665, 'Ugginavalasa', 20);
INSERT INTO village (id, name, panchayat_id) VALUES (2666, 'Varada', 20);
INSERT INTO mandal (id, name, constituency_id) VALUES (21, 'Kotauratla', 2);
INSERT INTO panchayat (id, name, mandal_id) VALUES (21, 'Default Panchayat Kotauratla', 21);
INSERT INTO village (id, name, panchayat_id) VALUES (2667, 'Annavaram', 21);
INSERT INTO village (id, name, panchayat_id) VALUES (2668, 'Bapiraju Kothapalle', 21);
INSERT INTO village (id, name, panchayat_id) VALUES (2669, 'Bodapalem', 21);
INSERT INTO village (id, name, panchayat_id) VALUES (2670, 'Chinaboddepalle', 21);
INSERT INTO village (id, name, panchayat_id) VALUES (2671, 'Chowduvada', 21);
INSERT INTO village (id, name, panchayat_id) VALUES (2672, 'Gottivada', 21);
INSERT INTO village (id, name, panchayat_id) VALUES (2673, 'G.Sanyasirajupalem', 21);
INSERT INTO village (id, name, panchayat_id) VALUES (2674, 'Jalluru', 21);
INSERT INTO village (id, name, panchayat_id) VALUES (2675, 'Kailasapatnam', 21);
INSERT INTO village (id, name, panchayat_id) VALUES (2676, 'Kodavatipudi', 21);
INSERT INTO village (id, name, panchayat_id) VALUES (2677, 'Kotauratla', 21);
INSERT INTO village (id, name, panchayat_id) VALUES (2678, 'Krishnambhotla Agraharam', 21);
INSERT INTO village (id, name, panchayat_id) VALUES (2679, 'Lingapuram', 21);
INSERT INTO village (id, name, panchayat_id) VALUES (2680, 'Pamulavaka', 21);
INSERT INTO village (id, name, panchayat_id) VALUES (2681, 'Panduru', 21);
INSERT INTO village (id, name, panchayat_id) VALUES (2682, 'Pippalla Kothapalle', 21);
INSERT INTO village (id, name, panchayat_id) VALUES (2683, 'Rajupeta', 21);
INSERT INTO village (id, name, panchayat_id) VALUES (2684, 'Ramannapalem', 21);
INSERT INTO village (id, name, panchayat_id) VALUES (2685, 'Sunkapuru', 21);
INSERT INTO village (id, name, panchayat_id) VALUES (2686, 'Tadaparthi Jangampeta', 21);
INSERT INTO village (id, name, panchayat_id) VALUES (2687, 'Thangedu', 21);
INSERT INTO village (id, name, panchayat_id) VALUES (2688, 'Yendapalle', 21);
INSERT INTO mandal (id, name, constituency_id) VALUES (22, 'Madugula', 2);
INSERT INTO panchayat (id, name, mandal_id) VALUES (22, 'Default Panchayat Madugula', 22);
INSERT INTO village (id, name, panchayat_id) VALUES (2689, 'Anukuru', 22);
INSERT INTO village (id, name, panchayat_id) VALUES (2690, 'Avuruvada', 22);
INSERT INTO village (id, name, panchayat_id) VALUES (2691, 'Bhagavathula Agraharam', 22);
INSERT INTO village (id, name, panchayat_id) VALUES (2692, 'China Gorrigedda', 22);
INSERT INTO village (id, name, panchayat_id) VALUES (2693, 'China Kurmam', 22);
INSERT INTO village (id, name, panchayat_id) VALUES (2694, 'China Sarada', 22);
INSERT INTO village (id, name, panchayat_id) VALUES (2695, 'Chintaluru', 22);
INSERT INTO village (id, name, panchayat_id) VALUES (2696, 'Degalapalem', 22);
INSERT INTO village (id, name, panchayat_id) VALUES (2697, 'Gadirai', 22);
INSERT INTO village (id, name, panchayat_id) VALUES (2698, 'Goppulapalem', 22);
INSERT INTO village (id, name, panchayat_id) VALUES (2699, 'Gotivada Agraharam', 22);
INSERT INTO village (id, name, panchayat_id) VALUES (2700, 'Jalampalle', 22);
INSERT INTO village (id, name, panchayat_id) VALUES (2701, 'Jammadevipeta', 22);
INSERT INTO village (id, name, panchayat_id) VALUES (2702, 'Jampena', 22);
INSERT INTO village (id, name, panchayat_id) VALUES (2703, 'Kagitha', 22);
INSERT INTO village (id, name, panchayat_id) VALUES (2704, 'Kamakutam', 22);
INSERT INTO village (id, name, panchayat_id) VALUES (2705, 'Kaspa Jagannadhapuram', 22);
INSERT INTO village (id, name, panchayat_id) VALUES (2706, 'Kinthali', 22);
INSERT INTO village (id, name, panchayat_id) VALUES (2707, 'Kinthali Vallapuram', 22);
INSERT INTO village (id, name, panchayat_id) VALUES (2708, 'Kurmanadhapuram', 22);
INSERT INTO village (id, name, panchayat_id) VALUES (2709, 'Lakshmipuram', 22);
INSERT INTO village (id, name, panchayat_id) VALUES (2710, 'Lovagavara Varam', 22);
INSERT INTO village (id, name, panchayat_id) VALUES (2711, 'Lova Kothapalle', 22);
INSERT INTO village (id, name, panchayat_id) VALUES (2712, 'Lova Krishnapuram', 22);
INSERT INTO village (id, name, panchayat_id) VALUES (2713, 'Lova Ponnavolu', 22);
INSERT INTO village (id, name, panchayat_id) VALUES (2714, 'Maddulapalem', 22);
INSERT INTO village (id, name, panchayat_id) VALUES (2715, 'Madugula', 22);
INSERT INTO village (id, name, panchayat_id) VALUES (2716, 'Madugula Koduru', 22);
INSERT INTO village (id, name, panchayat_id) VALUES (2717, 'Madugulakotapadu', 22);
INSERT INTO village (id, name, panchayat_id) VALUES (2718, 'Medaveedu', 22);
INSERT INTO village (id, name, panchayat_id) VALUES (2719, 'M.K.Vallapuram', 22);
INSERT INTO village (id, name, panchayat_id) VALUES (2720, 'Moksha Krishnapuram', 22);
INSERT INTO village (id, name, panchayat_id) VALUES (2721, 'Mukundapuram', 22);
INSERT INTO village (id, name, panchayat_id) VALUES (2722, 'Pappusettiseri', 22);
INSERT INTO village (id, name, panchayat_id) VALUES (2723, 'Peda Gorrigedda', 22);
INSERT INTO village (id, name, panchayat_id) VALUES (2724, 'Peda Sarada', 22);
INSERT INTO village (id, name, panchayat_id) VALUES (2725, 'Pittagedda', 22);
INSERT INTO village (id, name, panchayat_id) VALUES (2726, 'Pongalipaka', 22);
INSERT INTO village (id, name, panchayat_id) VALUES (2727, 'Pothanapudi Araharam', 22);
INSERT INTO village (id, name, panchayat_id) VALUES (2728, 'P.Sivaram Puram', 22);
INSERT INTO village (id, name, panchayat_id) VALUES (2729, 'Ravipalem', 22);
INSERT INTO village (id, name, panchayat_id) VALUES (2730, 'Sagaram', 22);
INSERT INTO village (id, name, panchayat_id) VALUES (2731, 'Sanghyam', 22);
INSERT INTO village (id, name, panchayat_id) VALUES (2732, 'Sankaram', 22);
INSERT INTO village (id, name, panchayat_id) VALUES (2733, 'Satyavaram', 22);
INSERT INTO village (id, name, panchayat_id) VALUES (2734, 'Tatiparthi', 22);
INSERT INTO village (id, name, panchayat_id) VALUES (2735, 'Tiruvada', 22);
INSERT INTO village (id, name, panchayat_id) VALUES (2736, 'Vantarlapalem', 22);
INSERT INTO village (id, name, panchayat_id) VALUES (2737, 'Veeranarayanam', 22);
INSERT INTO village (id, name, panchayat_id) VALUES (2738, 'Veeravilli', 22);
INSERT INTO village (id, name, panchayat_id) VALUES (2739, 'Vommali', 22);
INSERT INTO village (id, name, panchayat_id) VALUES (2740, 'Vommali Jagannadhapuram', 22);
INSERT INTO village (id, name, panchayat_id) VALUES (2741, 'Yerukuvada', 22);
INSERT INTO mandal (id, name, constituency_id) VALUES (23, 'Makavarapalem', 2);
INSERT INTO panchayat (id, name, mandal_id) VALUES (23, 'Default Panchayat Makavarapalem', 23);
INSERT INTO village (id, name, panchayat_id) VALUES (2742, 'Appandorapalem', 23);
INSERT INTO village (id, name, panchayat_id) VALUES (2743, 'Bayyavaram', 23);
INSERT INTO village (id, name, panchayat_id) VALUES (2744, 'Bheemaboina Palem', 23);
INSERT INTO village (id, name, panchayat_id) VALUES (2745, 'Burugupalem', 23);
INSERT INTO village (id, name, panchayat_id) VALUES (2746, 'Gangavaram', 23);
INSERT INTO village (id, name, panchayat_id) VALUES (2747, 'Giduthuru', 23);
INSERT INTO village (id, name, panchayat_id) VALUES (2748, 'Harappa Agraharam', 23);
INSERT INTO village (id, name, panchayat_id) VALUES (2749, 'Jangalapalle', 23);
INSERT INTO village (id, name, panchayat_id) VALUES (2750, 'Koduru', 23);
INSERT INTO village (id, name, panchayat_id) VALUES (2751, 'Kondala Agraharam', 23);
INSERT INTO village (id, name, panchayat_id) VALUES (2752, 'Makavarapalem', 23);
INSERT INTO village (id, name, panchayat_id) VALUES (2753, 'Mallavaram', 23);
INSERT INTO village (id, name, panchayat_id) VALUES (2754, 'Narayana Gajapathirajapuram Agraharam', 23);
INSERT INTO village (id, name, panchayat_id) VALUES (2755, 'Peddipalem', 23);
INSERT INTO village (id, name, panchayat_id) VALUES (2756, 'Pochinapeddi Agraharam', 23);
INSERT INTO village (id, name, panchayat_id) VALUES (2757, 'Pydipala', 23);
INSERT INTO village (id, name, panchayat_id) VALUES (2758, 'Rachapalle', 23);
INSERT INTO village (id, name, panchayat_id) VALUES (2759, 'Seethanna Agraharam', 23);
INSERT INTO village (id, name, panchayat_id) VALUES (2760, 'Settipalem', 23);
INSERT INTO village (id, name, panchayat_id) VALUES (2761, 'Tadapala', 23);
INSERT INTO village (id, name, panchayat_id) VALUES (2762, 'Tamaram', 23);
INSERT INTO village (id, name, panchayat_id) VALUES (2763, 'Tootipala', 23);
INSERT INTO village (id, name, panchayat_id) VALUES (2764, 'Vajragada', 23);
INSERT INTO village (id, name, panchayat_id) VALUES (2765, 'Venkannapalem', 23);
INSERT INTO village (id, name, panchayat_id) VALUES (2766, 'Zamindari Gangavaram', 23);
INSERT INTO mandal (id, name, constituency_id) VALUES (24, 'Munagapaka', 2);
INSERT INTO panchayat (id, name, mandal_id) VALUES (24, 'Default Panchayat Munagapaka', 24);
INSERT INTO village (id, name, panchayat_id) VALUES (2767, 'Arabupalem', 24);
INSERT INTO village (id, name, panchayat_id) VALUES (2768, 'Challamalla', 24);
INSERT INTO village (id, name, panchayat_id) VALUES (2769, 'Cherlopalem', 24);
INSERT INTO village (id, name, panchayat_id) VALUES (2770, 'Chuchikonda', 24);
INSERT INTO village (id, name, panchayat_id) VALUES (2771, 'Ganaparthi', 24);
INSERT INTO village (id, name, panchayat_id) VALUES (2772, 'Gantavanipalem', 24);
INSERT INTO village (id, name, panchayat_id) VALUES (2773, 'Jaggayyapeta Agraharam', 24);
INSERT INTO village (id, name, panchayat_id) VALUES (2774, 'Kakarapalle', 24);
INSERT INTO village (id, name, panchayat_id) VALUES (2775, 'Kumarapuram', 24);
INSERT INTO village (id, name, panchayat_id) VALUES (2776, 'Madakapalem', 24);
INSERT INTO village (id, name, panchayat_id) VALUES (2777, 'Mallavaram', 24);
INSERT INTO village (id, name, panchayat_id) VALUES (2778, 'Munagapaka', 24);
INSERT INTO village (id, name, panchayat_id) VALUES (2779, 'Nagavaram', 24);
INSERT INTO village (id, name, panchayat_id) VALUES (2780, 'Nagulapalle', 24);
INSERT INTO village (id, name, panchayat_id) VALUES (2781, 'Narendrapuram', 24);
INSERT INTO village (id, name, panchayat_id) VALUES (2782, 'Nelupaka', 24);
INSERT INTO village (id, name, panchayat_id) VALUES (2783, 'Pallapu Anandapuram', 24);
INSERT INTO village (id, name, panchayat_id) VALUES (2784, 'Patipalle', 24);
INSERT INTO village (id, name, panchayat_id) VALUES (2785, 'Purushottampuram', 24);
INSERT INTO village (id, name, panchayat_id) VALUES (2786, 'Rajupeta Agraharam', 24);
INSERT INTO village (id, name, panchayat_id) VALUES (2787, 'Ramabhadrapuram Agraharam', 24);
INSERT INTO village (id, name, panchayat_id) VALUES (2788, 'Thimmarajupeta', 24);
INSERT INTO village (id, name, panchayat_id) VALUES (2789, 'Thotada', 24);
INSERT INTO village (id, name, panchayat_id) VALUES (2790, 'T.Sirasapalle', 24);
INSERT INTO village (id, name, panchayat_id) VALUES (2791, 'Ummalada', 24);
INSERT INTO village (id, name, panchayat_id) VALUES (2792, 'Vadrapalle', 24);
INSERT INTO village (id, name, panchayat_id) VALUES (2793, 'Venkatapuram', 24);
INSERT INTO village (id, name, panchayat_id) VALUES (2794, 'Vompolu', 24);
INSERT INTO mandal (id, name, constituency_id) VALUES (25, 'Nakkapalli', 2);
INSERT INTO panchayat (id, name, mandal_id) VALUES (25, 'Default Panchayat Nakkapalli', 25);
INSERT INTO village (id, name, panchayat_id) VALUES (2795, 'Bodugallam', 25);
INSERT INTO village (id, name, panchayat_id) VALUES (2796, 'Buchirajupeta', 25);
INSERT INTO village (id, name, panchayat_id) VALUES (2797, 'Chandanada', 25);
INSERT INTO village (id, name, panchayat_id) VALUES (2798, 'Cheedika', 25);
INSERT INTO village (id, name, panchayat_id) VALUES (2799, 'Chinadoddigallu', 25);
INSERT INTO village (id, name, panchayat_id) VALUES (2800, 'Chinarambhadrapuram', 25);
INSERT INTO village (id, name, panchayat_id) VALUES (2801, 'Chittibatla Agraharam', 25);
INSERT INTO village (id, name, panchayat_id) VALUES (2802, 'Chukalavari Lakshmipuram', 25);
INSERT INTO village (id, name, panchayat_id) VALUES (2803, 'Devavaram', 25);
INSERT INTO village (id, name, panchayat_id) VALUES (2804, 'Donivanilakshmipuram', 25);
INSERT INTO village (id, name, panchayat_id) VALUES (2805, 'Donkada', 25);
INSERT INTO village (id, name, panchayat_id) VALUES (2806, 'Dosalapadu', 25);
INSERT INTO village (id, name, panchayat_id) VALUES (2807, 'G.Jagannadhapuram', 25);
INSERT INTO village (id, name, panchayat_id) VALUES (2808, 'Godicherla', 25);
INSERT INTO village (id, name, panchayat_id) VALUES (2809, 'Gullipadu', 25);
INSERT INTO village (id, name, panchayat_id) VALUES (2810, 'Gunupudi', 25);
INSERT INTO village (id, name, panchayat_id) VALUES (2811, 'Kagitha', 25);
INSERT INTO village (id, name, panchayat_id) VALUES (2812, 'Mukundarajupeta', 25);
INSERT INTO village (id, name, panchayat_id) VALUES (2813, 'Nakkapalle (Ct)', 25);
INSERT INTO village (id, name, panchayat_id) VALUES (2814, 'Nallamattipalem', 25);
INSERT INTO village (id, name, panchayat_id) VALUES (2815, 'Nayampudi', 25);
INSERT INTO village (id, name, panchayat_id) VALUES (2816, 'Nellipudi', 25);
INSERT INTO village (id, name, panchayat_id) VALUES (2817, 'N.Narasapuram', 25);
INSERT INTO village (id, name, panchayat_id) VALUES (2818, 'Pedadoddigallu', 25);
INSERT INTO village (id, name, panchayat_id) VALUES (2819, 'Pedateenarla', 25);
INSERT INTO village (id, name, panchayat_id) VALUES (2820, 'Rajayyapeta', 25);
INSERT INTO village (id, name, panchayat_id) VALUES (2821, 'Ramanayyapeta', 25);
INSERT INTO village (id, name, panchayat_id) VALUES (2822, 'Rebaka', 25);
INSERT INTO village (id, name, panchayat_id) VALUES (2823, 'Uddandapuram', 25);
INSERT INTO village (id, name, panchayat_id) VALUES (2824, 'Upmaka Agraharam', 25);
INSERT INTO village (id, name, panchayat_id) VALUES (2825, 'Vempadu', 25);
INSERT INTO mandal (id, name, constituency_id) VALUES (26, 'Narsipatnam', 2);
INSERT INTO panchayat (id, name, mandal_id) VALUES (26, 'Default Panchayat Narsipatnam', 26);
INSERT INTO village (id, name, panchayat_id) VALUES (2826, 'Amalapuram', 26);
INSERT INTO village (id, name, panchayat_id) VALUES (2827, 'Balighattam', 26);
INSERT INTO village (id, name, panchayat_id) VALUES (2828, 'Chettupalle', 26);
INSERT INTO village (id, name, panchayat_id) VALUES (2829, 'Dharmasagaram', 26);
INSERT INTO village (id, name, panchayat_id) VALUES (2830, 'Duggada', 26);
INSERT INTO village (id, name, panchayat_id) VALUES (2831, 'Gabbada', 26);
INSERT INTO village (id, name, panchayat_id) VALUES (2832, 'Guramdorapalem', 26);
INSERT INTO village (id, name, panchayat_id) VALUES (2833, 'Narsipatnam (Ct)', 26);
INSERT INTO village (id, name, panchayat_id) VALUES (2834, 'Neelampeta', 26);
INSERT INTO village (id, name, panchayat_id) VALUES (2835, 'Ordinary Laxmipuram', 26);
INSERT INTO village (id, name, panchayat_id) VALUES (2836, 'Peda Boddepalle (Ct)', 26);
INSERT INTO village (id, name, panchayat_id) VALUES (2837, 'Veerabhupala Patnam', 26);
INSERT INTO village (id, name, panchayat_id) VALUES (2838, 'Vemulapudi', 26);
INSERT INTO village (id, name, panchayat_id) VALUES (2839, 'Yerakannapalem', 26);
INSERT INTO mandal (id, name, constituency_id) VALUES (27, 'Nathavaram', 2);
INSERT INTO panchayat (id, name, mandal_id) VALUES (27, 'Default Panchayat Nathavaram', 27);
INSERT INTO village (id, name, panchayat_id) VALUES (2840, 'Adivikamayya Agraharam', 27);
INSERT INTO village (id, name, panchayat_id) VALUES (2841, 'Anantha Padmanabhapuram', 27);
INSERT INTO village (id, name, panchayat_id) VALUES (2842, 'Buradapalle Agraharam', 27);
INSERT INTO village (id, name, panchayat_id) VALUES (2843, 'Chammachinta', 27);
INSERT INTO village (id, name, panchayat_id) VALUES (2844, 'Cherlopalem', 27);
INSERT INTO village (id, name, panchayat_id) VALUES (2845, 'China Jaggampeta', 27);
INSERT INTO village (id, name, panchayat_id) VALUES (2846, 'Chollangipalem', 27);
INSERT INTO village (id, name, panchayat_id) VALUES (2847, 'Dharmavaram Agraharam', 27);
INSERT INTO village (id, name, panchayat_id) VALUES (2848, 'Donkada Agraharam', 27);
INSERT INTO village (id, name, panchayat_id) VALUES (2849, 'Gannavaram', 27);
INSERT INTO village (id, name, panchayat_id) VALUES (2850, 'Golugondapeta', 27);
INSERT INTO village (id, name, panchayat_id) VALUES (2851, 'Gummidigonda', 27);
INSERT INTO village (id, name, panchayat_id) VALUES (2852, 'Gunupudi', 27);
INSERT INTO village (id, name, panchayat_id) VALUES (2853, 'Kalavavoddu Sarabhavaram', 27);
INSERT INTO village (id, name, panchayat_id) VALUES (2854, 'Kesavaram Agraharam', 27);
INSERT INTO village (id, name, panchayat_id) VALUES (2855, 'Kodavatipudi Agraharam', 27);
INSERT INTO village (id, name, panchayat_id) VALUES (2856, 'Krishnapura Agraharam', 27);
INSERT INTO village (id, name, panchayat_id) VALUES (2857, 'Kuruvada', 27);
INSERT INTO village (id, name, panchayat_id) VALUES (2858, 'Mallubhupala Patnam', 27);
INSERT INTO village (id, name, panchayat_id) VALUES (2859, 'Manyapuratla', 27);
INSERT INTO village (id, name, panchayat_id) VALUES (2860, 'Mulagapudi Bennavaram', 27);
INSERT INTO village (id, name, panchayat_id) VALUES (2861, 'Nathavaram', 27);
INSERT INTO village (id, name, panchayat_id) VALUES (2862, 'Pedabhairavabhoopati Agraharam', 27);
INSERT INTO village (id, name, panchayat_id) VALUES (2863, 'Pedajaggampeta', 27);
INSERT INTO village (id, name, panchayat_id) VALUES (2864, 'Pichchiganti Kothagudam', 27);
INSERT INTO village (id, name, panchayat_id) VALUES (2865, 'Pottinagannadora Palem', 27);
INSERT INTO village (id, name, panchayat_id) VALUES (2866, 'Rajupeta Agraharam', 27);
INSERT INTO village (id, name, panchayat_id) VALUES (2867, 'Ramachandraraju Agraharam', 27);
INSERT INTO village (id, name, panchayat_id) VALUES (2868, 'Sarabhoopala Patnam', 27);
INSERT INTO village (id, name, panchayat_id) VALUES (2869, 'Sarabhoopati Agraharam', 27);
INSERT INTO village (id, name, panchayat_id) VALUES (2870, 'Sarugudu', 27);
INSERT INTO village (id, name, panchayat_id) VALUES (2871, 'Srungavaram', 27);
INSERT INTO village (id, name, panchayat_id) VALUES (2872, 'Valasampeta', 27);
INSERT INTO village (id, name, panchayat_id) VALUES (2873, 'Vedurupalle', 27);
INSERT INTO village (id, name, panchayat_id) VALUES (2874, 'Veerabhupati Agraharam', 27);
INSERT INTO village (id, name, panchayat_id) VALUES (2875, 'Vootamalla', 27);
INSERT INTO village (id, name, panchayat_id) VALUES (2876, 'Yellavaram Dondapeta', 27);
INSERT INTO village (id, name, panchayat_id) VALUES (2877, 'Yerakabhoopati Agraharam', 27);
INSERT INTO village (id, name, panchayat_id) VALUES (2878, 'Yerakampeta', 27);
INSERT INTO village (id, name, panchayat_id) VALUES (2879, 'Zilledipudi', 27);
INSERT INTO mandal (id, name, constituency_id) VALUES (28, 'Paravada', 2);
INSERT INTO panchayat (id, name, mandal_id) VALUES (28, 'Default Panchayat Paravada', 28);
INSERT INTO village (id, name, panchayat_id) VALUES (2880, 'Bharinikam', 28);
INSERT INTO village (id, name, panchayat_id) VALUES (2881, 'Cheepurupalle (East )', 28);
INSERT INTO village (id, name, panchayat_id) VALUES (2882, 'Cheepurupalle (West)', 28);
INSERT INTO village (id, name, panchayat_id) VALUES (2883, 'Donkada', 28);
INSERT INTO village (id, name, panchayat_id) VALUES (2884, 'Edulapaka Bonangi', 28);
INSERT INTO village (id, name, panchayat_id) VALUES (2885, 'Jagannadhapuram Agraharam', 28);
INSERT INTO village (id, name, panchayat_id) VALUES (2886, 'Kalapaka', 28);
INSERT INTO village (id, name, panchayat_id) VALUES (2887, 'Kannuru', 28);
INSERT INTO village (id, name, panchayat_id) VALUES (2888, 'Lankelapalem', 28);
INSERT INTO village (id, name, panchayat_id) VALUES (2889, 'Lemarthi Agraharam', 28);
INSERT INTO village (id, name, panchayat_id) VALUES (2890, 'Mantripalem', 28);
INSERT INTO village (id, name, panchayat_id) VALUES (2891, 'Marripalem', 28);
INSERT INTO village (id, name, panchayat_id) VALUES (2892, 'Matripalem', 28);
INSERT INTO village (id, name, panchayat_id) VALUES (2893, 'Paravada', 28);
INSERT INTO village (id, name, panchayat_id) VALUES (2894, 'Payakarao Bonangi', 28);
INSERT INTO village (id, name, panchayat_id) VALUES (2895, 'Pedamadaka', 28);
INSERT INTO village (id, name, panchayat_id) VALUES (2896, 'Pedamusidivada', 28);
INSERT INTO village (id, name, panchayat_id) VALUES (2897, 'Pentaseema Bonangi', 28);
INSERT INTO village (id, name, panchayat_id) VALUES (2898, 'Pinamadaka', 28);
INSERT INTO village (id, name, panchayat_id) VALUES (2899, 'Ponnuruagraharam', 28);
INSERT INTO village (id, name, panchayat_id) VALUES (2900, 'P Sivarampuram', 28);
INSERT INTO village (id, name, panchayat_id) VALUES (2901, 'Ravada', 28);
INSERT INTO village (id, name, panchayat_id) VALUES (2902, 'Swayambuvaram', 28);
INSERT INTO village (id, name, panchayat_id) VALUES (2903, 'Thadi', 28);
INSERT INTO village (id, name, panchayat_id) VALUES (2904, 'Thanam', 28);
INSERT INTO village (id, name, panchayat_id) VALUES (2905, 'Vennelapalem', 28);
INSERT INTO mandal (id, name, constituency_id) VALUES (29, 'Payakaraopeta', 2);
INSERT INTO panchayat (id, name, mandal_id) VALUES (29, 'Default Panchayat Payakaraopeta', 29);
INSERT INTO village (id, name, panchayat_id) VALUES (2906, 'Aratla Kota', 29);
INSERT INTO village (id, name, panchayat_id) VALUES (2907, 'Edatam', 29);
INSERT INTO village (id, name, panchayat_id) VALUES (2908, 'Gopalapatnam', 29);
INSERT INTO village (id, name, panchayat_id) VALUES (2909, 'Guntapalle', 29);
INSERT INTO village (id, name, panchayat_id) VALUES (2910, 'Kandipudi', 29);
INSERT INTO village (id, name, panchayat_id) VALUES (2911, 'Kesavaram', 29);
INSERT INTO village (id, name, panchayat_id) VALUES (2912, 'Kumarapuram', 29);
INSERT INTO village (id, name, panchayat_id) VALUES (2913, 'Mangavaram', 29);
INSERT INTO village (id, name, panchayat_id) VALUES (2914, 'Masahebpeta', 29);
INSERT INTO village (id, name, panchayat_id) VALUES (2915, 'Namavaram', 29);
INSERT INTO village (id, name, panchayat_id) VALUES (2916, 'Padalavani Laxmipuram', 29);
INSERT INTO village (id, name, panchayat_id) VALUES (2917, 'Palteru', 29);
INSERT INTO village (id, name, panchayat_id) VALUES (2918, 'Payakaraopeta (Ct)', 29);
INSERT INTO village (id, name, panchayat_id) VALUES (2919, 'Pedaramabhadrapuram', 29);
INSERT INTO village (id, name, panchayat_id) VALUES (2920, 'Pentakota', 29);
INSERT INTO village (id, name, panchayat_id) VALUES (2921, 'Rajavaram', 29);
INSERT INTO village (id, name, panchayat_id) VALUES (2922, 'Satyavaram', 29);
INSERT INTO village (id, name, panchayat_id) VALUES (2923, 'S.Narasapuram', 29);
INSERT INTO village (id, name, panchayat_id) VALUES (2924, 'Srirampuram', 29);
INSERT INTO mandal (id, name, constituency_id) VALUES (30, 'Rambilli', 2);
INSERT INTO panchayat (id, name, mandal_id) VALUES (30, 'Default Panchayat Rambilli', 30);
INSERT INTO village (id, name, panchayat_id) VALUES (2925, 'Anandapuram', 30);
INSERT INTO village (id, name, panchayat_id) VALUES (2926, 'Chatametta', 30);
INSERT INTO village (id, name, panchayat_id) VALUES (2927, 'Chebrolu Veerappa Konda', 30);
INSERT INTO village (id, name, panchayat_id) VALUES (2928, 'Dimili', 30);
INSERT INTO village (id, name, panchayat_id) VALUES (2929, 'Gokivada', 30);
INSERT INTO village (id, name, panchayat_id) VALUES (2930, 'Gorapudi', 30);
INSERT INTO village (id, name, panchayat_id) VALUES (2931, 'Gurjapalem', 30);
INSERT INTO village (id, name, panchayat_id) VALUES (2932, 'Haripuram', 30);
INSERT INTO village (id, name, panchayat_id) VALUES (2933, 'Kalavalapalle', 30);
INSERT INTO village (id, name, panchayat_id) VALUES (2934, 'Kattabolu', 30);
INSERT INTO village (id, name, panchayat_id) VALUES (2935, 'Koppingondapalem', 30);
INSERT INTO village (id, name, panchayat_id) VALUES (2936, 'Kothuru', 30);
INSERT INTO village (id, name, panchayat_id) VALUES (2937, 'Krishnampalem', 30);
INSERT INTO village (id, name, panchayat_id) VALUES (2938, 'Kumarapalle', 30);
INSERT INTO village (id, name, panchayat_id) VALUES (2939, 'Lalam Koduru', 30);
INSERT INTO village (id, name, panchayat_id) VALUES (2940, 'Mamidivada', 30);
INSERT INTO village (id, name, panchayat_id) VALUES (2941, 'Manyapuchintuva', 30);
INSERT INTO village (id, name, panchayat_id) VALUES (2942, 'Marripalem', 30);
INSERT INTO village (id, name, panchayat_id) VALUES (2943, 'Moturupalem', 30);
INSERT INTO village (id, name, panchayat_id) VALUES (2944, 'Mulajampa', 30);
INSERT INTO village (id, name, panchayat_id) VALUES (2945, 'Murakada', 30);
INSERT INTO village (id, name, panchayat_id) VALUES (2946, 'Nakkapalem', 30);
INSERT INTO village (id, name, panchayat_id) VALUES (2947, 'Narasapuram', 30);
INSERT INTO village (id, name, panchayat_id) VALUES (2948, 'Panchadarla', 30);
INSERT INTO village (id, name, panchayat_id) VALUES (2949, 'Peda Kalavalapalli', 30);
INSERT INTO village (id, name, panchayat_id) VALUES (2950, 'Pudi', 30);
INSERT INTO village (id, name, panchayat_id) VALUES (2951, 'Rajakoduru', 30);
INSERT INTO village (id, name, panchayat_id) VALUES (2952, 'Rajala', 30);
INSERT INTO village (id, name, panchayat_id) VALUES (2953, 'Rajala Agraharam', 30);
INSERT INTO village (id, name, panchayat_id) VALUES (2954, 'Rambilli', 30);
INSERT INTO village (id, name, panchayat_id) VALUES (2955, 'Sitapalem', 30);
INSERT INTO village (id, name, panchayat_id) VALUES (2956, 'Velchuru', 30);
INSERT INTO village (id, name, panchayat_id) VALUES (2957, 'Vijayarampuram Agraharam', 30);
INSERT INTO village (id, name, panchayat_id) VALUES (2958, 'Zirayati Chintuva', 30);
INSERT INTO mandal (id, name, constituency_id) VALUES (31, 'Ravikamatham', 2);
INSERT INTO panchayat (id, name, mandal_id) VALUES (31, 'Default Panchayat Ravikamatham', 31);
INSERT INTO village (id, name, panchayat_id) VALUES (2959, 'Badanapadu', 31);
INSERT INTO village (id, name, panchayat_id) VALUES (2960, 'Buddibanda', 31);
INSERT INTO village (id, name, panchayat_id) VALUES (2961, 'Chalisingam @ Demudukonda', 31);
INSERT INTO village (id, name, panchayat_id) VALUES (2962, 'Cheemalapadu', 31);
INSERT INTO village (id, name, panchayat_id) VALUES (2963, 'Chinapachila', 31);
INSERT INTO village (id, name, panchayat_id) VALUES (2964, 'Dharmavaram', 31);
INSERT INTO village (id, name, panchayat_id) VALUES (2965, 'Diddi', 31);
INSERT INTO village (id, name, panchayat_id) VALUES (2966, 'Dondapudi', 31);
INSERT INTO village (id, name, panchayat_id) VALUES (2967, 'Garnikam', 31);
INSERT INTO village (id, name, panchayat_id) VALUES (2968, 'Gogamcheedipalle', 31);
INSERT INTO village (id, name, panchayat_id) VALUES (2969, 'Gompa', 31);
INSERT INTO village (id, name, panchayat_id) VALUES (2970, 'Guddipa', 31);
INSERT INTO village (id, name, panchayat_id) VALUES (2971, 'Gudiwada', 31);
INSERT INTO village (id, name, panchayat_id) VALUES (2972, 'Gummallapadu', 31);
INSERT INTO village (id, name, panchayat_id) VALUES (2973, 'Kanada', 31);
INSERT INTO village (id, name, panchayat_id) VALUES (2974, 'Kavagunta', 31);
INSERT INTO village (id, name, panchayat_id) VALUES (2975, 'Komira', 31);
INSERT INTO village (id, name, panchayat_id) VALUES (2976, 'Kothakota', 31);
INSERT INTO village (id, name, panchayat_id) VALUES (2977, 'Kotnabilli', 31);
INSERT INTO village (id, name, panchayat_id) VALUES (2978, 'Krishnabhupala Puram Agraharam', 31);
INSERT INTO village (id, name, panchayat_id) VALUES (2979, 'Machchavanipalem', 31);
INSERT INTO village (id, name, panchayat_id) VALUES (2980, 'Marrivalasa', 31);
INSERT INTO village (id, name, panchayat_id) VALUES (2981, 'Marupaka', 31);
INSERT INTO village (id, name, panchayat_id) VALUES (2982, 'Matsyapuram', 31);
INSERT INTO village (id, name, panchayat_id) VALUES (2983, 'Medivada', 31);
INSERT INTO village (id, name, panchayat_id) VALUES (2984, 'Pedapachila', 31);
INSERT INTO village (id, name, panchayat_id) VALUES (2985, 'Pulakandam Ponavolu', 31);
INSERT INTO village (id, name, panchayat_id) VALUES (2986, 'Ravikamatham', 31);
INSERT INTO village (id, name, panchayat_id) VALUES (2987, 'T.Arjapuram', 31);
INSERT INTO village (id, name, panchayat_id) VALUES (2988, 'Tattabanda', 31);
INSERT INTO village (id, name, panchayat_id) VALUES (2989, 'Totakurapalem', 31);
INSERT INTO village (id, name, panchayat_id) VALUES (2990, 'Z.Bennavaram', 31);
INSERT INTO village (id, name, panchayat_id) VALUES (2991, 'Z.Kothapatnam', 31);
INSERT INTO mandal (id, name, constituency_id) VALUES (32, 'Rolugunta', 2);
INSERT INTO panchayat (id, name, mandal_id) VALUES (32, 'Default Panchayat Rolugunta', 32);
INSERT INTO village (id, name, panchayat_id) VALUES (2992, 'Addasaram', 32);
INSERT INTO village (id, name, panchayat_id) VALUES (2993, 'Arla', 32);
INSERT INTO village (id, name, panchayat_id) VALUES (2994, 'Benna Bhupala Patnam', 32);
INSERT INTO village (id, name, panchayat_id) VALUES (2995, 'Bottavanigaviram Peta', 32);
INSERT INTO village (id, name, panchayat_id) VALUES (2996, 'Butchampeta', 32);
INSERT INTO village (id, name, panchayat_id) VALUES (2997, 'Chintalapudi', 32);
INSERT INTO village (id, name, panchayat_id) VALUES (2998, 'Gangavaram', 32);
INSERT INTO village (id, name, panchayat_id) VALUES (2999, 'Gundubadu', 32);
INSERT INTO village (id, name, panchayat_id) VALUES (3000, 'Gurrampeta', 32);
INSERT INTO village (id, name, panchayat_id) VALUES (3001, 'Jaggampeta', 32);
INSERT INTO village (id, name, panchayat_id) VALUES (3002, 'Janakirampuram Agraharam', 32);
INSERT INTO village (id, name, panchayat_id) VALUES (3003, 'Kanchugummala', 32);
INSERT INTO village (id, name, panchayat_id) VALUES (3004, 'Komaravolu', 32);
INSERT INTO village (id, name, panchayat_id) VALUES (3005, 'Kondapalem', 32);
INSERT INTO village (id, name, panchayat_id) VALUES (3006, 'Konthalam', 32);
INSERT INTO village (id, name, panchayat_id) VALUES (3007, 'Koruprolu', 32);
INSERT INTO village (id, name, panchayat_id) VALUES (3008, 'Kovvuru', 32);
INSERT INTO village (id, name, panchayat_id) VALUES (3009, 'Kusarlapudi', 32);
INSERT INTO village (id, name, panchayat_id) VALUES (3010, 'Losingi', 32);
INSERT INTO village (id, name, panchayat_id) VALUES (3011, 'Mokhasa Kothapatnam', 32);
INSERT INTO village (id, name, panchayat_id) VALUES (3012, 'Nindugonda', 32);
INSERT INTO village (id, name, panchayat_id) VALUES (3013, 'Panasalapadu', 32);
INSERT INTO village (id, name, panchayat_id) VALUES (3014, 'Pedapeta', 32);
INSERT INTO village (id, name, panchayat_id) VALUES (3015, 'Rajannapeta', 32);
INSERT INTO village (id, name, panchayat_id) VALUES (3016, 'Ratnampeta', 32);
INSERT INTO village (id, name, panchayat_id) VALUES (3017, 'Rolugunta', 32);
INSERT INTO village (id, name, panchayat_id) VALUES (3018, 'Sarabavaram', 32);
INSERT INTO village (id, name, panchayat_id) VALUES (3019, 'Vaddippa', 32);
INSERT INTO village (id, name, panchayat_id) VALUES (3020, 'Vedullavalasa', 32);
INSERT INTO village (id, name, panchayat_id) VALUES (3021, 'Yerrabhupalapatnam', 32);
INSERT INTO mandal (id, name, constituency_id) VALUES (33, 'Sabbavaram', 2);
INSERT INTO panchayat (id, name, mandal_id) VALUES (33, 'Default Panchayat Sabbavaram', 33);
INSERT INTO village (id, name, panchayat_id) VALUES (3022, 'Amrutapuram', 33);
INSERT INTO village (id, name, panchayat_id) VALUES (3023, 'Anjanagiri', 33);
INSERT INTO village (id, name, panchayat_id) VALUES (3024, 'Antakapalle', 33);
INSERT INTO village (id, name, panchayat_id) VALUES (3025, 'Aripaka', 33);
INSERT INTO village (id, name, panchayat_id) VALUES (3026, 'Asakapalle', 33);
INSERT INTO village (id, name, panchayat_id) VALUES (3027, 'Ayyannapalem', 33);
INSERT INTO village (id, name, panchayat_id) VALUES (3028, 'Bangarammapalem', 33);
INSERT INTO village (id, name, panchayat_id) VALUES (3029, 'Batajangalapalem', 33);
INSERT INTO village (id, name, panchayat_id) VALUES (3030, 'Boduvalasa', 33);
INSERT INTO village (id, name, panchayat_id) VALUES (3031, 'Chintagatla Agraharam', 33);
INSERT INTO village (id, name, panchayat_id) VALUES (3032, 'Dongalamarri Sitarampuram', 33);
INSERT INTO village (id, name, panchayat_id) VALUES (3033, 'Elluppi', 33);
INSERT INTO village (id, name, panchayat_id) VALUES (3034, 'Gali Bhimavaram', 33);
INSERT INTO village (id, name, panchayat_id) VALUES (3035, 'Gangavaram', 33);
INSERT INTO village (id, name, panchayat_id) VALUES (3036, 'Gollalapalem', 33);
INSERT INTO village (id, name, panchayat_id) VALUES (3037, 'Gotivada', 33);
INSERT INTO village (id, name, panchayat_id) VALUES (3038, 'Gullipalle', 33);
INSERT INTO village (id, name, panchayat_id) VALUES (3039, 'Iruvada', 33);
INSERT INTO village (id, name, panchayat_id) VALUES (3040, 'Lagisettipalem', 33);
INSERT INTO village (id, name, panchayat_id) VALUES (3041, 'Mogalipuram', 33);
INSERT INTO village (id, name, panchayat_id) VALUES (3042, 'Nallaregulapalem', 33);
INSERT INTO village (id, name, panchayat_id) VALUES (3043, 'Nanginarapadu', 33);
INSERT INTO village (id, name, panchayat_id) VALUES (3044, 'Narapadu', 33);
INSERT INTO village (id, name, panchayat_id) VALUES (3045, 'Pydivada', 33);
INSERT INTO village (id, name, panchayat_id) VALUES (3046, 'Pydivada Agraharam', 33);
INSERT INTO village (id, name, panchayat_id) VALUES (3047, 'Rayapuram Agraharam', 33);
INSERT INTO village (id, name, panchayat_id) VALUES (3048, 'Sabbavaram', 33);
INSERT INTO village (id, name, panchayat_id) VALUES (3049, 'Sabbavaram Agraharam', 33);
INSERT INTO village (id, name, panchayat_id) VALUES (3050, 'Sirasapalleadduru', 33);
INSERT INTO village (id, name, panchayat_id) VALUES (3051, 'Tekkalipalem', 33);
INSERT INTO village (id, name, panchayat_id) VALUES (3052, 'Vangali', 33);
INSERT INTO village (id, name, panchayat_id) VALUES (3053, 'Vedullanarava', 33);
INSERT INTO village (id, name, panchayat_id) VALUES (3054, 'Vippakaagraharam', 33);
INSERT INTO village (id, name, panchayat_id) VALUES (3055, 'Yerukunaidupalem', 33);
INSERT INTO mandal (id, name, constituency_id) VALUES (34, 'S.Rayavaram', 2);
INSERT INTO panchayat (id, name, mandal_id) VALUES (34, 'Default Panchayat S.Rayavaram', 34);
INSERT INTO village (id, name, panchayat_id) VALUES (3056, 'Bheemavaram', 34);
INSERT INTO village (id, name, panchayat_id) VALUES (3057, 'Chinagummuluru', 34);
INSERT INTO village (id, name, panchayat_id) VALUES (3058, 'China Uppalam', 34);
INSERT INTO village (id, name, panchayat_id) VALUES (3059, 'Darlapudi', 34);
INSERT INTO village (id, name, panchayat_id) VALUES (3060, 'Dharmavaram Agraharam', 34);
INSERT INTO village (id, name, panchayat_id) VALUES (3061, 'Gudivada', 34);
INSERT INTO village (id, name, panchayat_id) VALUES (3062, 'Janguluruvelampalem', 34);
INSERT INTO village (id, name, panchayat_id) VALUES (3063, 'Karrivanipalem', 34);
INSERT INTO village (id, name, panchayat_id) VALUES (3064, 'Koruprolu', 34);
INSERT INTO village (id, name, panchayat_id) VALUES (3065, 'Lingarajupalem', 34);
INSERT INTO village (id, name, panchayat_id) VALUES (3066, 'Pedagummuluru', 34);
INSERT INTO village (id, name, panchayat_id) VALUES (3067, 'Peda Uppalam', 34);
INSERT INTO village (id, name, panchayat_id) VALUES (3068, 'Penugollu', 34);
INSERT INTO village (id, name, panchayat_id) VALUES (3069, 'Petasudipuram', 34);
INSERT INTO village (id, name, panchayat_id) VALUES (3070, 'Pettugollapalle', 34);
INSERT INTO village (id, name, panchayat_id) VALUES (3071, 'Sarvasiddi', 34);
INSERT INTO village (id, name, panchayat_id) VALUES (3072, 'S.Rayavaram', 34);
INSERT INTO village (id, name, panchayat_id) VALUES (3073, 'Thimmapuram', 34);
INSERT INTO village (id, name, panchayat_id) VALUES (3074, 'Upparapalle', 34);
INSERT INTO village (id, name, panchayat_id) VALUES (3075, 'Vakapadu', 34);
INSERT INTO village (id, name, panchayat_id) VALUES (3076, 'Vemagiri', 34);
INSERT INTO village (id, name, panchayat_id) VALUES (3077, 'Vommavaram', 34);
INSERT INTO mandal (id, name, constituency_id) VALUES (35, 'Yelamanchili', 2);
INSERT INTO panchayat (id, name, mandal_id) VALUES (35, 'Default Panchayat Yelamanchili', 35);
INSERT INTO village (id, name, panchayat_id) VALUES (3078, 'Bayyavaram', 35);
INSERT INTO village (id, name, panchayat_id) VALUES (3079, 'Eti Koppaka', 35);
INSERT INTO village (id, name, panchayat_id) VALUES (3080, 'Gollagunta', 35);
INSERT INTO village (id, name, panchayat_id) VALUES (3081, 'Jampapalem', 35);
INSERT INTO village (id, name, panchayat_id) VALUES (3082, 'Kattupalem', 35);
INSERT INTO village (id, name, panchayat_id) VALUES (3083, 'Kokkirapalle', 35);
INSERT INTO village (id, name, panchayat_id) VALUES (3084, 'Krishnapuram', 35);
INSERT INTO village (id, name, panchayat_id) VALUES (3085, 'Padmanabharaju Peta', 35);
INSERT INTO village (id, name, panchayat_id) VALUES (3086, 'Pedapalli', 35);
INSERT INTO village (id, name, panchayat_id) VALUES (3087, 'Pulaparthi', 35);
INSERT INTO village (id, name, panchayat_id) VALUES (3088, 'Regupalem', 35);
INSERT INTO village (id, name, panchayat_id) VALUES (3089, 'Somilingapalem', 35);
INSERT INTO village (id, name, panchayat_id) VALUES (3090, 'Teruvupalle', 35);
INSERT INTO village (id, name, panchayat_id) VALUES (3091, 'Thurangalapalem', 35);
INSERT INTO village (id, name, panchayat_id) VALUES (3092, 'Yelamanchili (Ct)', 35);
INSERT INTO village (id, name, panchayat_id) VALUES (3093, 'Yerravaram', 35);
INSERT INTO district (id, name, state_id) VALUES (3, 'Ananthapuramu', 1);
INSERT INTO constituency (id, name, district_id, mla_name, mp_name) VALUES (3, 'Default Constituency Ananthapuramu', 3, 'Pending MLA', 'Pending MP');
INSERT INTO mandal (id, name, constituency_id) VALUES (36, 'Anantapur Rural', 3);
INSERT INTO panchayat (id, name, mandal_id) VALUES (36, 'Default Panchayat Anantapur Rural', 36);
INSERT INTO village (id, name, panchayat_id) VALUES (3094, 'Alamuru', 36);
INSERT INTO village (id, name, panchayat_id) VALUES (3095, 'Chiyyedu', 36);
INSERT INTO village (id, name, panchayat_id) VALUES (3096, 'Gollapalle', 36);
INSERT INTO village (id, name, panchayat_id) VALUES (3097, 'Itikalapalle', 36);
INSERT INTO village (id, name, panchayat_id) VALUES (3098, 'Jangalapalle', 36);
INSERT INTO village (id, name, panchayat_id) VALUES (3099, 'Kakkalapalle (Ct)', 36);
INSERT INTO village (id, name, panchayat_id) VALUES (3100, 'Kamarupalle', 36);
INSERT INTO village (id, name, panchayat_id) VALUES (3101, 'Kandakur', 36);
INSERT INTO village (id, name, panchayat_id) VALUES (3102, 'Katiganikalva', 36);
INSERT INTO village (id, name, panchayat_id) VALUES (3103, 'Kodimi', 36);
INSERT INTO village (id, name, panchayat_id) VALUES (3104, 'Kurugunta', 36);
INSERT INTO village (id, name, panchayat_id) VALUES (3105, 'Mannila', 36);
INSERT INTO village (id, name, panchayat_id) VALUES (3106, 'Papampeta (Ct)', 36);
INSERT INTO village (id, name, panchayat_id) VALUES (3107, 'Rachanapalle', 36);
INSERT INTO village (id, name, panchayat_id) VALUES (3108, 'Sajjalakalva', 36);
INSERT INTO village (id, name, panchayat_id) VALUES (3109, 'Somanadoddi', 36);
INSERT INTO village (id, name, panchayat_id) VALUES (3110, 'Thaticherla', 36);
INSERT INTO village (id, name, panchayat_id) VALUES (3111, 'Upparapalle', 36);
INSERT INTO mandal (id, name, constituency_id) VALUES (37, 'Anantapur Urban', 3);
INSERT INTO panchayat (id, name, mandal_id) VALUES (37, 'Default Panchayat Anantapur Urban', 37);
INSERT INTO village (id, name, panchayat_id) VALUES (3112, 'Anantapur (Ct)', 37);
INSERT INTO village (id, name, panchayat_id) VALUES (3113, 'Anantapur Rural', 37);
INSERT INTO village (id, name, panchayat_id) VALUES (3114, 'Narayanapuram (Ct)', 37);
INSERT INTO mandal (id, name, constituency_id) VALUES (38, 'Atmakur', 3);
INSERT INTO panchayat (id, name, mandal_id) VALUES (38, 'Default Panchayat Atmakur', 38);
INSERT INTO village (id, name, panchayat_id) VALUES (3115, 'Atmakur', 38);
INSERT INTO village (id, name, panchayat_id) VALUES (3116, 'Brahmana Yaleru', 38);
INSERT INTO village (id, name, panchayat_id) VALUES (3117, 'Goridindla', 38);
INSERT INTO village (id, name, panchayat_id) VALUES (3118, 'Madigubba', 38);
INSERT INTO village (id, name, panchayat_id) VALUES (3119, 'Padamatiyaleru', 38);
INSERT INTO village (id, name, panchayat_id) VALUES (3120, 'Sanapa', 38);
INSERT INTO village (id, name, panchayat_id) VALUES (3121, 'Talupuru', 38);
INSERT INTO village (id, name, panchayat_id) VALUES (3122, 'Thopudurthi', 38);
INSERT INTO mandal (id, name, constituency_id) VALUES (39, 'Beluguppa', 3);
INSERT INTO panchayat (id, name, mandal_id) VALUES (39, 'Default Panchayat Beluguppa', 39);
INSERT INTO village (id, name, panchayat_id) VALUES (3123, 'Ankampalle', 39);
INSERT INTO village (id, name, panchayat_id) VALUES (3124, 'Avulenna', 39);
INSERT INTO village (id, name, panchayat_id) VALUES (3125, 'Beluguppa', 39);
INSERT INTO village (id, name, panchayat_id) VALUES (3126, 'Budigumma', 39);
INSERT INTO village (id, name, panchayat_id) VALUES (3127, 'Duddekunta', 39);
INSERT INTO village (id, name, panchayat_id) VALUES (3128, 'Gangavaram', 39);
INSERT INTO village (id, name, panchayat_id) VALUES (3129, 'Kalvapalle', 39);
INSERT INTO village (id, name, panchayat_id) VALUES (3130, 'Konampalle', 39);
INSERT INTO village (id, name, panchayat_id) VALUES (3131, 'Narasapuram', 39);
INSERT INTO village (id, name, panchayat_id) VALUES (3132, 'Narinjagundlapalle', 39);
INSERT INTO village (id, name, panchayat_id) VALUES (3133, 'Seerpi', 39);
INSERT INTO village (id, name, panchayat_id) VALUES (3134, 'Sreerangapuram', 39);
INSERT INTO village (id, name, panchayat_id) VALUES (3135, 'Thagguparthy', 39);
INSERT INTO village (id, name, panchayat_id) VALUES (3136, 'Yerragudi', 39);
INSERT INTO mandal (id, name, constituency_id) VALUES (40, 'Bommanahal', 3);
INSERT INTO panchayat (id, name, mandal_id) VALUES (40, 'Default Panchayat Bommanahal', 40);
INSERT INTO village (id, name, panchayat_id) VALUES (3137, 'Bandur', 40);
INSERT INTO village (id, name, panchayat_id) VALUES (3138, 'Bollanaguddam', 40);
INSERT INTO village (id, name, panchayat_id) VALUES (3139, 'Bommanahal', 40);
INSERT INTO village (id, name, panchayat_id) VALUES (3140, 'D.Honnur', 40);
INSERT INTO village (id, name, panchayat_id) VALUES (3141, 'Elanji', 40);
INSERT INTO village (id, name, panchayat_id) VALUES (3142, 'Govindawada', 40);
INSERT INTO village (id, name, panchayat_id) VALUES (3143, 'Haresamudram', 40);
INSERT INTO village (id, name, panchayat_id) VALUES (3144, 'Kalludevanahalli', 40);
INSERT INTO village (id, name, panchayat_id) VALUES (3145, 'Kolaganahalli', 40);
INSERT INTO village (id, name, panchayat_id) VALUES (3146, 'Kuruvalli', 40);
INSERT INTO village (id, name, panchayat_id) VALUES (3147, 'Nemakallu', 40);
INSERT INTO village (id, name, panchayat_id) VALUES (3148, 'Siddarampuram', 40);
INSERT INTO village (id, name, panchayat_id) VALUES (3149, 'Singanahalli', 40);
INSERT INTO village (id, name, panchayat_id) VALUES (3150, 'Sreedharaghattu', 40);
INSERT INTO village (id, name, panchayat_id) VALUES (3151, 'Uddehal', 40);
INSERT INTO village (id, name, panchayat_id) VALUES (3152, 'Untakal', 40);
INSERT INTO mandal (id, name, constituency_id) VALUES (41, 'Brahmasamudram', 3);
INSERT INTO panchayat (id, name, mandal_id) VALUES (41, 'Default Panchayat Brahmasamudram', 41);
INSERT INTO village (id, name, panchayat_id) VALUES (3153, 'Bhairasamudram', 41);
INSERT INTO village (id, name, panchayat_id) VALUES (3154, 'Bhyravanithippa', 41);
INSERT INTO village (id, name, panchayat_id) VALUES (3155, 'Brahmasamudram', 41);
INSERT INTO village (id, name, panchayat_id) VALUES (3156, 'Chelimenahalli', 41);
INSERT INTO village (id, name, panchayat_id) VALUES (3157, 'Eradikera', 41);
INSERT INTO village (id, name, panchayat_id) VALUES (3158, 'Gundiganihalli', 41);
INSERT INTO village (id, name, panchayat_id) VALUES (3159, 'Kannepalle', 41);
INSERT INTO village (id, name, panchayat_id) VALUES (3160, 'Pillalapalle', 41);
INSERT INTO village (id, name, panchayat_id) VALUES (3161, 'Santhekondapuram', 41);
INSERT INTO village (id, name, panchayat_id) VALUES (3162, 'Theetakal', 41);
INSERT INTO village (id, name, panchayat_id) VALUES (3163, 'Vepalaparthy', 41);
INSERT INTO village (id, name, panchayat_id) VALUES (3164, 'West Kodipalle', 41);
INSERT INTO village (id, name, panchayat_id) VALUES (3165, 'Yerrakondapuram', 41);
INSERT INTO mandal (id, name, constituency_id) VALUES (42, 'Bukkaraya Samudram', 3);
INSERT INTO panchayat (id, name, mandal_id) VALUES (42, 'Default Panchayat Bukkaraya Samudram', 42);
INSERT INTO village (id, name, panchayat_id) VALUES (3166, 'Bodiganidoddi', 42);
INSERT INTO village (id, name, panchayat_id) VALUES (3167, 'Bukkarayasamudram', 42);
INSERT INTO village (id, name, panchayat_id) VALUES (3168, 'Chedulla', 42);
INSERT INTO village (id, name, panchayat_id) VALUES (3169, 'Chennampalle', 42);
INSERT INTO village (id, name, panchayat_id) VALUES (3170, 'Chennarayunipalle', 42);
INSERT INTO village (id, name, panchayat_id) VALUES (3171, 'Danduvaripalle', 42);
INSERT INTO village (id, name, panchayat_id) VALUES (3172, 'Govindapalle', 42);
INSERT INTO village (id, name, panchayat_id) VALUES (3173, 'Janthulur', 42);
INSERT INTO village (id, name, panchayat_id) VALUES (3174, 'Kondakinda Agraharam', 42);
INSERT INTO village (id, name, panchayat_id) VALUES (3175, 'Korrapadu', 42);
INSERT INTO village (id, name, panchayat_id) VALUES (3176, 'Podaralla', 42);
INSERT INTO village (id, name, panchayat_id) VALUES (3177, 'Reddipalle', 42);
INSERT INTO village (id, name, panchayat_id) VALUES (3178, 'Siddampeta', 42);
INSERT INTO village (id, name, panchayat_id) VALUES (3179, 'Siddarampuram', 42);
INSERT INTO mandal (id, name, constituency_id) VALUES (43, 'D.Hirehal', 3);
INSERT INTO panchayat (id, name, mandal_id) VALUES (43, 'Default Panchayat D.Hirehal', 43);
INSERT INTO village (id, name, panchayat_id) VALUES (3180, 'D.Hirehal', 43);
INSERT INTO village (id, name, panchayat_id) VALUES (3181, 'Dodagatta', 43);
INSERT INTO village (id, name, panchayat_id) VALUES (3182, 'H.Hossahalli', 43);
INSERT INTO village (id, name, panchayat_id) VALUES (3183, 'Hirdehal', 43);
INSERT INTO village (id, name, panchayat_id) VALUES (3184, 'H.Siddapuram', 43);
INSERT INTO village (id, name, panchayat_id) VALUES (3185, 'Hulikal', 43);
INSERT INTO village (id, name, panchayat_id) VALUES (3186, 'Jajarakal', 43);
INSERT INTO village (id, name, panchayat_id) VALUES (3187, 'Kadalur', 43);
INSERT INTO village (id, name, panchayat_id) VALUES (3188, 'Kudulur', 43);
INSERT INTO village (id, name, panchayat_id) VALUES (3189, 'Lakshmipuram', 43);
INSERT INTO village (id, name, panchayat_id) VALUES (3190, 'Lingamanahalli', 43);
INSERT INTO village (id, name, panchayat_id) VALUES (3191, 'Madenahalli', 43);
INSERT INTO village (id, name, panchayat_id) VALUES (3192, 'Malapanagudi', 43);
INSERT INTO village (id, name, panchayat_id) VALUES (3193, 'Muradi', 43);
INSERT INTO village (id, name, panchayat_id) VALUES (3194, 'Nagalapuram', 43);
INSERT INTO village (id, name, panchayat_id) VALUES (3195, 'Obulapuram', 43);
INSERT INTO village (id, name, panchayat_id) VALUES (3196, 'Pulakurthi', 43);
INSERT INTO village (id, name, panchayat_id) VALUES (3197, 'Somalapuram', 43);
INSERT INTO mandal (id, name, constituency_id) VALUES (44, 'Garladinne', 3);
INSERT INTO panchayat (id, name, mandal_id) VALUES (44, 'Default Panchayat Garladinne', 44);
INSERT INTO village (id, name, panchayat_id) VALUES (3198, 'Ankampeta', 44);
INSERT INTO village (id, name, panchayat_id) VALUES (3199, 'Budedu', 44);
INSERT INTO village (id, name, panchayat_id) VALUES (3200, 'Garladinne', 44);
INSERT INTO village (id, name, panchayat_id) VALUES (3201, 'Illuru', 44);
INSERT INTO village (id, name, panchayat_id) VALUES (3202, 'Jambuladinne', 44);
INSERT INTO village (id, name, panchayat_id) VALUES (3203, 'Kalluru', 44);
INSERT INTO village (id, name, panchayat_id) VALUES (3204, 'Kalluru Agraharam', 44);
INSERT INTO village (id, name, panchayat_id) VALUES (3205, 'Kanampalle', 44);
INSERT INTO village (id, name, panchayat_id) VALUES (3206, 'Kesavapuram', 44);
INSERT INTO village (id, name, panchayat_id) VALUES (3207, 'Koppalakonda', 44);
INSERT INTO village (id, name, panchayat_id) VALUES (3208, 'Kotanka', 44);
INSERT INTO village (id, name, panchayat_id) VALUES (3209, 'Krishnapuram', 44);
INSERT INTO village (id, name, panchayat_id) VALUES (3210, 'Marthadu', 44);
INSERT INTO village (id, name, panchayat_id) VALUES (3211, 'Muntimadugu', 44);
INSERT INTO village (id, name, panchayat_id) VALUES (3212, 'Obulapuram', 44);
INSERT INTO village (id, name, panchayat_id) VALUES (3213, 'Penakacherla', 44);
INSERT INTO village (id, name, panchayat_id) VALUES (3214, 'Sirivaram', 44);
INSERT INTO village (id, name, panchayat_id) VALUES (3215, 'Yerraguntla', 44);
INSERT INTO mandal (id, name, constituency_id) VALUES (45, 'Gooty', 3);
INSERT INTO panchayat (id, name, mandal_id) VALUES (45, 'Default Panchayat Gooty', 45);
INSERT INTO village (id, name, panchayat_id) VALUES (3216, 'Abbedoddi', 45);
INSERT INTO village (id, name, panchayat_id) VALUES (3217, 'Aniganidoddi', 45);
INSERT INTO village (id, name, panchayat_id) VALUES (3218, 'Basinepalle', 45);
INSERT INTO village (id, name, panchayat_id) VALUES (3219, 'Bethapalle', 45);
INSERT INTO village (id, name, panchayat_id) VALUES (3220, 'Brahmanapalle', 45);
INSERT INTO village (id, name, panchayat_id) VALUES (3221, 'Chetnepalli', 45);
INSERT INTO village (id, name, panchayat_id) VALUES (3222, 'Dharmapuram', 45);
INSERT INTO village (id, name, panchayat_id) VALUES (3223, 'Engilibanda', 45);
INSERT INTO village (id, name, panchayat_id) VALUES (3224, 'Erragudi', 45);
INSERT INTO village (id, name, panchayat_id) VALUES (3225, 'Eswarapalle', 45);
INSERT INTO village (id, name, panchayat_id) VALUES (3226, 'Gooty (Ct)', 45);
INSERT INTO village (id, name, panchayat_id) VALUES (3227, 'Gooty (Rural)', 45);
INSERT INTO village (id, name, panchayat_id) VALUES (3228, 'Jakkalacheruvu', 45);
INSERT INTO village (id, name, panchayat_id) VALUES (3229, 'Karadikonda', 45);
INSERT INTO village (id, name, panchayat_id) VALUES (3230, 'Kojjepalle', 45);
INSERT INTO village (id, name, panchayat_id) VALUES (3231, 'Kothapeta', 45);
INSERT INTO village (id, name, panchayat_id) VALUES (3232, 'Mamadur', 45);
INSERT INTO village (id, name, panchayat_id) VALUES (3233, 'Marnepalle', 45);
INSERT INTO village (id, name, panchayat_id) VALUES (3234, 'Peddoddi', 45);
INSERT INTO village (id, name, panchayat_id) VALUES (3235, 'Rajapuram', 45);
INSERT INTO village (id, name, panchayat_id) VALUES (3236, 'Thondapadu', 45);
INSERT INTO village (id, name, panchayat_id) VALUES (3237, 'Turakapalle', 45);
INSERT INTO village (id, name, panchayat_id) VALUES (3238, 'Ubicherla', 45);
INSERT INTO village (id, name, panchayat_id) VALUES (3239, 'Utakallu', 45);
INSERT INTO mandal (id, name, constituency_id) VALUES (46, 'Gummagatta', 3);
INSERT INTO panchayat (id, name, mandal_id) VALUES (46, 'Default Panchayat Gummagatta', 46);
INSERT INTO village (id, name, panchayat_id) VALUES (3240, 'Belodu', 46);
INSERT INTO village (id, name, panchayat_id) VALUES (3241, 'Bhupasamudram', 46);
INSERT INTO village (id, name, panchayat_id) VALUES (3242, 'Galagala', 46);
INSERT INTO village (id, name, panchayat_id) VALUES (3243, 'Gollapalle', 46);
INSERT INTO village (id, name, panchayat_id) VALUES (3244, 'Gummagatta', 46);
INSERT INTO village (id, name, panchayat_id) VALUES (3245, 'Kalugodu', 46);
INSERT INTO village (id, name, panchayat_id) VALUES (3246, 'Pulakunta', 46);
INSERT INTO village (id, name, panchayat_id) VALUES (3247, 'Rangasamudram', 46);
INSERT INTO village (id, name, panchayat_id) VALUES (3248, 'S.Hosahalli', 46);
INSERT INTO village (id, name, panchayat_id) VALUES (3249, 'Tallakera', 46);
INSERT INTO village (id, name, panchayat_id) VALUES (3250, 'Veerapuram', 46);
INSERT INTO mandal (id, name, constituency_id) VALUES (47, 'Guntakal', 3);
INSERT INTO panchayat (id, name, mandal_id) VALUES (47, 'Default Panchayat Guntakal', 47);
INSERT INTO village (id, name, panchayat_id) VALUES (3251, 'Ameenpalle', 47);
INSERT INTO village (id, name, panchayat_id) VALUES (3252, 'Ayyavaripalle', 47);
INSERT INTO village (id, name, panchayat_id) VALUES (3253, 'Dancherla', 47);
INSERT INTO village (id, name, panchayat_id) VALUES (3254, 'Donimukkala', 47);
INSERT INTO village (id, name, panchayat_id) VALUES (3255, 'Dosaludiki', 47);
INSERT INTO village (id, name, panchayat_id) VALUES (3256, 'Gundala', 47);
INSERT INTO village (id, name, panchayat_id) VALUES (3257, 'Guntakal (R)', 47);
INSERT INTO village (id, name, panchayat_id) VALUES (3258, 'Kasapuram', 47);
INSERT INTO village (id, name, panchayat_id) VALUES (3259, 'Konganapalle', 47);
INSERT INTO village (id, name, panchayat_id) VALUES (3260, 'Nagasamudram', 47);
INSERT INTO village (id, name, panchayat_id) VALUES (3261, 'Nakkanadoddi', 47);
INSERT INTO village (id, name, panchayat_id) VALUES (3262, 'Nelagonda', 47);
INSERT INTO village (id, name, panchayat_id) VALUES (3263, 'Obulapuram', 47);
INSERT INTO village (id, name, panchayat_id) VALUES (3264, 'Patha Kothachervu', 47);
INSERT INTO village (id, name, panchayat_id) VALUES (3265, 'Sangala', 47);
INSERT INTO village (id, name, panchayat_id) VALUES (3266, 'Sankarabanda', 47);
INSERT INTO village (id, name, panchayat_id) VALUES (3267, 'Thimmanacherla', 47);
INSERT INTO village (id, name, panchayat_id) VALUES (3268, 'Thimmapuram', 47);
INSERT INTO village (id, name, panchayat_id) VALUES (3269, 'Yerrathimmarayachervu', 47);
INSERT INTO mandal (id, name, constituency_id) VALUES (48, 'Kalyanadurg', 3);
INSERT INTO panchayat (id, name, mandal_id) VALUES (48, 'Default Panchayat Kalyanadurg', 48);
INSERT INTO village (id, name, panchayat_id) VALUES (3270, 'Bedrahalli', 48);
INSERT INTO village (id, name, panchayat_id) VALUES (3271, 'Chapiri', 48);
INSERT INTO village (id, name, panchayat_id) VALUES (3272, 'Duradakunta', 48);
INSERT INTO village (id, name, panchayat_id) VALUES (3273, 'East Kodipalle', 48);
INSERT INTO village (id, name, panchayat_id) VALUES (3274, 'Garudapuram', 48);
INSERT INTO village (id, name, panchayat_id) VALUES (3275, 'Golla', 48);
INSERT INTO village (id, name, panchayat_id) VALUES (3276, 'Hulikal', 48);
INSERT INTO village (id, name, panchayat_id) VALUES (3277, 'Kalyandurg (Ct)', 48);
INSERT INTO village (id, name, panchayat_id) VALUES (3278, 'Kalyandurg (Rural)', 48);
INSERT INTO village (id, name, panchayat_id) VALUES (3279, 'Kurubarahalli', 48);
INSERT INTO village (id, name, panchayat_id) VALUES (3280, 'Manirevu', 48);
INSERT INTO village (id, name, panchayat_id) VALUES (3281, 'Muddinayanapalle', 48);
INSERT INTO village (id, name, panchayat_id) VALUES (3282, 'Mudigal', 48);
INSERT INTO village (id, name, panchayat_id) VALUES (3283, 'Palavoy', 48);
INSERT INTO village (id, name, panchayat_id) VALUES (3284, 'Thimmasamudram', 48);
INSERT INTO village (id, name, panchayat_id) VALUES (3285, 'Varli', 48);
INSERT INTO mandal (id, name, constituency_id) VALUES (49, 'Kambadur', 3);
INSERT INTO panchayat (id, name, mandal_id) VALUES (49, 'Default Panchayat Kambadur', 49);
INSERT INTO village (id, name, panchayat_id) VALUES (3286, 'Chennampalle', 49);
INSERT INTO village (id, name, panchayat_id) VALUES (3287, 'Gulyam', 49);
INSERT INTO village (id, name, panchayat_id) VALUES (3288, 'Kambadur', 49);
INSERT INTO village (id, name, panchayat_id) VALUES (3289, 'Karthanaparthi', 49);
INSERT INTO village (id, name, panchayat_id) VALUES (3290, 'Kurakulapalle', 49);
INSERT INTO village (id, name, panchayat_id) VALUES (3291, 'Mulakanur', 49);
INSERT INTO village (id, name, panchayat_id) VALUES (3292, 'Nuthimadugu', 49);
INSERT INTO village (id, name, panchayat_id) VALUES (3293, 'Pallur', 49);
INSERT INTO village (id, name, panchayat_id) VALUES (3294, 'Ralla Anantapuram', 49);
INSERT INTO village (id, name, panchayat_id) VALUES (3295, 'Rallapalle', 49);
INSERT INTO village (id, name, panchayat_id) VALUES (3296, 'Ramapuram', 49);
INSERT INTO village (id, name, panchayat_id) VALUES (3297, 'Thimmapuram', 49);
INSERT INTO mandal (id, name, constituency_id) VALUES (50, 'Kanekal', 3);
INSERT INTO panchayat (id, name, mandal_id) VALUES (50, 'Default Panchayat Kanekal', 50);
INSERT INTO village (id, name, panchayat_id) VALUES (3298, 'Bennikal', 50);
INSERT INTO village (id, name, panchayat_id) VALUES (3299, 'Bidurukontham', 50);
INSERT INTO village (id, name, panchayat_id) VALUES (3300, 'Brahmasamudram', 50);
INSERT INTO village (id, name, panchayat_id) VALUES (3301, 'Ganigera', 50);
INSERT INTO village (id, name, panchayat_id) VALUES (3302, 'Garudachedu', 50);
INSERT INTO village (id, name, panchayat_id) VALUES (3303, 'Hanakanahal', 50);
INSERT INTO village (id, name, panchayat_id) VALUES (3304, 'Hulikera', 50);
INSERT INTO village (id, name, panchayat_id) VALUES (3305, 'Kalekurthi', 50);
INSERT INTO village (id, name, panchayat_id) VALUES (3306, 'Kanekal', 50);
INSERT INTO village (id, name, panchayat_id) VALUES (3307, 'Malyam', 50);
INSERT INTO village (id, name, panchayat_id) VALUES (3308, 'Meenahalli', 50);
INSERT INTO village (id, name, panchayat_id) VALUES (3309, 'N.Hanumapuram', 50);
INSERT INTO village (id, name, panchayat_id) VALUES (3310, 'Ratchumarri', 50);
INSERT INTO village (id, name, panchayat_id) VALUES (3311, 'Sollapuram', 50);
INSERT INTO village (id, name, panchayat_id) VALUES (3312, 'Thumbiganur', 50);
INSERT INTO village (id, name, panchayat_id) VALUES (3313, 'Udegolam', 50);
INSERT INTO village (id, name, panchayat_id) VALUES (3314, 'Yerragunta', 50);
INSERT INTO mandal (id, name, constituency_id) VALUES (51, 'Kudair', 3);
INSERT INTO panchayat (id, name, mandal_id) VALUES (51, 'Default Panchayat Kudair', 51);
INSERT INTO village (id, name, panchayat_id) VALUES (3315, 'Brahmanapalle', 51);
INSERT INTO village (id, name, panchayat_id) VALUES (3316, 'Cholasamudram', 51);
INSERT INTO village (id, name, panchayat_id) VALUES (3317, 'Gotukur', 51);
INSERT INTO village (id, name, panchayat_id) VALUES (3318, 'Ipperu', 51);
INSERT INTO village (id, name, panchayat_id) VALUES (3319, 'Jayapuram', 51);
INSERT INTO village (id, name, panchayat_id) VALUES (3320, 'Kalagalla', 51);
INSERT INTO village (id, name, panchayat_id) VALUES (3321, 'Kamuru', 51);
INSERT INTO village (id, name, panchayat_id) VALUES (3322, 'Korrakodu', 51);
INSERT INTO village (id, name, panchayat_id) VALUES (3323, 'Kudair', 51);
INSERT INTO village (id, name, panchayat_id) VALUES (3324, 'Marutla', 51);
INSERT INTO village (id, name, panchayat_id) VALUES (3325, 'Mavinamardhanahalli', 51);
INSERT INTO village (id, name, panchayat_id) VALUES (3326, 'Thimmapuram', 51);
INSERT INTO village (id, name, panchayat_id) VALUES (3327, 'Udiripikonda', 51);
INSERT INTO mandal (id, name, constituency_id) VALUES (52, 'Kundurpi', 3);
INSERT INTO panchayat (id, name, mandal_id) VALUES (52, 'Default Panchayat Kundurpi', 52);
INSERT INTO village (id, name, panchayat_id) VALUES (3328, 'Appilepalle', 52);
INSERT INTO village (id, name, panchayat_id) VALUES (3329, 'Basapuram', 52);
INSERT INTO village (id, name, panchayat_id) VALUES (3330, 'Bestharapalle', 52);
INSERT INTO village (id, name, panchayat_id) VALUES (3331, 'Jambugumpala', 52);
INSERT INTO village (id, name, panchayat_id) VALUES (3332, 'Kariganipalle', 52);
INSERT INTO village (id, name, panchayat_id) VALUES (3333, 'Kundurpi', 52);
INSERT INTO village (id, name, panchayat_id) VALUES (3334, 'Malayanur', 52);
INSERT INTO village (id, name, panchayat_id) VALUES (3335, 'Nijavalli', 52);
INSERT INTO village (id, name, panchayat_id) VALUES (3336, 'S.Mallapuram', 52);
INSERT INTO village (id, name, panchayat_id) VALUES (3337, 'Yenumaladoddi', 52);
INSERT INTO mandal (id, name, constituency_id) VALUES (53, 'Narpala', 3);
INSERT INTO panchayat (id, name, mandal_id) VALUES (53, 'Default Panchayat Narpala', 53);
INSERT INTO village (id, name, panchayat_id) VALUES (3338, 'Bandlapalle', 53);
INSERT INTO village (id, name, panchayat_id) VALUES (3339, 'Bondalawada', 53);
INSERT INTO village (id, name, panchayat_id) VALUES (3340, 'B.Pappuru', 53);
INSERT INTO village (id, name, panchayat_id) VALUES (3341, 'Chamaluru', 53);
INSERT INTO village (id, name, panchayat_id) VALUES (3342, 'Duggumarri', 53);
INSERT INTO village (id, name, panchayat_id) VALUES (3343, 'Durgam', 53);
INSERT INTO village (id, name, panchayat_id) VALUES (3344, 'Gugudu', 53);
INSERT INTO village (id, name, panchayat_id) VALUES (3345, 'Haveli Sodanapalle', 53);
INSERT INTO village (id, name, panchayat_id) VALUES (3346, 'Nadimidoddi', 53);
INSERT INTO village (id, name, panchayat_id) VALUES (3347, 'Narpala', 53);
INSERT INTO village (id, name, panchayat_id) VALUES (3348, 'Siddaracherla', 53);
INSERT INTO village (id, name, panchayat_id) VALUES (3349, 'Venkatampalle', 53);
INSERT INTO mandal (id, name, constituency_id) VALUES (54, 'Pamidi', 3);
INSERT INTO panchayat (id, name, mandal_id) VALUES (54, 'Default Panchayat Pamidi', 54);
INSERT INTO village (id, name, panchayat_id) VALUES (3350, 'Akkajampalle', 54);
INSERT INTO village (id, name, panchayat_id) VALUES (3351, 'Anumpalle', 54);
INSERT INTO village (id, name, panchayat_id) VALUES (3352, 'Appajipeta', 54);
INSERT INTO village (id, name, panchayat_id) VALUES (3353, 'Devarapalle', 54);
INSERT INTO village (id, name, panchayat_id) VALUES (3354, 'Eddulapalle', 54);
INSERT INTO village (id, name, panchayat_id) VALUES (3355, 'Edurur', 54);
INSERT INTO village (id, name, panchayat_id) VALUES (3356, 'Gajarampalle', 54);
INSERT INTO village (id, name, panchayat_id) VALUES (3357, 'Gulimikondla @ G.Kottala', 54);
INSERT INTO village (id, name, panchayat_id) VALUES (3358, 'Kalapuram', 54);
INSERT INTO village (id, name, panchayat_id) VALUES (3359, 'Kandlapalle', 54);
INSERT INTO village (id, name, panchayat_id) VALUES (3360, 'Katrimala', 54);
INSERT INTO village (id, name, panchayat_id) VALUES (3361, 'Khadarpeta', 54);
INSERT INTO village (id, name, panchayat_id) VALUES (3362, 'Neelur', 54);
INSERT INTO village (id, name, panchayat_id) VALUES (3363, 'Nemallapalle', 54);
INSERT INTO village (id, name, panchayat_id) VALUES (3364, 'Palyam', 54);
INSERT INTO village (id, name, panchayat_id) VALUES (3365, 'Pamidi', 54);
INSERT INTO village (id, name, panchayat_id) VALUES (3366, 'Pogarur', 54);
INSERT INTO village (id, name, panchayat_id) VALUES (3367, 'Ramagiri', 54);
INSERT INTO village (id, name, panchayat_id) VALUES (3368, 'Ramarajupalle', 54);
INSERT INTO village (id, name, panchayat_id) VALUES (3369, 'Sorakayalapeta', 54);
INSERT INTO village (id, name, panchayat_id) VALUES (3370, 'Thamballapalle', 54);
INSERT INTO village (id, name, panchayat_id) VALUES (3371, 'Vankarajukalva', 54);
INSERT INTO mandal (id, name, constituency_id) VALUES (55, 'Peddapappur', 3);
INSERT INTO panchayat (id, name, mandal_id) VALUES (55, 'Default Panchayat Peddapappur', 55);
INSERT INTO village (id, name, panchayat_id) VALUES (3372, 'Amalladinne', 55);
INSERT INTO village (id, name, panchayat_id) VALUES (3373, 'Athiralladinne', 55);
INSERT INTO village (id, name, panchayat_id) VALUES (3374, 'Chagallu', 55);
INSERT INTO village (id, name, panchayat_id) VALUES (3375, 'Chinnayakkaluru', 55);
INSERT INTO village (id, name, panchayat_id) VALUES (3376, 'Devanuppalapadu', 55);
INSERT INTO village (id, name, panchayat_id) VALUES (3377, 'Dharmapuram', 55);
INSERT INTO village (id, name, panchayat_id) VALUES (3378, 'Garladinne', 55);
INSERT INTO village (id, name, panchayat_id) VALUES (3379, 'Jodidharmapuram', 55);
INSERT INTO village (id, name, panchayat_id) VALUES (3380, 'Jutur', 55);
INSERT INTO village (id, name, panchayat_id) VALUES (3381, 'Kummetha', 55);
INSERT INTO village (id, name, panchayat_id) VALUES (3382, 'Muchukota', 55);
INSERT INTO village (id, name, panchayat_id) VALUES (3383, 'Narasapuram', 55);
INSERT INTO village (id, name, panchayat_id) VALUES (3384, 'Pasalur', 55);
INSERT INTO village (id, name, panchayat_id) VALUES (3385, 'Peddapappur', 55);
INSERT INTO village (id, name, panchayat_id) VALUES (3386, 'Peddayakkaluru', 55);
INSERT INTO village (id, name, panchayat_id) VALUES (3387, 'Pendekallu', 55);
INSERT INTO village (id, name, panchayat_id) VALUES (3388, 'Tabjula', 55);
INSERT INTO mandal (id, name, constituency_id) VALUES (56, 'Peddavaduguru', 3);
INSERT INTO panchayat (id, name, mandal_id) VALUES (56, 'Default Panchayat Peddavaduguru', 56);
INSERT INTO village (id, name, panchayat_id) VALUES (3389, 'Appecherla', 56);
INSERT INTO village (id, name, panchayat_id) VALUES (3390, 'Avulampalle', 56);
INSERT INTO village (id, name, panchayat_id) VALUES (3391, 'Chinnavadugur', 56);
INSERT INTO village (id, name, panchayat_id) VALUES (3392, 'Chintacheruvu', 56);
INSERT INTO village (id, name, panchayat_id) VALUES (3393, 'Chitrachedu', 56);
INSERT INTO village (id, name, panchayat_id) VALUES (3394, 'Chitturu', 56);
INSERT INTO village (id, name, panchayat_id) VALUES (3395, 'Dimmagudi', 56);
INSERT INTO village (id, name, panchayat_id) VALUES (3396, 'Gooty Ananta Puram', 56);
INSERT INTO village (id, name, panchayat_id) VALUES (3397, 'G. Venkatampalle', 56);
INSERT INTO village (id, name, panchayat_id) VALUES (3398, 'Kandlaguduru', 56);
INSERT INTO village (id, name, panchayat_id) VALUES (3399, 'Konapuram', 56);
INSERT INTO village (id, name, panchayat_id) VALUES (3400, 'Konduru', 56);
INSERT INTO village (id, name, panchayat_id) VALUES (3401, 'Kristipadu', 56);
INSERT INTO village (id, name, panchayat_id) VALUES (3402, 'Mallenipalle', 56);
INSERT INTO village (id, name, panchayat_id) VALUES (3403, 'Medimakulapalle', 56);
INSERT INTO village (id, name, panchayat_id) VALUES (3404, 'Miduthuru', 56);
INSERT INTO village (id, name, panchayat_id) VALUES (3405, 'Molakathalla', 56);
INSERT INTO village (id, name, panchayat_id) VALUES (3406, 'Muppalagutti', 56);
INSERT INTO village (id, name, panchayat_id) VALUES (3407, 'Nagalapuram', 56);
INSERT INTO village (id, name, panchayat_id) VALUES (3408, 'Peddavadugur', 56);
INSERT INTO village (id, name, panchayat_id) VALUES (3409, 'Penakalapadu', 56);
INSERT INTO village (id, name, panchayat_id) VALUES (3410, 'Ravuludiki', 56);
INSERT INTO village (id, name, panchayat_id) VALUES (3411, 'Teliki', 56);
INSERT INTO village (id, name, panchayat_id) VALUES (3412, 'Virupapuram', 56);
INSERT INTO mandal (id, name, constituency_id) VALUES (57, 'Putlur', 3);
INSERT INTO panchayat (id, name, mandal_id) VALUES (57, 'Default Panchayat Putlur', 57);
INSERT INTO village (id, name, panchayat_id) VALUES (3413, 'Arakativemula', 57);
INSERT INTO village (id, name, panchayat_id) VALUES (3414, 'Chalavemula', 57);
INSERT INTO village (id, name, panchayat_id) VALUES (3415, 'Cherlopalli', 57);
INSERT INTO village (id, name, panchayat_id) VALUES (3416, 'Chinnamallepalle', 57);
INSERT INTO village (id, name, panchayat_id) VALUES (3417, 'Chintakunta', 57);
INSERT INTO village (id, name, panchayat_id) VALUES (3418, 'Chintalapalle', 57);
INSERT INTO village (id, name, panchayat_id) VALUES (3419, 'Dosaledu', 57);
INSERT INTO village (id, name, panchayat_id) VALUES (3420, 'Ellutla', 57);
INSERT INTO village (id, name, panchayat_id) VALUES (3421, 'Gandlapadu', 57);
INSERT INTO village (id, name, panchayat_id) VALUES (3422, 'Kadavakallu', 57);
INSERT INTO village (id, name, panchayat_id) VALUES (3423, 'Kandikapula', 57);
INSERT INTO village (id, name, panchayat_id) VALUES (3424, 'Komatikuntla', 57);
INSERT INTO village (id, name, panchayat_id) VALUES (3425, 'Kummanamala', 57);
INSERT INTO village (id, name, panchayat_id) VALUES (3426, 'Madugupalle', 57);
INSERT INTO village (id, name, panchayat_id) VALUES (3427, 'Putlur', 57);
INSERT INTO village (id, name, panchayat_id) VALUES (3428, 'Sanagalaguduru', 57);
INSERT INTO village (id, name, panchayat_id) VALUES (3429, 'Surepalli', 57);
INSERT INTO mandal (id, name, constituency_id) VALUES (58, 'Rapthadu', 3);
INSERT INTO panchayat (id, name, mandal_id) VALUES (58, 'Default Panchayat Rapthadu', 58);
INSERT INTO village (id, name, panchayat_id) VALUES (3430, 'Bandameedapalle', 58);
INSERT INTO village (id, name, panchayat_id) VALUES (3431, 'Bommaparthy', 58);
INSERT INTO village (id, name, panchayat_id) VALUES (3432, 'Bukkacherla', 58);
INSERT INTO village (id, name, panchayat_id) VALUES (3433, 'Gandlaparthi', 58);
INSERT INTO village (id, name, panchayat_id) VALUES (3434, 'Gangulakunta', 58);
INSERT INTO village (id, name, panchayat_id) VALUES (3435, 'Gondireddipalle', 58);
INSERT INTO village (id, name, panchayat_id) VALUES (3436, 'Hampapuram', 58);
INSERT INTO village (id, name, panchayat_id) VALUES (3437, 'Maroor', 58);
INSERT INTO village (id, name, panchayat_id) VALUES (3438, 'Palacherla', 58);
INSERT INTO village (id, name, panchayat_id) VALUES (3439, 'Raptadu (Part)', 58);
INSERT INTO village (id, name, panchayat_id) VALUES (3440, 'Yerragunta', 58);
INSERT INTO mandal (id, name, constituency_id) VALUES (59, 'Rayadurg', 3);
INSERT INTO panchayat (id, name, mandal_id) VALUES (59, 'Default Panchayat Rayadurg', 59);
INSERT INTO village (id, name, panchayat_id) VALUES (3441, 'Avuladatla', 59);
INSERT INTO village (id, name, panchayat_id) VALUES (3442, 'Baginayakana Halli', 59);
INSERT INTO village (id, name, panchayat_id) VALUES (3443, 'Bondankal', 59);
INSERT INTO village (id, name, panchayat_id) VALUES (3444, 'Chadam', 59);
INSERT INTO village (id, name, panchayat_id) VALUES (3445, 'D.Kondapuram', 59);
INSERT INTO village (id, name, panchayat_id) VALUES (3446, 'Gramadatla', 59);
INSERT INTO village (id, name, panchayat_id) VALUES (3447, 'Junjurampalle', 59);
INSERT INTO village (id, name, panchayat_id) VALUES (3448, 'Kontanapalli', 59);
INSERT INTO village (id, name, panchayat_id) VALUES (3449, 'Mallapuram', 59);
INSERT INTO village (id, name, panchayat_id) VALUES (3450, 'Mechiri', 59);
INSERT INTO village (id, name, panchayat_id) VALUES (3451, 'Nagireddipalle', 59);
INSERT INTO village (id, name, panchayat_id) VALUES (3452, 'Rayadurgam', 59);
INSERT INTO village (id, name, panchayat_id) VALUES (3453, 'Udegolam', 59);
INSERT INTO village (id, name, panchayat_id) VALUES (3454, 'Vadrahonnur', 59);
INSERT INTO village (id, name, panchayat_id) VALUES (3455, 'Veparalla', 59);
INSERT INTO mandal (id, name, constituency_id) VALUES (60, 'Settur', 3);
INSERT INTO panchayat (id, name, mandal_id) VALUES (60, 'Default Panchayat Settur', 60);
INSERT INTO village (id, name, panchayat_id) VALUES (3456, 'Adivigollapalle', 60);
INSERT INTO village (id, name, panchayat_id) VALUES (3457, 'Ayyagarlapalle', 60);
INSERT INTO village (id, name, panchayat_id) VALUES (3458, 'Bachchupalle', 60);
INSERT INTO village (id, name, panchayat_id) VALUES (3459, 'Chintarlapalle', 60);
INSERT INTO village (id, name, panchayat_id) VALUES (3460, 'Kamthanahalli', 60);
INSERT INTO village (id, name, panchayat_id) VALUES (3461, 'Khairevu', 60);
INSERT INTO village (id, name, panchayat_id) VALUES (3462, 'Lakshmanpalle', 60);
INSERT INTO village (id, name, panchayat_id) VALUES (3463, 'Mulakaledu', 60);
INSERT INTO village (id, name, panchayat_id) VALUES (3464, 'Settur', 60);
INSERT INTO village (id, name, panchayat_id) VALUES (3465, 'Yatakal', 60);
INSERT INTO mandal (id, name, constituency_id) VALUES (61, 'Singanamala', 3);
INSERT INTO panchayat (id, name, mandal_id) VALUES (61, 'Default Panchayat Singanamala', 61);
INSERT INTO village (id, name, panchayat_id) VALUES (3466, 'Akuledu', 61);
INSERT INTO village (id, name, panchayat_id) VALUES (3467, 'Anandaraopeta', 61);
INSERT INTO village (id, name, panchayat_id) VALUES (3468, 'Buddepalle', 61);
INSERT INTO village (id, name, panchayat_id) VALUES (3469, 'Chakrayapeta', 61);
INSERT INTO village (id, name, panchayat_id) VALUES (3470, 'Cheelapalle', 61);
INSERT INTO village (id, name, panchayat_id) VALUES (3471, 'Chennavaram', 61);
INSERT INTO village (id, name, panchayat_id) VALUES (3472, 'Joolakalva', 61);
INSERT INTO village (id, name, panchayat_id) VALUES (3473, 'Kallumadi', 61);
INSERT INTO village (id, name, panchayat_id) VALUES (3474, 'Karnatakampalle', 61);
INSERT INTO village (id, name, panchayat_id) VALUES (3475, 'Korivipalle', 61);
INSERT INTO village (id, name, panchayat_id) VALUES (3476, 'Lolur', 61);
INSERT INTO village (id, name, panchayat_id) VALUES (3477, 'Matlagondi', 61);
INSERT INTO village (id, name, panchayat_id) VALUES (3478, 'Narsapuram', 61);
INSERT INTO village (id, name, panchayat_id) VALUES (3479, 'Nidhanawada', 61);
INSERT INTO village (id, name, panchayat_id) VALUES (3480, 'Peddajalalpuram', 61);
INSERT INTO village (id, name, panchayat_id) VALUES (3481, 'Peravali', 61);
INSERT INTO village (id, name, panchayat_id) VALUES (3482, 'Rachepalle', 61);
INSERT INTO village (id, name, panchayat_id) VALUES (3483, 'Salakamcheruvu', 61);
INSERT INTO village (id, name, panchayat_id) VALUES (3484, 'Singanamala', 61);
INSERT INTO village (id, name, panchayat_id) VALUES (3485, 'Sodanapalle', 61);
INSERT INTO village (id, name, panchayat_id) VALUES (3486, 'Tarimela', 61);
INSERT INTO village (id, name, panchayat_id) VALUES (3487, 'Ullikallu', 61);
INSERT INTO mandal (id, name, constituency_id) VALUES (62, 'Tadipatri', 3);
INSERT INTO panchayat (id, name, mandal_id) VALUES (62, 'Default Panchayat Tadipatri', 62);
INSERT INTO village (id, name, panchayat_id) VALUES (3488, 'Alur', 62);
INSERT INTO village (id, name, panchayat_id) VALUES (3489, 'Bhogasamudram', 62);
INSERT INTO village (id, name, panchayat_id) VALUES (3490, 'Bodaipalle', 62);
INSERT INTO village (id, name, panchayat_id) VALUES (3491, 'Bondaladinne', 62);
INSERT INTO village (id, name, panchayat_id) VALUES (3492, 'Brahmanapalle', 62);
INSERT INTO village (id, name, panchayat_id) VALUES (3493, 'Challavaripalle', 62);
INSERT INTO village (id, name, panchayat_id) VALUES (3494, 'Chinnapolamada', 62);
INSERT INTO village (id, name, panchayat_id) VALUES (3495, 'Chukkalur', 62);
INSERT INTO village (id, name, panchayat_id) VALUES (3496, 'Diguvapalle', 62);
INSERT INTO village (id, name, panchayat_id) VALUES (3497, 'Gangadevipalle', 62);
INSERT INTO village (id, name, panchayat_id) VALUES (3498, 'Husenapuram', 62);
INSERT INTO village (id, name, panchayat_id) VALUES (3499, 'Igudur', 62);
INSERT INTO village (id, name, panchayat_id) VALUES (3500, 'Jambulapadu', 62);
INSERT INTO village (id, name, panchayat_id) VALUES (3501, 'Kaverisamudram', 62);
INSERT INTO village (id, name, panchayat_id) VALUES (3502, 'Komali', 62);
INSERT INTO village (id, name, panchayat_id) VALUES (3503, 'Nandalapadu (R)', 62);
INSERT INTO village (id, name, panchayat_id) VALUES (3504, 'Peddapolamada', 62);
INSERT INTO village (id, name, panchayat_id) VALUES (3505, 'Puliproddatur', 62);
INSERT INTO village (id, name, panchayat_id) VALUES (3506, 'Sajjaladinne', 62);
INSERT INTO village (id, name, panchayat_id) VALUES (3507, 'Seetharampuram', 62);
INSERT INTO village (id, name, panchayat_id) VALUES (3508, 'Tadpatri (R)', 62);
INSERT INTO village (id, name, panchayat_id) VALUES (3509, 'Talaricheruvu', 62);
INSERT INTO village (id, name, panchayat_id) VALUES (3510, 'Uruchinthala', 62);
INSERT INTO village (id, name, panchayat_id) VALUES (3511, 'Vanganur', 62);
INSERT INTO village (id, name, panchayat_id) VALUES (3512, 'Veerapuram', 62);
INSERT INTO village (id, name, panchayat_id) VALUES (3513, 'Velamakur', 62);
INSERT INTO village (id, name, panchayat_id) VALUES (3514, 'Venkatampalle', 62);
INSERT INTO mandal (id, name, constituency_id) VALUES (63, 'Uravakonda', 3);
INSERT INTO panchayat (id, name, mandal_id) VALUES (63, 'Default Panchayat Uravakonda', 63);
INSERT INTO village (id, name, panchayat_id) VALUES (3515, 'Amidala', 63);
INSERT INTO village (id, name, panchayat_id) VALUES (3516, 'Budagavi', 63);
INSERT INTO village (id, name, panchayat_id) VALUES (3517, 'Chinna Musturu', 63);
INSERT INTO village (id, name, panchayat_id) VALUES (3518, 'Indravathi', 63);
INSERT INTO village (id, name, panchayat_id) VALUES (3519, 'Kondapuram', 63);
INSERT INTO village (id, name, panchayat_id) VALUES (3520, 'Lathavaram', 63);
INSERT INTO village (id, name, panchayat_id) VALUES (3521, 'Mopidi', 63);
INSERT INTO village (id, name, panchayat_id) VALUES (3522, 'Mylarampalle', 63);
INSERT INTO village (id, name, panchayat_id) VALUES (3523, 'Nerimetla', 63);
INSERT INTO village (id, name, panchayat_id) VALUES (3524, 'Nimbagal', 63);
INSERT INTO village (id, name, panchayat_id) VALUES (3525, 'Peddakowkuntla', 63);
INSERT INTO village (id, name, panchayat_id) VALUES (3526, 'Pedda Musturu', 63);
INSERT INTO village (id, name, panchayat_id) VALUES (3527, 'Pennahobilam', 63);
INSERT INTO village (id, name, panchayat_id) VALUES (3528, 'Racharla', 63);
INSERT INTO village (id, name, panchayat_id) VALUES (3529, 'Raketla', 63);
INSERT INTO village (id, name, panchayat_id) VALUES (3530, 'Rayampalle', 63);
INSERT INTO village (id, name, panchayat_id) VALUES (3531, 'Renimakulapalle', 63);
INSERT INTO village (id, name, panchayat_id) VALUES (3532, 'Shaiksanipalle', 63);
INSERT INTO village (id, name, panchayat_id) VALUES (3533, 'Uravakonda (Ct)', 63);
INSERT INTO village (id, name, panchayat_id) VALUES (3534, 'Veligonda', 63);
INSERT INTO village (id, name, panchayat_id) VALUES (3535, 'Vyasapuram', 63);
INSERT INTO village (id, name, panchayat_id) VALUES (3536, 'Y.Rampuram', 63);
INSERT INTO mandal (id, name, constituency_id) VALUES (64, 'Vajrakarur', 3);
INSERT INTO panchayat (id, name, mandal_id) VALUES (64, 'Default Panchayat Vajrakarur', 64);
INSERT INTO village (id, name, panchayat_id) VALUES (3537, 'Chabala', 64);
INSERT INTO village (id, name, panchayat_id) VALUES (3538, 'Chinna Hothur', 64);
INSERT INTO village (id, name, panchayat_id) VALUES (3539, 'Gade Hothur', 64);
INSERT INTO village (id, name, panchayat_id) VALUES (3540, 'Ganjikunta', 64);
INSERT INTO village (id, name, panchayat_id) VALUES (3541, 'Gulapalem', 64);
INSERT INTO village (id, name, panchayat_id) VALUES (3542, 'Jarutla Rampuram', 64);
INSERT INTO village (id, name, panchayat_id) VALUES (3543, 'Kamalapadu', 64);
INSERT INTO village (id, name, panchayat_id) VALUES (3544, 'Konakondla', 64);
INSERT INTO village (id, name, panchayat_id) VALUES (3545, 'Pandikunta', 64);
INSERT INTO village (id, name, panchayat_id) VALUES (3546, 'Patha Kadamalakunta', 64);
INSERT INTO village (id, name, panchayat_id) VALUES (3547, 'Pedda Chinnapyapili', 64);
INSERT INTO village (id, name, panchayat_id) VALUES (3548, 'Pottipadu', 64);
INSERT INTO village (id, name, panchayat_id) VALUES (3549, 'Ragulapadu', 64);
INSERT INTO village (id, name, panchayat_id) VALUES (3550, 'Thatrakal', 64);
INSERT INTO village (id, name, panchayat_id) VALUES (3551, 'Vajrakarur', 64);
INSERT INTO village (id, name, panchayat_id) VALUES (3552, 'Venkatampalle', 64);
INSERT INTO mandal (id, name, constituency_id) VALUES (65, 'Vidapanakal', 3);
INSERT INTO panchayat (id, name, mandal_id) VALUES (65, 'Default Panchayat Vidapanakal', 65);
INSERT INTO village (id, name, panchayat_id) VALUES (3553, 'Cheekalaguriki', 65);
INSERT INTO village (id, name, panchayat_id) VALUES (3554, 'Donekal', 65);
INSERT INTO village (id, name, panchayat_id) VALUES (3555, 'Gadekal', 65);
INSERT INTO village (id, name, panchayat_id) VALUES (3556, 'Hanchanahal', 65);
INSERT INTO village (id, name, panchayat_id) VALUES (3557, 'Havaligi', 65);
INSERT INTO village (id, name, panchayat_id) VALUES (3558, 'Kadadarabenchi', 65);
INSERT INTO village (id, name, panchayat_id) VALUES (3559, 'Karakamukkala', 65);
INSERT INTO village (id, name, panchayat_id) VALUES (3560, 'Malapuram', 65);
INSERT INTO village (id, name, panchayat_id) VALUES (3561, 'N.Thimmapuram', 65);
INSERT INTO village (id, name, panchayat_id) VALUES (3562, 'Palthur', 65);
INSERT INTO village (id, name, panchayat_id) VALUES (3563, 'Poliki', 65);
INSERT INTO village (id, name, panchayat_id) VALUES (3564, 'Undabanda', 65);
INSERT INTO village (id, name, panchayat_id) VALUES (3565, 'Velpumadugu', 65);
INSERT INTO village (id, name, panchayat_id) VALUES (3566, 'Vidapanakal', 65);
INSERT INTO mandal (id, name, constituency_id) VALUES (66, 'Yadiki', 3);
INSERT INTO panchayat (id, name, mandal_id) VALUES (66, 'Default Panchayat Yadiki', 66);
INSERT INTO village (id, name, panchayat_id) VALUES (3567, 'Chandana', 66);
INSERT INTO village (id, name, panchayat_id) VALUES (3568, 'Gudipadu', 66);
INSERT INTO village (id, name, panchayat_id) VALUES (3569, 'Kamalapadu', 66);
INSERT INTO village (id, name, panchayat_id) VALUES (3570, 'Konuppalapadu', 66);
INSERT INTO village (id, name, panchayat_id) VALUES (3571, 'Kundanakota', 66);
INSERT INTO village (id, name, panchayat_id) VALUES (3572, 'Nagarur', 66);
INSERT INTO village (id, name, panchayat_id) VALUES (3573, 'Nittoor', 66);
INSERT INTO village (id, name, panchayat_id) VALUES (3574, 'Obulapuram', 66);
INSERT INTO village (id, name, panchayat_id) VALUES (3575, 'Puppala', 66);
INSERT INTO village (id, name, panchayat_id) VALUES (3576, 'Rayalacheruvu', 66);
INSERT INTO village (id, name, panchayat_id) VALUES (3577, 'Thimmapuram', 66);
INSERT INTO village (id, name, panchayat_id) VALUES (3578, 'Tutrallapalle', 66);
INSERT INTO village (id, name, panchayat_id) VALUES (3579, 'Vemulapadu', 66);
INSERT INTO village (id, name, panchayat_id) VALUES (3580, 'Yadiki', 66);
INSERT INTO mandal (id, name, constituency_id) VALUES (67, 'Yellanur', 3);
INSERT INTO panchayat (id, name, mandal_id) VALUES (67, 'Default Panchayat Yellanur', 67);
INSERT INTO village (id, name, panchayat_id) VALUES (3581, 'Aravedu', 67);
INSERT INTO village (id, name, panchayat_id) VALUES (3582, 'Boppepalle', 67);
INSERT INTO village (id, name, panchayat_id) VALUES (3583, 'Bukkapuram', 67);
INSERT INTO village (id, name, panchayat_id) VALUES (3584, 'Chilamakuru', 67);
INSERT INTO village (id, name, panchayat_id) VALUES (3585, 'Goddumarri', 67);
INSERT INTO village (id, name, panchayat_id) VALUES (3586, 'Kacharlakunta', 67);
INSERT INTO village (id, name, panchayat_id) VALUES (3587, 'Kalluru', 67);
INSERT INTO village (id, name, panchayat_id) VALUES (3588, 'Kodumurthy', 67);
INSERT INTO village (id, name, panchayat_id) VALUES (3589, 'Mallagundla', 67);
INSERT INTO village (id, name, panchayat_id) VALUES (3590, 'Medukurthy', 67);
INSERT INTO village (id, name, panchayat_id) VALUES (3591, 'Nitturu', 67);
INSERT INTO village (id, name, panchayat_id) VALUES (3592, 'Pathapalle', 67);
INSERT INTO village (id, name, panchayat_id) VALUES (3593, 'Peddamallepalle', 67);
INSERT INTO village (id, name, panchayat_id) VALUES (3594, 'Singavaram', 67);
INSERT INTO village (id, name, panchayat_id) VALUES (3595, 'Thirumalapuram', 67);
INSERT INTO village (id, name, panchayat_id) VALUES (3596, 'Vemulapalle', 67);
INSERT INTO village (id, name, panchayat_id) VALUES (3597, 'Vennapurapalle', 67);
INSERT INTO village (id, name, panchayat_id) VALUES (3598, 'Y.Chintakayamanda', 67);
INSERT INTO village (id, name, panchayat_id) VALUES (3599, 'Yellanur', 67);
INSERT INTO district (id, name, state_id) VALUES (4, 'Annamayya', 1);
INSERT INTO constituency (id, name, district_id, mla_name, mp_name) VALUES (4, 'Default Constituency Annamayya', 4, 'Pending MLA', 'Pending MP');
INSERT INTO mandal (id, name, constituency_id) VALUES (68, 'Beerongi Kothakota', 4);
INSERT INTO panchayat (id, name, mandal_id) VALUES (68, 'Default Panchayat Beerongi Kothakota', 68);
INSERT INTO village (id, name, panchayat_id) VALUES (3600, 'Badikayalapalle', 68);
INSERT INTO village (id, name, panchayat_id) VALUES (3601, 'Bayyappagaripalle', 68);
INSERT INTO village (id, name, panchayat_id) VALUES (3602, 'Beerangi', 68);
INSERT INTO village (id, name, panchayat_id) VALUES (3603, 'B.Kothakota', 68);
INSERT INTO village (id, name, panchayat_id) VALUES (3604, 'Gattu', 68);
INSERT INTO village (id, name, panchayat_id) VALUES (3605, 'Gollapalle', 68);
INSERT INTO village (id, name, panchayat_id) VALUES (3606, 'Gummasamudram', 68);
INSERT INTO village (id, name, panchayat_id) VALUES (3607, 'Kotavooru', 68);
INSERT INTO village (id, name, panchayat_id) VALUES (3608, 'Thummanamgutta', 68);
INSERT INTO mandal (id, name, constituency_id) VALUES (69, 'Chinnamandem', 4);
INSERT INTO panchayat (id, name, mandal_id) VALUES (69, 'Default Panchayat Chinnamandem', 69);
INSERT INTO village (id, name, panchayat_id) VALUES (3609, 'Bonamala', 69);
INSERT INTO village (id, name, panchayat_id) VALUES (3610, 'Chinnamandem', 69);
INSERT INTO village (id, name, panchayat_id) VALUES (3611, 'Devagudipalle', 69);
INSERT INTO village (id, name, panchayat_id) VALUES (3612, 'Diguvagottiveedu', 69);
INSERT INTO village (id, name, panchayat_id) VALUES (3613, 'Kalibanda', 69);
INSERT INTO village (id, name, panchayat_id) VALUES (3614, 'Mallur', 69);
INSERT INTO village (id, name, panchayat_id) VALUES (3615, 'Paramatikona', 69);
INSERT INTO village (id, name, panchayat_id) VALUES (3616, 'T.Sakibanda', 69);
INSERT INTO village (id, name, panchayat_id) VALUES (3617, 'Vandadi', 69);
INSERT INTO mandal (id, name, constituency_id) VALUES (70, 'Chowdepalle', 4);
INSERT INTO panchayat (id, name, mandal_id) VALUES (70, 'Default Panchayat Chowdepalle', 70);
INSERT INTO village (id, name, panchayat_id) VALUES (3618, '29 -A. Chinta -Makulapalle', 70);
INSERT INTO village (id, name, panchayat_id) VALUES (3619, 'A.Kothakota', 70);
INSERT INTO village (id, name, panchayat_id) VALUES (3620, 'Charala', 70);
INSERT INTO village (id, name, panchayat_id) VALUES (3621, 'Chowdepalle', 70);
INSERT INTO village (id, name, panchayat_id) VALUES (3622, 'Diguvapalle', 70);
INSERT INTO village (id, name, panchayat_id) VALUES (3623, 'Durgasamudram', 70);
INSERT INTO village (id, name, panchayat_id) VALUES (3624, 'Gaddamvaripalle', 70);
INSERT INTO village (id, name, panchayat_id) VALUES (3625, 'Katiperi', 70);
INSERT INTO village (id, name, panchayat_id) VALUES (3626, 'Kogathi', 70);
INSERT INTO village (id, name, panchayat_id) VALUES (3627, 'Kondamarri', 70);
INSERT INTO village (id, name, panchayat_id) VALUES (3628, 'Laddigam', 70);
INSERT INTO village (id, name, panchayat_id) VALUES (3629, 'Pandillapalle', 70);
INSERT INTO village (id, name, panchayat_id) VALUES (3630, 'Peddayallakuntla', 70);
INSERT INTO village (id, name, panchayat_id) VALUES (3631, 'Pudipatla', 70);
INSERT INTO village (id, name, panchayat_id) VALUES (3632, 'Settipeta', 70);
INSERT INTO mandal (id, name, constituency_id) VALUES (71, 'Galiveedu', 4);
INSERT INTO panchayat (id, name, mandal_id) VALUES (71, 'Default Panchayat Galiveedu', 71);
INSERT INTO village (id, name, panchayat_id) VALUES (3633, 'Araveedu', 71);
INSERT INTO village (id, name, panchayat_id) VALUES (3634, 'Eguvagottiveedu', 71);
INSERT INTO village (id, name, panchayat_id) VALUES (3635, 'Galiveedu', 71);
INSERT INTO village (id, name, panchayat_id) VALUES (3636, 'Garugupalle', 71);
INSERT INTO village (id, name, panchayat_id) VALUES (3637, 'Gopanapalle', 71);
INSERT INTO village (id, name, panchayat_id) VALUES (3638, 'Gundlacheruvu', 71);
INSERT INTO village (id, name, panchayat_id) VALUES (3639, 'Korlakunta', 71);
INSERT INTO village (id, name, panchayat_id) VALUES (3640, 'Nooliveedu', 71);
INSERT INTO village (id, name, panchayat_id) VALUES (3641, 'Pandikunta', 71);
INSERT INTO village (id, name, panchayat_id) VALUES (3642, 'Pulikunta', 71);
INSERT INTO village (id, name, panchayat_id) VALUES (3643, 'Pyarampalle', 71);
INSERT INTO village (id, name, panchayat_id) VALUES (3644, 'Talamudipi', 71);
INSERT INTO village (id, name, panchayat_id) VALUES (3645, 'Thumukunta', 71);
INSERT INTO village (id, name, panchayat_id) VALUES (3646, 'Veligallu', 71);
INSERT INTO mandal (id, name, constituency_id) VALUES (72, 'Gurramkonda', 4);
INSERT INTO panchayat (id, name, mandal_id) VALUES (72, 'Default Panchayat Gurramkonda', 72);
INSERT INTO village (id, name, panchayat_id) VALUES (3647, 'Amilepalle', 72);
INSERT INTO village (id, name, panchayat_id) VALUES (3648, 'Arigalavaripalle', 72);
INSERT INTO village (id, name, panchayat_id) VALUES (3649, 'Cherlopalle', 72);
INSERT INTO village (id, name, panchayat_id) VALUES (3650, 'Chittiboyanapalle', 72);
INSERT INTO village (id, name, panchayat_id) VALUES (3651, 'Gurramkonda', 72);
INSERT INTO village (id, name, panchayat_id) VALUES (3652, 'Khandriga', 72);
INSERT INTO village (id, name, panchayat_id) VALUES (3653, 'Marrimakulapalle', 72);
INSERT INTO village (id, name, panchayat_id) VALUES (3654, 'Marripadu', 72);
INSERT INTO village (id, name, panchayat_id) VALUES (3655, 'Nadimikhandriga', 72);
INSERT INTO village (id, name, panchayat_id) VALUES (3656, 'Pasalavandla Palle', 72);
INSERT INTO village (id, name, panchayat_id) VALUES (3657, 'Ramapuram', 72);
INSERT INTO village (id, name, panchayat_id) VALUES (3658, 'Sangasamudram', 72);
INSERT INTO village (id, name, panchayat_id) VALUES (3659, 'Sarimadugu', 72);
INSERT INTO village (id, name, panchayat_id) VALUES (3660, 'Setlivaripalle', 72);
INSERT INTO village (id, name, panchayat_id) VALUES (3661, 'Tharigonda', 72);
INSERT INTO village (id, name, panchayat_id) VALUES (3662, 'Tharigondarajupalle', 72);
INSERT INTO village (id, name, panchayat_id) VALUES (3663, 'Yellutla', 72);
INSERT INTO mandal (id, name, constituency_id) VALUES (73, 'Kalakada', 4);
INSERT INTO panchayat (id, name, mandal_id) VALUES (73, 'Default Panchayat Kalakada', 73);
INSERT INTO village (id, name, panchayat_id) VALUES (3664, 'Devalapalle', 73);
INSERT INTO village (id, name, panchayat_id) VALUES (3665, 'Enugondapalem', 73);
INSERT INTO village (id, name, panchayat_id) VALUES (3666, 'Gangapuram', 73);
INSERT INTO village (id, name, panchayat_id) VALUES (3667, 'Gudibanda', 73);
INSERT INTO village (id, name, panchayat_id) VALUES (3668, 'Kadirayacheruvu', 73);
INSERT INTO village (id, name, panchayat_id) VALUES (3669, 'Kalakada', 73);
INSERT INTO village (id, name, panchayat_id) VALUES (3670, 'Kalakadadoddi Palle', 73);
INSERT INTO village (id, name, panchayat_id) VALUES (3671, 'Kalakadakothapalle', 73);
INSERT INTO village (id, name, panchayat_id) VALUES (3672, 'Kona', 73);
INSERT INTO village (id, name, panchayat_id) VALUES (3673, 'Madinenipalem', 73);
INSERT INTO village (id, name, panchayat_id) VALUES (3674, 'Mudiamvaripalle', 73);
INSERT INTO village (id, name, panchayat_id) VALUES (3675, 'Nadimicherla', 73);
INSERT INTO village (id, name, panchayat_id) VALUES (3676, 'Nawabpet', 73);
INSERT INTO village (id, name, panchayat_id) VALUES (3677, 'Pothavaripalle', 73);
INSERT INTO village (id, name, panchayat_id) VALUES (3678, 'Ratiguntapalle', 73);
INSERT INTO village (id, name, panchayat_id) VALUES (3679, 'Yerrakotapalle', 73);
INSERT INTO mandal (id, name, constituency_id) VALUES (74, 'Kalikiri', 4);
INSERT INTO panchayat (id, name, mandal_id) VALUES (74, 'Default Panchayat Kalikiri', 74);
INSERT INTO village (id, name, panchayat_id) VALUES (3680, 'Cheekatipalle', 74);
INSERT INTO village (id, name, panchayat_id) VALUES (3681, 'Gundloor', 74);
INSERT INTO village (id, name, panchayat_id) VALUES (3682, 'Guttapalem', 74);
INSERT INTO village (id, name, panchayat_id) VALUES (3683, 'Kalikiri', 74);
INSERT INTO village (id, name, panchayat_id) VALUES (3684, 'Kalikirireddivari Palle', 74);
INSERT INTO village (id, name, panchayat_id) VALUES (3685, 'Korlakunta', 74);
INSERT INTO village (id, name, panchayat_id) VALUES (3686, 'Mahal', 74);
INSERT INTO village (id, name, panchayat_id) VALUES (3687, 'Marrikuntapalle', 74);
INSERT INTO village (id, name, panchayat_id) VALUES (3688, 'Medikurthi', 74);
INSERT INTO village (id, name, panchayat_id) VALUES (3689, 'Munellapalle', 74);
INSERT INTO village (id, name, panchayat_id) VALUES (3690, 'Pallavolu', 74);
INSERT INTO village (id, name, panchayat_id) VALUES (3691, 'Parapatla', 74);
INSERT INTO village (id, name, panchayat_id) VALUES (3692, 'Pathegada', 74);
INSERT INTO village (id, name, panchayat_id) VALUES (3693, 'T.Sandrapalle', 74);
INSERT INTO mandal (id, name, constituency_id) VALUES (75, 'Kambhamvaripalle', 4);
INSERT INTO panchayat (id, name, mandal_id) VALUES (75, 'Default Panchayat Kambhamvaripalle', 75);
INSERT INTO village (id, name, panchayat_id) VALUES (3694, 'Boppasamudram', 75);
INSERT INTO village (id, name, panchayat_id) VALUES (3695, 'Galivaripalle', 75);
INSERT INTO village (id, name, panchayat_id) VALUES (3696, 'Garnimitta', 75);
INSERT INTO village (id, name, panchayat_id) VALUES (3697, 'Gorantlapalle', 75);
INSERT INTO village (id, name, panchayat_id) VALUES (3698, 'Gyarampalle', 75);
INSERT INTO village (id, name, panchayat_id) VALUES (3699, 'Hissapalle', 75);
INSERT INTO village (id, name, panchayat_id) VALUES (3700, 'Jillellamanda', 75);
INSERT INTO village (id, name, panchayat_id) VALUES (3701, 'Kambhamvaripalle', 75);
INSERT INTO village (id, name, panchayat_id) VALUES (3702, 'Kasireddipalle', 75);
INSERT INTO village (id, name, panchayat_id) VALUES (3703, 'Kethamreddipalle', 75);
INSERT INTO village (id, name, panchayat_id) VALUES (3704, 'Maddipatlavandlapalle', 75);
INSERT INTO village (id, name, panchayat_id) VALUES (3705, 'Mahalrajupalle', 75);
INSERT INTO village (id, name, panchayat_id) VALUES (3706, 'Marella', 75);
INSERT INTO village (id, name, panchayat_id) VALUES (3707, 'Matampalle', 75);
INSERT INTO village (id, name, panchayat_id) VALUES (3708, 'Noothanakalva', 75);
INSERT INTO village (id, name, panchayat_id) VALUES (3709, 'Sorakayalapet', 75);
INSERT INTO village (id, name, panchayat_id) VALUES (3710, 'Theethavagunta Palle', 75);
INSERT INTO village (id, name, panchayat_id) VALUES (3711, 'Thimmapuram', 75);
INSERT INTO village (id, name, panchayat_id) VALUES (3712, 'Thuvvapalle', 75);
INSERT INTO village (id, name, panchayat_id) VALUES (3713, 'Vagalla', 75);
INSERT INTO village (id, name, panchayat_id) VALUES (3714, 'Yerlampalle', 75);
INSERT INTO mandal (id, name, constituency_id) VALUES (76, 'Kurabalakota', 4);
INSERT INTO panchayat (id, name, mandal_id) VALUES (76, 'Default Panchayat Kurabalakota', 76);
INSERT INTO village (id, name, panchayat_id) VALUES (3715, 'Angallu', 76);
INSERT INTO village (id, name, panchayat_id) VALUES (3716, 'Brahmanavoddu Palle', 76);
INSERT INTO village (id, name, panchayat_id) VALUES (3717, 'Kurabalakota', 76);
INSERT INTO village (id, name, panchayat_id) VALUES (3718, 'Matlivaripalle', 76);
INSERT INTO village (id, name, panchayat_id) VALUES (3719, 'Mudivedu', 76);
INSERT INTO village (id, name, panchayat_id) VALUES (3720, 'Mutakanavaripalle', 76);
INSERT INTO village (id, name, panchayat_id) VALUES (3721, 'Pitchalavandla Palle', 76);
INSERT INTO village (id, name, panchayat_id) VALUES (3722, 'Thettu', 76);
INSERT INTO mandal (id, name, constituency_id) VALUES (77, 'Lakkireddipalli', 4);
INSERT INTO panchayat (id, name, mandal_id) VALUES (77, 'Default Panchayat Lakkireddipalli', 77);
INSERT INTO village (id, name, panchayat_id) VALUES (3723, 'Ananthapuram', 77);
INSERT INTO village (id, name, panchayat_id) VALUES (3724, 'Brahmana Yerragudi', 77);
INSERT INTO village (id, name, panchayat_id) VALUES (3725, 'Dappepalle', 77);
INSERT INTO village (id, name, panchayat_id) VALUES (3726, 'Dinnepadu', 77);
INSERT INTO village (id, name, panchayat_id) VALUES (3727, 'Gudlavaripalle', 77);
INSERT INTO village (id, name, panchayat_id) VALUES (3728, 'Kakulavaram', 77);
INSERT INTO village (id, name, panchayat_id) VALUES (3729, 'Kurnoothala', 77);
INSERT INTO village (id, name, panchayat_id) VALUES (3730, 'Lakkireddipalle', 77);
INSERT INTO village (id, name, panchayat_id) VALUES (3731, 'Maddirevula', 77);
INSERT INTO village (id, name, panchayat_id) VALUES (3732, 'Naraharibhatla Palle', 77);
INSERT INTO village (id, name, panchayat_id) VALUES (3733, 'Pandillapalle', 77);
INSERT INTO village (id, name, panchayat_id) VALUES (3734, 'Somabotlapalle', 77);
INSERT INTO mandal (id, name, constituency_id) VALUES (78, 'Madanapalle', 4);
INSERT INTO panchayat (id, name, mandal_id) VALUES (78, 'Default Panchayat Madanapalle', 78);
INSERT INTO village (id, name, panchayat_id) VALUES (3735, 'Ankisettipalle (Og)', 78);
INSERT INTO village (id, name, panchayat_id) VALUES (3736, 'Bandameedakammapalle', 78);
INSERT INTO village (id, name, panchayat_id) VALUES (3737, 'Basinikonda (Part)', 78);
INSERT INTO village (id, name, panchayat_id) VALUES (3738, 'Chinnathippasamudram', 78);
INSERT INTO village (id, name, panchayat_id) VALUES (3739, 'Chippili (Og)', 78);
INSERT INTO village (id, name, panchayat_id) VALUES (3740, 'Kammapalle', 78);
INSERT INTO village (id, name, panchayat_id) VALUES (3741, 'Kasiraopeta', 78);
INSERT INTO village (id, name, panchayat_id) VALUES (3742, 'Kollabylu (Part)', 78);
INSERT INTO village (id, name, panchayat_id) VALUES (3743, 'Kothavaripalle', 78);
INSERT INTO village (id, name, panchayat_id) VALUES (3744, 'Madanapalle (R) (Part)', 78);
INSERT INTO village (id, name, panchayat_id) VALUES (3745, 'Malepadu', 78);
INSERT INTO village (id, name, panchayat_id) VALUES (3746, 'Molakaladinne', 78);
INSERT INTO village (id, name, panchayat_id) VALUES (3747, 'Pamaiahgaripalle (Og)', 78);
INSERT INTO village (id, name, panchayat_id) VALUES (3748, 'Pappireddipalle (Og)', 78);
INSERT INTO village (id, name, panchayat_id) VALUES (3749, 'Penchupadu', 78);
INSERT INTO village (id, name, panchayat_id) VALUES (3750, 'Ponnetipalem (Og) (Part)', 78);
INSERT INTO village (id, name, panchayat_id) VALUES (3751, 'Pothapalu', 78);
INSERT INTO village (id, name, panchayat_id) VALUES (3752, 'Theneegalavaripalle', 78);
INSERT INTO village (id, name, panchayat_id) VALUES (3753, 'Valasapalle', 78);
INSERT INTO village (id, name, panchayat_id) VALUES (3754, 'Vempalle', 78);
INSERT INTO village (id, name, panchayat_id) VALUES (3755, 'Venkappakota (Og)', 78);
INSERT INTO mandal (id, name, constituency_id) VALUES (79, 'Mulakalacheruvu', 4);
INSERT INTO panchayat (id, name, mandal_id) VALUES (79, 'Default Panchayat Mulakalacheruvu', 79);
INSERT INTO village (id, name, panchayat_id) VALUES (3756, 'Burakayalakota', 79);
INSERT INTO village (id, name, panchayat_id) VALUES (3757, 'Chennaiahgaripalle', 79);
INSERT INTO village (id, name, panchayat_id) VALUES (3758, 'Chennappagaripalle', 79);
INSERT INTO village (id, name, panchayat_id) VALUES (3759, 'Devalcheruvu', 79);
INSERT INTO village (id, name, panchayat_id) VALUES (3760, 'Devarapalle', 79);
INSERT INTO village (id, name, panchayat_id) VALUES (3761, 'Gudupalle', 79);
INSERT INTO village (id, name, panchayat_id) VALUES (3762, 'Kadirinathunikota', 79);
INSERT INTO village (id, name, panchayat_id) VALUES (3763, 'Kalavapalle', 79);
INSERT INTO village (id, name, panchayat_id) VALUES (3764, 'Maddinayanipalle', 79);
INSERT INTO village (id, name, panchayat_id) VALUES (3765, 'Marellagadda', 79);
INSERT INTO village (id, name, panchayat_id) VALUES (3766, 'Mulakalacheruvu', 79);
INSERT INTO village (id, name, panchayat_id) VALUES (3767, 'Nadigaddathimmanapalle', 79);
INSERT INTO village (id, name, panchayat_id) VALUES (3768, 'Nayanicheruvupalle', 79);
INSERT INTO village (id, name, panchayat_id) VALUES (3769, 'Peddapalem', 79);
INSERT INTO village (id, name, panchayat_id) VALUES (3770, 'Sompalle', 79);
INSERT INTO village (id, name, panchayat_id) VALUES (3771, 'T.Sowdasamudram', 79);
INSERT INTO village (id, name, panchayat_id) VALUES (3772, 'Vepurikota', 79);
INSERT INTO mandal (id, name, constituency_id) VALUES (80, 'Nimmanapalle', 4);
INSERT INTO panchayat (id, name, mandal_id) VALUES (80, 'Default Panchayat Nimmanapalle', 80);
INSERT INTO village (id, name, panchayat_id) VALUES (3773, 'Agraharam', 80);
INSERT INTO village (id, name, panchayat_id) VALUES (3774, 'Bandlapai', 80);
INSERT INTO village (id, name, panchayat_id) VALUES (3775, 'Chowkillavaripalle', 80);
INSERT INTO village (id, name, panchayat_id) VALUES (3776, 'Machireddigaripalle', 80);
INSERT INTO village (id, name, panchayat_id) VALUES (3777, 'Mastur', 80);
INSERT INTO village (id, name, panchayat_id) VALUES (3778, 'Nimmanapalle', 80);
INSERT INTO village (id, name, panchayat_id) VALUES (3779, 'Rachavetivaripalle', 80);
INSERT INTO village (id, name, panchayat_id) VALUES (3780, 'Reddivaripalle', 80);
INSERT INTO village (id, name, panchayat_id) VALUES (3781, 'Thavalam', 80);
INSERT INTO village (id, name, panchayat_id) VALUES (3782, 'Vengamvaripalle', 80);
INSERT INTO mandal (id, name, constituency_id) VALUES (81, 'Peddamandyam', 4);
INSERT INTO panchayat (id, name, mandal_id) VALUES (81, 'Default Panchayat Peddamandyam', 81);
INSERT INTO village (id, name, panchayat_id) VALUES (3783, 'Bandrevu', 81);
INSERT INTO village (id, name, panchayat_id) VALUES (3784, 'Diguvapalle', 81);
INSERT INTO village (id, name, panchayat_id) VALUES (3785, 'Kalicherla', 81);
INSERT INTO village (id, name, panchayat_id) VALUES (3786, 'Musalikunta', 81);
INSERT INTO village (id, name, panchayat_id) VALUES (3787, 'Papepalle', 81);
INSERT INTO village (id, name, panchayat_id) VALUES (3788, 'Peddamandyam', 81);
INSERT INTO village (id, name, panchayat_id) VALUES (3789, 'Siddavaram', 81);
INSERT INTO village (id, name, panchayat_id) VALUES (3790, 'Sivapuram', 81);
INSERT INTO village (id, name, panchayat_id) VALUES (3791, 'Veligallu', 81);
INSERT INTO mandal (id, name, constituency_id) VALUES (82, 'Pedda Thippasamudram', 4);
INSERT INTO panchayat (id, name, mandal_id) VALUES (82, 'Default Panchayat Pedda Thippasamudram', 82);
INSERT INTO village (id, name, panchayat_id) VALUES (3792, 'Amallabandakota', 82);
INSERT INTO village (id, name, panchayat_id) VALUES (3793, 'Ananthapuram', 82);
INSERT INTO village (id, name, panchayat_id) VALUES (3794, 'Boorlapalle', 82);
INSERT INTO village (id, name, panchayat_id) VALUES (3795, 'Buchipalle', 82);
INSERT INTO village (id, name, panchayat_id) VALUES (3796, 'Chinnaponguppalle', 82);
INSERT INTO village (id, name, panchayat_id) VALUES (3797, 'Jagadamvaripalle', 82);
INSERT INTO village (id, name, panchayat_id) VALUES (3798, 'Kamsalavandla Palle', 82);
INSERT INTO village (id, name, panchayat_id) VALUES (3799, 'Kandukuru', 82);
INSERT INTO village (id, name, panchayat_id) VALUES (3800, 'Katnagallu', 82);
INSERT INTO village (id, name, panchayat_id) VALUES (3801, 'Maddaiahgaripalle', 82);
INSERT INTO village (id, name, panchayat_id) VALUES (3802, 'Madunuru', 82);
INSERT INTO village (id, name, panchayat_id) VALUES (3803, 'Mallela', 82);
INSERT INTO village (id, name, panchayat_id) VALUES (3804, 'Pattamvandlapalle', 82);
INSERT INTO village (id, name, panchayat_id) VALUES (3805, 'Peddathippasamudram', 82);
INSERT INTO village (id, name, panchayat_id) VALUES (3806, 'Pulikallu', 82);
INSERT INTO village (id, name, panchayat_id) VALUES (3807, 'Rangasamudram', 82);
INSERT INTO village (id, name, panchayat_id) VALUES (3808, 'Sampathikota', 82);
INSERT INTO village (id, name, panchayat_id) VALUES (3809, 'Thummarakunta', 82);
INSERT INTO village (id, name, panchayat_id) VALUES (3810, 'T.Sadum', 82);
INSERT INTO mandal (id, name, constituency_id) VALUES (83, 'Pileru', 4);
INSERT INTO panchayat (id, name, mandal_id) VALUES (83, 'Default Panchayat Pileru', 83);
INSERT INTO village (id, name, panchayat_id) VALUES (3811, 'Agraharam', 83);
INSERT INTO village (id, name, panchayat_id) VALUES (3812, 'Avuvaripalle', 83);
INSERT INTO village (id, name, panchayat_id) VALUES (3813, 'Bodumalluvaripalle', 83);
INSERT INTO village (id, name, panchayat_id) VALUES (3814, 'Doddipalle', 83);
INSERT INTO village (id, name, panchayat_id) VALUES (3815, 'Gudarevupalle', 83);
INSERT INTO village (id, name, panchayat_id) VALUES (3816, 'Jandla', 83);
INSERT INTO village (id, name, panchayat_id) VALUES (3817, 'Kavalipalle', 83);
INSERT INTO village (id, name, panchayat_id) VALUES (3818, 'Maddelacheruvu', 83);
INSERT INTO village (id, name, panchayat_id) VALUES (3819, 'Mellacheruvu', 83);
INSERT INTO village (id, name, panchayat_id) VALUES (3820, 'Mudupulavemula', 83);
INSERT INTO village (id, name, panchayat_id) VALUES (3821, 'Pileru (Ct)', 83);
INSERT INTO village (id, name, panchayat_id) VALUES (3822, 'Regullu', 83);
INSERT INTO village (id, name, panchayat_id) VALUES (3823, 'Talupula', 83);
INSERT INTO village (id, name, panchayat_id) VALUES (3824, 'Vepulabylu', 83);
INSERT INTO village (id, name, panchayat_id) VALUES (3825, 'Yerraguntlapalle', 83);
INSERT INTO mandal (id, name, constituency_id) VALUES (84, 'Punganuru', 4);
INSERT INTO panchayat (id, name, mandal_id) VALUES (84, 'Default Panchayat Punganuru', 84);
INSERT INTO village (id, name, panchayat_id) VALUES (3826, 'Aradigunta', 84);
INSERT INTO village (id, name, panchayat_id) VALUES (3827, 'Bandlapalle', 84);
INSERT INTO village (id, name, panchayat_id) VALUES (3828, 'Bheemaganipalle', 84);
INSERT INTO village (id, name, panchayat_id) VALUES (3829, 'Bodevaripalle', 84);
INSERT INTO village (id, name, panchayat_id) VALUES (3830, 'Chadalla', 84);
INSERT INTO village (id, name, panchayat_id) VALUES (3831, 'Chandramakula Palle', 84);
INSERT INTO village (id, name, panchayat_id) VALUES (3832, 'Etavakili', 84);
INSERT INTO village (id, name, panchayat_id) VALUES (3833, 'Ethur', 84);
INSERT INTO village (id, name, panchayat_id) VALUES (3834, 'Kummaranatham', 84);
INSERT INTO village (id, name, panchayat_id) VALUES (3835, 'Magandlapalle', 84);
INSERT INTO village (id, name, panchayat_id) VALUES (3836, 'Mangalam', 84);
INSERT INTO village (id, name, panchayat_id) VALUES (3837, 'Melumdoddi', 84);
INSERT INTO village (id, name, panchayat_id) VALUES (3838, 'Melupatla', 84);
INSERT INTO village (id, name, panchayat_id) VALUES (3839, 'Mittachinthavari Palle', 84);
INSERT INTO village (id, name, panchayat_id) VALUES (3840, 'Nekkondi', 84);
INSERT INTO village (id, name, panchayat_id) VALUES (3841, 'Palyampalle', 84);
INSERT INTO village (id, name, panchayat_id) VALUES (3842, 'Punganur (Rural)', 84);
INSERT INTO village (id, name, panchayat_id) VALUES (3843, 'Raganipalle (Rural)', 84);
INSERT INTO village (id, name, panchayat_id) VALUES (3844, 'Vanamaladinne', 84);
INSERT INTO mandal (id, name, constituency_id) VALUES (85, 'Ramapuram', 4);
INSERT INTO panchayat (id, name, mandal_id) VALUES (85, 'Default Panchayat Ramapuram', 85);
INSERT INTO village (id, name, panchayat_id) VALUES (3845, 'Bandlapalle', 85);
INSERT INTO village (id, name, panchayat_id) VALUES (3846, 'Chitlur', 85);
INSERT INTO village (id, name, panchayat_id) VALUES (3847, 'Gopagudipalle', 85);
INSERT INTO village (id, name, panchayat_id) VALUES (3848, 'Guvvalacheruvu', 85);
INSERT INTO village (id, name, panchayat_id) VALUES (3849, 'Hasanapuram', 85);
INSERT INTO village (id, name, panchayat_id) VALUES (3850, 'Kalpanayunicheruvu', 85);
INSERT INTO village (id, name, panchayat_id) VALUES (3851, 'Nallaguttapalle', 85);
INSERT INTO village (id, name, panchayat_id) VALUES (3852, 'Neelakantharaopeta', 85);
INSERT INTO village (id, name, panchayat_id) VALUES (3853, 'Pothukurupalle', 85);
INSERT INTO village (id, name, panchayat_id) VALUES (3854, 'Rachapalle', 85);
INSERT INTO village (id, name, panchayat_id) VALUES (3855, 'Saraswathipalle', 85);
INSERT INTO village (id, name, panchayat_id) VALUES (3856, 'Suddamalla', 85);
INSERT INTO mandal (id, name, constituency_id) VALUES (86, 'Ramasamudram', 4);
INSERT INTO panchayat (id, name, mandal_id) VALUES (86, 'Default Panchayat Ramasamudram', 86);
INSERT INTO village (id, name, panchayat_id) VALUES (3857, 'Arikela', 86);
INSERT INTO village (id, name, panchayat_id) VALUES (3858, 'Chembakur', 86);
INSERT INTO village (id, name, panchayat_id) VALUES (3859, 'Chokkandlapalle', 86);
INSERT INTO village (id, name, panchayat_id) VALUES (3860, 'Elavanellore', 86);
INSERT INTO village (id, name, panchayat_id) VALUES (3861, 'Kappalle', 86);
INSERT INTO village (id, name, panchayat_id) VALUES (3862, 'Kudurucheemanapalle', 86);
INSERT INTO village (id, name, panchayat_id) VALUES (3863, 'Kurijala', 86);
INSERT INTO village (id, name, panchayat_id) VALUES (3864, 'Malenatham', 86);
INSERT INTO village (id, name, panchayat_id) VALUES (3865, 'Miniki', 86);
INSERT INTO village (id, name, panchayat_id) VALUES (3866, 'Moogavadi', 86);
INSERT INTO village (id, name, panchayat_id) VALUES (3867, 'Nariganipalle', 86);
INSERT INTO village (id, name, panchayat_id) VALUES (3868, 'Peddakurapalle', 86);
INSERT INTO village (id, name, panchayat_id) VALUES (3869, 'Ramasamudram', 86);
INSERT INTO village (id, name, panchayat_id) VALUES (3870, 'R.Nadimpalle', 86);
INSERT INTO village (id, name, panchayat_id) VALUES (3871, 'Voolapadu', 86);
INSERT INTO mandal (id, name, constituency_id) VALUES (87, 'Rayachoti', 4);
INSERT INTO panchayat (id, name, mandal_id) VALUES (87, 'Default Panchayat Rayachoti', 87);
INSERT INTO village (id, name, panchayat_id) VALUES (3872, 'Abbavaram', 87);
INSERT INTO village (id, name, panchayat_id) VALUES (3873, 'Botlacheruvu', 87);
INSERT INTO village (id, name, panchayat_id) VALUES (3874, 'Chennamukkapalle (Ct)', 87);
INSERT INTO village (id, name, panchayat_id) VALUES (3875, 'Cherlopalle', 87);
INSERT INTO village (id, name, panchayat_id) VALUES (3876, 'Dullavaripalle', 87);
INSERT INTO village (id, name, panchayat_id) VALUES (3877, 'Gorlamudiveedu', 87);
INSERT INTO village (id, name, panchayat_id) VALUES (3878, 'Guntimadugu', 87);
INSERT INTO village (id, name, panchayat_id) VALUES (3879, 'Indukurupalle', 87);
INSERT INTO village (id, name, panchayat_id) VALUES (3880, 'Kasbagollapalle', 87);
INSERT INTO village (id, name, panchayat_id) VALUES (3881, 'Katimayakunta', 87);
INSERT INTO village (id, name, panchayat_id) VALUES (3882, 'Madhavaram', 87);
INSERT INTO village (id, name, panchayat_id) VALUES (3883, 'Masapet (R)', 87);
INSERT INTO village (id, name, panchayat_id) VALUES (3884, 'Peddakalvapalle', 87);
INSERT INTO village (id, name, panchayat_id) VALUES (3885, 'Pemmadapalle', 87);
INSERT INTO village (id, name, panchayat_id) VALUES (3886, 'Rayachoti', 87);
INSERT INTO village (id, name, panchayat_id) VALUES (3887, 'Sibyala', 87);
INSERT INTO village (id, name, panchayat_id) VALUES (3888, 'Syamalavaripalle', 87);
INSERT INTO village (id, name, panchayat_id) VALUES (3889, 'Yandapalle', 87);
INSERT INTO village (id, name, panchayat_id) VALUES (3890, 'Yerranagupalle', 87);
INSERT INTO mandal (id, name, constituency_id) VALUES (88, 'Sambepalle', 4);
INSERT INTO panchayat (id, name, mandal_id) VALUES (88, 'Default Panchayat Sambepalle', 88);
INSERT INTO village (id, name, panchayat_id) VALUES (3891, 'Devapatla', 88);
INSERT INTO village (id, name, panchayat_id) VALUES (3892, 'Dudyala', 88);
INSERT INTO village (id, name, panchayat_id) VALUES (3893, 'Gunnikuntla', 88);
INSERT INTO village (id, name, panchayat_id) VALUES (3894, 'Guriginjakunta', 88);
INSERT INTO village (id, name, panchayat_id) VALUES (3895, 'Guttapalle', 88);
INSERT INTO village (id, name, panchayat_id) VALUES (3896, 'Motakatla', 88);
INSERT INTO village (id, name, panchayat_id) VALUES (3897, 'Narayanareddipalle', 88);
INSERT INTO village (id, name, panchayat_id) VALUES (3898, 'Routhukunta', 88);
INSERT INTO village (id, name, panchayat_id) VALUES (3899, 'Sambepalle', 88);
INSERT INTO village (id, name, panchayat_id) VALUES (3900, 'Settipalle', 88);
INSERT INTO village (id, name, panchayat_id) VALUES (3901, 'Sho.Somavaram', 88);
INSERT INTO mandal (id, name, constituency_id) VALUES (89, 'Sodam', 4);
INSERT INTO panchayat (id, name, mandal_id) VALUES (89, 'Default Panchayat Sodam', 89);
INSERT INTO village (id, name, panchayat_id) VALUES (3902, 'Ammagaripalle', 89);
INSERT INTO village (id, name, panchayat_id) VALUES (3903, 'Booragamanda', 89);
INSERT INTO village (id, name, panchayat_id) VALUES (3904, 'Cherukuvaripalle', 89);
INSERT INTO village (id, name, panchayat_id) VALUES (3905, 'Chintamakulapalle', 89);
INSERT INTO village (id, name, panchayat_id) VALUES (3906, 'Errathivaripalle', 89);
INSERT INTO village (id, name, panchayat_id) VALUES (3907, 'Gongivaripalle', 89);
INSERT INTO village (id, name, panchayat_id) VALUES (3908, 'Khambhamvaripalle', 89);
INSERT INTO village (id, name, panchayat_id) VALUES (3909, 'Nadigadda', 89);
INSERT INTO village (id, name, panchayat_id) VALUES (3910, 'Palamanda', 89);
INSERT INTO village (id, name, panchayat_id) VALUES (3911, 'Sodam', 89);
INSERT INTO village (id, name, panchayat_id) VALUES (3912, 'Thatiguntapalem', 89);
INSERT INTO village (id, name, panchayat_id) VALUES (3913, 'Thimmanayanipalle', 89);
INSERT INTO village (id, name, panchayat_id) VALUES (3914, 'Vootupalle', 89);
INSERT INTO mandal (id, name, constituency_id) VALUES (90, 'Somala', 4);
INSERT INTO panchayat (id, name, mandal_id) VALUES (90, 'Default Panchayat Somala', 90);
INSERT INTO village (id, name, panchayat_id) VALUES (3915, 'Avulapalle', 90);
INSERT INTO village (id, name, panchayat_id) VALUES (3916, 'Irikipenta', 90);
INSERT INTO village (id, name, panchayat_id) VALUES (3917, 'Kamireddivaripalle', 90);
INSERT INTO village (id, name, panchayat_id) VALUES (3918, 'Kandur', 90);
INSERT INTO village (id, name, panchayat_id) VALUES (3919, 'Mittapalle', 90);
INSERT INTO village (id, name, panchayat_id) VALUES (3920, 'Nanjampeta @ Chandambylu', 90);
INSERT INTO village (id, name, panchayat_id) VALUES (3921, 'Nellimanda', 90);
INSERT INTO village (id, name, panchayat_id) VALUES (3922, 'Peddauppara Palle', 90);
INSERT INTO village (id, name, panchayat_id) VALUES (3923, 'S. Nadim Palle', 90);
INSERT INTO village (id, name, panchayat_id) VALUES (3924, 'Somala', 90);
INSERT INTO village (id, name, panchayat_id) VALUES (3925, 'Thamminayanipalle', 90);
INSERT INTO village (id, name, panchayat_id) VALUES (3926, 'Upparapalle', 90);
INSERT INTO village (id, name, panchayat_id) VALUES (3927, 'Valligatla', 90);
INSERT INTO mandal (id, name, constituency_id) VALUES (91, 'Thamballapalle', 4);
INSERT INTO panchayat (id, name, mandal_id) VALUES (91, 'Default Panchayat Thamballapalle', 91);
INSERT INTO village (id, name, panchayat_id) VALUES (3928, 'Diguvapalem', 91);
INSERT INTO village (id, name, panchayat_id) VALUES (3929, 'Eddulavaripalle', 91);
INSERT INTO village (id, name, panchayat_id) VALUES (3930, 'Gangireddipalle', 91);
INSERT INTO village (id, name, panchayat_id) VALUES (3931, 'Gopidinne', 91);
INSERT INTO village (id, name, panchayat_id) VALUES (3932, 'Gundlapalle', 91);
INSERT INTO village (id, name, panchayat_id) VALUES (3933, 'Kannemadugu', 91);
INSERT INTO village (id, name, panchayat_id) VALUES (3934, 'Kosuvaripalle', 91);
INSERT INTO village (id, name, panchayat_id) VALUES (3935, 'Kotakonda', 91);
INSERT INTO village (id, name, panchayat_id) VALUES (3936, 'Kotala', 91);
INSERT INTO village (id, name, panchayat_id) VALUES (3937, 'Kotlapalle', 91);
INSERT INTO village (id, name, panchayat_id) VALUES (3938, 'Kukkarajupalle', 91);
INSERT INTO village (id, name, panchayat_id) VALUES (3939, 'Marrimakulapalle', 91);
INSERT INTO village (id, name, panchayat_id) VALUES (3940, 'Panchalamarri', 91);
INSERT INTO village (id, name, panchayat_id) VALUES (3941, 'Renimakulapalle', 91);
INSERT INTO village (id, name, panchayat_id) VALUES (3942, 'Thamballapalle', 91);
INSERT INTO village (id, name, panchayat_id) VALUES (3943, 'Yerrasanipalle', 91);
INSERT INTO village (id, name, panchayat_id) VALUES (3944, 'Zunjurupenta', 91);
INSERT INTO mandal (id, name, constituency_id) VALUES (92, 'Valmikipuram', 4);
INSERT INTO panchayat (id, name, mandal_id) VALUES (92, 'Default Panchayat Valmikipuram', 92);
INSERT INTO village (id, name, panchayat_id) VALUES (3945, 'Aramadaka', 92);
INSERT INTO village (id, name, panchayat_id) VALUES (3946, 'Ayyavaripalle', 92);
INSERT INTO village (id, name, panchayat_id) VALUES (3947, 'Budidavedu', 92);
INSERT INTO village (id, name, panchayat_id) VALUES (3948, 'Chintaparthi', 92);
INSERT INTO village (id, name, panchayat_id) VALUES (3949, 'Chinthalavaripalle', 92);
INSERT INTO village (id, name, panchayat_id) VALUES (3950, 'Gandaboyanapalle', 92);
INSERT INTO village (id, name, panchayat_id) VALUES (3951, 'Jammallapalle', 92);
INSERT INTO village (id, name, panchayat_id) VALUES (3952, 'Jarravaripalle', 92);
INSERT INTO village (id, name, panchayat_id) VALUES (3953, 'Kuraparthi', 92);
INSERT INTO village (id, name, panchayat_id) VALUES (3954, 'Manchuru', 92);
INSERT INTO village (id, name, panchayat_id) VALUES (3955, 'Mugalamarri', 92);
INSERT INTO village (id, name, panchayat_id) VALUES (3956, 'Nagarimadugu', 92);
INSERT INTO village (id, name, panchayat_id) VALUES (3957, 'Thatiguntapalle', 92);
INSERT INTO village (id, name, panchayat_id) VALUES (3958, 'T.Sakirevupalle', 92);
INSERT INTO village (id, name, panchayat_id) VALUES (3959, 'Valmikipuram', 92);
INSERT INTO village (id, name, panchayat_id) VALUES (3960, 'Velagapalle', 92);
INSERT INTO village (id, name, panchayat_id) VALUES (3961, 'Vittalam', 92);
INSERT INTO district (id, name, state_id) VALUES (5, 'Bapatla', 1);
INSERT INTO constituency (id, name, district_id, mla_name, mp_name) VALUES (5, 'Default Constituency Bapatla', 5, 'Pending MLA', 'Pending MP');
INSERT INTO mandal (id, name, constituency_id) VALUES (93, 'Amarthalur', 5);
INSERT INTO panchayat (id, name, mandal_id) VALUES (93, 'Default Panchayat Amarthalur', 93);
INSERT INTO village (id, name, panchayat_id) VALUES (3962, 'Amruthalur', 93);
INSERT INTO village (id, name, panchayat_id) VALUES (3963, 'Bodapadu', 93);
INSERT INTO village (id, name, panchayat_id) VALUES (3964, 'Govada', 93);
INSERT INTO village (id, name, panchayat_id) VALUES (3965, 'Intur', 93);
INSERT INTO village (id, name, panchayat_id) VALUES (3966, 'Koditadiparru', 93);
INSERT INTO village (id, name, panchayat_id) VALUES (3967, 'Kuchipudi', 93);
INSERT INTO village (id, name, panchayat_id) VALUES (3968, 'Moparru', 93);
INSERT INTO village (id, name, panchayat_id) VALUES (3969, 'Mulpur', 93);
INSERT INTO village (id, name, panchayat_id) VALUES (3970, 'Panchalavaram', 93);
INSERT INTO village (id, name, panchayat_id) VALUES (3971, 'Peddapudi', 93);
INSERT INTO village (id, name, panchayat_id) VALUES (3972, 'Pyaparru', 93);
INSERT INTO village (id, name, panchayat_id) VALUES (3973, 'Thurumella', 93);
INSERT INTO village (id, name, panchayat_id) VALUES (3974, 'Yelavarru', 93);
INSERT INTO mandal (id, name, constituency_id) VALUES (94, 'Bapatla', 5);
INSERT INTO panchayat (id, name, mandal_id) VALUES (94, 'Default Panchayat Bapatla', 94);
INSERT INTO village (id, name, panchayat_id) VALUES (3975, 'Adivi', 94);
INSERT INTO village (id, name, panchayat_id) VALUES (3976, 'Appikatla', 94);
INSERT INTO village (id, name, panchayat_id) VALUES (3977, 'Bapatla East (R)', 94);
INSERT INTO village (id, name, panchayat_id) VALUES (3978, 'Bapatla West (R)', 94);
INSERT INTO village (id, name, panchayat_id) VALUES (3979, 'Bharthipudi', 94);
INSERT INTO village (id, name, panchayat_id) VALUES (3980, 'Cheruvu', 94);
INSERT INTO village (id, name, panchayat_id) VALUES (3981, 'Etheru', 94);
INSERT INTO village (id, name, panchayat_id) VALUES (3982, 'Gopapuram', 94);
INSERT INTO village (id, name, panchayat_id) VALUES (3983, 'Gudipudi', 94);
INSERT INTO village (id, name, panchayat_id) VALUES (3984, 'Jammulapalem', 94);
INSERT INTO village (id, name, panchayat_id) VALUES (3985, 'Jillellamudi', 94);
INSERT INTO village (id, name, panchayat_id) VALUES (3986, 'Kankatapalem', 94);
INSERT INTO village (id, name, panchayat_id) VALUES (3987, 'Maruproluvaripalem (R)', 94);
INSERT INTO village (id, name, panchayat_id) VALUES (3988, 'Mulapalem', 94);
INSERT INTO village (id, name, panchayat_id) VALUES (3989, 'Murukondapadu', 94);
INSERT INTO village (id, name, panchayat_id) VALUES (3990, 'Narasayapalem', 94);
INSERT INTO village (id, name, panchayat_id) VALUES (3991, 'Neredupalle', 94);
INSERT INTO village (id, name, panchayat_id) VALUES (3992, 'Palaparthipadu', 94);
INSERT INTO village (id, name, panchayat_id) VALUES (3993, 'Poondla', 94);
INSERT INTO village (id, name, panchayat_id) VALUES (3994, 'Velicherla', 94);
INSERT INTO mandal (id, name, constituency_id) VALUES (95, 'Bhattiprolu', 5);
INSERT INTO panchayat (id, name, mandal_id) VALUES (95, 'Default Panchayat Bhattiprolu', 95);
INSERT INTO village (id, name, panchayat_id) VALUES (3995, 'Addepalli', 95);
INSERT INTO village (id, name, panchayat_id) VALUES (3996, 'Bhattiprolu', 95);
INSERT INTO village (id, name, panchayat_id) VALUES (3997, 'Gorigapudi', 95);
INSERT INTO village (id, name, panchayat_id) VALUES (3998, 'Konetipuram', 95);
INSERT INTO village (id, name, panchayat_id) VALUES (3999, 'Oleru', 95);
INSERT INTO village (id, name, panchayat_id) VALUES (4000, 'Pallekona', 95);
INSERT INTO village (id, name, panchayat_id) VALUES (4001, 'Pedalanka', 95);
INSERT INTO village (id, name, panchayat_id) VALUES (4002, 'Pedapulivarru', 95);
INSERT INTO village (id, name, panchayat_id) VALUES (4003, 'Pesarlanka', 95);
INSERT INTO village (id, name, panchayat_id) VALUES (4004, 'Sivangulapalem', 95);
INSERT INTO village (id, name, panchayat_id) VALUES (4005, 'Surepalle', 95);
INSERT INTO village (id, name, panchayat_id) VALUES (4006, 'Vellaturu', 95);
INSERT INTO mandal (id, name, constituency_id) VALUES (96, 'Cherukupalli', 5);
INSERT INTO panchayat (id, name, mandal_id) VALUES (96, 'Default Panchayat Cherukupalli', 96);
INSERT INTO village (id, name, panchayat_id) VALUES (4007, 'Arepalle', 96);
INSERT INTO village (id, name, panchayat_id) VALUES (4008, 'Arumbaka', 96);
INSERT INTO village (id, name, panchayat_id) VALUES (4009, 'Balusulapalem', 96);
INSERT INTO village (id, name, panchayat_id) VALUES (4010, 'Gudavalli', 96);
INSERT INTO village (id, name, panchayat_id) VALUES (4011, 'Kanagala', 96);
INSERT INTO village (id, name, panchayat_id) VALUES (4012, 'Kavuru', 96);
INSERT INTO village (id, name, panchayat_id) VALUES (4013, 'Nadimpalle', 96);
INSERT INTO village (id, name, panchayat_id) VALUES (4014, 'Ponnapalle', 96);
INSERT INTO village (id, name, panchayat_id) VALUES (4015, 'Rajavolu', 96);
INSERT INTO village (id, name, panchayat_id) VALUES (4016, 'Rambhotlapalem', 96);
INSERT INTO mandal (id, name, constituency_id) VALUES (97, 'Chinaganjam', 5);
INSERT INTO panchayat (id, name, mandal_id) VALUES (97, 'Default Panchayat Chinaganjam', 97);
INSERT INTO village (id, name, panchayat_id) VALUES (4017, 'Chinaganjam', 97);
INSERT INTO village (id, name, panchayat_id) VALUES (4018, 'Chinthagum Palle', 97);
INSERT INTO village (id, name, panchayat_id) VALUES (4019, 'Gonasapudi', 97);
INSERT INTO village (id, name, panchayat_id) VALUES (4020, 'Kadavakuduru', 97);
INSERT INTO village (id, name, panchayat_id) VALUES (4021, 'Motu Palle', 97);
INSERT INTO village (id, name, panchayat_id) VALUES (4022, 'Pedaganjam', 97);
INSERT INTO village (id, name, panchayat_id) VALUES (4023, 'Santharavuru', 97);
INSERT INTO mandal (id, name, constituency_id) VALUES (98, 'Chirala', 5);
INSERT INTO panchayat (id, name, mandal_id) VALUES (98, 'Default Panchayat Chirala', 98);
INSERT INTO village (id, name, panchayat_id) VALUES (4024, 'Chirala (Ct)', 98);
INSERT INTO village (id, name, panchayat_id) VALUES (4025, 'Gavinivari Palem', 98);
INSERT INTO village (id, name, panchayat_id) VALUES (4026, 'Ipuru Palem (Part)', 98);
INSERT INTO village (id, name, panchayat_id) VALUES (4027, 'Perala', 98);
INSERT INTO village (id, name, panchayat_id) VALUES (4028, 'Wada', 98);
INSERT INTO mandal (id, name, constituency_id) VALUES (99, 'Inkollu', 5);
INSERT INTO panchayat (id, name, mandal_id) VALUES (99, 'Default Panchayat Inkollu', 99);
INSERT INTO village (id, name, panchayat_id) VALUES (4029, 'Bhimavaram', 99);
INSERT INTO village (id, name, panchayat_id) VALUES (4030, 'Duddukur', 99);
INSERT INTO village (id, name, panchayat_id) VALUES (4031, 'Ganga Varam', 99);
INSERT INTO village (id, name, panchayat_id) VALUES (4032, 'Idupulapadu', 99);
INSERT INTO village (id, name, panchayat_id) VALUES (4033, 'Inkollu', 99);
INSERT INTO village (id, name, panchayat_id) VALUES (4034, 'Koniki', 99);
INSERT INTO village (id, name, panchayat_id) VALUES (4035, 'Nagandla', 99);
INSERT INTO village (id, name, panchayat_id) VALUES (4036, 'Pavulur', 99);
INSERT INTO village (id, name, panchayat_id) VALUES (4037, 'Pusapadu', 99);
INSERT INTO mandal (id, name, constituency_id) VALUES (100, 'Karamchedu', 5);
INSERT INTO panchayat (id, name, mandal_id) VALUES (100, 'Default Panchayat Karamchedu', 100);
INSERT INTO village (id, name, panchayat_id) VALUES (4038, 'Audi Pudi', 100);
INSERT INTO village (id, name, panchayat_id) VALUES (4039, 'Daggubadu', 100);
INSERT INTO village (id, name, panchayat_id) VALUES (4040, 'Karamchedu', 100);
INSERT INTO village (id, name, panchayat_id) VALUES (4041, 'Kesavarappadu', 100);
INSERT INTO village (id, name, panchayat_id) VALUES (4042, 'Kodavalivari Palem', 100);
INSERT INTO village (id, name, panchayat_id) VALUES (4043, 'Kunkalamarru', 100);
INSERT INTO village (id, name, panchayat_id) VALUES (4044, 'Swarna', 100);
INSERT INTO mandal (id, name, constituency_id) VALUES (101, 'Karlapalem', 5);
INSERT INTO panchayat (id, name, mandal_id) VALUES (101, 'Default Panchayat Karlapalem', 101);
INSERT INTO village (id, name, panchayat_id) VALUES (4045, 'Buddam', 101);
INSERT INTO village (id, name, panchayat_id) VALUES (4046, 'Ganapavaram', 101);
INSERT INTO village (id, name, panchayat_id) VALUES (4047, 'Karlapalem', 101);
INSERT INTO village (id, name, panchayat_id) VALUES (4048, 'Perali', 101);
INSERT INTO village (id, name, panchayat_id) VALUES (4049, 'Yazali', 101);
INSERT INTO mandal (id, name, constituency_id) VALUES (102, 'Kolluru', 5);
INSERT INTO panchayat (id, name, mandal_id) VALUES (102, 'Default Panchayat Kolluru', 102);
INSERT INTO village (id, name, panchayat_id) VALUES (4050, 'Ananthavaram', 102);
INSERT INTO village (id, name, panchayat_id) VALUES (4051, 'Boddulurupadu', 102);
INSERT INTO village (id, name, panchayat_id) VALUES (4052, 'Chilumuru', 102);
INSERT INTO village (id, name, panchayat_id) VALUES (4053, 'Chinapulivarru', 102);
INSERT INTO village (id, name, panchayat_id) VALUES (4054, 'Donepudi', 102);
INSERT INTO village (id, name, panchayat_id) VALUES (4055, 'Gajullanka', 102);
INSERT INTO village (id, name, panchayat_id) VALUES (4056, 'Gurivindapalle', 102);
INSERT INTO village (id, name, panchayat_id) VALUES (4057, 'Ipur', 102);
INSERT INTO village (id, name, panchayat_id) VALUES (4058, 'Kollur', 102);
INSERT INTO village (id, name, panchayat_id) VALUES (4059, 'Pedalanka', 102);
INSERT INTO village (id, name, panchayat_id) VALUES (4060, 'Potharlanka', 102);
INSERT INTO village (id, name, panchayat_id) VALUES (4061, 'Ravikampadu', 102);
INSERT INTO mandal (id, name, constituency_id) VALUES (103, 'Martur', 5);
INSERT INTO panchayat (id, name, mandal_id) VALUES (103, 'Default Panchayat Martur', 103);
INSERT INTO village (id, name, panchayat_id) VALUES (4062, 'Bobbe Palle', 103);
INSERT INTO village (id, name, panchayat_id) VALUES (4063, 'Bolla Palle', 103);
INSERT INTO village (id, name, panchayat_id) VALUES (4064, 'Darsiagraharam', 103);
INSERT INTO village (id, name, panchayat_id) VALUES (4065, 'Dronadula', 103);
INSERT INTO village (id, name, panchayat_id) VALUES (4066, 'Jangamaheswarapuram', 103);
INSERT INTO village (id, name, panchayat_id) VALUES (4067, 'Jonna Thali Agraharam', 103);
INSERT INTO village (id, name, panchayat_id) VALUES (4068, 'Kolala Pudi', 103);
INSERT INTO village (id, name, panchayat_id) VALUES (4069, 'Konanki', 103);
INSERT INTO village (id, name, panchayat_id) VALUES (4070, 'Lakkavaram Agraharam', 103);
INSERT INTO village (id, name, panchayat_id) VALUES (4071, 'Martur', 103);
INSERT INTO village (id, name, panchayat_id) VALUES (4072, 'Nagaraju Palle', 103);
INSERT INTO village (id, name, panchayat_id) VALUES (4073, 'Rajupalem', 103);
INSERT INTO village (id, name, panchayat_id) VALUES (4074, 'Valaparla', 103);
INSERT INTO mandal (id, name, constituency_id) VALUES (104, 'Nagaram', 5);
INSERT INTO panchayat (id, name, mandal_id) VALUES (104, 'Default Panchayat Nagaram', 104);
INSERT INTO village (id, name, panchayat_id) VALUES (4075, 'Allaparru', 104);
INSERT INTO village (id, name, panchayat_id) VALUES (4076, 'Dhulipudi', 104);
INSERT INTO village (id, name, panchayat_id) VALUES (4077, 'Edupalle', 104);
INSERT INTO village (id, name, panchayat_id) VALUES (4078, 'Eletipalem', 104);
INSERT INTO village (id, name, panchayat_id) VALUES (4079, 'Nagaram', 104);
INSERT INTO village (id, name, panchayat_id) VALUES (4080, 'Pamidimarru', 104);
INSERT INTO village (id, name, panchayat_id) VALUES (4081, 'Pedamatlapudi', 104);
INSERT INTO village (id, name, panchayat_id) VALUES (4082, 'Pedapalle', 104);
INSERT INTO village (id, name, panchayat_id) VALUES (4083, 'Peddavaram', 104);
INSERT INTO village (id, name, panchayat_id) VALUES (4084, 'Pudiwada', 104);
INSERT INTO village (id, name, panchayat_id) VALUES (4085, 'Siripudi', 104);
INSERT INTO village (id, name, panchayat_id) VALUES (4086, 'Sivangulapalem', 104);
INSERT INTO village (id, name, panchayat_id) VALUES (4087, 'Thotapalle', 104);
INSERT INTO mandal (id, name, constituency_id) VALUES (105, 'Nizampatnam', 5);
INSERT INTO panchayat (id, name, mandal_id) VALUES (105, 'Default Panchayat Nizampatnam', 105);
INSERT INTO village (id, name, panchayat_id) VALUES (4088, 'Adavuladeevi', 105);
INSERT INTO village (id, name, panchayat_id) VALUES (4089, 'Amudalapalli', 105);
INSERT INTO village (id, name, panchayat_id) VALUES (4090, 'Dindi', 105);
INSERT INTO village (id, name, panchayat_id) VALUES (4091, 'Kuchinapudi', 105);
INSERT INTO village (id, name, panchayat_id) VALUES (4092, 'Muthupalle Agraharam', 105);
INSERT INTO village (id, name, panchayat_id) VALUES (4093, 'Nizampatnam', 105);
INSERT INTO village (id, name, panchayat_id) VALUES (4094, 'Pallapatla', 105);
INSERT INTO village (id, name, panchayat_id) VALUES (4095, 'Pregnam', 105);
INSERT INTO mandal (id, name, constituency_id) VALUES (106, 'Parchur', 5);
INSERT INTO panchayat (id, name, mandal_id) VALUES (106, 'Default Panchayat Parchur', 106);
INSERT INTO village (id, name, panchayat_id) VALUES (4096, 'Adusumalle', 106);
INSERT INTO village (id, name, panchayat_id) VALUES (4097, 'Bodawadamandagunta', 106);
INSERT INTO village (id, name, panchayat_id) VALUES (4098, 'Chennubhotla Palem', 106);
INSERT INTO village (id, name, panchayat_id) VALUES (4099, 'Cherukuru', 106);
INSERT INTO village (id, name, panchayat_id) VALUES (4100, 'Devara Palle', 106);
INSERT INTO village (id, name, panchayat_id) VALUES (4101, 'Edubadu', 106);
INSERT INTO village (id, name, panchayat_id) VALUES (4102, 'Garnepudi', 106);
INSERT INTO village (id, name, panchayat_id) VALUES (4103, 'Gollapudi', 106);
INSERT INTO village (id, name, panchayat_id) VALUES (4104, 'Inagallu', 106);
INSERT INTO village (id, name, panchayat_id) VALUES (4105, 'Nuthalapadu', 106);
INSERT INTO village (id, name, panchayat_id) VALUES (4106, 'Parchur', 106);
INSERT INTO village (id, name, panchayat_id) VALUES (4107, 'Ramanayapalem', 106);
INSERT INTO village (id, name, panchayat_id) VALUES (4108, 'Upputur', 106);
INSERT INTO village (id, name, panchayat_id) VALUES (4109, 'Veeranna Palem', 106);
INSERT INTO mandal (id, name, constituency_id) VALUES (107, 'Pittalavanipalem', 5);
INSERT INTO panchayat (id, name, mandal_id) VALUES (107, 'Default Panchayat Pittalavanipalem', 107);
INSERT INTO village (id, name, panchayat_id) VALUES (4110, 'Allur', 107);
INSERT INTO village (id, name, panchayat_id) VALUES (4111, 'Chandole', 107);
INSERT INTO village (id, name, panchayat_id) VALUES (4112, 'Khajipalem', 107);
INSERT INTO village (id, name, panchayat_id) VALUES (4113, 'Komali', 107);
INSERT INTO village (id, name, panchayat_id) VALUES (4114, 'Pittalavanipalem', 107);
INSERT INTO village (id, name, panchayat_id) VALUES (4115, 'Sangupalem Kodur', 107);
INSERT INTO mandal (id, name, constituency_id) VALUES (108, 'Repalle', 5);
INSERT INTO panchayat (id, name, mandal_id) VALUES (108, 'Default Panchayat Repalle', 108);
INSERT INTO village (id, name, panchayat_id) VALUES (4116, 'Aravapalle', 108);
INSERT INTO village (id, name, panchayat_id) VALUES (4117, 'Bethapudi', 108);
INSERT INTO village (id, name, panchayat_id) VALUES (4118, 'Chatragadda', 108);
INSERT INTO village (id, name, panchayat_id) VALUES (4119, 'Chodayapalem', 108);
INSERT INTO village (id, name, panchayat_id) VALUES (4120, 'Gangadipalem', 108);
INSERT INTO village (id, name, panchayat_id) VALUES (4121, 'Isukapalle (R)', 108);
INSERT INTO village (id, name, panchayat_id) VALUES (4122, 'Kaithepalle', 108);
INSERT INTO village (id, name, panchayat_id) VALUES (4123, 'Kamarajugadda', 108);
INSERT INTO village (id, name, panchayat_id) VALUES (4124, 'Karumuru', 108);
INSERT INTO village (id, name, panchayat_id) VALUES (4125, 'Nalluru', 108);
INSERT INTO village (id, name, panchayat_id) VALUES (4126, 'Parisapadu', 108);
INSERT INTO village (id, name, panchayat_id) VALUES (4127, 'Penumudi', 108);
INSERT INTO village (id, name, panchayat_id) VALUES (4128, 'Peteru', 108);
INSERT INTO village (id, name, panchayat_id) VALUES (4129, 'Potumeraka', 108);
INSERT INTO village (id, name, panchayat_id) VALUES (4130, 'Repalle Town (U)', 108);
INSERT INTO village (id, name, panchayat_id) VALUES (4131, 'Singupalem', 108);
INSERT INTO village (id, name, panchayat_id) VALUES (4132, 'Uppudi', 108);
INSERT INTO village (id, name, panchayat_id) VALUES (4133, 'Visweswaram', 108);
INSERT INTO mandal (id, name, constituency_id) VALUES (109, 'Tsunduru', 5);
INSERT INTO panchayat (id, name, mandal_id) VALUES (109, 'Default Panchayat Tsunduru', 109);
INSERT INTO village (id, name, panchayat_id) VALUES (4134, 'Alapadu', 109);
INSERT INTO village (id, name, panchayat_id) VALUES (4135, 'Chinaparimi', 109);
INSERT INTO village (id, name, panchayat_id) VALUES (4136, 'Edlapalle', 109);
INSERT INTO village (id, name, panchayat_id) VALUES (4137, 'Kothapalle Narikellapalle', 109);
INSERT INTO village (id, name, panchayat_id) VALUES (4138, 'Manduru', 109);
INSERT INTO village (id, name, panchayat_id) VALUES (4139, 'Modukuru', 109);
INSERT INTO village (id, name, panchayat_id) VALUES (4140, 'Pedagadelavarru', 109);
INSERT INTO village (id, name, panchayat_id) VALUES (4141, 'Penugudurupadu', 109);
INSERT INTO village (id, name, panchayat_id) VALUES (4142, 'Thottempudi', 109);
INSERT INTO village (id, name, panchayat_id) VALUES (4143, 'Tsundur', 109);
INSERT INTO village (id, name, panchayat_id) VALUES (4144, 'Valiveru', 109);
INSERT INTO village (id, name, panchayat_id) VALUES (4145, 'Vetapalem', 109);
INSERT INTO mandal (id, name, constituency_id) VALUES (110, 'Vemuru', 5);
INSERT INTO panchayat (id, name, mandal_id) VALUES (110, 'Default Panchayat Vemuru', 110);
INSERT INTO village (id, name, panchayat_id) VALUES (4146, 'Abbanagudavalli', 110);
INSERT INTO village (id, name, panchayat_id) VALUES (4147, 'Balijepalle', 110);
INSERT INTO village (id, name, panchayat_id) VALUES (4148, 'Chadalawada', 110);
INSERT INTO village (id, name, panchayat_id) VALUES (4149, 'Chavali', 110);
INSERT INTO village (id, name, panchayat_id) VALUES (4150, 'Jampani', 110);
INSERT INTO village (id, name, panchayat_id) VALUES (4151, 'Kuchallapadu', 110);
INSERT INTO village (id, name, panchayat_id) VALUES (4152, 'Penumarru', 110);
INSERT INTO village (id, name, panchayat_id) VALUES (4153, 'Peravali', 110);
INSERT INTO village (id, name, panchayat_id) VALUES (4154, 'Peravalipalem', 110);
INSERT INTO village (id, name, panchayat_id) VALUES (4155, 'Pothumarru', 110);
INSERT INTO village (id, name, panchayat_id) VALUES (4156, 'Pulichintalapalem', 110);
INSERT INTO village (id, name, panchayat_id) VALUES (4157, 'Varahapuram', 110);
INSERT INTO village (id, name, panchayat_id) VALUES (4158, 'Vemuru', 110);
INSERT INTO mandal (id, name, constituency_id) VALUES (111, 'Vetapalem', 5);
INSERT INTO panchayat (id, name, mandal_id) VALUES (111, 'Default Panchayat Vetapalem', 111);
INSERT INTO village (id, name, panchayat_id) VALUES (4159, 'Kotha Peta (Part)', 111);
INSERT INTO village (id, name, panchayat_id) VALUES (4160, 'Nayani Palle', 111);
INSERT INTO village (id, name, panchayat_id) VALUES (4161, 'Pandilla Palle', 111);
INSERT INTO village (id, name, panchayat_id) VALUES (4162, 'Pullari Palem', 111);
INSERT INTO village (id, name, panchayat_id) VALUES (4163, 'Vetapalem (Ct)', 111);
INSERT INTO mandal (id, name, constituency_id) VALUES (112, 'Yeddana Pudi', 5);
INSERT INTO panchayat (id, name, mandal_id) VALUES (112, 'Default Panchayat Yeddana Pudi', 112);
INSERT INTO village (id, name, panchayat_id) VALUES (4164, 'Ananthavaram', 112);
INSERT INTO village (id, name, panchayat_id) VALUES (4165, 'Enamadala', 112);
INSERT INTO village (id, name, panchayat_id) VALUES (4166, 'Gannavaram', 112);
INSERT INTO village (id, name, panchayat_id) VALUES (4167, 'Jagarlamudi', 112);
INSERT INTO village (id, name, panchayat_id) VALUES (4168, 'Poluru', 112);
INSERT INTO village (id, name, panchayat_id) VALUES (4169, 'Punuru', 112);
INSERT INTO village (id, name, panchayat_id) VALUES (4170, 'Vinjanampadu', 112);
INSERT INTO village (id, name, panchayat_id) VALUES (4171, 'West Peddivari Palem', 112);
INSERT INTO village (id, name, panchayat_id) VALUES (4172, 'Yeddanapudi', 112);
INSERT INTO district (id, name, state_id) VALUES (6, 'Chittoor', 1);
INSERT INTO constituency (id, name, district_id, mla_name, mp_name) VALUES (6, 'Default Constituency Chittoor', 6, 'Pending MLA', 'Pending MP');
INSERT INTO mandal (id, name, constituency_id) VALUES (113, 'Baireddipalle', 6);
INSERT INTO panchayat (id, name, mandal_id) VALUES (113, 'Default Panchayat Baireddipalle', 113);
INSERT INTO village (id, name, panchayat_id) VALUES (4173, 'Alapalle', 113);
INSERT INTO village (id, name, panchayat_id) VALUES (4174, 'Baireddipalle', 113);
INSERT INTO village (id, name, panchayat_id) VALUES (4175, 'Belupalle', 113);
INSERT INTO village (id, name, panchayat_id) VALUES (4176, 'Chappidipalle', 113);
INSERT INTO village (id, name, panchayat_id) VALUES (4177, 'Devadoddi', 113);
INSERT INTO village (id, name, panchayat_id) VALUES (4178, 'Dharmapuri', 113);
INSERT INTO village (id, name, panchayat_id) VALUES (4179, 'Donthirallapalle', 113);
INSERT INTO village (id, name, panchayat_id) VALUES (4180, 'Ganginayanipalle', 113);
INSERT INTO village (id, name, panchayat_id) VALUES (4181, 'Gollachemana Palle', 113);
INSERT INTO village (id, name, panchayat_id) VALUES (4182, 'Gounithimmepalle', 113);
INSERT INTO village (id, name, panchayat_id) VALUES (4183, 'Kadapanatham', 113);
INSERT INTO village (id, name, panchayat_id) VALUES (4184, 'Kaigallu', 113);
INSERT INTO village (id, name, panchayat_id) VALUES (4185, 'Kambhampalle', 113);
INSERT INTO village (id, name, panchayat_id) VALUES (4186, 'Kammanapalle', 113);
INSERT INTO village (id, name, panchayat_id) VALUES (4187, 'Lakkanapalle', 113);
INSERT INTO village (id, name, panchayat_id) VALUES (4188, 'Meakalanagireddi Palle', 113);
INSERT INTO village (id, name, panchayat_id) VALUES (4189, 'Mulathimmepalle', 113);
INSERT INTO village (id, name, panchayat_id) VALUES (4190, 'Nellipatla', 113);
INSERT INTO village (id, name, panchayat_id) VALUES (4191, 'Pathurnatham', 113);
INSERT INTO village (id, name, panchayat_id) VALUES (4192, 'Peddachellaragunta', 113);
INSERT INTO village (id, name, panchayat_id) VALUES (4193, 'Raghunayakula Dinne', 113);
INSERT INTO village (id, name, panchayat_id) VALUES (4194, 'Settipalle', 113);
INSERT INTO village (id, name, panchayat_id) VALUES (4195, 'Theertham', 113);
INSERT INTO village (id, name, panchayat_id) VALUES (4196, 'Thimmaiahgaripalle', 113);
INSERT INTO village (id, name, panchayat_id) VALUES (4197, 'Veerlabanda', 113);
INSERT INTO mandal (id, name, constituency_id) VALUES (114, 'Bangarupalem', 6);
INSERT INTO panchayat (id, name, mandal_id) VALUES (114, 'Default Panchayat Bangarupalem', 114);
INSERT INTO village (id, name, panchayat_id) VALUES (4198, 'Beripalle', 114);
INSERT INTO village (id, name, panchayat_id) VALUES (4199, 'Bodabandla', 114);
INSERT INTO village (id, name, panchayat_id) VALUES (4200, 'Gollapalle', 114);
INSERT INTO village (id, name, panchayat_id) VALUES (4201, 'Gundla Kattamanchi', 114);
INSERT INTO village (id, name, panchayat_id) VALUES (4202, 'Jambuvaripalle', 114);
INSERT INTO village (id, name, panchayat_id) VALUES (4203, 'Kallurupalle', 114);
INSERT INTO village (id, name, panchayat_id) VALUES (4204, 'Kalvamogilappa Kandriga', 114);
INSERT INTO village (id, name, panchayat_id) VALUES (4205, 'Keeramanda', 114);
INSERT INTO village (id, name, panchayat_id) VALUES (4206, 'Kurmaipalle', 114);
INSERT INTO village (id, name, panchayat_id) VALUES (4207, 'Mahasamudram', 114);
INSERT INTO village (id, name, panchayat_id) VALUES (4208, 'Mogili', 114);
INSERT INTO village (id, name, panchayat_id) VALUES (4209, 'Mothagunta', 114);
INSERT INTO village (id, name, panchayat_id) VALUES (4210, 'Nalagampalle', 114);
INSERT INTO village (id, name, panchayat_id) VALUES (4211, 'Nallangadu', 114);
INSERT INTO village (id, name, panchayat_id) VALUES (4212, 'Noonegundlapalle', 114);
INSERT INTO village (id, name, panchayat_id) VALUES (4213, 'Palamakulapalle', 114);
INSERT INTO village (id, name, panchayat_id) VALUES (4214, 'Paleru', 114);
INSERT INTO village (id, name, panchayat_id) VALUES (4215, 'Ragimanipenta', 114);
INSERT INTO village (id, name, panchayat_id) VALUES (4216, 'Sadakuppam', 114);
INSERT INTO village (id, name, panchayat_id) VALUES (4217, 'Setteri', 114);
INSERT INTO village (id, name, panchayat_id) VALUES (4218, 'Tekumanda', 114);
INSERT INTO village (id, name, panchayat_id) VALUES (4219, 'Thambuganipalle', 114);
INSERT INTO village (id, name, panchayat_id) VALUES (4220, 'Thoompayanapalle', 114);
INSERT INTO village (id, name, panchayat_id) VALUES (4221, 'Thumba', 114);
INSERT INTO village (id, name, panchayat_id) VALUES (4222, 'Thumba Kuppam', 114);
INSERT INTO village (id, name, panchayat_id) VALUES (4223, 'Venkatagiri', 114);
INSERT INTO village (id, name, panchayat_id) VALUES (4224, 'Vepanapalle', 114);
INSERT INTO mandal (id, name, constituency_id) VALUES (115, 'Chittoor Rural', 6);
INSERT INTO panchayat (id, name, mandal_id) VALUES (115, 'Default Panchayat Chittoor Rural', 115);
INSERT INTO village (id, name, panchayat_id) VALUES (4225, 'Alukurupalle', 115);
INSERT INTO village (id, name, panchayat_id) VALUES (4226, 'Anagallu', 115);
INSERT INTO village (id, name, panchayat_id) VALUES (4227, 'Ananthapuram', 115);
INSERT INTO village (id, name, panchayat_id) VALUES (4228, 'Arathala', 115);
INSERT INTO village (id, name, panchayat_id) VALUES (4229, 'Ayanavedu', 115);
INSERT INTO village (id, name, panchayat_id) VALUES (4230, 'Bakara Narasinga Rayani Peta', 115);
INSERT INTO village (id, name, panchayat_id) VALUES (4231, 'Bandapalle', 115);
INSERT INTO village (id, name, panchayat_id) VALUES (4232, 'Chinthalagunta', 115);
INSERT INTO village (id, name, panchayat_id) VALUES (4233, 'Diguvamasapalle', 115);
INSERT INTO village (id, name, panchayat_id) VALUES (4234, 'Gollapalle', 115);
INSERT INTO village (id, name, panchayat_id) VALUES (4235, 'Guvvakallu', 115);
INSERT INTO village (id, name, panchayat_id) VALUES (4236, 'Krishnapuram', 115);
INSERT INTO village (id, name, panchayat_id) VALUES (4237, 'Kurchivedu', 115);
INSERT INTO village (id, name, panchayat_id) VALUES (4238, 'Muthukuru', 115);
INSERT INTO village (id, name, panchayat_id) VALUES (4239, 'Pachanapalle', 115);
INSERT INTO village (id, name, panchayat_id) VALUES (4240, 'Paluru', 115);
INSERT INTO village (id, name, panchayat_id) VALUES (4241, 'Peddisettipalle', 115);
INSERT INTO village (id, name, panchayat_id) VALUES (4242, 'Perumalla Khandriga', 115);
INSERT INTO village (id, name, panchayat_id) VALUES (4243, 'Settiappam Thangal', 115);
INSERT INTO village (id, name, panchayat_id) VALUES (4244, 'Siddampalle', 115);
INSERT INTO village (id, name, panchayat_id) VALUES (4245, 'S.Venkatapuram', 115);
INSERT INTO village (id, name, panchayat_id) VALUES (4246, 'Thalambedu', 115);
INSERT INTO village (id, name, panchayat_id) VALUES (4247, 'Thenebanda (Part)', 115);
INSERT INTO village (id, name, panchayat_id) VALUES (4248, 'Thumminda', 115);
INSERT INTO village (id, name, panchayat_id) VALUES (4249, 'Varadarajulapalle', 115);
INSERT INTO village (id, name, panchayat_id) VALUES (4250, 'Venkatapuram', 115);
INSERT INTO mandal (id, name, constituency_id) VALUES (116, 'Chittoor Urban', 6);
INSERT INTO panchayat (id, name, mandal_id) VALUES (116, 'Default Panchayat Chittoor Urban', 116);
INSERT INTO village (id, name, panchayat_id) VALUES (4251, 'Anupalle', 116);
INSERT INTO village (id, name, panchayat_id) VALUES (4252, 'Anupalle (Part)', 116);
INSERT INTO village (id, name, panchayat_id) VALUES (4253, 'Chittoor', 116);
INSERT INTO village (id, name, panchayat_id) VALUES (4254, 'Doddipalle (Og)', 116);
INSERT INTO village (id, name, panchayat_id) VALUES (4255, 'Gandlapalle', 116);
INSERT INTO village (id, name, panchayat_id) VALUES (4256, 'Greamspeta', 116);
INSERT INTO village (id, name, panchayat_id) VALUES (4257, 'Iruvaram', 116);
INSERT INTO village (id, name, panchayat_id) VALUES (4258, 'Kattamanchi', 116);
INSERT INTO village (id, name, panchayat_id) VALUES (4259, 'Lakshmambapuram', 116);
INSERT INTO village (id, name, panchayat_id) VALUES (4260, 'Mangasamudram (Ct)', 116);
INSERT INTO village (id, name, panchayat_id) VALUES (4261, 'Mapakshi', 116);
INSERT INTO village (id, name, panchayat_id) VALUES (4262, 'Murakambattu (Ct)', 116);
INSERT INTO village (id, name, panchayat_id) VALUES (4263, 'Narigapalle', 116);
INSERT INTO village (id, name, panchayat_id) VALUES (4264, 'Thimmasamudram', 116);
INSERT INTO mandal (id, name, constituency_id) VALUES (117, 'Gangadhara Nellore', 6);
INSERT INTO panchayat (id, name, mandal_id) VALUES (117, 'Default Panchayat Gangadhara Nellore', 117);
INSERT INTO village (id, name, panchayat_id) VALUES (4265, 'Agaramangalam', 117);
INSERT INTO village (id, name, panchayat_id) VALUES (4266, 'Ambodharapalle', 117);
INSERT INTO village (id, name, panchayat_id) VALUES (4267, 'Atmakur', 117);
INSERT INTO village (id, name, panchayat_id) VALUES (4268, 'B.C.Khandriga', 117);
INSERT INTO village (id, name, panchayat_id) VALUES (4269, 'Bojjinayanipalle', 117);
INSERT INTO village (id, name, panchayat_id) VALUES (4270, 'Bukkapatnam', 117);
INSERT INTO village (id, name, panchayat_id) VALUES (4271, 'Chinnavepanjeri', 117);
INSERT INTO village (id, name, panchayat_id) VALUES (4272, 'Ellapalle', 117);
INSERT INTO village (id, name, panchayat_id) VALUES (4273, 'Errabodireddipalle', 117);
INSERT INTO village (id, name, panchayat_id) VALUES (4274, 'Gangadharanellore', 117);
INSERT INTO village (id, name, panchayat_id) VALUES (4275, 'Garigalapalle', 117);
INSERT INTO village (id, name, panchayat_id) VALUES (4276, 'Gollapalle', 117);
INSERT INTO village (id, name, panchayat_id) VALUES (4277, 'Kadapagunta', 117);
INSERT INTO village (id, name, panchayat_id) VALUES (4278, 'Kalijavedu', 117);
INSERT INTO village (id, name, panchayat_id) VALUES (4279, 'Kondepalle', 117);
INSERT INTO village (id, name, panchayat_id) VALUES (4280, 'Kotagaram', 117);
INSERT INTO village (id, name, panchayat_id) VALUES (4281, 'Kothavenkatapuram', 117);
INSERT INTO village (id, name, panchayat_id) VALUES (4282, 'Kotrakona', 117);
INSERT INTO village (id, name, panchayat_id) VALUES (4283, 'Mahadevamangalam', 117);
INSERT INTO village (id, name, panchayat_id) VALUES (4284, 'Mukkelathuru', 117);
INSERT INTO village (id, name, panchayat_id) VALUES (4285, 'Murthinayanipalle', 117);
INSERT INTO village (id, name, panchayat_id) VALUES (4286, 'Nallarallapalle', 117);
INSERT INTO village (id, name, panchayat_id) VALUES (4287, 'Nandanoor', 117);
INSERT INTO village (id, name, panchayat_id) VALUES (4288, 'Nellipalle', 117);
INSERT INTO village (id, name, panchayat_id) VALUES (4289, 'Pachigunta', 117);
INSERT INTO village (id, name, panchayat_id) VALUES (4290, 'Pathapalem', 117);
INSERT INTO village (id, name, panchayat_id) VALUES (4291, 'Pathavenkatapuram', 117);
INSERT INTO village (id, name, panchayat_id) VALUES (4292, 'Peddakalva', 117);
INSERT INTO village (id, name, panchayat_id) VALUES (4293, 'Tungundram', 117);
INSERT INTO village (id, name, panchayat_id) VALUES (4294, 'Varathuru', 117);
INSERT INTO village (id, name, panchayat_id) VALUES (4295, 'Veerakanellore', 117);
INSERT INTO village (id, name, panchayat_id) VALUES (4296, 'Velkur', 117);
INSERT INTO village (id, name, panchayat_id) VALUES (4297, 'Vepanjeri', 117);
INSERT INTO village (id, name, panchayat_id) VALUES (4298, 'Vezzupalle', 117);
INSERT INTO village (id, name, panchayat_id) VALUES (4299, 'Vinjam', 117);
INSERT INTO mandal (id, name, constituency_id) VALUES (118, 'Gangavaram', 6);
INSERT INTO panchayat (id, name, mandal_id) VALUES (118, 'Default Panchayat Gangavaram', 118);
INSERT INTO village (id, name, panchayat_id) VALUES (4300, 'Dandapalle', 118);
INSERT INTO village (id, name, panchayat_id) VALUES (4301, 'Gandrajupalle', 118);
INSERT INTO village (id, name, panchayat_id) VALUES (4302, 'Gangavaram (Part)', 118);
INSERT INTO village (id, name, panchayat_id) VALUES (4303, 'Gundugallu', 118);
INSERT INTO village (id, name, panchayat_id) VALUES (4304, 'Jeedimakulapalle', 118);
INSERT INTO village (id, name, panchayat_id) VALUES (4305, 'Kalagatoor', 118);
INSERT INTO village (id, name, panchayat_id) VALUES (4306, 'Kallupalle', 118);
INSERT INTO village (id, name, panchayat_id) VALUES (4307, 'Keelapalle', 118);
INSERT INTO village (id, name, panchayat_id) VALUES (4308, 'Keelapatla', 118);
INSERT INTO village (id, name, panchayat_id) VALUES (4309, 'Kothapalle', 118);
INSERT INTO village (id, name, panchayat_id) VALUES (4310, 'Mamadugu', 118);
INSERT INTO village (id, name, panchayat_id) VALUES (4311, 'Maredupalle', 118);
INSERT INTO village (id, name, panchayat_id) VALUES (4312, 'Melumoy', 118);
INSERT INTO village (id, name, panchayat_id) VALUES (4313, 'Mogilpalle', 118);
INSERT INTO village (id, name, panchayat_id) VALUES (4314, 'Pasupathur', 118);
INSERT INTO village (id, name, panchayat_id) VALUES (4315, 'Pathikonda', 118);
INSERT INTO mandal (id, name, constituency_id) VALUES (119, 'Gudipala', 6);
INSERT INTO panchayat (id, name, mandal_id) VALUES (119, 'Default Panchayat Gudipala', 119);
INSERT INTO village (id, name, panchayat_id) VALUES (4316, 'Adilakshmamba Puram', 119);
INSERT INTO village (id, name, panchayat_id) VALUES (4317, 'Bandapalle', 119);
INSERT INTO village (id, name, panchayat_id) VALUES (4318, 'Bandarlapalle', 119);
INSERT INTO village (id, name, panchayat_id) VALUES (4319, 'Basavapalle', 119);
INSERT INTO village (id, name, panchayat_id) VALUES (4320, 'Bomma Samudram', 119);
INSERT INTO village (id, name, panchayat_id) VALUES (4321, 'Cheelapalle', 119);
INSERT INTO village (id, name, panchayat_id) VALUES (4322, 'Cheruvu Mundara Khandriga', 119);
INSERT INTO village (id, name, panchayat_id) VALUES (4323, 'Chittapara', 119);
INSERT INTO village (id, name, panchayat_id) VALUES (4324, 'Dakshina Brahmana Palle', 119);
INSERT INTO village (id, name, panchayat_id) VALUES (4325, 'Gollapalle', 119);
INSERT INTO village (id, name, panchayat_id) VALUES (4326, 'Gudipala', 119);
INSERT INTO village (id, name, panchayat_id) VALUES (4327, 'Kaidugani Khandriga', 119);
INSERT INTO village (id, name, panchayat_id) VALUES (4328, 'Kothapalle', 119);
INSERT INTO village (id, name, panchayat_id) VALUES (4329, 'Krishna Jammapuram', 119);
INSERT INTO village (id, name, panchayat_id) VALUES (4330, 'Kuppiganipalle', 119);
INSERT INTO village (id, name, panchayat_id) VALUES (4331, 'Lakshmambapuram', 119);
INSERT INTO village (id, name, panchayat_id) VALUES (4332, 'Mandi Krishnapuram', 119);
INSERT INTO village (id, name, panchayat_id) VALUES (4333, 'Marakalakuppam', 119);
INSERT INTO village (id, name, panchayat_id) VALUES (4334, 'Mogaralapalle', 119);
INSERT INTO village (id, name, panchayat_id) VALUES (4335, 'Muthukurpalle', 119);
INSERT INTO village (id, name, panchayat_id) VALUES (4336, 'Nangamangalam', 119);
INSERT INTO village (id, name, panchayat_id) VALUES (4337, 'Naragallu', 119);
INSERT INTO village (id, name, panchayat_id) VALUES (4338, 'Papasamudram', 119);
INSERT INTO village (id, name, panchayat_id) VALUES (4339, 'Pasumanda', 119);
INSERT INTO village (id, name, panchayat_id) VALUES (4340, 'Ragimanupatteda', 119);
INSERT INTO village (id, name, panchayat_id) VALUES (4341, 'Ramapuram', 119);
INSERT INTO village (id, name, panchayat_id) VALUES (4342, 'Srirangampalle', 119);
INSERT INTO village (id, name, panchayat_id) VALUES (4343, 'Thimmaiahpalle', 119);
INSERT INTO village (id, name, panchayat_id) VALUES (4344, 'Vasanthapuram', 119);
INSERT INTO village (id, name, panchayat_id) VALUES (4345, 'Venkata Lakshmamba Puram', 119);
INSERT INTO mandal (id, name, constituency_id) VALUES (120, 'Gudupalle', 6);
INSERT INTO panchayat (id, name, mandal_id) VALUES (120, 'Default Panchayat Gudupalle', 120);
INSERT INTO village (id, name, panchayat_id) VALUES (4346, 'Agaram', 120);
INSERT INTO village (id, name, panchayat_id) VALUES (4347, 'Alugumanipalle', 120);
INSERT INTO village (id, name, panchayat_id) VALUES (4348, 'Anagarlapalle', 120);
INSERT INTO village (id, name, panchayat_id) VALUES (4349, 'Anganamalakothuru', 120);
INSERT INTO village (id, name, panchayat_id) VALUES (4350, 'Athinatham', 120);
INSERT INTO village (id, name, panchayat_id) VALUES (4351, 'Avulathimmanapalle', 120);
INSERT INTO village (id, name, panchayat_id) VALUES (4352, 'Beggilipalle', 120);
INSERT INTO village (id, name, panchayat_id) VALUES (4353, 'Bijiganipalle', 120);
INSERT INTO village (id, name, panchayat_id) VALUES (4354, 'Bisanatham', 120);
INSERT INTO village (id, name, panchayat_id) VALUES (4355, 'Boyanapalle', 120);
INSERT INTO village (id, name, panchayat_id) VALUES (4356, 'Burugulapalle', 120);
INSERT INTO village (id, name, panchayat_id) VALUES (4357, 'Cheekatipalle', 120);
INSERT INTO village (id, name, panchayat_id) VALUES (4358, 'Chinnagollapalle', 120);
INSERT INTO village (id, name, panchayat_id) VALUES (4359, 'Chinnaparthikunta', 120);
INSERT INTO village (id, name, panchayat_id) VALUES (4360, 'Dasimanipalle', 120);
INSERT INTO village (id, name, panchayat_id) VALUES (4361, 'Dinnepalle', 120);
INSERT INTO village (id, name, panchayat_id) VALUES (4362, 'Gokarlapalle', 120);
INSERT INTO village (id, name, panchayat_id) VALUES (4363, 'Gudupalle', 120);
INSERT INTO village (id, name, panchayat_id) VALUES (4364, 'Gundlasagaram', 120);
INSERT INTO village (id, name, panchayat_id) VALUES (4365, 'Irisiganipalle', 120);
INSERT INTO village (id, name, panchayat_id) VALUES (4366, 'Jarugukonda', 120);
INSERT INTO village (id, name, panchayat_id) VALUES (4367, 'Kakinayanichigurla Palle', 120);
INSERT INTO village (id, name, panchayat_id) VALUES (4368, 'Kanamanapalle', 120);
INSERT INTO village (id, name, panchayat_id) VALUES (4369, 'Kodiganipalle', 120);
INSERT INTO village (id, name, panchayat_id) VALUES (4370, 'Kotachembagiri', 120);
INSERT INTO village (id, name, panchayat_id) VALUES (4371, 'Kotamakanepalle', 120);
INSERT INTO village (id, name, panchayat_id) VALUES (4372, 'Kotapalle', 120);
INSERT INTO village (id, name, panchayat_id) VALUES (4373, 'Kuppiganipalle', 120);
INSERT INTO village (id, name, panchayat_id) VALUES (4374, 'Lingapuram Dinne', 120);
INSERT INTO village (id, name, panchayat_id) VALUES (4375, 'Malavanikothur', 120);
INSERT INTO village (id, name, panchayat_id) VALUES (4376, 'Maldepalle', 120);
INSERT INTO village (id, name, panchayat_id) VALUES (4377, 'Nakkanapalle', 120);
INSERT INTO village (id, name, panchayat_id) VALUES (4378, 'Nalagampalle', 120);
INSERT INTO village (id, name, panchayat_id) VALUES (4379, 'Onnapanayani Kothur', 120);
INSERT INTO village (id, name, panchayat_id) VALUES (4380, 'Ontipalle', 120);
INSERT INTO village (id, name, panchayat_id) VALUES (4381, 'Peddagollapalle', 120);
INSERT INTO village (id, name, panchayat_id) VALUES (4382, 'Peddaparthikunta', 120);
INSERT INTO village (id, name, panchayat_id) VALUES (4383, 'Pogurupalle', 120);
INSERT INTO village (id, name, panchayat_id) VALUES (4384, 'Sanganapalle', 120);
INSERT INTO village (id, name, panchayat_id) VALUES (4385, 'Settipalle', 120);
INSERT INTO village (id, name, panchayat_id) VALUES (4386, 'Settipalle @ K.Bandarlapalle', 120);
INSERT INTO village (id, name, panchayat_id) VALUES (4387, 'Sirigiripalle', 120);
INSERT INTO village (id, name, panchayat_id) VALUES (4388, 'Sodiganipalle', 120);
INSERT INTO village (id, name, panchayat_id) VALUES (4389, 'Sonnarasanapalle', 120);
INSERT INTO village (id, name, panchayat_id) VALUES (4390, 'Thalai Agraharam', 120);
INSERT INTO village (id, name, panchayat_id) VALUES (4391, 'Thimmanayanipalle', 120);
INSERT INTO village (id, name, panchayat_id) VALUES (4392, 'Vengepalle', 120);
INSERT INTO village (id, name, panchayat_id) VALUES (4393, 'Yamaganipalle', 120);
INSERT INTO mandal (id, name, constituency_id) VALUES (121, 'Irala', 6);
INSERT INTO panchayat (id, name, mandal_id) VALUES (121, 'Default Panchayat Irala', 121);
INSERT INTO village (id, name, panchayat_id) VALUES (4394, 'Ayyala Krishna Reddipalle', 121);
INSERT INTO village (id, name, panchayat_id) VALUES (4395, 'Chigarapalle', 121);
INSERT INTO village (id, name, panchayat_id) VALUES (4396, 'Erlampalle', 121);
INSERT INTO village (id, name, panchayat_id) VALUES (4397, 'Gundlapalle', 121);
INSERT INTO village (id, name, panchayat_id) VALUES (4398, 'Irala', 121);
INSERT INTO village (id, name, panchayat_id) VALUES (4399, 'Kaminayanipalle', 121);
INSERT INTO village (id, name, panchayat_id) VALUES (4400, 'Kanipakam', 121);
INSERT INTO village (id, name, panchayat_id) VALUES (4401, 'Kollapalle', 121);
INSERT INTO village (id, name, panchayat_id) VALUES (4402, 'Kothapalle', 121);
INSERT INTO village (id, name, panchayat_id) VALUES (4403, 'Morampalle', 121);
INSERT INTO village (id, name, panchayat_id) VALUES (4404, 'Mudigolam', 121);
INSERT INTO village (id, name, panchayat_id) VALUES (4405, 'Nampalle', 121);
INSERT INTO village (id, name, panchayat_id) VALUES (4406, 'Peddasamireddipalle', 121);
INSERT INTO village (id, name, panchayat_id) VALUES (4407, 'Polakala', 121);
INSERT INTO village (id, name, panchayat_id) VALUES (4408, 'Pulluru', 121);
INSERT INTO village (id, name, panchayat_id) VALUES (4409, 'Puthramaddi', 121);
INSERT INTO village (id, name, panchayat_id) VALUES (4410, 'Sanganapalle', 121);
INSERT INTO village (id, name, panchayat_id) VALUES (4411, 'Venkata Samudra Agraharam', 121);
INSERT INTO mandal (id, name, constituency_id) VALUES (122, 'Karvetinagar', 6);
INSERT INTO panchayat (id, name, mandal_id) VALUES (122, 'Default Panchayat Karvetinagar', 122);
INSERT INTO village (id, name, panchayat_id) VALUES (4412, 'Alathur', 122);
INSERT INTO village (id, name, panchayat_id) VALUES (4413, 'Annur', 122);
INSERT INTO village (id, name, panchayat_id) VALUES (4414, 'Annurkasabagayat', 122);
INSERT INTO village (id, name, panchayat_id) VALUES (4415, 'Battuvaripalle', 122);
INSERT INTO village (id, name, panchayat_id) VALUES (4416, 'Damodara Maharajapuram', 122);
INSERT INTO village (id, name, panchayat_id) VALUES (4417, 'Edigapalli', 122);
INSERT INTO village (id, name, panchayat_id) VALUES (4418, 'Eduvaripalle', 122);
INSERT INTO village (id, name, panchayat_id) VALUES (4419, 'Erramrajupalle', 122);
INSERT INTO village (id, name, panchayat_id) VALUES (4420, 'Gazanki', 122);
INSERT INTO village (id, name, panchayat_id) VALUES (4421, 'Gopichettipalle', 122);
INSERT INTO village (id, name, panchayat_id) VALUES (4422, 'Karvetinagar', 122);
INSERT INTO village (id, name, panchayat_id) VALUES (4423, 'Kasavarajapura Agraharam', 122);
INSERT INTO village (id, name, panchayat_id) VALUES (4424, 'Katherapalle', 122);
INSERT INTO village (id, name, panchayat_id) VALUES (4425, 'Kesavakuppam', 122);
INSERT INTO village (id, name, panchayat_id) VALUES (4426, 'Kethumatmaharajapuram', 122);
INSERT INTO village (id, name, panchayat_id) VALUES (4427, 'Kollagunta', 122);
INSERT INTO village (id, name, panchayat_id) VALUES (4428, 'Kotarvedu', 122);
INSERT INTO village (id, name, panchayat_id) VALUES (4429, 'Krishnasamudram', 122);
INSERT INTO village (id, name, panchayat_id) VALUES (4430, 'Lakshmirajupet', 122);
INSERT INTO village (id, name, panchayat_id) VALUES (4431, 'Makamambavilasam', 122);
INSERT INTO village (id, name, panchayat_id) VALUES (4432, 'Mukkaravaripalle', 122);
INSERT INTO village (id, name, panchayat_id) VALUES (4433, 'Nissankadurgam', 122);
INSERT INTO village (id, name, panchayat_id) VALUES (4434, 'Ponnagallu', 122);
INSERT INTO village (id, name, panchayat_id) VALUES (4435, 'Rajakumaravenkata Bahadurpet', 122);
INSERT INTO village (id, name, panchayat_id) VALUES (4436, 'Surendranagaram', 122);
INSERT INTO village (id, name, panchayat_id) VALUES (4437, 'Tirumalakondamambagaripeta', 122);
INSERT INTO village (id, name, panchayat_id) VALUES (4438, 'Viratapuram', 122);
INSERT INTO mandal (id, name, constituency_id) VALUES (123, 'Kuppam', 6);
INSERT INTO panchayat (id, name, mandal_id) VALUES (123, 'Default Panchayat Kuppam', 123);
INSERT INTO village (id, name, panchayat_id) VALUES (4439, 'Adavi Budugur', 123);
INSERT INTO village (id, name, panchayat_id) VALUES (4440, 'Adavimulakapalle', 123);
INSERT INTO village (id, name, panchayat_id) VALUES (4441, 'Avulanatham', 123);
INSERT INTO village (id, name, panchayat_id) VALUES (4442, 'Bairaganipalle (Rural)', 123);
INSERT INTO village (id, name, panchayat_id) VALUES (4443, 'Bandasettipalle (Rural)', 123);
INSERT INTO village (id, name, panchayat_id) VALUES (4444, 'Bathalapalle', 123);
INSERT INTO village (id, name, panchayat_id) VALUES (4445, 'Bevanapalle', 123);
INSERT INTO village (id, name, panchayat_id) VALUES (4446, 'Bodaguttapalle', 123);
INSERT INTO village (id, name, panchayat_id) VALUES (4447, 'Boggupalle', 123);
INSERT INTO village (id, name, panchayat_id) VALUES (4448, 'Chalarlapalle', 123);
INSERT INTO village (id, name, panchayat_id) VALUES (4449, 'Chammaguttapalle', 123);
INSERT INTO village (id, name, panchayat_id) VALUES (4450, 'Chekkunatham', 123);
INSERT INTO village (id, name, panchayat_id) VALUES (4451, 'Chinna Bangarunatham', 123);
INSERT INTO village (id, name, panchayat_id) VALUES (4452, 'Chinna Boggupalle', 123);
INSERT INTO village (id, name, panchayat_id) VALUES (4453, 'Chinnakurbalapalle (Rural)', 123);
INSERT INTO village (id, name, panchayat_id) VALUES (4454, 'Chinnaobba', 123);
INSERT INTO village (id, name, panchayat_id) VALUES (4455, 'Dasegowniyur', 123);
INSERT INTO village (id, name, panchayat_id) VALUES (4456, 'Ekarlapalle', 123);
INSERT INTO village (id, name, panchayat_id) VALUES (4457, 'Ellajjanuru', 123);
INSERT INTO village (id, name, panchayat_id) VALUES (4458, 'Gattappanayanipalle', 123);
INSERT INTO village (id, name, panchayat_id) VALUES (4459, 'Gonugur', 123);
INSERT INTO village (id, name, panchayat_id) VALUES (4460, 'Gudlakadirepalle', 123);
INSERT INTO village (id, name, panchayat_id) VALUES (4461, 'Gudlanayanipalle', 123);
INSERT INTO village (id, name, panchayat_id) VALUES (4462, 'Guttapalle', 123);
INSERT INTO village (id, name, panchayat_id) VALUES (4463, 'Jarugu', 123);
INSERT INTO village (id, name, panchayat_id) VALUES (4464, 'Kakimadugu', 123);
INSERT INTO village (id, name, panchayat_id) VALUES (4465, 'Kamathamur', 123);
INSERT INTO village (id, name, panchayat_id) VALUES (4466, 'Kanamapacharla Palle', 123);
INSERT INTO village (id, name, panchayat_id) VALUES (4467, 'Kangundi', 123);
INSERT INTO village (id, name, panchayat_id) VALUES (4468, 'Kathimanipalle', 123);
INSERT INTO village (id, name, panchayat_id) VALUES (4469, 'Koormanipalle', 123);
INSERT INTO village (id, name, panchayat_id) VALUES (4470, 'Kothapalle', 123);
INSERT INTO village (id, name, panchayat_id) VALUES (4471, 'Krishnadasanapalle', 123);
INSERT INTO village (id, name, panchayat_id) VALUES (4472, 'Kungegowniyur', 123);
INSERT INTO village (id, name, panchayat_id) VALUES (4473, 'Kuppam (Ct)', 123);
INSERT INTO village (id, name, panchayat_id) VALUES (4474, 'Kuttiganipalle', 123);
INSERT INTO village (id, name, panchayat_id) VALUES (4475, 'Marapalle', 123);
INSERT INTO village (id, name, panchayat_id) VALUES (4476, 'Mittapalle', 123);
INSERT INTO village (id, name, panchayat_id) VALUES (4477, 'Mottakadirinur', 123);
INSERT INTO village (id, name, panchayat_id) VALUES (4478, 'Mulakalapalle', 123);
INSERT INTO village (id, name, panchayat_id) VALUES (4479, 'Nadimur', 123);
INSERT INTO village (id, name, panchayat_id) VALUES (4480, 'Nimmakampalle', 123);
INSERT INTO village (id, name, panchayat_id) VALUES (4481, 'Noolakunta', 123);
INSERT INTO village (id, name, panchayat_id) VALUES (4482, 'Paipalyam', 123);
INSERT INTO village (id, name, panchayat_id) VALUES (4483, 'Palarlapalle', 123);
INSERT INTO village (id, name, panchayat_id) VALUES (4484, 'Pedda Bangarunatham', 123);
INSERT INTO village (id, name, panchayat_id) VALUES (4485, 'Pedda Boggupallle', 123);
INSERT INTO village (id, name, panchayat_id) VALUES (4486, 'Peddagopanapalle', 123);
INSERT INTO village (id, name, panchayat_id) VALUES (4487, 'Ponnangur', 123);
INSERT INTO village (id, name, panchayat_id) VALUES (4488, 'Porakuntlapalle', 123);
INSERT INTO village (id, name, panchayat_id) VALUES (4489, 'Rajanam', 123);
INSERT INTO village (id, name, panchayat_id) VALUES (4490, 'Sajjalapalle', 123);
INSERT INTO village (id, name, panchayat_id) VALUES (4491, 'Samaguttapalle', 123);
INSERT INTO village (id, name, panchayat_id) VALUES (4492, 'Seegalapalle', 123);
INSERT INTO village (id, name, panchayat_id) VALUES (4493, 'T.Sadumur', 123);
INSERT INTO village (id, name, panchayat_id) VALUES (4494, 'Urinayanikothur', 123);
INSERT INTO village (id, name, panchayat_id) VALUES (4495, 'Urinayanipalle', 123);
INSERT INTO village (id, name, panchayat_id) VALUES (4496, 'Urlaobanapalle', 123);
INSERT INTO village (id, name, panchayat_id) VALUES (4497, 'Varamanur', 123);
INSERT INTO village (id, name, panchayat_id) VALUES (4498, 'Vasanadu', 123);
INSERT INTO village (id, name, panchayat_id) VALUES (4499, 'Vasanadugolla Palle', 123);
INSERT INTO village (id, name, panchayat_id) VALUES (4500, 'Vendugampalle', 123);
INSERT INTO village (id, name, panchayat_id) VALUES (4501, 'Venkatesapuram', 123);
INSERT INTO village (id, name, panchayat_id) VALUES (4502, 'Yanadipalle', 123);
INSERT INTO mandal (id, name, constituency_id) VALUES (124, 'Nagari', 6);
INSERT INTO panchayat (id, name, mandal_id) VALUES (124, 'Default Panchayat Nagari', 124);
INSERT INTO village (id, name, panchayat_id) VALUES (4503, 'Adavikothuru', 124);
INSERT INTO village (id, name, panchayat_id) VALUES (4504, 'Agaram', 124);
INSERT INTO village (id, name, panchayat_id) VALUES (4505, 'Damarapakam', 124);
INSERT INTO village (id, name, panchayat_id) VALUES (4506, 'Ekambarakuppam', 124);
INSERT INTO village (id, name, panchayat_id) VALUES (4507, 'Gundrajukuppam (R)', 124);
INSERT INTO village (id, name, panchayat_id) VALUES (4508, 'Kakavedu', 124);
INSERT INTO village (id, name, panchayat_id) VALUES (4509, 'Kannikapuram', 124);
INSERT INTO village (id, name, panchayat_id) VALUES (4510, 'Kavetipuram', 124);
INSERT INTO village (id, name, panchayat_id) VALUES (4511, 'Keelapattu', 124);
INSERT INTO village (id, name, panchayat_id) VALUES (4512, 'Mangadu', 124);
INSERT INTO village (id, name, panchayat_id) VALUES (4513, 'Melapattu', 124);
INSERT INTO village (id, name, panchayat_id) VALUES (4514, 'Mittapalem', 124);
INSERT INTO village (id, name, panchayat_id) VALUES (4515, 'Mudipalle', 124);
INSERT INTO village (id, name, panchayat_id) VALUES (4516, 'Nagarajukuppam', 124);
INSERT INTO village (id, name, panchayat_id) VALUES (4517, 'Nagari', 124);
INSERT INTO village (id, name, panchayat_id) VALUES (4518, 'Netthamkandriga', 124);
INSERT INTO village (id, name, panchayat_id) VALUES (4519, 'Oranthangal Gollakuppam', 124);
INSERT INTO village (id, name, panchayat_id) VALUES (4520, 'Salvapatteda', 124);
INSERT INTO village (id, name, panchayat_id) VALUES (4521, 'Saraswathivilasapuram', 124);
INSERT INTO village (id, name, panchayat_id) VALUES (4522, 'Satrawada', 124);
INSERT INTO village (id, name, panchayat_id) VALUES (4523, 'Sreeranganaagaragraham', 124);
INSERT INTO village (id, name, panchayat_id) VALUES (4524, 'Srinivasapuram', 124);
INSERT INTO village (id, name, panchayat_id) VALUES (4525, 'Taduku', 124);
INSERT INTO village (id, name, panchayat_id) VALUES (4526, 'Tadukupeta', 124);
INSERT INTO village (id, name, panchayat_id) VALUES (4527, 'Therani (R)', 124);
INSERT INTO village (id, name, panchayat_id) VALUES (4528, 'Tirumalarajukandriga', 124);
INSERT INTO village (id, name, panchayat_id) VALUES (4529, 'Tiruvengamambapuram', 124);
INSERT INTO village (id, name, panchayat_id) VALUES (4530, 'Veerakaverirajupuram', 124);
INSERT INTO village (id, name, panchayat_id) VALUES (4531, 'Velavadi', 124);
INSERT INTO village (id, name, panchayat_id) VALUES (4532, 'Venkatanarasimha -Rajuvaripet', 124);
INSERT INTO mandal (id, name, constituency_id) VALUES (125, 'Nindra', 6);
INSERT INTO panchayat (id, name, mandal_id) VALUES (125, 'Default Panchayat Nindra', 125);
INSERT INTO village (id, name, panchayat_id) VALUES (4533, 'Agaram', 125);
INSERT INTO village (id, name, panchayat_id) VALUES (4534, 'Arur', 125);
INSERT INTO village (id, name, panchayat_id) VALUES (4535, 'Athur', 125);
INSERT INTO village (id, name, panchayat_id) VALUES (4536, 'Chavarambakam', 125);
INSERT INTO village (id, name, panchayat_id) VALUES (4537, 'Elakatur', 125);
INSERT INTO village (id, name, panchayat_id) VALUES (4538, 'Iruguvai', 125);
INSERT INTO village (id, name, panchayat_id) VALUES (4539, 'Kacharavedu', 125);
INSERT INTO village (id, name, panchayat_id) VALUES (4540, 'Kavanur', 125);
INSERT INTO village (id, name, panchayat_id) VALUES (4541, 'Koppedu Acharyula Khandriga', 125);
INSERT INTO village (id, name, panchayat_id) VALUES (4542, 'Kunama Raju Palem', 125);
INSERT INTO village (id, name, panchayat_id) VALUES (4543, 'Netteri', 125);
INSERT INTO village (id, name, panchayat_id) VALUES (4544, 'Nindra', 125);
INSERT INTO village (id, name, panchayat_id) VALUES (4545, 'Padiri', 125);
INSERT INTO village (id, name, panchayat_id) VALUES (4546, 'Samayapuram', 125);
INSERT INTO village (id, name, panchayat_id) VALUES (4547, 'Sri Ramapuram', 125);
INSERT INTO mandal (id, name, constituency_id) VALUES (126, 'Palamaner', 6);
INSERT INTO panchayat (id, name, mandal_id) VALUES (126, 'Default Panchayat Palamaner', 126);
INSERT INTO village (id, name, panchayat_id) VALUES (4548, 'Ankamvaripalle', 126);
INSERT INTO village (id, name, panchayat_id) VALUES (4549, 'Ayyamreddi Palle', 126);
INSERT INTO village (id, name, panchayat_id) VALUES (4550, 'Baippagari Palle', 126);
INSERT INTO village (id, name, panchayat_id) VALUES (4551, 'Chethapenta', 126);
INSERT INTO village (id, name, panchayat_id) VALUES (4552, 'Gundlapalle', 126);
INSERT INTO village (id, name, panchayat_id) VALUES (4553, 'Jagamarla', 126);
INSERT INTO village (id, name, panchayat_id) VALUES (4554, 'Jallipeta', 126);
INSERT INTO village (id, name, panchayat_id) VALUES (4555, 'Karidimadugu', 126);
INSERT INTO village (id, name, panchayat_id) VALUES (4556, 'Kolamasana Palle', 126);
INSERT INTO village (id, name, panchayat_id) VALUES (4557, 'Kurmoi', 126);
INSERT INTO village (id, name, panchayat_id) VALUES (4558, 'Moram (Part)', 126);
INSERT INTO village (id, name, panchayat_id) VALUES (4559, 'Nagamangalam', 126);
INSERT INTO village (id, name, panchayat_id) VALUES (4560, 'Palamaneru', 126);
INSERT INTO village (id, name, panchayat_id) VALUES (4561, 'Pengara Kunta', 126);
INSERT INTO village (id, name, panchayat_id) VALUES (4562, 'Ranganayanipalle', 126);
INSERT INTO village (id, name, panchayat_id) VALUES (4563, 'Samudrapalle', 126);
INSERT INTO village (id, name, panchayat_id) VALUES (4564, 'Sree Ranga Rajpuram', 126);
INSERT INTO mandal (id, name, constituency_id) VALUES (127, 'Palasamudram', 6);
INSERT INTO panchayat (id, name, mandal_id) VALUES (127, 'Default Panchayat Palasamudram', 127);
INSERT INTO village (id, name, panchayat_id) VALUES (4565, 'Allipoolagunta', 127);
INSERT INTO village (id, name, panchayat_id) VALUES (4566, 'Amudala', 127);
INSERT INTO village (id, name, panchayat_id) VALUES (4567, 'Amudalaputhur', 127);
INSERT INTO village (id, name, panchayat_id) VALUES (4568, 'Balakrishnapuram', 127);
INSERT INTO village (id, name, panchayat_id) VALUES (4569, 'Gangamambapuram', 127);
INSERT INTO village (id, name, panchayat_id) VALUES (4570, 'Kaverirajupuram', 127);
INSERT INTO village (id, name, panchayat_id) VALUES (4571, 'Krishnajammapuram', 127);
INSERT INTO village (id, name, panchayat_id) VALUES (4572, 'Lakshminarasimha Puram', 127);
INSERT INTO village (id, name, panchayat_id) VALUES (4573, 'Mamidimanumoola', 127);
INSERT INTO village (id, name, panchayat_id) VALUES (4574, 'Matavalam', 127);
INSERT INTO village (id, name, panchayat_id) VALUES (4575, 'Narasimhapuram @ A.Khandriga', 127);
INSERT INTO village (id, name, panchayat_id) VALUES (4576, 'Palasamudram', 127);
INSERT INTO village (id, name, panchayat_id) VALUES (4577, 'Ramakrishnapuram', 127);
INSERT INTO village (id, name, panchayat_id) VALUES (4578, 'Siddiraju Rangaraju Khandriga', 127);
INSERT INTO village (id, name, panchayat_id) VALUES (4579, 'Simharajupuram', 127);
INSERT INTO village (id, name, panchayat_id) VALUES (4580, 'Srikaverirajupuram', 127);
INSERT INTO village (id, name, panchayat_id) VALUES (4581, 'Tirumalarajupuram', 127);
INSERT INTO village (id, name, panchayat_id) VALUES (4582, 'Vanadurgapuram', 127);
INSERT INTO village (id, name, panchayat_id) VALUES (4583, 'Vengalarajukuppam', 127);
INSERT INTO mandal (id, name, constituency_id) VALUES (128, 'Peddapanjani', 6);
INSERT INTO panchayat (id, name, mandal_id) VALUES (128, 'Default Panchayat Peddapanjani', 128);
INSERT INTO village (id, name, panchayat_id) VALUES (4584, 'Appinapalle', 128);
INSERT INTO village (id, name, panchayat_id) VALUES (4585, 'Battamdoddi', 128);
INSERT INTO village (id, name, panchayat_id) VALUES (4586, 'Bommarajupalle', 128);
INSERT INTO village (id, name, panchayat_id) VALUES (4587, 'Chalamangalam', 128);
INSERT INTO village (id, name, panchayat_id) VALUES (4588, 'Chamaneru', 128);
INSERT INTO village (id, name, panchayat_id) VALUES (4589, 'Gamkonda', 128);
INSERT INTO village (id, name, panchayat_id) VALUES (4590, 'Karasanapalle', 128);
INSERT INTO village (id, name, panchayat_id) VALUES (4591, 'Kogileru', 128);
INSERT INTO village (id, name, panchayat_id) VALUES (4592, 'Kolathur', 128);
INSERT INTO village (id, name, panchayat_id) VALUES (4593, 'Mudarampalle', 128);
INSERT INTO village (id, name, panchayat_id) VALUES (4594, 'Muthukur', 128);
INSERT INTO village (id, name, panchayat_id) VALUES (4595, 'Nagireddipalle', 128);
INSERT INTO village (id, name, panchayat_id) VALUES (4596, 'Nidigunta', 128);
INSERT INTO village (id, name, panchayat_id) VALUES (4597, 'Peddakappalle', 128);
INSERT INTO village (id, name, panchayat_id) VALUES (4598, 'Peddapanjani', 128);
INSERT INTO village (id, name, panchayat_id) VALUES (4599, 'Peddavelagatur', 128);
INSERT INTO village (id, name, panchayat_id) VALUES (4600, 'Rayalapeta', 128);
INSERT INTO village (id, name, panchayat_id) VALUES (4601, 'Sankarayalapeta', 128);
INSERT INTO village (id, name, panchayat_id) VALUES (4602, 'Sivadi', 128);
INSERT INTO village (id, name, panchayat_id) VALUES (4603, 'Suddagundlapalle', 128);
INSERT INTO village (id, name, panchayat_id) VALUES (4604, 'Thurlapalle', 128);
INSERT INTO village (id, name, panchayat_id) VALUES (4605, 'Veerapalle', 128);
INSERT INTO mandal (id, name, constituency_id) VALUES (129, 'Penumur', 6);
INSERT INTO panchayat (id, name, mandal_id) VALUES (129, 'Default Panchayat Penumur', 129);
INSERT INTO village (id, name, panchayat_id) VALUES (4606, 'Ammagaripalle', 129);
INSERT INTO village (id, name, panchayat_id) VALUES (4607, 'Charvaganipalle', 129);
INSERT INTO village (id, name, panchayat_id) VALUES (4608, 'Chennasamudra Agraharam', 129);
INSERT INTO village (id, name, panchayat_id) VALUES (4609, 'Chinnamareddi Khandriga', 129);
INSERT INTO village (id, name, panchayat_id) VALUES (4610, 'Chinthapenta', 129);
INSERT INTO village (id, name, panchayat_id) VALUES (4611, 'Guntipalle', 129);
INSERT INTO village (id, name, panchayat_id) VALUES (4612, 'Kaligiri', 129);
INSERT INTO village (id, name, panchayat_id) VALUES (4613, 'Kalvagunta', 129);
INSERT INTO village (id, name, panchayat_id) VALUES (4614, 'Kamachinnaiahpalle', 129);
INSERT INTO village (id, name, panchayat_id) VALUES (4615, 'Kondama Agraharam', 129);
INSERT INTO village (id, name, panchayat_id) VALUES (4616, 'Mopireddipalle', 129);
INSERT INTO village (id, name, panchayat_id) VALUES (4617, 'Nanjarapalle', 129);
INSERT INTO village (id, name, panchayat_id) VALUES (4618, 'Penumuru', 129);
INSERT INTO village (id, name, panchayat_id) VALUES (4619, 'Pulikallu', 129);
INSERT INTO village (id, name, panchayat_id) VALUES (4620, 'Samireddipalle', 129);
INSERT INTO village (id, name, panchayat_id) VALUES (4621, 'Sathambakam', 129);
INSERT INTO village (id, name, panchayat_id) VALUES (4622, 'Thathireddipalle', 129);
INSERT INTO mandal (id, name, constituency_id) VALUES (130, 'Pulicherla', 6);
INSERT INTO panchayat (id, name, mandal_id) VALUES (130, 'Default Panchayat Pulicherla', 130);
INSERT INTO village (id, name, panchayat_id) VALUES (4623, 'Ayyavandlapalle', 130);
INSERT INTO village (id, name, panchayat_id) VALUES (4624, 'Bandaruvaripalle', 130);
INSERT INTO village (id, name, panchayat_id) VALUES (4625, 'Bodireddigaripalle', 130);
INSERT INTO village (id, name, panchayat_id) VALUES (4626, 'Devalampet', 130);
INSERT INTO village (id, name, panchayat_id) VALUES (4627, 'E.Ramireddigari Palle', 130);
INSERT INTO village (id, name, panchayat_id) VALUES (4628, 'Gaddamvaripalle', 130);
INSERT INTO village (id, name, panchayat_id) VALUES (4629, 'Kallur', 130);
INSERT INTO village (id, name, panchayat_id) VALUES (4630, 'Kavetigaripalle', 130);
INSERT INTO village (id, name, panchayat_id) VALUES (4631, 'Mangalampeta', 130);
INSERT INTO village (id, name, panchayat_id) VALUES (4632, 'Ramireddigaripalle', 130);
INSERT INTO village (id, name, panchayat_id) VALUES (4633, 'Rayavaripalle', 130);
INSERT INTO village (id, name, panchayat_id) VALUES (4634, 'Reddivaripalle', 130);
INSERT INTO village (id, name, panchayat_id) VALUES (4635, 'Vallivetivaripalle', 130);
INSERT INTO village (id, name, panchayat_id) VALUES (4636, 'Venkatadasari Palle', 130);
INSERT INTO village (id, name, panchayat_id) VALUES (4637, 'Yellankivaripallle', 130);
INSERT INTO mandal (id, name, constituency_id) VALUES (131, 'Puthalapattu', 6);
INSERT INTO panchayat (id, name, mandal_id) VALUES (131, 'Default Panchayat Puthalapattu', 131);
INSERT INTO village (id, name, panchayat_id) VALUES (4638, 'Akanambattu', 131);
INSERT INTO village (id, name, panchayat_id) VALUES (4639, 'Baitapalle', 131);
INSERT INTO village (id, name, panchayat_id) VALUES (4640, 'Chitipiralla', 131);
INSERT INTO village (id, name, panchayat_id) VALUES (4641, 'Erracheruvupalle', 131);
INSERT INTO village (id, name, panchayat_id) VALUES (4642, 'Goduguchinta', 131);
INSERT INTO village (id, name, panchayat_id) VALUES (4643, 'Kothakota', 131);
INSERT INTO village (id, name, panchayat_id) VALUES (4644, 'Muthirevula', 131);
INSERT INTO village (id, name, panchayat_id) VALUES (4645, 'Oddepalle', 131);
INSERT INTO village (id, name, panchayat_id) VALUES (4646, 'Palakuru', 131);
INSERT INTO village (id, name, panchayat_id) VALUES (4647, 'Paturu', 131);
INSERT INTO village (id, name, panchayat_id) VALUES (4648, 'Peta Agraharam', 131);
INSERT INTO village (id, name, panchayat_id) VALUES (4649, 'Petamitta', 131);
INSERT INTO village (id, name, panchayat_id) VALUES (4650, 'Polavaram', 131);
INSERT INTO village (id, name, panchayat_id) VALUES (4651, 'Potukanuma', 131);
INSERT INTO village (id, name, panchayat_id) VALUES (4652, 'Puthalapattu', 131);
INSERT INTO village (id, name, panchayat_id) VALUES (4653, 'Siddalinganapalle', 131);
INSERT INTO village (id, name, panchayat_id) VALUES (4654, 'Thalupulapalle', 131);
INSERT INTO village (id, name, panchayat_id) VALUES (4655, 'Thenepalle', 131);
INSERT INTO village (id, name, panchayat_id) VALUES (4656, 'Thippanapalle', 131);
INSERT INTO village (id, name, panchayat_id) VALUES (4657, 'Vavilthota', 131);
INSERT INTO village (id, name, panchayat_id) VALUES (4658, 'Venuthanapalle', 131);
INSERT INTO village (id, name, panchayat_id) VALUES (4659, 'Vepanapalle', 131);
INSERT INTO mandal (id, name, constituency_id) VALUES (132, 'Ramakuppam', 6);
INSERT INTO panchayat (id, name, mandal_id) VALUES (132, 'Default Panchayat Ramakuppam', 132);
INSERT INTO village (id, name, panchayat_id) VALUES (4660, 'Ankireddipalle', 132);
INSERT INTO village (id, name, panchayat_id) VALUES (4661, 'Attikuppam', 132);
INSERT INTO village (id, name, panchayat_id) VALUES (4662, 'Baipparedlapalle', 132);
INSERT INTO village (id, name, panchayat_id) VALUES (4663, 'Balaobanapalle', 132);
INSERT INTO village (id, name, panchayat_id) VALUES (4664, 'Balla', 132);
INSERT INTO village (id, name, panchayat_id) VALUES (4665, 'Bandarlapalle', 132);
INSERT INTO village (id, name, panchayat_id) VALUES (4666, 'Battuvaripalle', 132);
INSERT INTO village (id, name, panchayat_id) VALUES (4667, 'Bondalagunta', 132);
INSERT INTO village (id, name, panchayat_id) VALUES (4668, 'Cheldiganipalle', 132);
INSERT INTO village (id, name, panchayat_id) VALUES (4669, 'Chennareddipalle', 132);
INSERT INTO village (id, name, panchayat_id) VALUES (4670, 'Giddapalle', 132);
INSERT INTO village (id, name, panchayat_id) VALUES (4671, 'Gorivimakulapalle', 132);
INSERT INTO village (id, name, panchayat_id) VALUES (4672, 'Govindapalle', 132);
INSERT INTO village (id, name, panchayat_id) VALUES (4673, 'Jowkupalle', 132);
INSERT INTO village (id, name, panchayat_id) VALUES (4674, 'Kadasinakuppam', 132);
INSERT INTO village (id, name, panchayat_id) VALUES (4675, 'Kempasamudram', 132);
INSERT INTO village (id, name, panchayat_id) VALUES (4676, 'Kenchanaballa', 132);
INSERT INTO village (id, name, panchayat_id) VALUES (4677, 'Killakupodu', 132);
INSERT INTO village (id, name, panchayat_id) VALUES (4678, 'Kollupalle', 132);
INSERT INTO village (id, name, panchayat_id) VALUES (4679, 'Konganapalle', 132);
INSERT INTO village (id, name, panchayat_id) VALUES (4680, 'Krishnapuram Dinne', 132);
INSERT INTO village (id, name, panchayat_id) VALUES (4681, 'Manendram', 132);
INSERT INTO village (id, name, panchayat_id) VALUES (4682, 'Muddanapalle', 132);
INSERT INTO village (id, name, panchayat_id) VALUES (4683, 'Pacharumakula Palle', 132);
INSERT INTO village (id, name, panchayat_id) VALUES (4684, 'Pamana Boyanapalle', 132);
INSERT INTO village (id, name, panchayat_id) VALUES (4685, 'Pandyalamadugu', 132);
INSERT INTO village (id, name, panchayat_id) VALUES (4686, 'Papireddivooru', 132);
INSERT INTO village (id, name, panchayat_id) VALUES (4687, 'Peddaganur', 132);
INSERT INTO village (id, name, panchayat_id) VALUES (4688, 'Peddakurabala Palle', 132);
INSERT INTO village (id, name, panchayat_id) VALUES (4689, 'Peddur', 132);
INSERT INTO village (id, name, panchayat_id) VALUES (4690, 'Rajupeta', 132);
INSERT INTO village (id, name, panchayat_id) VALUES (4691, 'Ramakuppam', 132);
INSERT INTO village (id, name, panchayat_id) VALUES (4692, 'Reddivanipodu', 132);
INSERT INTO village (id, name, panchayat_id) VALUES (4693, 'Singasamudram', 132);
INSERT INTO village (id, name, panchayat_id) VALUES (4694, 'Thimmasamudram', 132);
INSERT INTO village (id, name, panchayat_id) VALUES (4695, 'Unisigani Palle', 132);
INSERT INTO village (id, name, panchayat_id) VALUES (4696, 'Veeranamala', 132);
INSERT INTO village (id, name, panchayat_id) VALUES (4697, 'Vijalapuram', 132);
INSERT INTO mandal (id, name, constituency_id) VALUES (133, 'Rompicherla', 6);
INSERT INTO panchayat (id, name, mandal_id) VALUES (133, 'Default Panchayat Rompicherla', 133);
INSERT INTO village (id, name, panchayat_id) VALUES (4698, 'Bandakindapalle', 133);
INSERT INTO village (id, name, panchayat_id) VALUES (4699, 'Bommaiahgari Palle', 133);
INSERT INTO village (id, name, panchayat_id) VALUES (4700, 'Ganugachintha', 133);
INSERT INTO village (id, name, panchayat_id) VALUES (4701, 'Motumallela', 133);
INSERT INTO village (id, name, panchayat_id) VALUES (4702, 'Peddagottigallu', 133);
INSERT INTO village (id, name, panchayat_id) VALUES (4703, 'Peddamallela', 133);
INSERT INTO village (id, name, panchayat_id) VALUES (4704, 'Rompicherla', 133);
INSERT INTO mandal (id, name, constituency_id) VALUES (134, 'Santhipuram', 6);
INSERT INTO panchayat (id, name, mandal_id) VALUES (134, 'Default Panchayat Santhipuram', 134);
INSERT INTO village (id, name, panchayat_id) VALUES (4705, 'Ammavaripeta', 134);
INSERT INTO village (id, name, panchayat_id) VALUES (4706, 'Anchinayanikuppam', 134);
INSERT INTO village (id, name, panchayat_id) VALUES (4707, 'Anikera', 134);
INSERT INTO village (id, name, panchayat_id) VALUES (4708, 'Arimuthanapalle', 134);
INSERT INTO village (id, name, panchayat_id) VALUES (4709, 'Banthimadugu Gollapalle', 134);
INSERT INTO village (id, name, panchayat_id) VALUES (4710, 'Bellakogila', 134);
INSERT INTO village (id, name, panchayat_id) VALUES (4711, 'Bendanakuppam', 134);
INSERT INTO village (id, name, panchayat_id) VALUES (4712, 'Bennayanuru', 134);
INSERT INTO village (id, name, panchayat_id) VALUES (4713, 'Boyanapalle', 134);
INSERT INTO village (id, name, panchayat_id) VALUES (4714, 'Cheemanapalle', 134);
INSERT INTO village (id, name, panchayat_id) VALUES (4715, 'Chillamanipalle', 134);
INSERT INTO village (id, name, panchayat_id) VALUES (4716, 'Chinagandlapalle', 134);
INSERT INTO village (id, name, panchayat_id) VALUES (4717, 'Chinnaradoddi', 134);
INSERT INTO village (id, name, panchayat_id) VALUES (4718, 'Chinthakampalle', 134);
INSERT INTO village (id, name, panchayat_id) VALUES (4719, 'Chowdampalle', 134);
INSERT INTO village (id, name, panchayat_id) VALUES (4720, 'Dandikuppam', 134);
INSERT INTO village (id, name, panchayat_id) VALUES (4721, 'Dommarathippana Palle', 134);
INSERT INTO village (id, name, panchayat_id) VALUES (4722, 'Donkumanipalle', 134);
INSERT INTO village (id, name, panchayat_id) VALUES (4723, 'Gellapalledinne', 134);
INSERT INTO village (id, name, panchayat_id) VALUES (4724, 'Gesikapalle', 134);
INSERT INTO village (id, name, panchayat_id) VALUES (4725, 'Gundusettipalle', 134);
INSERT INTO village (id, name, panchayat_id) VALUES (4726, 'Gunjarlapalle', 134);
INSERT INTO village (id, name, panchayat_id) VALUES (4727, 'Jalliganipalle', 134);
INSERT INTO village (id, name, panchayat_id) VALUES (4728, 'Jeedimanipalle', 134);
INSERT INTO village (id, name, panchayat_id) VALUES (4729, 'Joniganuru', 134);
INSERT INTO village (id, name, panchayat_id) VALUES (4730, 'Kadapalle', 134);
INSERT INTO village (id, name, panchayat_id) VALUES (4731, 'Kadirimuthanapalle', 134);
INSERT INTO village (id, name, panchayat_id) VALUES (4732, 'Kadiriobanapalle', 134);
INSERT INTO village (id, name, panchayat_id) VALUES (4733, 'Kalamaladoddi', 134);
INSERT INTO village (id, name, panchayat_id) VALUES (4734, 'Karlagatta', 134);
INSERT INTO village (id, name, panchayat_id) VALUES (4735, 'Karumatla', 134);
INSERT INTO village (id, name, panchayat_id) VALUES (4736, 'Kenamakulapalle', 134);
INSERT INTO village (id, name, panchayat_id) VALUES (4737, 'Kolamadugu', 134);
INSERT INTO village (id, name, panchayat_id) VALUES (4738, 'Konerukuppam', 134);
INSERT INTO village (id, name, panchayat_id) VALUES (4739, 'Krishnapuram', 134);
INSERT INTO village (id, name, panchayat_id) VALUES (4740, 'Madanapalle', 134);
INSERT INTO village (id, name, panchayat_id) VALUES (4741, 'Matam Santhampalle', 134);
INSERT INTO village (id, name, panchayat_id) VALUES (4742, 'Morasanapalle', 134);
INSERT INTO village (id, name, panchayat_id) VALUES (4743, 'Motakothuru', 134);
INSERT INTO village (id, name, panchayat_id) VALUES (4744, 'Muddanapalle', 134);
INSERT INTO village (id, name, panchayat_id) VALUES (4745, 'Nallappareddiyuru', 134);
INSERT INTO village (id, name, panchayat_id) VALUES (4746, 'Nallarallapalle', 134);
INSERT INTO village (id, name, panchayat_id) VALUES (4747, 'Nanjampeta', 134);
INSERT INTO village (id, name, panchayat_id) VALUES (4748, 'Pedduru', 134);
INSERT INTO village (id, name, panchayat_id) VALUES (4749, 'Poduru', 134);
INSERT INTO village (id, name, panchayat_id) VALUES (4750, 'Preethichamanur', 134);
INSERT INTO village (id, name, panchayat_id) VALUES (4751, 'Rallabaduguru', 134);
INSERT INTO village (id, name, panchayat_id) VALUES (4752, 'Redlapalle', 134);
INSERT INTO village (id, name, panchayat_id) VALUES (4753, 'Regadadinnepalle', 134);
INSERT INTO village (id, name, panchayat_id) VALUES (4754, 'Santhampalle', 134);
INSERT INTO village (id, name, panchayat_id) VALUES (4755, 'Sathu', 134);
INSERT INTO village (id, name, panchayat_id) VALUES (4756, 'Settiballa', 134);
INSERT INTO village (id, name, panchayat_id) VALUES (4757, 'Sivaramapuram', 134);
INSERT INTO village (id, name, panchayat_id) VALUES (4758, 'Sonnegownipalle', 134);
INSERT INTO village (id, name, panchayat_id) VALUES (4759, 'Sonnegownnipalle', 134);
INSERT INTO village (id, name, panchayat_id) VALUES (4760, 'Thammiganipalle', 134);
INSERT INTO village (id, name, panchayat_id) VALUES (4761, 'Thumsi', 134);
INSERT INTO village (id, name, panchayat_id) VALUES (4762, 'Vadagandlapalle', 134);
INSERT INTO village (id, name, panchayat_id) VALUES (4763, 'Veduruguttapalle', 134);
INSERT INTO village (id, name, panchayat_id) VALUES (4764, 'Vetagirikothur', 134);
INSERT INTO mandal (id, name, constituency_id) VALUES (135, 'Srirangarajapuram', 6);
INSERT INTO panchayat (id, name, mandal_id) VALUES (135, 'Default Panchayat Srirangarajapuram', 135);
INSERT INTO village (id, name, panchayat_id) VALUES (4765, 'Arimakulapalle', 135);
INSERT INTO village (id, name, panchayat_id) VALUES (4766, 'Basivireddipalle', 135);
INSERT INTO village (id, name, panchayat_id) VALUES (4767, 'Chekkamadugu', 135);
INSERT INTO village (id, name, panchayat_id) VALUES (4768, 'Chillamakulapalle', 135);
INSERT INTO village (id, name, panchayat_id) VALUES (4769, 'China Thayyur', 135);
INSERT INTO village (id, name, panchayat_id) VALUES (4770, 'D.B.R.Bylu', 135);
INSERT INTO village (id, name, panchayat_id) VALUES (4771, 'Durgarajapuram', 135);
INSERT INTO village (id, name, panchayat_id) VALUES (4772, 'Giddamakarajapuram', 135);
INSERT INTO village (id, name, panchayat_id) VALUES (4773, 'Jangalapalle', 135);
INSERT INTO village (id, name, panchayat_id) VALUES (4774, 'Kannikapuram', 135);
INSERT INTO village (id, name, panchayat_id) VALUES (4775, 'Katikapalle', 135);
INSERT INTO village (id, name, panchayat_id) VALUES (4776, 'Kondrajupuram', 135);
INSERT INTO village (id, name, panchayat_id) VALUES (4777, 'Kotarlapalle', 135);
INSERT INTO village (id, name, panchayat_id) VALUES (4778, 'Kothapalle', 135);
INSERT INTO village (id, name, panchayat_id) VALUES (4779, 'Mangunta', 135);
INSERT INTO village (id, name, panchayat_id) VALUES (4780, 'Marripalle Dakshinapu Khandriga', 135);
INSERT INTO village (id, name, panchayat_id) VALUES (4781, 'Muchalamarri', 135);
INSERT INTO village (id, name, panchayat_id) VALUES (4782, 'Muddikuppam', 135);
INSERT INTO village (id, name, panchayat_id) VALUES (4783, 'Nallepalle', 135);
INSERT INTO village (id, name, panchayat_id) VALUES (4784, 'Narasimharajapuram', 135);
INSERT INTO village (id, name, panchayat_id) VALUES (4785, 'Nelavoy', 135);
INSERT INTO village (id, name, panchayat_id) VALUES (4786, 'Oddupalle', 135);
INSERT INTO village (id, name, panchayat_id) VALUES (4787, 'Padmapuram', 135);
INSERT INTO village (id, name, panchayat_id) VALUES (4788, 'Pathapalem', 135);
INSERT INTO village (id, name, panchayat_id) VALUES (4789, 'Pedakondepalle', 135);
INSERT INTO village (id, name, panchayat_id) VALUES (4790, 'Pillarikuppam', 135);
INSERT INTO village (id, name, panchayat_id) VALUES (4791, 'Pullur', 135);
INSERT INTO village (id, name, panchayat_id) VALUES (4792, 'Ripunjayarajapuram', 135);
INSERT INTO village (id, name, panchayat_id) VALUES (4793, 'Srirangarajapuram', 135);
INSERT INTO village (id, name, panchayat_id) VALUES (4794, 'Srungara Sekhara Rajupuram', 135);
INSERT INTO village (id, name, panchayat_id) VALUES (4795, 'Suparvarajapuram', 135);
INSERT INTO village (id, name, panchayat_id) VALUES (4796, 'Thatimakulapalle', 135);
INSERT INTO village (id, name, panchayat_id) VALUES (4797, 'Venkatapuram', 135);
INSERT INTO village (id, name, panchayat_id) VALUES (4798, 'Venugopalapuram', 135);
INSERT INTO village (id, name, panchayat_id) VALUES (4799, 'Vilasavarahapuram', 135);
INSERT INTO mandal (id, name, constituency_id) VALUES (136, 'Thavanampalle', 6);
INSERT INTO panchayat (id, name, mandal_id) VALUES (136, 'Default Panchayat Thavanampalle', 136);
INSERT INTO village (id, name, panchayat_id) VALUES (4800, 'Aragonda', 136);
INSERT INTO village (id, name, panchayat_id) VALUES (4801, 'Cherlopalle', 136);
INSERT INTO village (id, name, panchayat_id) VALUES (4802, 'Diguva Magham', 136);
INSERT INTO village (id, name, panchayat_id) VALUES (4803, 'Diguva Thadakara', 136);
INSERT INTO village (id, name, panchayat_id) VALUES (4804, 'Eachaneri', 136);
INSERT INTO village (id, name, panchayat_id) VALUES (4805, 'Eguva Thadakara', 136);
INSERT INTO village (id, name, panchayat_id) VALUES (4806, 'Gandupalle', 136);
INSERT INTO village (id, name, panchayat_id) VALUES (4807, 'Govindareddipalle', 136);
INSERT INTO village (id, name, panchayat_id) VALUES (4808, 'Gurukavaripalle', 136);
INSERT INTO village (id, name, panchayat_id) VALUES (4809, 'Karakampalle', 136);
INSERT INTO village (id, name, panchayat_id) VALUES (4810, 'Kattakindapalle', 136);
INSERT INTO village (id, name, panchayat_id) VALUES (4811, 'Madhavaram', 136);
INSERT INTO village (id, name, panchayat_id) VALUES (4812, 'Mallakunta', 136);
INSERT INTO village (id, name, panchayat_id) VALUES (4813, 'Mathyam', 136);
INSERT INTO village (id, name, panchayat_id) VALUES (4814, 'Muthukur', 136);
INSERT INTO village (id, name, panchayat_id) VALUES (4815, 'Nalisettipalle', 136);
INSERT INTO village (id, name, panchayat_id) VALUES (4816, 'Paimagham', 136);
INSERT INTO village (id, name, panchayat_id) VALUES (4817, 'Pallecheruvu', 136);
INSERT INTO village (id, name, panchayat_id) VALUES (4818, 'Patnam', 136);
INSERT INTO village (id, name, panchayat_id) VALUES (4819, 'Punya Samudram', 136);
INSERT INTO village (id, name, panchayat_id) VALUES (4820, 'Sarakallu', 136);
INSERT INTO village (id, name, panchayat_id) VALUES (4821, 'Thavanampalle', 136);
INSERT INTO village (id, name, panchayat_id) VALUES (4822, 'Thavanampalle Puttur', 136);
INSERT INTO village (id, name, panchayat_id) VALUES (4823, 'Uthara Brahmanapalle', 136);
INSERT INTO mandal (id, name, constituency_id) VALUES (137, 'Vedurukuppam', 6);
INSERT INTO panchayat (id, name, mandal_id) VALUES (137, 'Default Panchayat Vedurukuppam', 137);
INSERT INTO village (id, name, panchayat_id) VALUES (4824, 'Aggichenupalle', 137);
INSERT INTO village (id, name, panchayat_id) VALUES (4825, 'Allamadugu', 137);
INSERT INTO village (id, name, panchayat_id) VALUES (4826, 'Allamadugu Hw', 137);
INSERT INTO village (id, name, panchayat_id) VALUES (4827, 'Bommaiahpalle', 137);
INSERT INTO village (id, name, panchayat_id) VALUES (4828, 'Brahmanapalle', 137);
INSERT INTO village (id, name, panchayat_id) VALUES (4829, 'Chenchugudi', 137);
INSERT INTO village (id, name, panchayat_id) VALUES (4830, 'Devalampeta', 137);
INSERT INTO village (id, name, panchayat_id) VALUES (4831, 'Devaragudipalle', 137);
INSERT INTO village (id, name, panchayat_id) VALUES (4832, 'Etterangapalle', 137);
INSERT INTO village (id, name, panchayat_id) VALUES (4833, 'Garampalle', 137);
INSERT INTO village (id, name, panchayat_id) VALUES (4834, 'Goduguchintha', 137);
INSERT INTO village (id, name, panchayat_id) VALUES (4835, 'Inamkothuru', 137);
INSERT INTO village (id, name, panchayat_id) VALUES (4836, 'Jadabapanapalle', 137);
INSERT INTO village (id, name, panchayat_id) VALUES (4837, 'Jakkidona', 137);
INSERT INTO village (id, name, panchayat_id) VALUES (4838, 'Kaverimaharajulungariagraharam', 137);
INSERT INTO village (id, name, panchayat_id) VALUES (4839, 'Komaragunta', 137);
INSERT INTO village (id, name, panchayat_id) VALUES (4840, 'Kondakindapalle', 137);
INSERT INTO village (id, name, panchayat_id) VALUES (4841, 'Kurivikuppam', 137);
INSERT INTO village (id, name, panchayat_id) VALUES (4842, 'Makamabapuram', 137);
INSERT INTO village (id, name, panchayat_id) VALUES (4843, 'Mambedu', 137);
INSERT INTO village (id, name, panchayat_id) VALUES (4844, 'Marepalle', 137);
INSERT INTO village (id, name, panchayat_id) VALUES (4845, 'Marripalleuttarapu Khandriga', 137);
INSERT INTO village (id, name, panchayat_id) VALUES (4846, 'Mondivenganapalle', 137);
INSERT INTO village (id, name, panchayat_id) VALUES (4847, 'Pachikapalem', 137);
INSERT INTO village (id, name, panchayat_id) VALUES (4848, 'Pathagunta', 137);
INSERT INTO village (id, name, panchayat_id) VALUES (4849, 'Perumallapalle', 137);
INSERT INTO village (id, name, panchayat_id) VALUES (4850, 'Tarlabylu', 137);
INSERT INTO village (id, name, panchayat_id) VALUES (4851, 'Thettuguntapalle', 137);
INSERT INTO village (id, name, panchayat_id) VALUES (4852, 'Thippinaidupalle', 137);
INSERT INTO village (id, name, panchayat_id) VALUES (4853, 'Tirumalakondamambapuram', 137);
INSERT INTO village (id, name, panchayat_id) VALUES (4854, 'Vedurukuppam', 137);
INSERT INTO village (id, name, panchayat_id) VALUES (4855, 'Venugopalapuram', 137);
INSERT INTO village (id, name, panchayat_id) VALUES (4856, 'Veperi', 137);
INSERT INTO mandal (id, name, constituency_id) VALUES (138, 'Venkatagirikota', 6);
INSERT INTO panchayat (id, name, mandal_id) VALUES (138, 'Default Panchayat Venkatagirikota', 138);
INSERT INTO village (id, name, panchayat_id) VALUES (4857, 'Bairupalle', 138);
INSERT INTO village (id, name, panchayat_id) VALUES (4858, 'Bodiguttapalle', 138);
INSERT INTO village (id, name, panchayat_id) VALUES (4859, 'Boya Chinnaganna Palle', 138);
INSERT INTO village (id, name, panchayat_id) VALUES (4860, 'Chinna Kongatam', 138);
INSERT INTO village (id, name, panchayat_id) VALUES (4861, 'Chintamakulapalle', 138);
INSERT INTO village (id, name, panchayat_id) VALUES (4862, 'Gonumakulapalle', 138);
INSERT INTO village (id, name, panchayat_id) VALUES (4863, 'Gudipalle', 138);
INSERT INTO village (id, name, panchayat_id) VALUES (4864, 'Hanumapalle', 138);
INSERT INTO village (id, name, panchayat_id) VALUES (4865, 'Jodiverrivanipalle', 138);
INSERT INTO village (id, name, panchayat_id) VALUES (4866, 'Jounipalle', 138);
INSERT INTO village (id, name, panchayat_id) VALUES (4867, 'Konerugollapalle', 138);
INSERT INTO village (id, name, panchayat_id) VALUES (4868, 'Kongatam', 138);
INSERT INTO village (id, name, panchayat_id) VALUES (4869, 'Kothakota', 138);
INSERT INTO village (id, name, panchayat_id) VALUES (4870, 'Krishnapuram', 138);
INSERT INTO village (id, name, panchayat_id) VALUES (4871, 'Kumbarlapalle', 138);
INSERT INTO village (id, name, panchayat_id) VALUES (4872, 'Mattiguttapalle', 138);
INSERT INTO village (id, name, panchayat_id) VALUES (4873, 'Mudaramdoddi', 138);
INSERT INTO village (id, name, panchayat_id) VALUES (4874, 'Nadeetheeram Dasarlapalle', 138);
INSERT INTO village (id, name, panchayat_id) VALUES (4875, 'Nernipalle', 138);
INSERT INTO village (id, name, panchayat_id) VALUES (4876, 'Padigalakuppam', 138);
INSERT INTO village (id, name, panchayat_id) VALUES (4877, 'Paipalle', 138);
INSERT INTO village (id, name, panchayat_id) VALUES (4878, 'Panuganipalle', 138);
INSERT INTO village (id, name, panchayat_id) VALUES (4879, 'Papepalle', 138);
INSERT INTO village (id, name, panchayat_id) VALUES (4880, 'Patrapalle', 138);
INSERT INTO village (id, name, panchayat_id) VALUES (4881, 'Pedda Bharanipalle', 138);
INSERT INTO village (id, name, panchayat_id) VALUES (4882, 'Peddanapalle', 138);
INSERT INTO village (id, name, panchayat_id) VALUES (4883, 'S.Bandapalle (Bandapalle)', 138);
INSERT INTO village (id, name, panchayat_id) VALUES (4884, 'Sivunikuppam', 138);
INSERT INTO village (id, name, panchayat_id) VALUES (4885, 'Thota Kanuma', 138);
INSERT INTO village (id, name, panchayat_id) VALUES (4886, 'Tirumala Pichigundlapalle', 138);
INSERT INTO village (id, name, panchayat_id) VALUES (4887, 'Venkatagirikota', 138);
INSERT INTO village (id, name, panchayat_id) VALUES (4888, 'Vibhuthiyela Nagaram', 138);
INSERT INTO village (id, name, panchayat_id) VALUES (4889, 'Vogu', 138);
INSERT INTO village (id, name, panchayat_id) VALUES (4890, 'Yalakallu', 138);
INSERT INTO mandal (id, name, constituency_id) VALUES (139, 'Vijayapuram', 6);
INSERT INTO panchayat (id, name, mandal_id) VALUES (139, 'Default Panchayat Vijayapuram', 139);
INSERT INTO village (id, name, panchayat_id) VALUES (4891, 'Alapakam', 139);
INSERT INTO village (id, name, panchayat_id) VALUES (4892, 'Buchivanatham', 139);
INSERT INTO village (id, name, panchayat_id) VALUES (4893, 'Ella Samudram', 139);
INSERT INTO village (id, name, panchayat_id) VALUES (4894, 'Gangamamba Puram', 139);
INSERT INTO village (id, name, panchayat_id) VALUES (4895, 'Illathuru', 139);
INSERT INTO village (id, name, panchayat_id) VALUES (4896, 'Jagannadhapuram', 139);
INSERT INTO village (id, name, panchayat_id) VALUES (4897, 'Kaliambakam', 139);
INSERT INTO village (id, name, panchayat_id) VALUES (4898, 'Kalikapuram', 139);
INSERT INTO village (id, name, panchayat_id) VALUES (4899, 'Kosala Nagaram', 139);
INSERT INTO village (id, name, panchayat_id) VALUES (4900, 'Kothuru Venkatapuram', 139);
INSERT INTO village (id, name, panchayat_id) VALUES (4901, 'Maharaja Puram', 139);
INSERT INTO village (id, name, panchayat_id) VALUES (4902, 'Mangalam', 139);
INSERT INTO village (id, name, panchayat_id) VALUES (4903, 'Pannur', 139);
INSERT INTO village (id, name, panchayat_id) VALUES (4904, 'Patha Arcot', 139);
INSERT INTO village (id, name, panchayat_id) VALUES (4905, 'Sami Reddi Khandriga', 139);
INSERT INTO village (id, name, panchayat_id) VALUES (4906, 'Sriharipuram', 139);
INSERT INTO village (id, name, panchayat_id) VALUES (4907, 'Vijaya Puram', 139);
INSERT INTO village (id, name, panchayat_id) VALUES (4908, 'Vijaya Raghavapuram', 139);
INSERT INTO mandal (id, name, constituency_id) VALUES (140, 'Yadamarri', 6);
INSERT INTO panchayat (id, name, mandal_id) VALUES (140, 'Default Panchayat Yadamarri', 140);
INSERT INTO village (id, name, panchayat_id) VALUES (4909, 'Bhoomireddipalle', 140);
INSERT INTO village (id, name, panchayat_id) VALUES (4910, 'Bodaguttapalle', 140);
INSERT INTO village (id, name, panchayat_id) VALUES (4911, 'Budithireddipalle', 140);
INSERT INTO village (id, name, panchayat_id) VALUES (4912, 'Dasarapalle', 140);
INSERT INTO village (id, name, panchayat_id) VALUES (4913, 'Gollapalle', 140);
INSERT INTO village (id, name, panchayat_id) VALUES (4914, 'Jangalapalle', 140);
INSERT INTO village (id, name, panchayat_id) VALUES (4915, 'Kammapalle', 140);
INSERT INTO village (id, name, panchayat_id) VALUES (4916, 'Kanathalacheruvu', 140);
INSERT INTO village (id, name, panchayat_id) VALUES (4917, 'Kasiralla', 140);
INSERT INTO village (id, name, panchayat_id) VALUES (4918, 'Konapalle', 140);
INSERT INTO village (id, name, panchayat_id) VALUES (4919, 'Kotalam', 140);
INSERT INTO village (id, name, panchayat_id) VALUES (4920, 'Kukkalapalle', 140);
INSERT INTO village (id, name, panchayat_id) VALUES (4921, 'Madhavaram', 140);
INSERT INTO village (id, name, panchayat_id) VALUES (4922, 'Madireddipalle', 140);
INSERT INTO village (id, name, panchayat_id) VALUES (4923, 'Majara Kothapalle', 140);
INSERT INTO village (id, name, panchayat_id) VALUES (4924, 'Modipalle', 140);
INSERT INTO village (id, name, panchayat_id) VALUES (4925, 'Mudduramapuram', 140);
INSERT INTO village (id, name, panchayat_id) VALUES (4926, 'Nadimpalle', 140);
INSERT INTO village (id, name, panchayat_id) VALUES (4927, 'Otiripalle', 140);
INSERT INTO village (id, name, panchayat_id) VALUES (4928, 'Otivaripalle', 140);
INSERT INTO village (id, name, panchayat_id) VALUES (4929, 'Patrapalle', 140);
INSERT INTO village (id, name, panchayat_id) VALUES (4930, 'Periyambadi', 140);
INSERT INTO village (id, name, panchayat_id) VALUES (4931, 'Siddareddipalle', 140);
INSERT INTO village (id, name, panchayat_id) VALUES (4932, 'Yadamarri', 140);
INSERT INTO district (id, name, state_id) VALUES (7, 'Dr. B.R. Ambedkar Konaseema', 1);
INSERT INTO constituency (id, name, district_id, mla_name, mp_name) VALUES (7, 'Default Constituency Dr. B.R. Ambedkar Konaseema', 7, 'Pending MLA', 'Pending MP');
INSERT INTO mandal (id, name, constituency_id) VALUES (141, 'Ainavilli', 7);
INSERT INTO panchayat (id, name, mandal_id) VALUES (141, 'Default Panchayat Ainavilli', 141);
INSERT INTO village (id, name, panchayat_id) VALUES (4933, 'Ainavilli', 141);
INSERT INTO village (id, name, panchayat_id) VALUES (4934, 'Chintana Lanka', 141);
INSERT INTO village (id, name, panchayat_id) VALUES (4935, 'K. Jagannadhapuram', 141);
INSERT INTO village (id, name, panchayat_id) VALUES (4936, 'Kondukuduru', 141);
INSERT INTO village (id, name, panchayat_id) VALUES (4937, 'Kotipalli Bhaga', 141);
INSERT INTO village (id, name, panchayat_id) VALUES (4938, 'Krapa', 141);
INSERT INTO village (id, name, panchayat_id) VALUES (4939, 'Madupalle', 141);
INSERT INTO village (id, name, panchayat_id) VALUES (4940, 'Magam', 141);
INSERT INTO village (id, name, panchayat_id) VALUES (4941, 'Nedunuru', 141);
INSERT INTO village (id, name, panchayat_id) VALUES (4942, 'Pothukurru', 141);
INSERT INTO village (id, name, panchayat_id) VALUES (4943, 'Sanapalli Lanka', 141);
INSERT INTO village (id, name, panchayat_id) VALUES (4944, 'Sirasavalli Savaram', 141);
INSERT INTO village (id, name, panchayat_id) VALUES (4945, 'Siripalle', 141);
INSERT INTO village (id, name, panchayat_id) VALUES (4946, 'Totharamudi', 141);
INSERT INTO village (id, name, panchayat_id) VALUES (4947, 'Veeravallipalem', 141);
INSERT INTO village (id, name, panchayat_id) VALUES (4948, 'Veluvalapalle', 141);
INSERT INTO village (id, name, panchayat_id) VALUES (4949, 'Vilasa', 141);
INSERT INTO mandal (id, name, constituency_id) VALUES (142, 'Alamuru', 7);
INSERT INTO panchayat (id, name, mandal_id) VALUES (142, 'Default Panchayat Alamuru', 142);
INSERT INTO village (id, name, panchayat_id) VALUES (4950, 'Alamuru', 142);
INSERT INTO village (id, name, panchayat_id) VALUES (4951, 'Baduguvanilanka', 142);
INSERT INTO village (id, name, panchayat_id) VALUES (4952, 'Chemudu Lanka', 142);
INSERT INTO village (id, name, panchayat_id) VALUES (4953, 'Chintaluru', 142);
INSERT INTO village (id, name, panchayat_id) VALUES (4954, 'Choppela', 142);
INSERT INTO village (id, name, panchayat_id) VALUES (4955, 'Gummileru', 142);
INSERT INTO village (id, name, panchayat_id) VALUES (4956, 'Jonnada', 142);
INSERT INTO village (id, name, panchayat_id) VALUES (4957, 'Kalavacherla', 142);
INSERT INTO village (id, name, panchayat_id) VALUES (4958, 'Madiki', 142);
INSERT INTO village (id, name, panchayat_id) VALUES (4959, 'Modukuru', 142);
INSERT INTO village (id, name, panchayat_id) VALUES (4960, 'Mulastana Agraharam', 142);
INSERT INTO village (id, name, panchayat_id) VALUES (4961, 'Narsipudi', 142);
INSERT INTO village (id, name, panchayat_id) VALUES (4962, 'Navabpeta', 142);
INSERT INTO village (id, name, panchayat_id) VALUES (4963, 'Pedapalle', 142);
INSERT INTO village (id, name, panchayat_id) VALUES (4964, 'Penikeru', 142);
INSERT INTO village (id, name, panchayat_id) VALUES (4965, 'Pinapalle', 142);
INSERT INTO village (id, name, panchayat_id) VALUES (4966, 'Sandhipudi', 142);
INSERT INTO village (id, name, panchayat_id) VALUES (4967, 'Suryarao Peta', 142);
INSERT INTO mandal (id, name, constituency_id) VALUES (143, 'Allavaram', 7);
INSERT INTO panchayat (id, name, mandal_id) VALUES (143, 'Default Panchayat Allavaram', 143);
INSERT INTO village (id, name, panchayat_id) VALUES (4968, 'Allavaram', 143);
INSERT INTO village (id, name, panchayat_id) VALUES (4969, 'Bendamurulanka', 143);
INSERT INTO village (id, name, panchayat_id) VALUES (4970, 'Bodasakurru', 143);
INSERT INTO village (id, name, panchayat_id) VALUES (4971, 'Devaguptam', 143);
INSERT INTO village (id, name, panchayat_id) VALUES (4972, 'Godi', 143);
INSERT INTO village (id, name, panchayat_id) VALUES (4973, 'Godilanka', 143);
INSERT INTO village (id, name, panchayat_id) VALUES (4974, 'Gudala', 143);
INSERT INTO village (id, name, panchayat_id) VALUES (4975, 'Komaragiripatnam', 143);
INSERT INTO village (id, name, panchayat_id) VALUES (4976, 'Mogallamuru', 143);
INSERT INTO village (id, name, panchayat_id) VALUES (4977, 'Rellugadda', 143);
INSERT INTO village (id, name, panchayat_id) VALUES (4978, 'Samanthakuru', 143);
INSERT INTO village (id, name, panchayat_id) VALUES (4979, 'Tadikona', 143);
INSERT INTO village (id, name, panchayat_id) VALUES (4980, 'Thurupulanka', 143);
INSERT INTO village (id, name, panchayat_id) VALUES (4981, 'Yentrikona', 143);
INSERT INTO mandal (id, name, constituency_id) VALUES (144, 'Amalapuram', 7);
INSERT INTO panchayat (id, name, mandal_id) VALUES (144, 'Default Panchayat Amalapuram', 144);
INSERT INTO village (id, name, panchayat_id) VALUES (4982, 'Amalapuram (R)', 144);
INSERT INTO village (id, name, panchayat_id) VALUES (4983, 'A. Vemavaram', 144);
INSERT INTO village (id, name, panchayat_id) VALUES (4984, 'A. Vemavarappadu', 144);
INSERT INTO village (id, name, panchayat_id) VALUES (4985, 'Bandarulanka', 144);
INSERT INTO village (id, name, panchayat_id) VALUES (4986, 'Bandarulanka (Ct)', 144);
INSERT INTO village (id, name, panchayat_id) VALUES (4987, 'Bhatnavilli', 144);
INSERT INTO village (id, name, panchayat_id) VALUES (4988, 'Edarapalle', 144);
INSERT INTO village (id, name, panchayat_id) VALUES (4989, 'Gunnapalle Agraharam', 144);
INSERT INTO village (id, name, panchayat_id) VALUES (4990, 'Immidivarappadu', 144);
INSERT INTO village (id, name, panchayat_id) VALUES (4991, 'Indupalle', 144);
INSERT INTO village (id, name, panchayat_id) VALUES (4992, 'Janupalle', 144);
INSERT INTO village (id, name, panchayat_id) VALUES (4993, 'Kamanagaruvu', 144);
INSERT INTO village (id, name, panchayat_id) VALUES (4994, 'Nadipudi', 144);
INSERT INTO village (id, name, panchayat_id) VALUES (4995, 'Nallamilli', 144);
INSERT INTO village (id, name, panchayat_id) VALUES (4996, 'Palagummi', 144);
INSERT INTO village (id, name, panchayat_id) VALUES (4997, 'Peruru', 144);
INSERT INTO village (id, name, panchayat_id) VALUES (4998, 'Sakuru', 144);
INSERT INTO village (id, name, panchayat_id) VALUES (4999, 'Samanasa', 144);
INSERT INTO village (id, name, panchayat_id) VALUES (5000, 'Thandavapalle', 144);
INSERT INTO village (id, name, panchayat_id) VALUES (5001, 'Vanne Chintalapudi', 144);
INSERT INTO mandal (id, name, constituency_id) VALUES (145, 'Ambajipeta', 7);
INSERT INTO panchayat (id, name, mandal_id) VALUES (145, 'Default Panchayat Ambajipeta', 145);
INSERT INTO village (id, name, panchayat_id) VALUES (5002, 'Chiratapudi', 145);
INSERT INTO village (id, name, panchayat_id) VALUES (5003, 'Gangalakurru', 145);
INSERT INTO village (id, name, panchayat_id) VALUES (5004, 'Irusumanda', 145);
INSERT INTO village (id, name, panchayat_id) VALUES (5005, 'Isukapudi', 145);
INSERT INTO village (id, name, panchayat_id) VALUES (5006, 'K. Pedapudi', 145);
INSERT INTO village (id, name, panchayat_id) VALUES (5007, 'Machavaram', 145);
INSERT INTO village (id, name, panchayat_id) VALUES (5008, 'Mosalipalle', 145);
INSERT INTO village (id, name, panchayat_id) VALUES (5009, 'Mukkamala', 145);
INSERT INTO village (id, name, panchayat_id) VALUES (5010, 'Nandampudi', 145);
INSERT INTO village (id, name, panchayat_id) VALUES (5011, 'Pasupalle', 145);
INSERT INTO village (id, name, panchayat_id) VALUES (5012, 'Pulletikurru', 145);
INSERT INTO village (id, name, panchayat_id) VALUES (5013, 'Thondavaram', 145);
INSERT INTO village (id, name, panchayat_id) VALUES (5014, 'Vakkalanka', 145);
INSERT INTO mandal (id, name, constituency_id) VALUES (146, 'Atreyapuram', 7);
INSERT INTO panchayat (id, name, mandal_id) VALUES (146, 'Default Panchayat Atreyapuram', 146);
INSERT INTO village (id, name, panchayat_id) VALUES (5015, 'Ankampalem', 146);
INSERT INTO village (id, name, panchayat_id) VALUES (5016, 'Atreyapuram', 146);
INSERT INTO village (id, name, panchayat_id) VALUES (5017, 'Kattunga', 146);
INSERT INTO village (id, name, panchayat_id) VALUES (5018, 'Lolla', 146);
INSERT INTO village (id, name, panchayat_id) VALUES (5019, 'Merlapalem', 146);
INSERT INTO village (id, name, panchayat_id) VALUES (5020, 'Narkedimilli', 146);
INSERT INTO village (id, name, panchayat_id) VALUES (5021, 'Peravaram', 146);
INSERT INTO village (id, name, panchayat_id) VALUES (5022, 'Pulidindi', 146);
INSERT INTO village (id, name, panchayat_id) VALUES (5023, 'Rajavaram', 146);
INSERT INTO village (id, name, panchayat_id) VALUES (5024, 'Ryali', 146);
INSERT INTO village (id, name, panchayat_id) VALUES (5025, 'Utchili', 146);
INSERT INTO village (id, name, panchayat_id) VALUES (5026, 'Vadapalle', 146);
INSERT INTO village (id, name, panchayat_id) VALUES (5027, 'Vaddiparru', 146);
INSERT INTO village (id, name, panchayat_id) VALUES (5028, 'Valicheru', 146);
INSERT INTO village (id, name, panchayat_id) VALUES (5029, 'Vasanthawada', 146);
INSERT INTO mandal (id, name, constituency_id) VALUES (147, 'I. Polavaram', 7);
INSERT INTO panchayat (id, name, mandal_id) VALUES (147, 'Default Panchayat I. Polavaram', 147);
INSERT INTO village (id, name, panchayat_id) VALUES (5030, 'Guthinadeevi', 147);
INSERT INTO village (id, name, panchayat_id) VALUES (5031, 'G. Vemavaram', 147);
INSERT INTO village (id, name, panchayat_id) VALUES (5032, 'I. Polavaram', 147);
INSERT INTO village (id, name, panchayat_id) VALUES (5033, 'Kesanakurru', 147);
INSERT INTO village (id, name, panchayat_id) VALUES (5034, 'Komaragiri', 147);
INSERT INTO village (id, name, panchayat_id) VALUES (5035, 'Muramalla', 147);
INSERT INTO village (id, name, panchayat_id) VALUES (5036, 'Pasuvullanka', 147);
INSERT INTO village (id, name, panchayat_id) VALUES (5037, 'Patha Injaram', 147);
INSERT INTO village (id, name, panchayat_id) VALUES (5038, 'Thillakkuppa', 147);
INSERT INTO village (id, name, panchayat_id) VALUES (5039, 'T. Kothapalle', 147);
INSERT INTO village (id, name, panchayat_id) VALUES (5040, 'Yedurulanka', 147);
INSERT INTO mandal (id, name, constituency_id) VALUES (148, 'Katrenikona', 7);
INSERT INTO panchayat (id, name, mandal_id) VALUES (148, 'Default Panchayat Katrenikona', 148);
INSERT INTO village (id, name, panchayat_id) VALUES (5041, 'Bantumilli', 148);
INSERT INTO village (id, name, panchayat_id) VALUES (5042, 'Brahmasamedyam', 148);
INSERT INTO village (id, name, panchayat_id) VALUES (5043, 'Cheyyeru', 148);
INSERT INTO village (id, name, panchayat_id) VALUES (5044, 'Chirrayanam', 148);
INSERT INTO village (id, name, panchayat_id) VALUES (5045, 'Dontikurru', 148);
INSERT INTO village (id, name, panchayat_id) VALUES (5046, 'Geddanapalle', 148);
INSERT INTO village (id, name, panchayat_id) VALUES (5047, 'Kandikuppa', 148);
INSERT INTO village (id, name, panchayat_id) VALUES (5048, 'Katrenikona', 148);
INSERT INTO village (id, name, panchayat_id) VALUES (5049, 'Kundaleswaram', 148);
INSERT INTO village (id, name, panchayat_id) VALUES (5050, 'Lakshmiwada', 148);
INSERT INTO village (id, name, panchayat_id) VALUES (5051, 'Nadavapalle', 148);
INSERT INTO village (id, name, panchayat_id) VALUES (5052, 'Pallamkurru', 148);
INSERT INTO village (id, name, panchayat_id) VALUES (5053, 'Penuwalla', 148);
INSERT INTO village (id, name, panchayat_id) VALUES (5054, 'Uppudi', 148);
INSERT INTO mandal (id, name, constituency_id) VALUES (149, 'K Gangavaram', 7);
INSERT INTO panchayat (id, name, mandal_id) VALUES (149, 'Default Panchayat K Gangavaram', 149);
INSERT INTO village (id, name, panchayat_id) VALUES (5055, 'Addampalle', 149);
INSERT INTO village (id, name, panchayat_id) VALUES (5056, 'Amjuru', 149);
INSERT INTO village (id, name, panchayat_id) VALUES (5057, 'Balantharam', 149);
INSERT INTO village (id, name, panchayat_id) VALUES (5058, 'Bhatla Palika', 149);
INSERT INTO village (id, name, panchayat_id) VALUES (5059, 'Dangeru', 149);
INSERT INTO village (id, name, panchayat_id) VALUES (5060, 'Gangavaram', 149);
INSERT INTO village (id, name, panchayat_id) VALUES (5061, 'Gudigalla', 149);
INSERT INTO village (id, name, panchayat_id) VALUES (5062, 'Gudigalla Bhaga', 149);
INSERT INTO village (id, name, panchayat_id) VALUES (5063, 'Koolla', 149);
INSERT INTO village (id, name, panchayat_id) VALUES (5064, 'Kota', 149);
INSERT INTO village (id, name, panchayat_id) VALUES (5065, 'Kotipalle', 149);
INSERT INTO village (id, name, panchayat_id) VALUES (5066, 'Kudupuru', 149);
INSERT INTO village (id, name, panchayat_id) VALUES (5067, 'Kunduru', 149);
INSERT INTO village (id, name, panchayat_id) VALUES (5068, 'Masakapalle', 149);
INSERT INTO village (id, name, panchayat_id) VALUES (5069, 'Pamarru', 149);
INSERT INTO village (id, name, panchayat_id) VALUES (5070, 'Paningapalle', 149);
INSERT INTO village (id, name, panchayat_id) VALUES (5071, 'Pekeru', 149);
INSERT INTO village (id, name, panchayat_id) VALUES (5072, 'Satyawada', 149);
INSERT INTO village (id, name, panchayat_id) VALUES (5073, 'Sivala', 149);
INSERT INTO village (id, name, panchayat_id) VALUES (5074, 'Sundarapalle', 149);
INSERT INTO village (id, name, panchayat_id) VALUES (5075, 'Thamarapalle', 149);
INSERT INTO village (id, name, panchayat_id) VALUES (5076, 'Udumudi', 149);
INSERT INTO village (id, name, panchayat_id) VALUES (5077, 'Vilasa Gangavaram', 149);
INSERT INTO village (id, name, panchayat_id) VALUES (5078, 'Yendagandi', 149);
INSERT INTO village (id, name, panchayat_id) VALUES (5079, 'Yerraa Pothavaram', 149);
INSERT INTO mandal (id, name, constituency_id) VALUES (150, 'Kothapeta', 7);
INSERT INTO panchayat (id, name, mandal_id) VALUES (150, 'Default Panchayat Kothapeta', 150);
INSERT INTO village (id, name, panchayat_id) VALUES (5080, 'Avidi', 150);
INSERT INTO village (id, name, panchayat_id) VALUES (5081, 'Billa Kurru', 150);
INSERT INTO village (id, name, panchayat_id) VALUES (5082, 'Ganti', 150);
INSERT INTO village (id, name, panchayat_id) VALUES (5083, 'Khandrika', 150);
INSERT INTO village (id, name, panchayat_id) VALUES (5084, 'Kothapeta', 150);
INSERT INTO village (id, name, panchayat_id) VALUES (5085, 'Mandapalle', 150);
INSERT INTO village (id, name, panchayat_id) VALUES (5086, 'Modekurru', 150);
INSERT INTO village (id, name, panchayat_id) VALUES (5087, 'Palivela', 150);
INSERT INTO village (id, name, panchayat_id) VALUES (5088, 'Vadapalem', 150);
INSERT INTO village (id, name, panchayat_id) VALUES (5089, 'Vanapalle', 150);
INSERT INTO mandal (id, name, constituency_id) VALUES (151, 'Malikipuram', 7);
INSERT INTO panchayat (id, name, mandal_id) VALUES (151, 'Default Panchayat Malikipuram', 151);
INSERT INTO village (id, name, panchayat_id) VALUES (5090, 'Gudapalle', 151);
INSERT INTO village (id, name, panchayat_id) VALUES (5091, 'Gudimellanka', 151);
INSERT INTO village (id, name, panchayat_id) VALUES (5092, 'Irusumanda', 151);
INSERT INTO village (id, name, panchayat_id) VALUES (5093, 'Kattiwanda', 151);
INSERT INTO village (id, name, panchayat_id) VALUES (5094, 'Kesanapalle', 151);
INSERT INTO village (id, name, panchayat_id) VALUES (5095, 'Lakkavaram', 151);
INSERT INTO village (id, name, panchayat_id) VALUES (5096, 'Malikipuram', 151);
INSERT INTO village (id, name, panchayat_id) VALUES (5097, 'Mattaparru', 151);
INSERT INTO village (id, name, panchayat_id) VALUES (5098, 'Ramarajulanka', 151);
INSERT INTO village (id, name, panchayat_id) VALUES (5099, 'Sankaraguptham', 151);
INSERT INTO village (id, name, panchayat_id) VALUES (5100, 'Visweswarayapuram', 151);
INSERT INTO mandal (id, name, constituency_id) VALUES (152, 'Mamidikuduru', 7);
INSERT INTO panchayat (id, name, mandal_id) VALUES (152, 'Default Panchayat Mamidikuduru', 152);
INSERT INTO village (id, name, panchayat_id) VALUES (5101, 'Adurru', 152);
INSERT INTO village (id, name, panchayat_id) VALUES (5102, 'Appanapalle', 152);
INSERT INTO village (id, name, panchayat_id) VALUES (5103, 'Botlakurru Doddavaram', 152);
INSERT INTO village (id, name, panchayat_id) VALUES (5104, 'Edarada', 152);
INSERT INTO village (id, name, panchayat_id) VALUES (5105, 'Geddada', 152);
INSERT INTO village (id, name, panchayat_id) VALUES (5106, 'Gogannamattam', 152);
INSERT INTO village (id, name, panchayat_id) VALUES (5107, 'Komarada', 152);
INSERT INTO village (id, name, panchayat_id) VALUES (5108, 'Lutukurru', 152);
INSERT INTO village (id, name, panchayat_id) VALUES (5109, 'Magatapalle', 152);
INSERT INTO village (id, name, panchayat_id) VALUES (5110, 'Makanapalem', 152);
INSERT INTO village (id, name, panchayat_id) VALUES (5111, 'Mamidikuduru', 152);
INSERT INTO village (id, name, panchayat_id) VALUES (5112, 'Mogalikuduru', 152);
INSERT INTO village (id, name, panchayat_id) VALUES (5113, 'Nagaram', 152);
INSERT INTO village (id, name, panchayat_id) VALUES (5114, 'Pasarlapudi', 152);
INSERT INTO village (id, name, panchayat_id) VALUES (5115, 'Pasarlapudilanka', 152);
INSERT INTO village (id, name, panchayat_id) VALUES (5116, 'Pedapatnam', 152);
INSERT INTO village (id, name, panchayat_id) VALUES (5117, 'Pedapatnam Lanka', 152);
INSERT INTO mandal (id, name, constituency_id) VALUES (153, 'Mummidivaram', 7);
INSERT INTO panchayat (id, name, mandal_id) VALUES (153, 'Default Panchayat Mummidivaram', 153);
INSERT INTO village (id, name, panchayat_id) VALUES (5118, 'Ainapuram', 153);
INSERT INTO village (id, name, panchayat_id) VALUES (5119, 'Ananthavaram', 153);
INSERT INTO village (id, name, panchayat_id) VALUES (5120, 'Annampalle', 153);
INSERT INTO village (id, name, panchayat_id) VALUES (5121, 'Ch. Gunnepalle', 153);
INSERT INTO village (id, name, panchayat_id) VALUES (5122, 'Gadilanka', 153);
INSERT INTO village (id, name, panchayat_id) VALUES (5123, 'Kamini', 153);
INSERT INTO village (id, name, panchayat_id) VALUES (5124, 'Komanapalle', 153);
INSERT INTO village (id, name, panchayat_id) VALUES (5125, 'Kothalanka', 153);
INSERT INTO village (id, name, panchayat_id) VALUES (5126, 'Krapa Chintalapudi', 153);
INSERT INTO village (id, name, panchayat_id) VALUES (5127, 'Mummidivaram', 153);
INSERT INTO village (id, name, panchayat_id) VALUES (5128, 'Tanelanka', 153);
INSERT INTO mandal (id, name, constituency_id) VALUES (154, 'P.Gannavaram', 7);
INSERT INTO panchayat (id, name, mandal_id) VALUES (154, 'Default Panchayat P.Gannavaram', 154);
INSERT INTO village (id, name, panchayat_id) VALUES (5129, 'Bellampudi', 154);
INSERT INTO village (id, name, panchayat_id) VALUES (5130, 'Ganti Pedapudi', 154);
INSERT INTO village (id, name, panchayat_id) VALUES (5131, 'Karupallipadu', 154);
INSERT INTO village (id, name, panchayat_id) VALUES (5132, 'Katharlanka', 154);
INSERT INTO village (id, name, panchayat_id) VALUES (5133, 'Kundalapalle', 154);
INSERT INTO village (id, name, panchayat_id) VALUES (5134, 'Lankalagannavaram', 154);
INSERT INTO village (id, name, panchayat_id) VALUES (5135, 'Manepalle', 154);
INSERT INTO village (id, name, panchayat_id) VALUES (5136, 'Mondepu Lanka', 154);
INSERT INTO village (id, name, panchayat_id) VALUES (5137, 'Munganda', 154);
INSERT INTO village (id, name, panchayat_id) VALUES (5138, 'Mungandapalem', 154);
INSERT INTO village (id, name, panchayat_id) VALUES (5139, 'Munjavaram', 154);
INSERT INTO village (id, name, panchayat_id) VALUES (5140, 'Narendrapuram', 154);
INSERT INTO village (id, name, panchayat_id) VALUES (5141, 'Patha Gannavaram', 154);
INSERT INTO village (id, name, panchayat_id) VALUES (5142, 'Pothavaram', 154);
INSERT INTO village (id, name, panchayat_id) VALUES (5143, 'Udumudi', 154);
INSERT INTO village (id, name, panchayat_id) VALUES (5144, 'Vadrevupalle', 154);
INSERT INTO village (id, name, panchayat_id) VALUES (5145, 'Vainateya Kothapalle', 154);
INSERT INTO village (id, name, panchayat_id) VALUES (5146, 'Yenugupalle', 154);
INSERT INTO mandal (id, name, constituency_id) VALUES (155, 'Ramachandrapuram', 7);
INSERT INTO panchayat (id, name, mandal_id) VALUES (155, 'Default Panchayat Ramachandrapuram', 155);
INSERT INTO village (id, name, panchayat_id) VALUES (5147, 'Ambikapalle Agraharam', 155);
INSERT INTO village (id, name, panchayat_id) VALUES (5148, 'Bheemakrosupalem', 155);
INSERT INTO village (id, name, panchayat_id) VALUES (5149, 'Chodavaram', 155);
INSERT INTO village (id, name, panchayat_id) VALUES (5150, 'Draksharama', 155);
INSERT INTO village (id, name, panchayat_id) VALUES (5151, 'Hasanbada', 155);
INSERT INTO village (id, name, panchayat_id) VALUES (5152, 'Jagannaikulapalem', 155);
INSERT INTO village (id, name, panchayat_id) VALUES (5153, 'Kandulapalem', 155);
INSERT INTO village (id, name, panchayat_id) VALUES (5154, 'Kapavaram', 155);
INSERT INTO village (id, name, panchayat_id) VALUES (5155, 'Malapadu', 155);
INSERT INTO village (id, name, panchayat_id) VALUES (5156, 'Mutchumilli', 155);
INSERT INTO village (id, name, panchayat_id) VALUES (5157, 'Narasapurapupeta', 155);
INSERT INTO village (id, name, panchayat_id) VALUES (5158, 'Oduru', 155);
INSERT INTO village (id, name, panchayat_id) VALUES (5159, 'Ramachandrapuram', 155);
INSERT INTO village (id, name, panchayat_id) VALUES (5160, 'Tadipalle', 155);
INSERT INTO village (id, name, panchayat_id) VALUES (5161, 'Thotapeta', 155);
INSERT INTO village (id, name, panchayat_id) VALUES (5162, 'Unduru', 155);
INSERT INTO village (id, name, panchayat_id) VALUES (5163, 'Utrumilli', 155);
INSERT INTO village (id, name, panchayat_id) VALUES (5164, 'Vegayammapeta', 155);
INSERT INTO village (id, name, panchayat_id) VALUES (5165, 'Velampalem', 155);
INSERT INTO village (id, name, panchayat_id) VALUES (5166, 'Vella', 155);
INSERT INTO village (id, name, panchayat_id) VALUES (5167, 'Venkatayapalem', 155);
INSERT INTO village (id, name, panchayat_id) VALUES (5168, 'Yanamadala', 155);
INSERT INTO village (id, name, panchayat_id) VALUES (5169, 'Yerupalle', 155);
INSERT INTO mandal (id, name, constituency_id) VALUES (156, 'Ravulapalem', 7);
INSERT INTO panchayat (id, name, mandal_id) VALUES (156, 'Default Panchayat Ravulapalem', 156);
INSERT INTO village (id, name, panchayat_id) VALUES (5170, 'Devarapalle', 156);
INSERT INTO village (id, name, panchayat_id) VALUES (5171, 'Gopalapuram', 156);
INSERT INTO village (id, name, panchayat_id) VALUES (5172, 'Ithakota', 156);
INSERT INTO village (id, name, panchayat_id) VALUES (5173, 'Juthigapadu', 156);
INSERT INTO village (id, name, panchayat_id) VALUES (5174, 'Komaraju Lanka', 156);
INSERT INTO village (id, name, panchayat_id) VALUES (5175, 'Lakshmipolavaram', 156);
INSERT INTO village (id, name, panchayat_id) VALUES (5176, 'Mummidivarappadu', 156);
INSERT INTO village (id, name, panchayat_id) VALUES (5177, 'Podagatlapalle', 156);
INSERT INTO village (id, name, panchayat_id) VALUES (5178, 'Ravulapalem', 156);
INSERT INTO village (id, name, panchayat_id) VALUES (5179, 'Ubalanka', 156);
INSERT INTO village (id, name, panchayat_id) VALUES (5180, 'Vedireswaram', 156);
INSERT INTO mandal (id, name, constituency_id) VALUES (157, 'Razole', 7);
INSERT INTO panchayat (id, name, mandal_id) VALUES (157, 'Default Panchayat Razole', 157);
INSERT INTO village (id, name, panchayat_id) VALUES (5181, 'B. Savaram', 157);
INSERT INTO village (id, name, panchayat_id) VALUES (5182, 'Chintalapalle', 157);
INSERT INTO village (id, name, panchayat_id) VALUES (5183, 'Kadali', 157);
INSERT INTO village (id, name, panchayat_id) VALUES (5184, 'Katrevupadu', 157);
INSERT INTO village (id, name, panchayat_id) VALUES (5185, 'Kunavaram', 157);
INSERT INTO village (id, name, panchayat_id) VALUES (5186, 'Mulikipalle', 157);
INSERT INTO village (id, name, panchayat_id) VALUES (5187, 'Palagummi', 157);
INSERT INTO village (id, name, panchayat_id) VALUES (5188, 'Podalada', 157);
INSERT INTO village (id, name, panchayat_id) VALUES (5189, 'Ponnamanda', 157);
INSERT INTO village (id, name, panchayat_id) VALUES (5190, 'Razole', 157);
INSERT INTO village (id, name, panchayat_id) VALUES (5191, 'Sivakodu', 157);
INSERT INTO village (id, name, panchayat_id) VALUES (5192, 'Sompalle', 157);
INSERT INTO village (id, name, panchayat_id) VALUES (5193, 'Thatipaka', 157);
INSERT INTO mandal (id, name, constituency_id) VALUES (158, 'Sakhinetipalli', 7);
INSERT INTO panchayat (id, name, mandal_id) VALUES (158, 'Default Panchayat Sakhinetipalli', 158);
INSERT INTO village (id, name, panchayat_id) VALUES (5194, 'Antarvedi', 158);
INSERT INTO village (id, name, panchayat_id) VALUES (5195, 'Antarvedipalem', 158);
INSERT INTO village (id, name, panchayat_id) VALUES (5196, 'Appanaramuni Lanka', 158);
INSERT INTO village (id, name, panchayat_id) VALUES (5197, 'Gudimula Kandrika', 158);
INSERT INTO village (id, name, panchayat_id) VALUES (5198, 'Kesavadasupalem', 158);
INSERT INTO village (id, name, panchayat_id) VALUES (5199, 'Mori', 158);
INSERT INTO village (id, name, panchayat_id) VALUES (5200, 'Rameswaram', 158);
INSERT INTO village (id, name, panchayat_id) VALUES (5201, 'Sakhinetipalle', 158);
INSERT INTO mandal (id, name, constituency_id) VALUES (159, 'Uppalaguptam', 7);
INSERT INTO panchayat (id, name, mandal_id) VALUES (159, 'Default Panchayat Uppalaguptam', 159);
INSERT INTO village (id, name, panchayat_id) VALUES (5202, 'Bheemanapalle', 159);
INSERT INTO village (id, name, panchayat_id) VALUES (5203, 'Chinagedavalli', 159);
INSERT INTO village (id, name, panchayat_id) VALUES (5204, 'Gollavilli', 159);
INSERT INTO village (id, name, panchayat_id) VALUES (5205, 'Gopavaram', 159);
INSERT INTO village (id, name, panchayat_id) VALUES (5206, 'Kunavaram', 159);
INSERT INTO village (id, name, panchayat_id) VALUES (5207, 'Munipalle', 159);
INSERT INTO village (id, name, panchayat_id) VALUES (5208, 'Nangavaram', 159);
INSERT INTO village (id, name, panchayat_id) VALUES (5209, 'Nimmakayala Kothapalle', 159);
INSERT INTO village (id, name, panchayat_id) VALUES (5210, 'Pedagadavilli', 159);
INSERT INTO village (id, name, panchayat_id) VALUES (5211, 'Sannavalli', 159);
INSERT INTO village (id, name, panchayat_id) VALUES (5212, 'Surasaniyanam', 159);
INSERT INTO village (id, name, panchayat_id) VALUES (5213, 'T. Challapalle', 159);
INSERT INTO village (id, name, panchayat_id) VALUES (5214, 'Uppalaguptam', 159);
INSERT INTO village (id, name, panchayat_id) VALUES (5215, 'Vilasavilli', 159);
INSERT INTO district (id, name, state_id) VALUES (8, 'East Godavari', 1);
INSERT INTO constituency (id, name, district_id, mla_name, mp_name) VALUES (8, 'Default Constituency East Godavari', 8, 'Pending MLA', 'Pending MP');
INSERT INTO mandal (id, name, constituency_id) VALUES (160, 'Anaparthi', 8);
INSERT INTO panchayat (id, name, mandal_id) VALUES (160, 'Default Panchayat Anaparthi', 160);
INSERT INTO village (id, name, panchayat_id) VALUES (5216, 'Anaparthy', 160);
INSERT INTO village (id, name, panchayat_id) VALUES (5217, 'Duppalapudi', 160);
INSERT INTO village (id, name, panchayat_id) VALUES (5218, 'Koppavaram', 160);
INSERT INTO village (id, name, panchayat_id) VALUES (5219, 'Kutukuluru', 160);
INSERT INTO village (id, name, panchayat_id) VALUES (5220, 'Laxmi Narasapuram', 160);
INSERT INTO village (id, name, panchayat_id) VALUES (5221, 'Mahendrawada', 160);
INSERT INTO village (id, name, panchayat_id) VALUES (5222, 'Pedaparthi', 160);
INSERT INTO village (id, name, panchayat_id) VALUES (5223, 'Pera Ramachandrapuram', 160);
INSERT INTO village (id, name, panchayat_id) VALUES (5224, 'Polamuru', 160);
INSERT INTO village (id, name, panchayat_id) VALUES (5225, 'Pulagurtha', 160);
INSERT INTO village (id, name, panchayat_id) VALUES (5226, 'Ramavaram', 160);
INSERT INTO mandal (id, name, constituency_id) VALUES (161, 'Biccavolu', 8);
INSERT INTO panchayat (id, name, mandal_id) VALUES (161, 'Default Panchayat Biccavolu', 161);
INSERT INTO village (id, name, panchayat_id) VALUES (5227, 'Arikarevula', 161);
INSERT INTO village (id, name, panchayat_id) VALUES (5228, 'Balabhadrapuram', 161);
INSERT INTO village (id, name, panchayat_id) VALUES (5229, 'Biccavolu', 161);
INSERT INTO village (id, name, panchayat_id) VALUES (5230, 'Illapalle', 161);
INSERT INTO village (id, name, panchayat_id) VALUES (5231, 'Kapavaram', 161);
INSERT INTO village (id, name, panchayat_id) VALUES (5232, 'Komaripalem', 161);
INSERT INTO village (id, name, panchayat_id) VALUES (5233, 'Konkuduru', 161);
INSERT INTO village (id, name, panchayat_id) VALUES (5234, 'Melluru', 161);
INSERT INTO village (id, name, panchayat_id) VALUES (5235, 'Pandalapaka', 161);
INSERT INTO village (id, name, panchayat_id) VALUES (5236, 'Rallakhandrika', 161);
INSERT INTO village (id, name, panchayat_id) VALUES (5237, 'Rangapuram', 161);
INSERT INTO village (id, name, panchayat_id) VALUES (5238, 'Thummalapalle', 161);
INSERT INTO village (id, name, panchayat_id) VALUES (5239, 'Tossipudi', 161);
INSERT INTO village (id, name, panchayat_id) VALUES (5240, 'Voolapalle', 161);
INSERT INTO mandal (id, name, constituency_id) VALUES (162, 'Chagallu', 8);
INSERT INTO panchayat (id, name, mandal_id) VALUES (162, 'Default Panchayat Chagallu', 162);
INSERT INTO village (id, name, panchayat_id) VALUES (5241, 'Brahmanagudem', 162);
INSERT INTO village (id, name, panchayat_id) VALUES (5242, 'Chagallu', 162);
INSERT INTO village (id, name, panchayat_id) VALUES (5243, 'Chikkala', 162);
INSERT INTO village (id, name, panchayat_id) VALUES (5244, 'Daravaram', 162);
INSERT INTO village (id, name, panchayat_id) VALUES (5245, 'Kalavalapalle', 162);
INSERT INTO village (id, name, panchayat_id) VALUES (5246, 'Mallavaram', 162);
INSERT INTO village (id, name, panchayat_id) VALUES (5247, 'Markondapadu', 162);
INSERT INTO village (id, name, panchayat_id) VALUES (5248, 'Nandigampadu', 162);
INSERT INTO village (id, name, panchayat_id) VALUES (5249, 'Nelaturu', 162);
INSERT INTO village (id, name, panchayat_id) VALUES (5250, 'Singanamuppavaram', 162);
INSERT INTO village (id, name, panchayat_id) VALUES (5251, 'Unagatla', 162);
INSERT INTO mandal (id, name, constituency_id) VALUES (163, 'Devarapalle', 8);
INSERT INTO panchayat (id, name, mandal_id) VALUES (163, 'Default Panchayat Devarapalle', 163);
INSERT INTO village (id, name, panchayat_id) VALUES (5252, 'Bandapuram', 163);
INSERT INTO village (id, name, panchayat_id) VALUES (5253, 'Chinnayagudem', 163);
INSERT INTO village (id, name, panchayat_id) VALUES (5254, 'Devarapalle', 163);
INSERT INTO village (id, name, panchayat_id) VALUES (5255, 'Dhumanthunigudem', 163);
INSERT INTO village (id, name, panchayat_id) VALUES (5256, 'Duddukuru', 163);
INSERT INTO village (id, name, panchayat_id) VALUES (5257, 'Gowripatnam', 163);
INSERT INTO village (id, name, panchayat_id) VALUES (5258, 'Kondagudem', 163);
INSERT INTO village (id, name, panchayat_id) VALUES (5259, 'Kurukuru', 163);
INSERT INTO village (id, name, panchayat_id) VALUES (5260, 'Laxmipuram', 163);
INSERT INTO village (id, name, panchayat_id) VALUES (5261, 'Pallantlai', 163);
INSERT INTO village (id, name, panchayat_id) VALUES (5262, 'Tyajampudi', 163);
INSERT INTO village (id, name, panchayat_id) VALUES (5263, 'Yadavole', 163);
INSERT INTO village (id, name, panchayat_id) VALUES (5264, 'Yernagudem', 163);
INSERT INTO mandal (id, name, constituency_id) VALUES (164, 'Gokavaram', 8);
INSERT INTO panchayat (id, name, mandal_id) VALUES (164, 'Default Panchayat Gokavaram', 164);
INSERT INTO village (id, name, panchayat_id) VALUES (5265, 'Atchutapuram', 164);
INSERT INTO village (id, name, panchayat_id) VALUES (5266, 'Bhupatipalem', 164);
INSERT INTO village (id, name, panchayat_id) VALUES (5267, 'Gadelapalem', 164);
INSERT INTO village (id, name, panchayat_id) VALUES (5268, 'Gangampalem', 164);
INSERT INTO village (id, name, panchayat_id) VALUES (5269, 'Gokavaram', 164);
INSERT INTO village (id, name, panchayat_id) VALUES (5270, 'Gummalladuddi', 164);
INSERT INTO village (id, name, panchayat_id) VALUES (5271, 'Itikayala Palle', 164);
INSERT INTO village (id, name, panchayat_id) VALUES (5272, 'Kalijolla', 164);
INSERT INTO village (id, name, panchayat_id) VALUES (5273, 'Kamaraju Peta', 164);
INSERT INTO village (id, name, panchayat_id) VALUES (5274, 'Kothapalle', 164);
INSERT INTO village (id, name, panchayat_id) VALUES (5275, 'Krishnunipalem', 164);
INSERT INTO village (id, name, panchayat_id) VALUES (5276, 'Mallavaram', 164);
INSERT INTO village (id, name, panchayat_id) VALUES (5277, 'Rampa Yerrampalem', 164);
INSERT INTO village (id, name, panchayat_id) VALUES (5278, 'Sivaramapatnam', 164);
INSERT INTO village (id, name, panchayat_id) VALUES (5279, 'Sudikonda', 164);
INSERT INTO village (id, name, panchayat_id) VALUES (5280, 'Takurupalem', 164);
INSERT INTO village (id, name, panchayat_id) VALUES (5281, 'Thantikonda', 164);
INSERT INTO village (id, name, panchayat_id) VALUES (5282, 'Tirumalayapalem', 164);
INSERT INTO village (id, name, panchayat_id) VALUES (5283, 'Vedurupaka', 164);
INSERT INTO mandal (id, name, constituency_id) VALUES (165, 'Gopalapuram', 8);
INSERT INTO panchayat (id, name, mandal_id) VALUES (165, 'Default Panchayat Gopalapuram', 165);
INSERT INTO village (id, name, panchayat_id) VALUES (5284, 'Bhimolu', 165);
INSERT INTO village (id, name, panchayat_id) VALUES (5285, 'Cherukumilli', 165);
INSERT INTO village (id, name, panchayat_id) VALUES (5286, 'Chityala', 165);
INSERT INTO village (id, name, panchayat_id) VALUES (5287, 'Dondapudi', 165);
INSERT INTO village (id, name, panchayat_id) VALUES (5288, 'Gangavaram', 165);
INSERT INTO village (id, name, panchayat_id) VALUES (5289, 'Gangolu', 165);
INSERT INTO village (id, name, panchayat_id) VALUES (5290, 'Gopalapuram', 165);
INSERT INTO village (id, name, panchayat_id) VALUES (5291, 'Guddigudem', 165);
INSERT INTO village (id, name, panchayat_id) VALUES (5292, 'Jagannadhapuram', 165);
INSERT INTO village (id, name, panchayat_id) VALUES (5293, 'Karagapadu', 165);
INSERT INTO village (id, name, panchayat_id) VALUES (5294, 'Karicharlagudem', 165);
INSERT INTO village (id, name, panchayat_id) VALUES (5295, 'Komatigunta', 165);
INSERT INTO village (id, name, panchayat_id) VALUES (5296, 'Kovvurupadu', 165);
INSERT INTO village (id, name, panchayat_id) VALUES (5297, 'Nandigudem', 165);
INSERT INTO village (id, name, panchayat_id) VALUES (5298, 'Saggonda', 165);
INSERT INTO village (id, name, panchayat_id) VALUES (5299, 'Sagipadu', 165);
INSERT INTO village (id, name, panchayat_id) VALUES (5300, 'Vadalakunta', 165);
INSERT INTO village (id, name, panchayat_id) VALUES (5301, 'Vellachintalagudem', 165);
INSERT INTO village (id, name, panchayat_id) VALUES (5302, 'Venkatayapalem', 165);
INSERT INTO mandal (id, name, constituency_id) VALUES (166, 'Kadiam', 8);
INSERT INTO panchayat (id, name, mandal_id) VALUES (166, 'Default Panchayat Kadiam', 166);
INSERT INTO village (id, name, panchayat_id) VALUES (5303, 'Damireddipalle', 166);
INSERT INTO village (id, name, panchayat_id) VALUES (5304, 'Dulla', 166);
INSERT INTO village (id, name, panchayat_id) VALUES (5305, 'Jegurupadu', 166);
INSERT INTO village (id, name, panchayat_id) VALUES (5306, 'Kadiam', 166);
INSERT INTO village (id, name, panchayat_id) VALUES (5307, 'Muramanda', 166);
INSERT INTO village (id, name, panchayat_id) VALUES (5308, 'Veeravaram', 166);
INSERT INTO village (id, name, panchayat_id) VALUES (5309, 'Vemagiri', 166);
INSERT INTO mandal (id, name, constituency_id) VALUES (167, 'Kapileswarapuram', 8);
INSERT INTO panchayat (id, name, mandal_id) VALUES (167, 'Default Panchayat Kapileswarapuram', 167);
INSERT INTO village (id, name, panchayat_id) VALUES (5310, 'Addankivari Lanka', 167);
INSERT INTO village (id, name, panchayat_id) VALUES (5311, 'Angara', 167);
INSERT INTO village (id, name, panchayat_id) VALUES (5312, 'Atchutapuram', 167);
INSERT INTO village (id, name, panchayat_id) VALUES (5313, 'Kaleru', 167);
INSERT INTO village (id, name, panchayat_id) VALUES (5314, 'Kapileswarapuram', 167);
INSERT INTO village (id, name, panchayat_id) VALUES (5315, 'Kedara Lanka', 167);
INSERT INTO village (id, name, panchayat_id) VALUES (5316, 'Korumilli', 167);
INSERT INTO village (id, name, panchayat_id) VALUES (5317, 'Machara', 167);
INSERT INTO village (id, name, panchayat_id) VALUES (5318, 'Nagula Cheruvu', 167);
INSERT INTO village (id, name, panchayat_id) VALUES (5319, 'Nalluru', 167);
INSERT INTO village (id, name, panchayat_id) VALUES (5320, 'Nelaturu', 167);
INSERT INTO village (id, name, panchayat_id) VALUES (5321, 'Nidasanametta', 167);
INSERT INTO village (id, name, panchayat_id) VALUES (5322, 'Padamati Khandrika', 167);
INSERT INTO village (id, name, panchayat_id) VALUES (5323, 'Teki', 167);
INSERT INTO village (id, name, panchayat_id) VALUES (5324, 'Thatapudi', 167);
INSERT INTO village (id, name, panchayat_id) VALUES (5325, 'Vadlamuru', 167);
INSERT INTO village (id, name, panchayat_id) VALUES (5326, 'Vakatippa', 167);
INSERT INTO village (id, name, panchayat_id) VALUES (5327, 'Valluru', 167);
INSERT INTO village (id, name, panchayat_id) VALUES (5328, 'Vedurumudi', 167);
INSERT INTO village (id, name, panchayat_id) VALUES (5329, 'West Khandrika', 167);
INSERT INTO mandal (id, name, constituency_id) VALUES (168, 'Korukonda', 8);
INSERT INTO panchayat (id, name, mandal_id) VALUES (168, 'Default Panchayat Korukonda', 168);
INSERT INTO village (id, name, panchayat_id) VALUES (5330, 'Bodleddupalem', 168);
INSERT INTO village (id, name, panchayat_id) VALUES (5331, 'Burugupudi', 168);
INSERT INTO village (id, name, panchayat_id) VALUES (5332, 'Butchempeta', 168);
INSERT INTO village (id, name, panchayat_id) VALUES (5333, 'Dosakayalapalle', 168);
INSERT INTO village (id, name, panchayat_id) VALUES (5334, 'Gadala', 168);
INSERT INTO village (id, name, panchayat_id) VALUES (5335, 'Gadarada', 168);
INSERT INTO village (id, name, panchayat_id) VALUES (5336, 'Jambupatnam', 168);
INSERT INTO village (id, name, panchayat_id) VALUES (5337, 'Kanupuru', 168);
INSERT INTO village (id, name, panchayat_id) VALUES (5338, 'Kapavaram', 168);
INSERT INTO village (id, name, panchayat_id) VALUES (5339, 'Korukonda', 168);
INSERT INTO village (id, name, panchayat_id) VALUES (5340, 'Koti', 168);
INSERT INTO village (id, name, panchayat_id) VALUES (5341, 'Kotikesavaram', 168);
INSERT INTO village (id, name, panchayat_id) VALUES (5342, 'Madhurapudi', 168);
INSERT INTO village (id, name, panchayat_id) VALUES (5343, 'Munagala', 168);
INSERT INTO village (id, name, panchayat_id) VALUES (5344, 'Narasapuram', 168);
INSERT INTO village (id, name, panchayat_id) VALUES (5345, 'Narasimhapura Agraharam', 168);
INSERT INTO village (id, name, panchayat_id) VALUES (5346, 'Nidigatla', 168);
INSERT INTO village (id, name, panchayat_id) VALUES (5347, 'Raghavapuram', 168);
INSERT INTO village (id, name, panchayat_id) VALUES (5348, 'Srirangapatnam', 168);
INSERT INTO mandal (id, name, constituency_id) VALUES (169, 'Kovvur', 8);
INSERT INTO panchayat (id, name, mandal_id) VALUES (169, 'Default Panchayat Kovvur', 169);
INSERT INTO village (id, name, panchayat_id) VALUES (5349, 'Arikirevula', 169);
INSERT INTO village (id, name, panchayat_id) VALUES (5350, 'Chidipi', 169);
INSERT INTO village (id, name, panchayat_id) VALUES (5351, 'Chigurulanka', 169);
INSERT INTO village (id, name, panchayat_id) VALUES (5352, 'Decherla', 169);
INSERT INTO village (id, name, panchayat_id) VALUES (5353, 'Dharmavaram', 169);
INSERT INTO village (id, name, panchayat_id) VALUES (5354, 'Dommeru', 169);
INSERT INTO village (id, name, panchayat_id) VALUES (5355, 'Isukapatlapangidi', 169);
INSERT INTO village (id, name, panchayat_id) VALUES (5356, 'Kovvur', 169);
INSERT INTO village (id, name, panchayat_id) VALUES (5357, 'Kumaradevam', 169);
INSERT INTO village (id, name, panchayat_id) VALUES (5358, 'Madduru', 169);
INSERT INTO village (id, name, panchayat_id) VALUES (5359, 'Maddurulanka', 169);
INSERT INTO village (id, name, panchayat_id) VALUES (5360, 'Nandamuru', 169);
INSERT INTO village (id, name, panchayat_id) VALUES (5361, 'Pasivedala', 169);
INSERT INTO village (id, name, panchayat_id) VALUES (5362, 'Penakanametta', 169);
INSERT INTO village (id, name, panchayat_id) VALUES (5363, 'Thogummi', 169);
INSERT INTO village (id, name, panchayat_id) VALUES (5364, 'Vadapalle', 169);
INSERT INTO village (id, name, panchayat_id) VALUES (5365, 'Vemuluru', 169);
INSERT INTO mandal (id, name, constituency_id) VALUES (170, 'Mandapeta', 8);
INSERT INTO panchayat (id, name, mandal_id) VALUES (170, 'Default Panchayat Mandapeta', 170);
INSERT INTO village (id, name, panchayat_id) VALUES (5366, 'Arthamuru', 170);
INSERT INTO village (id, name, panchayat_id) VALUES (5367, 'Chinadevarapudi', 170);
INSERT INTO village (id, name, panchayat_id) VALUES (5368, 'Dwarapudi', 170);
INSERT INTO village (id, name, panchayat_id) VALUES (5369, 'Ippanapadu', 170);
INSERT INTO village (id, name, panchayat_id) VALUES (5370, 'Kesavaram', 170);
INSERT INTO village (id, name, panchayat_id) VALUES (5371, 'Mandapeta', 170);
INSERT INTO village (id, name, panchayat_id) VALUES (5372, 'Maredubaka (Part)', 170);
INSERT INTO village (id, name, panchayat_id) VALUES (5373, 'Meruipadu', 170);
INSERT INTO village (id, name, panchayat_id) VALUES (5374, 'Palathodu', 170);
INSERT INTO village (id, name, panchayat_id) VALUES (5375, 'Tapeswaram', 170);
INSERT INTO village (id, name, panchayat_id) VALUES (5376, 'Velagathodu', 170);
INSERT INTO village (id, name, panchayat_id) VALUES (5377, 'Vemulapalle @ Seetayyapalem', 170);
INSERT INTO village (id, name, panchayat_id) VALUES (5378, 'Yeditha', 170);
INSERT INTO village (id, name, panchayat_id) VALUES (5379, 'Z.Medapadu', 170);
INSERT INTO mandal (id, name, constituency_id) VALUES (171, 'Nallajerla', 8);
INSERT INTO panchayat (id, name, mandal_id) VALUES (171, 'Default Panchayat Nallajerla', 171);
INSERT INTO village (id, name, panchayat_id) VALUES (5380, 'Ananthapalle', 171);
INSERT INTO village (id, name, panchayat_id) VALUES (5381, 'Anumunilanka', 171);
INSERT INTO village (id, name, panchayat_id) VALUES (5382, 'Avapadu', 171);
INSERT INTO village (id, name, panchayat_id) VALUES (5383, 'Cheepurugudem', 171);
INSERT INTO village (id, name, panchayat_id) VALUES (5384, 'Chodavaram (West)', 171);
INSERT INTO village (id, name, panchayat_id) VALUES (5385, 'Dubacherla', 171);
INSERT INTO village (id, name, panchayat_id) VALUES (5386, 'Gundepalle @ Chodavaram(East)', 171);
INSERT INTO village (id, name, panchayat_id) VALUES (5387, 'Marellamudi', 171);
INSERT INTO village (id, name, panchayat_id) VALUES (5388, 'Nallajerla', 171);
INSERT INTO village (id, name, panchayat_id) VALUES (5389, 'Pothavaram', 171);
INSERT INTO village (id, name, panchayat_id) VALUES (5390, 'Prakasaraopalem', 171);
INSERT INTO village (id, name, panchayat_id) VALUES (5391, 'Sanjeevapuram', 171);
INSERT INTO village (id, name, panchayat_id) VALUES (5392, 'Telikicherla', 171);
INSERT INTO village (id, name, panchayat_id) VALUES (5393, 'Veeravalli', 171);
INSERT INTO mandal (id, name, constituency_id) VALUES (172, 'Nidadavole', 8);
INSERT INTO panchayat (id, name, mandal_id) VALUES (172, 'Default Panchayat Nidadavole', 172);
INSERT INTO village (id, name, panchayat_id) VALUES (5394, 'Ammepalle', 172);
INSERT INTO village (id, name, panchayat_id) VALUES (5395, 'Atlapadu', 172);
INSERT INTO village (id, name, panchayat_id) VALUES (5396, 'D.Muppavaram', 172);
INSERT INTO village (id, name, panchayat_id) VALUES (5397, 'Gopavaram', 172);
INSERT INTO village (id, name, panchayat_id) VALUES (5398, 'Jeedigunta', 172);
INSERT INTO village (id, name, panchayat_id) VALUES (5399, 'Jeediguntalanka', 172);
INSERT INTO village (id, name, panchayat_id) VALUES (5400, 'J.Khandrika', 172);
INSERT INTO village (id, name, panchayat_id) VALUES (5401, 'Kalavacherla', 172);
INSERT INTO village (id, name, panchayat_id) VALUES (5402, 'Korumamidi', 172);
INSERT INTO village (id, name, panchayat_id) VALUES (5403, 'Korupalle', 172);
INSERT INTO village (id, name, panchayat_id) VALUES (5404, 'Medipalle', 172);
INSERT INTO village (id, name, panchayat_id) VALUES (5405, 'Munipalle', 172);
INSERT INTO village (id, name, panchayat_id) VALUES (5406, 'Nidadavole (R)', 172);
INSERT INTO village (id, name, panchayat_id) VALUES (5407, 'Pandalaparru', 172);
INSERT INTO village (id, name, panchayat_id) VALUES (5408, 'Pendyala', 172);
INSERT INTO village (id, name, panchayat_id) VALUES (5409, 'Purushothapalle', 172);
INSERT INTO village (id, name, panchayat_id) VALUES (5410, 'Ravimetla', 172);
INSERT INTO village (id, name, panchayat_id) VALUES (5411, 'Sankarapuram', 172);
INSERT INTO village (id, name, panchayat_id) VALUES (5412, 'Settipeta', 172);
INSERT INTO village (id, name, panchayat_id) VALUES (5413, 'Singavaram', 172);
INSERT INTO village (id, name, panchayat_id) VALUES (5414, 'Surapuram', 172);
INSERT INTO village (id, name, panchayat_id) VALUES (5415, 'Tadimalla', 172);
INSERT INTO village (id, name, panchayat_id) VALUES (5416, 'Thimmarajupalem', 172);
INSERT INTO village (id, name, panchayat_id) VALUES (5417, 'Unakaramilli', 172);
INSERT INTO village (id, name, panchayat_id) VALUES (5418, 'Vijjeswaram', 172);
INSERT INTO village (id, name, panchayat_id) VALUES (5419, 'Vissampalem', 172);
INSERT INTO mandal (id, name, constituency_id) VALUES (173, 'Peravali', 8);
INSERT INTO panchayat (id, name, mandal_id) VALUES (173, 'Default Panchayat Peravali', 173);
INSERT INTO village (id, name, panchayat_id) VALUES (5420, 'Ajjaram', 173);
INSERT INTO village (id, name, panchayat_id) VALUES (5421, 'Kakaraparru', 173);
INSERT INTO village (id, name, panchayat_id) VALUES (5422, 'Kanuru', 173);
INSERT INTO village (id, name, panchayat_id) VALUES (5423, 'Kanuruagraharam', 173);
INSERT INTO village (id, name, panchayat_id) VALUES (5424, 'Kapavaram', 173);
INSERT INTO village (id, name, panchayat_id) VALUES (5425, 'Khandavalli', 173);
INSERT INTO village (id, name, panchayat_id) VALUES (5426, 'Kothapalle Agraharam', 173);
INSERT INTO village (id, name, panchayat_id) VALUES (5427, 'Malleswaram', 173);
INSERT INTO village (id, name, panchayat_id) VALUES (5428, 'Mukkamala', 173);
INSERT INTO village (id, name, panchayat_id) VALUES (5429, 'Nadupalle', 173);
INSERT INTO village (id, name, panchayat_id) VALUES (5430, 'Peravali', 173);
INSERT INTO village (id, name, panchayat_id) VALUES (5431, 'Pittalavemavaram', 173);
INSERT INTO village (id, name, panchayat_id) VALUES (5432, 'Teeparru', 173);
INSERT INTO village (id, name, panchayat_id) VALUES (5433, 'Usulumarru', 173);
INSERT INTO mandal (id, name, constituency_id) VALUES (174, 'Rajamahendravaram Rural', 8);
INSERT INTO panchayat (id, name, mandal_id) VALUES (174, 'Default Panchayat Rajamahendravaram Rural', 174);
INSERT INTO village (id, name, panchayat_id) VALUES (5434, 'Bommuru (Og)', 174);
INSERT INTO village (id, name, panchayat_id) VALUES (5435, 'Dowleswaram (Ct)', 174);
INSERT INTO village (id, name, panchayat_id) VALUES (5436, 'Hukumpeta (Ct)', 174);
INSERT INTO village (id, name, panchayat_id) VALUES (5437, 'Katheru (Ct)', 174);
INSERT INTO village (id, name, panchayat_id) VALUES (5438, 'Kolamuru', 174);
INSERT INTO village (id, name, panchayat_id) VALUES (5439, 'Morampudi (Ct)', 174);
INSERT INTO village (id, name, panchayat_id) VALUES (5440, 'Pidimgoyyi', 174);
INSERT INTO village (id, name, panchayat_id) VALUES (5441, 'Rajahmundry Nma (Og)', 174);
INSERT INTO village (id, name, panchayat_id) VALUES (5442, 'Rajavolu', 174);
INSERT INTO village (id, name, panchayat_id) VALUES (5443, 'Satelite City', 174);
INSERT INTO village (id, name, panchayat_id) VALUES (5444, 'Torredu', 174);
INSERT INTO mandal (id, name, constituency_id) VALUES (175, 'Rajamahendravaram Urban', 8);
INSERT INTO panchayat (id, name, mandal_id) VALUES (175, 'Default Panchayat Rajamahendravaram Urban', 175);
INSERT INTO village (id, name, panchayat_id) VALUES (5445, 'Rajajmundry Urban', 175);
INSERT INTO mandal (id, name, constituency_id) VALUES (176, 'Rajanagaram', 8);
INSERT INTO panchayat (id, name, mandal_id) VALUES (176, 'Default Panchayat Rajanagaram', 176);
INSERT INTO village (id, name, panchayat_id) VALUES (5446, 'Bhupalapatnam', 176);
INSERT INTO village (id, name, panchayat_id) VALUES (5447, 'G. Yerrampalem', 176);
INSERT INTO village (id, name, panchayat_id) VALUES (5448, 'Jagannadhapuram Agraharam', 176);
INSERT INTO village (id, name, panchayat_id) VALUES (5449, 'Kalavacherla', 176);
INSERT INTO village (id, name, panchayat_id) VALUES (5450, 'Kanavaram', 176);
INSERT INTO village (id, name, panchayat_id) VALUES (5451, 'Konda Gunturu', 176);
INSERT INTO village (id, name, panchayat_id) VALUES (5452, 'Mukkinada', 176);
INSERT INTO village (id, name, panchayat_id) VALUES (5453, 'Namavaram', 176);
INSERT INTO village (id, name, panchayat_id) VALUES (5454, 'Nandarada', 176);
INSERT INTO village (id, name, panchayat_id) VALUES (5455, 'Narendrapuram', 176);
INSERT INTO village (id, name, panchayat_id) VALUES (5456, 'Palacharla', 176);
INSERT INTO village (id, name, panchayat_id) VALUES (5457, 'Patha Thungapadu', 176);
INSERT INTO village (id, name, panchayat_id) VALUES (5458, 'Rajanagaram', 176);
INSERT INTO village (id, name, panchayat_id) VALUES (5459, 'Srikrishnapatnam', 176);
INSERT INTO village (id, name, panchayat_id) VALUES (5460, 'Thokada', 176);
INSERT INTO village (id, name, panchayat_id) VALUES (5461, 'Velugubanda', 176);
INSERT INTO village (id, name, panchayat_id) VALUES (5462, 'Venkatapuram', 176);
INSERT INTO mandal (id, name, constituency_id) VALUES (177, 'Rangampeta', 8);
INSERT INTO panchayat (id, name, mandal_id) VALUES (177, 'Default Panchayat Rangampeta', 177);
INSERT INTO village (id, name, panchayat_id) VALUES (5463, 'Doddigunta', 177);
INSERT INTO village (id, name, panchayat_id) VALUES (5464, 'Elakolanu', 177);
INSERT INTO village (id, name, panchayat_id) VALUES (5465, 'G. Donthamuru', 177);
INSERT INTO village (id, name, panchayat_id) VALUES (5466, 'Kotapadu', 177);
INSERT INTO village (id, name, panchayat_id) VALUES (5467, 'Marripudi', 177);
INSERT INTO village (id, name, panchayat_id) VALUES (5468, 'Mukundavaram', 177);
INSERT INTO village (id, name, panchayat_id) VALUES (5469, 'Nallamilli', 177);
INSERT INTO village (id, name, panchayat_id) VALUES (5470, 'Pedarayavaram', 177);
INSERT INTO village (id, name, panchayat_id) VALUES (5471, 'Rangampeta', 177);
INSERT INTO village (id, name, panchayat_id) VALUES (5472, 'Singampalle', 177);
INSERT INTO village (id, name, panchayat_id) VALUES (5473, 'South Thirupathi Rajapuram', 177);
INSERT INTO village (id, name, panchayat_id) VALUES (5474, 'Subhadrampeta', 177);
INSERT INTO village (id, name, panchayat_id) VALUES (5475, 'Vadisaleru', 177);
INSERT INTO village (id, name, panchayat_id) VALUES (5476, 'Veerampalem', 177);
INSERT INTO village (id, name, panchayat_id) VALUES (5477, 'Venkatapuram', 177);
INSERT INTO mandal (id, name, constituency_id) VALUES (178, 'Rayavaram', 8);
INSERT INTO panchayat (id, name, mandal_id) VALUES (178, 'Default Panchayat Rayavaram', 178);
INSERT INTO village (id, name, panchayat_id) VALUES (5478, 'Chelluru', 178);
INSERT INTO village (id, name, panchayat_id) VALUES (5479, 'Kurakallapalle', 178);
INSERT INTO village (id, name, panchayat_id) VALUES (5480, 'Kurmapuram', 178);
INSERT INTO village (id, name, panchayat_id) VALUES (5481, 'Lolla', 178);
INSERT INTO village (id, name, panchayat_id) VALUES (5482, 'Machavaram', 178);
INSERT INTO village (id, name, panchayat_id) VALUES (5483, 'Nadurubada', 178);
INSERT INTO village (id, name, panchayat_id) VALUES (5484, 'Pasalapudi', 178);
INSERT INTO village (id, name, panchayat_id) VALUES (5485, 'Someswaram', 178);
INSERT INTO village (id, name, panchayat_id) VALUES (5486, 'Vedurupaka', 178);
INSERT INTO village (id, name, panchayat_id) VALUES (5487, 'Venturu', 178);
INSERT INTO mandal (id, name, constituency_id) VALUES (179, 'Seethanagaram', 8);
INSERT INTO panchayat (id, name, mandal_id) VALUES (179, 'Default Panchayat Seethanagaram', 179);
INSERT INTO village (id, name, panchayat_id) VALUES (5488, 'Bobbillanka', 179);
INSERT INTO village (id, name, panchayat_id) VALUES (5489, 'Chinakondepudi', 179);
INSERT INTO village (id, name, panchayat_id) VALUES (5490, 'Hundeswarapuram', 179);
INSERT INTO village (id, name, panchayat_id) VALUES (5491, 'Jalimudi', 179);
INSERT INTO village (id, name, panchayat_id) VALUES (5492, 'Katavaram', 179);
INSERT INTO village (id, name, panchayat_id) VALUES (5493, 'Kunavaram', 179);
INSERT INTO village (id, name, panchayat_id) VALUES (5494, 'Mirthipadu', 179);
INSERT INTO village (id, name, panchayat_id) VALUES (5495, 'Muggaulla', 179);
INSERT INTO village (id, name, panchayat_id) VALUES (5496, 'Mulakallanka', 179);
INSERT INTO village (id, name, panchayat_id) VALUES (5497, 'Munikudali', 179);
INSERT INTO village (id, name, panchayat_id) VALUES (5498, 'Nagampalle', 179);
INSERT INTO village (id, name, panchayat_id) VALUES (5499, 'Nallagonda', 179);
INSERT INTO village (id, name, panchayat_id) VALUES (5500, 'Purushothapatnam', 179);
INSERT INTO village (id, name, panchayat_id) VALUES (5501, 'Raghudevapuram', 179);
INSERT INTO village (id, name, panchayat_id) VALUES (5502, 'Seethanagaram', 179);
INSERT INTO village (id, name, panchayat_id) VALUES (5503, 'Singavaram', 179);
INSERT INTO village (id, name, panchayat_id) VALUES (5504, 'Vangalapudi', 179);
INSERT INTO mandal (id, name, constituency_id) VALUES (180, 'Tallapudi', 8);
INSERT INTO panchayat (id, name, mandal_id) VALUES (180, 'Default Panchayat Tallapudi', 180);
INSERT INTO village (id, name, panchayat_id) VALUES (5505, 'Annadevarapeta', 180);
INSERT INTO village (id, name, panchayat_id) VALUES (5506, 'Ballipadu', 180);
INSERT INTO village (id, name, panchayat_id) VALUES (5507, 'Bayyavaram', 180);
INSERT INTO village (id, name, panchayat_id) VALUES (5508, 'Gajjaram', 180);
INSERT INTO village (id, name, panchayat_id) VALUES (5509, 'Kukunuru', 180);
INSERT INTO village (id, name, panchayat_id) VALUES (5510, 'Malakapalle', 180);
INSERT INTO village (id, name, panchayat_id) VALUES (5511, 'Nallamillipadu', 180);
INSERT INTO village (id, name, panchayat_id) VALUES (5512, 'Paidimetta', 180);
INSERT INTO village (id, name, panchayat_id) VALUES (5513, 'Peddevam', 180);
INSERT INTO village (id, name, panchayat_id) VALUES (5514, 'Pochavaram', 180);
INSERT INTO village (id, name, panchayat_id) VALUES (5515, 'Prakkilanka', 180);
INSERT INTO village (id, name, panchayat_id) VALUES (5516, 'Ragolapalle', 180);
INSERT INTO village (id, name, panchayat_id) VALUES (5517, 'Ravurupadu', 180);
INSERT INTO village (id, name, panchayat_id) VALUES (5518, 'Thadipudi', 180);
INSERT INTO village (id, name, panchayat_id) VALUES (5519, 'Thallapudi', 180);
INSERT INTO village (id, name, panchayat_id) VALUES (5520, 'Thupakulagudem', 180);
INSERT INTO village (id, name, panchayat_id) VALUES (5521, 'Tirugudumetta', 180);
INSERT INTO village (id, name, panchayat_id) VALUES (5522, 'Veerabhadrapuram', 180);
INSERT INTO village (id, name, panchayat_id) VALUES (5523, 'Vegeswarapuram', 180);
INSERT INTO mandal (id, name, constituency_id) VALUES (181, 'Undrajavaram', 8);
INSERT INTO panchayat (id, name, mandal_id) VALUES (181, 'Default Panchayat Undrajavaram', 181);
INSERT INTO village (id, name, panchayat_id) VALUES (5524, 'Chilakapadu', 181);
INSERT INTO village (id, name, panchayat_id) VALUES (5525, 'Chivatam', 181);
INSERT INTO village (id, name, panchayat_id) VALUES (5526, 'Dammennu', 181);
INSERT INTO village (id, name, panchayat_id) VALUES (5527, 'Kaldhari', 181);
INSERT INTO village (id, name, panchayat_id) VALUES (5528, 'Karravarisavaram', 181);
INSERT INTO village (id, name, panchayat_id) VALUES (5529, 'Mortha', 181);
INSERT INTO village (id, name, panchayat_id) VALUES (5530, 'Palangi', 181);
INSERT INTO village (id, name, panchayat_id) VALUES (5531, 'Pasalapudi', 181);
INSERT INTO village (id, name, panchayat_id) VALUES (5532, 'Satyawada', 181);
INSERT INTO village (id, name, panchayat_id) VALUES (5533, 'Suryaraopalem', 181);
INSERT INTO village (id, name, panchayat_id) VALUES (5534, 'Tadiparru', 181);
INSERT INTO village (id, name, panchayat_id) VALUES (5535, 'Undrajavaram', 181);
INSERT INTO village (id, name, panchayat_id) VALUES (5536, 'Vadluru', 181);
INSERT INTO village (id, name, panchayat_id) VALUES (5537, 'Velagadurru', 181);
INSERT INTO village (id, name, panchayat_id) VALUES (5538, 'Velivennu', 181);
INSERT INTO district (id, name, state_id) VALUES (9, 'Eluru', 1);
INSERT INTO constituency (id, name, district_id, mla_name, mp_name) VALUES (9, 'Default Constituency Eluru', 9, 'Pending MLA', 'Pending MP');
INSERT INTO mandal (id, name, constituency_id) VALUES (182, 'Agiripalli', 9);
INSERT INTO panchayat (id, name, mandal_id) VALUES (182, 'Default Panchayat Agiripalli', 182);
INSERT INTO village (id, name, panchayat_id) VALUES (5539, 'Adivinekkalam', 182);
INSERT INTO village (id, name, panchayat_id) VALUES (5540, 'Agiripalle', 182);
INSERT INTO village (id, name, panchayat_id) VALUES (5541, 'Ananthasagaram', 182);
INSERT INTO village (id, name, panchayat_id) VALUES (5542, 'Boddanapalle', 182);
INSERT INTO village (id, name, panchayat_id) VALUES (5543, 'Chopparametla', 182);
INSERT INTO village (id, name, panchayat_id) VALUES (5544, 'Edara', 182);
INSERT INTO village (id, name, panchayat_id) VALUES (5545, 'Edulagudem', 182);
INSERT INTO village (id, name, panchayat_id) VALUES (5546, 'Garikapativari Khandrika', 182);
INSERT INTO village (id, name, panchayat_id) VALUES (5547, 'Kalaturu', 182);
INSERT INTO village (id, name, panchayat_id) VALUES (5548, 'Kanasanapalle', 182);
INSERT INTO village (id, name, panchayat_id) VALUES (5549, 'Krishnavaram', 182);
INSERT INTO village (id, name, panchayat_id) VALUES (5550, 'Malleswaram', 182);
INSERT INTO village (id, name, panchayat_id) VALUES (5551, 'Malliboinapalle', 182);
INSERT INTO village (id, name, panchayat_id) VALUES (5552, 'Narasingapalem', 182);
INSERT INTO village (id, name, panchayat_id) VALUES (5553, 'Nugondapalle', 182);
INSERT INTO village (id, name, panchayat_id) VALUES (5554, 'Pinnamareddipalle', 182);
INSERT INTO village (id, name, panchayat_id) VALUES (5555, 'Pothavarappadu', 182);
INSERT INTO village (id, name, panchayat_id) VALUES (5556, 'Sagguru', 182);
INSERT INTO village (id, name, panchayat_id) VALUES (5557, 'Suravaram', 182);
INSERT INTO village (id, name, panchayat_id) VALUES (5558, 'Tadepalle', 182);
INSERT INTO village (id, name, panchayat_id) VALUES (5559, 'Thotapalle', 182);
INSERT INTO village (id, name, panchayat_id) VALUES (5560, 'Vadlamanu', 182);
INSERT INTO village (id, name, panchayat_id) VALUES (5561, 'Vattigudipadu', 182);
INSERT INTO mandal (id, name, constituency_id) VALUES (183, 'Bheemadole', 9);
INSERT INTO panchayat (id, name, mandal_id) VALUES (183, 'Default Panchayat Bheemadole', 183);
INSERT INTO village (id, name, panchayat_id) VALUES (5562, 'Agadallanka', 183);
INSERT INTO village (id, name, panchayat_id) VALUES (5563, 'Amberpeta', 183);
INSERT INTO village (id, name, panchayat_id) VALUES (5564, 'Bhimadole', 183);
INSERT INTO village (id, name, panchayat_id) VALUES (5565, 'Chettunnapadu', 183);
INSERT INTO village (id, name, panchayat_id) VALUES (5566, 'Duddepudi', 183);
INSERT INTO village (id, name, panchayat_id) VALUES (5567, 'Gundugolanu', 183);
INSERT INTO village (id, name, panchayat_id) VALUES (5568, 'Kodurupadu', 183);
INSERT INTO village (id, name, panchayat_id) VALUES (5569, 'Mallavaram', 183);
INSERT INTO village (id, name, panchayat_id) VALUES (5570, 'Polasanipalle', 183);
INSERT INTO village (id, name, panchayat_id) VALUES (5571, 'Pulla', 183);
INSERT INTO village (id, name, panchayat_id) VALUES (5572, 'Surappagudem', 183);
INSERT INTO mandal (id, name, constituency_id) VALUES (184, 'Buttayagudem', 9);
INSERT INTO panchayat (id, name, mandal_id) VALUES (184, 'Default Panchayat Buttayagudem', 184);
INSERT INTO village (id, name, panchayat_id) VALUES (5573, 'Aliveru', 184);
INSERT INTO village (id, name, panchayat_id) VALUES (5574, 'Ammapalem', 184);
INSERT INTO village (id, name, panchayat_id) VALUES (5575, 'Antarvedigudem', 184);
INSERT INTO village (id, name, panchayat_id) VALUES (5576, 'Atchiahpalem', 184);
INSERT INTO village (id, name, panchayat_id) VALUES (5577, 'Bandarlagudem', 184);
INSERT INTO village (id, name, panchayat_id) VALUES (5578, 'Bothappagudem', 184);
INSERT INTO village (id, name, panchayat_id) VALUES (5579, 'Busarajupalle', 184);
INSERT INTO village (id, name, panchayat_id) VALUES (5580, 'Buttayagudem', 184);
INSERT INTO village (id, name, panchayat_id) VALUES (5581, 'Chamanapalle', 184);
INSERT INTO village (id, name, panchayat_id) VALUES (5582, 'Cheemalavarigudem', 184);
INSERT INTO village (id, name, panchayat_id) VALUES (5583, 'Chintalagudem', 184);
INSERT INTO village (id, name, panchayat_id) VALUES (5584, 'Dandipudi', 184);
INSERT INTO village (id, name, panchayat_id) VALUES (5585, 'Doramamidi', 184);
INSERT INTO village (id, name, panchayat_id) VALUES (5586, 'Ganapavaram', 184);
INSERT INTO village (id, name, panchayat_id) VALUES (5587, 'Gogumilli', 184);
INSERT INTO village (id, name, panchayat_id) VALUES (5588, 'Gummuluru', 184);
INSERT INTO village (id, name, panchayat_id) VALUES (5589, 'Gunjavaram', 184);
INSERT INTO village (id, name, panchayat_id) VALUES (5590, 'Itikalakunta', 184);
INSERT INTO village (id, name, panchayat_id) VALUES (5591, 'Jaggisetti Gudem', 184);
INSERT INTO village (id, name, panchayat_id) VALUES (5592, 'Jainavarigudem', 184);
INSERT INTO village (id, name, panchayat_id) VALUES (5593, 'Kamayyakunta', 184);
INSERT INTO village (id, name, panchayat_id) VALUES (5594, 'Kannarappadu', 184);
INSERT INTO village (id, name, panchayat_id) VALUES (5595, 'Khandrikagudem', 184);
INSERT INTO village (id, name, panchayat_id) VALUES (5596, 'Kopalle', 184);
INSERT INTO village (id, name, panchayat_id) VALUES (5597, 'Korsavarigudem', 184);
INSERT INTO village (id, name, panchayat_id) VALUES (5598, 'Kotaramachandrapuram', 184);
INSERT INTO village (id, name, panchayat_id) VALUES (5599, 'Kotrupalle', 184);
INSERT INTO village (id, name, panchayat_id) VALUES (5600, 'Kovvada', 184);
INSERT INTO village (id, name, panchayat_id) VALUES (5601, 'Koyarajahmundry', 184);
INSERT INTO village (id, name, panchayat_id) VALUES (5602, 'Kurasakannappagudem', 184);
INSERT INTO village (id, name, panchayat_id) VALUES (5603, 'Lakshmipuram', 184);
INSERT INTO village (id, name, panchayat_id) VALUES (5604, 'Lakshmudugudem', 184);
INSERT INTO village (id, name, panchayat_id) VALUES (5605, 'Lanka Palle', 184);
INSERT INTO village (id, name, panchayat_id) VALUES (5606, 'Mangaiah Palem', 184);
INSERT INTO village (id, name, panchayat_id) VALUES (5607, 'Marlagudem', 184);
INSERT INTO village (id, name, panchayat_id) VALUES (5608, 'Merakagudem', 184);
INSERT INTO village (id, name, panchayat_id) VALUES (5609, 'Muddappagudem', 184);
INSERT INTO village (id, name, panchayat_id) VALUES (5610, 'Munjuluru', 184);
INSERT INTO village (id, name, panchayat_id) VALUES (5611, 'Nagampalem', 184);
INSERT INTO village (id, name, panchayat_id) VALUES (5612, 'Nimmalagudem', 184);
INSERT INTO village (id, name, panchayat_id) VALUES (5613, 'Nutiramannapalem', 184);
INSERT INTO village (id, name, panchayat_id) VALUES (5614, 'Palakunta', 184);
INSERT INTO village (id, name, panchayat_id) VALUES (5615, 'Pandugudem', 184);
INSERT INTO village (id, name, panchayat_id) VALUES (5616, 'Puliramudugudem', 184);
INSERT INTO village (id, name, panchayat_id) VALUES (5617, 'Ragappagudem', 184);
INSERT INTO village (id, name, panchayat_id) VALUES (5618, 'Rajanagaram', 184);
INSERT INTO village (id, name, panchayat_id) VALUES (5619, 'Ramannagudem', 184);
INSERT INTO village (id, name, panchayat_id) VALUES (5620, 'Ravvarigudem', 184);
INSERT INTO village (id, name, panchayat_id) VALUES (5621, 'Seetarama Nagaram', 184);
INSERT INTO village (id, name, panchayat_id) VALUES (5622, 'Upparilli', 184);
INSERT INTO village (id, name, panchayat_id) VALUES (5623, 'Urrinka', 184);
INSERT INTO village (id, name, panchayat_id) VALUES (5624, 'Veeranna Palem', 184);
INSERT INTO village (id, name, panchayat_id) VALUES (5625, 'Yerrayagudem', 184);
INSERT INTO mandal (id, name, constituency_id) VALUES (185, 'Chatrai', 9);
INSERT INTO panchayat (id, name, mandal_id) VALUES (185, 'Default Panchayat Chatrai', 185);
INSERT INTO village (id, name, panchayat_id) VALUES (5626, 'Arugolanupeta', 185);
INSERT INTO village (id, name, panchayat_id) VALUES (5627, 'Burugugudem', 185);
INSERT INTO village (id, name, panchayat_id) VALUES (5628, 'Chanubanda', 185);
INSERT INTO village (id, name, panchayat_id) VALUES (5629, 'Chatrai', 185);
INSERT INTO village (id, name, panchayat_id) VALUES (5630, 'Chinnampet', 185);
INSERT INTO village (id, name, panchayat_id) VALUES (5631, 'Chittapur', 185);
INSERT INTO village (id, name, panchayat_id) VALUES (5632, 'Janardhanavaram', 185);
INSERT INTO village (id, name, panchayat_id) VALUES (5633, 'Kotapadu', 185);
INSERT INTO village (id, name, panchayat_id) VALUES (5634, 'Kothagudem', 185);
INSERT INTO village (id, name, panchayat_id) VALUES (5635, 'Krishnaraopalem', 185);
INSERT INTO village (id, name, panchayat_id) VALUES (5636, 'Mankollu', 185);
INSERT INTO village (id, name, panchayat_id) VALUES (5637, 'Parvatapuram', 185);
INSERT INTO village (id, name, panchayat_id) VALUES (5638, 'Polavaram', 185);
INSERT INTO village (id, name, panchayat_id) VALUES (5639, 'Pothanapalle', 185);
INSERT INTO village (id, name, panchayat_id) VALUES (5640, 'Somavaram', 185);
INSERT INTO village (id, name, panchayat_id) VALUES (5641, 'Tummagudem', 185);
INSERT INTO mandal (id, name, constituency_id) VALUES (186, 'Chintalapudi', 9);
INSERT INTO panchayat (id, name, mandal_id) VALUES (186, 'Default Panchayat Chintalapudi', 186);
INSERT INTO village (id, name, panchayat_id) VALUES (5642, 'Allipalle', 186);
INSERT INTO village (id, name, panchayat_id) VALUES (5643, 'Amudalachalaka', 186);
INSERT INTO village (id, name, panchayat_id) VALUES (5644, 'Chintalapudi', 186);
INSERT INTO village (id, name, panchayat_id) VALUES (5645, 'Chintampalle', 186);
INSERT INTO village (id, name, panchayat_id) VALUES (5646, 'Endapalle', 186);
INSERT INTO village (id, name, panchayat_id) VALUES (5647, 'Erraguntapalle', 186);
INSERT INTO village (id, name, panchayat_id) VALUES (5648, 'Errampalle', 186);
INSERT INTO village (id, name, panchayat_id) VALUES (5649, 'Ganijerla', 186);
INSERT INTO village (id, name, panchayat_id) VALUES (5650, 'Gonnepalle', 186);
INSERT INTO village (id, name, panchayat_id) VALUES (5651, 'Gopalapuram', 186);
INSERT INTO village (id, name, panchayat_id) VALUES (5652, 'Gudipadukhandrika', 186);
INSERT INTO village (id, name, panchayat_id) VALUES (5653, 'Gurubhatlagudem', 186);
INSERT INTO village (id, name, panchayat_id) VALUES (5654, 'Kantampalem', 186);
INSERT INTO village (id, name, panchayat_id) VALUES (5655, 'Kanupade', 186);
INSERT INTO village (id, name, panchayat_id) VALUES (5656, 'Lakshminarasimhapuram', 186);
INSERT INTO village (id, name, panchayat_id) VALUES (5657, 'Lingagudem', 186);
INSERT INTO village (id, name, panchayat_id) VALUES (5658, 'Maddimethinagudem', 186);
INSERT INTO village (id, name, panchayat_id) VALUES (5659, 'Mallayagudem', 186);
INSERT INTO village (id, name, panchayat_id) VALUES (5660, 'Namavaram', 186);
INSERT INTO village (id, name, panchayat_id) VALUES (5661, 'Pattayagudem', 186);
INSERT INTO village (id, name, panchayat_id) VALUES (5662, 'Ponukumadu', 186);
INSERT INTO village (id, name, panchayat_id) VALUES (5663, 'Pothunuru', 186);
INSERT INTO village (id, name, panchayat_id) VALUES (5664, 'Pragadavaram', 186);
INSERT INTO village (id, name, panchayat_id) VALUES (5665, 'Raghavapuram', 186);
INSERT INTO village (id, name, panchayat_id) VALUES (5666, 'Rangapuram Khandrika', 186);
INSERT INTO village (id, name, panchayat_id) VALUES (5667, 'Recharla', 186);
INSERT INTO village (id, name, panchayat_id) VALUES (5668, 'Sankuchakrapuram', 186);
INSERT INTO village (id, name, panchayat_id) VALUES (5669, 'Seethanagaram', 186);
INSERT INTO village (id, name, panchayat_id) VALUES (5670, 'Settivarigudem', 186);
INSERT INTO village (id, name, panchayat_id) VALUES (5671, 'Talarlapalle', 186);
INSERT INTO village (id, name, panchayat_id) VALUES (5672, 'Teegalavancha', 186);
INSERT INTO village (id, name, panchayat_id) VALUES (5673, 'Thimmareddipalle', 186);
INSERT INTO village (id, name, panchayat_id) VALUES (5674, 'Urlagudem', 186);
INSERT INTO village (id, name, panchayat_id) VALUES (5675, 'Utasamudram', 186);
INSERT INTO village (id, name, panchayat_id) VALUES (5676, 'Venkammapalem', 186);
INSERT INTO village (id, name, panchayat_id) VALUES (5677, 'Venkatadrigudem', 186);
INSERT INTO village (id, name, panchayat_id) VALUES (5678, 'Venkatapuram', 186);
INSERT INTO village (id, name, panchayat_id) VALUES (5679, 'Venkatarayapuram', 186);
INSERT INTO mandal (id, name, constituency_id) VALUES (187, 'Denduluru', 9);
INSERT INTO panchayat (id, name, mandal_id) VALUES (187, 'Default Panchayat Denduluru', 187);
INSERT INTO village (id, name, panchayat_id) VALUES (5680, 'Akkireddigudem', 187);
INSERT INTO village (id, name, panchayat_id) VALUES (5681, 'Challachintalapudi', 187);
INSERT INTO village (id, name, panchayat_id) VALUES (5682, 'Challapalle', 187);
INSERT INTO village (id, name, panchayat_id) VALUES (5683, 'Denduluru', 187);
INSERT INTO village (id, name, panchayat_id) VALUES (5684, 'Dosapadu', 187);
INSERT INTO village (id, name, panchayat_id) VALUES (5685, 'Galayagudem', 187);
INSERT INTO village (id, name, panchayat_id) VALUES (5686, 'Gopannapalem', 187);
INSERT INTO village (id, name, panchayat_id) VALUES (5687, 'Gudigunta', 187);
INSERT INTO village (id, name, panchayat_id) VALUES (5688, 'Komirepalle', 187);
INSERT INTO village (id, name, panchayat_id) VALUES (5689, 'Kothagudem', 187);
INSERT INTO village (id, name, panchayat_id) VALUES (5690, 'Kothapalle', 187);
INSERT INTO village (id, name, panchayat_id) VALUES (5691, 'Kovvali', 187);
INSERT INTO village (id, name, panchayat_id) VALUES (5692, 'Malakacherla', 187);
INSERT INTO village (id, name, panchayat_id) VALUES (5693, 'Medinaraopalem', 187);
INSERT INTO village (id, name, panchayat_id) VALUES (5694, 'Muppavaram', 187);
INSERT INTO village (id, name, panchayat_id) VALUES (5695, 'Naguladevunipadu', 187);
INSERT INTO village (id, name, panchayat_id) VALUES (5696, 'Narasimhapuram', 187);
INSERT INTO village (id, name, panchayat_id) VALUES (5697, 'Pothunuru', 187);
INSERT INTO village (id, name, panchayat_id) VALUES (5698, 'Ramaraogudem', 187);
INSERT INTO village (id, name, panchayat_id) VALUES (5699, 'Saanigudem', 187);
INSERT INTO village (id, name, panchayat_id) VALUES (5700, 'Singavaram', 187);
INSERT INTO village (id, name, panchayat_id) VALUES (5701, 'Somavarappadu', 187);
INSERT INTO village (id, name, panchayat_id) VALUES (5702, 'Sriramavaram', 187);
INSERT INTO village (id, name, panchayat_id) VALUES (5703, 'Thimmannagudem', 187);
INSERT INTO village (id, name, panchayat_id) VALUES (5704, 'Uppugudem', 187);
INSERT INTO village (id, name, panchayat_id) VALUES (5705, 'Vegavaram', 187);
INSERT INTO mandal (id, name, constituency_id) VALUES (188, 'Dwarakatirumala', 9);
INSERT INTO panchayat (id, name, mandal_id) VALUES (188, 'Default Panchayat Dwarakatirumala', 188);
INSERT INTO village (id, name, panchayat_id) VALUES (5706, 'Chelikanivanipothepalle', 188);
INSERT INTO village (id, name, panchayat_id) VALUES (5707, 'Dadavalli', 188);
INSERT INTO village (id, name, panchayat_id) VALUES (5708, 'Dorasanipadu', 188);
INSERT INTO village (id, name, panchayat_id) VALUES (5709, 'Dwarakatirumala (Ct)', 188);
INSERT INTO village (id, name, panchayat_id) VALUES (5710, 'G.Kothapalle', 188);
INSERT INTO village (id, name, panchayat_id) VALUES (5711, 'Gollavadi Kunta Khandrika', 188);
INSERT INTO village (id, name, panchayat_id) VALUES (5712, 'Gopikunta Khandrika', 188);
INSERT INTO village (id, name, panchayat_id) VALUES (5713, 'Gundugolanukunta', 188);
INSERT INTO village (id, name, panchayat_id) VALUES (5714, 'Gunnampalle', 188);
INSERT INTO village (id, name, panchayat_id) VALUES (5715, 'Havelilingapalem', 188);
INSERT INTO village (id, name, panchayat_id) VALUES (5716, 'I.S.Jagannadhapuram', 188);
INSERT INTO village (id, name, panchayat_id) VALUES (5717, 'I.S.Raghavapuram', 188);
INSERT INTO village (id, name, panchayat_id) VALUES (5718, 'Jajulakunta', 188);
INSERT INTO village (id, name, panchayat_id) VALUES (5719, 'Kodigudem', 188);
INSERT INTO village (id, name, panchayat_id) VALUES (5720, 'Kommara(North)', 188);
INSERT INTO village (id, name, panchayat_id) VALUES (5721, 'Kommara(South)', 188);
INSERT INTO village (id, name, panchayat_id) VALUES (5722, 'Kommugudem', 188);
INSERT INTO village (id, name, panchayat_id) VALUES (5723, 'Krishnapuram', 188);
INSERT INTO village (id, name, panchayat_id) VALUES (5724, 'Lingaraopalem', 188);
INSERT INTO village (id, name, panchayat_id) VALUES (5725, 'Malasanikunta', 188);
INSERT INTO village (id, name, panchayat_id) VALUES (5726, 'Malleswaram', 188);
INSERT INTO village (id, name, panchayat_id) VALUES (5727, 'M.Nagulapalle', 188);
INSERT INTO village (id, name, panchayat_id) VALUES (5728, 'Narayanapuram', 188);
INSERT INTO village (id, name, panchayat_id) VALUES (5729, 'Pangidigudem', 188);
INSERT INTO village (id, name, panchayat_id) VALUES (5730, 'P.Kannapuram', 188);
INSERT INTO village (id, name, panchayat_id) VALUES (5731, 'Rallakunta', 188);
INSERT INTO village (id, name, panchayat_id) VALUES (5732, 'Ramannagudem', 188);
INSERT INTO village (id, name, panchayat_id) VALUES (5733, 'Sarabhapuram', 188);
INSERT INTO village (id, name, panchayat_id) VALUES (5734, 'Sathenagudem', 188);
INSERT INTO village (id, name, panchayat_id) VALUES (5735, 'Sattala', 188);
INSERT INTO village (id, name, panchayat_id) VALUES (5736, 'Thimmapuram', 188);
INSERT INTO village (id, name, panchayat_id) VALUES (5737, 'Tirumalampalem', 188);
INSERT INTO village (id, name, panchayat_id) VALUES (5738, 'Vempadu', 188);
INSERT INTO village (id, name, panchayat_id) VALUES (5739, 'Venkatakrishnapuram', 188);
INSERT INTO mandal (id, name, constituency_id) VALUES (189, 'Eluru Rural', 9);
INSERT INTO panchayat (id, name, mandal_id) VALUES (189, 'Default Panchayat Eluru Rural', 189);
INSERT INTO village (id, name, panchayat_id) VALUES (5740, 'Chataparru', 189);
INSERT INTO village (id, name, panchayat_id) VALUES (5741, 'Eluru (R) (Part)', 189);
INSERT INTO village (id, name, panchayat_id) VALUES (5742, 'Gudivakalanka', 189);
INSERT INTO village (id, name, panchayat_id) VALUES (5743, 'Jalipudi', 189);
INSERT INTO village (id, name, panchayat_id) VALUES (5744, 'Kalakurru', 189);
INSERT INTO village (id, name, panchayat_id) VALUES (5745, 'Katlampudi', 189);
INSERT INTO village (id, name, panchayat_id) VALUES (5746, 'Kokkirailanka', 189);
INSERT INTO village (id, name, panchayat_id) VALUES (5747, 'Komatilanka', 189);
INSERT INTO village (id, name, panchayat_id) VALUES (5748, 'Madepalle', 189);
INSERT INTO village (id, name, panchayat_id) VALUES (5749, 'Malkapuram', 189);
INSERT INTO village (id, name, panchayat_id) VALUES (5750, 'Manuru', 189);
INSERT INTO village (id, name, panchayat_id) VALUES (5751, 'Pedayaganamilli', 189);
INSERT INTO village (id, name, panchayat_id) VALUES (5752, 'Prathikollanka', 189);
INSERT INTO village (id, name, panchayat_id) VALUES (5753, 'Pydichintapadu', 189);
INSERT INTO village (id, name, panchayat_id) VALUES (5754, 'Sreeparru', 189);
INSERT INTO mandal (id, name, constituency_id) VALUES (190, 'Eluru Urban', 9);
INSERT INTO panchayat (id, name, mandal_id) VALUES (190, 'Default Panchayat Eluru Urban', 190);
INSERT INTO village (id, name, panchayat_id) VALUES (5755, 'Chodimella', 190);
INSERT INTO village (id, name, panchayat_id) VALUES (5756, 'Gavaravaram (Ct)', 190);
INSERT INTO village (id, name, panchayat_id) VALUES (5757, 'Komadavolu (Og) (Part)', 190);
INSERT INTO village (id, name, panchayat_id) VALUES (5758, 'Ponangi', 190);
INSERT INTO village (id, name, panchayat_id) VALUES (5759, 'Sanivarapupeta (Ct)', 190);
INSERT INTO village (id, name, panchayat_id) VALUES (5760, 'Satrampadu (Ct)', 190);
INSERT INTO village (id, name, panchayat_id) VALUES (5761, 'Tangellamudi (Ct)', 190);
INSERT INTO mandal (id, name, constituency_id) VALUES (191, 'Jangareddigudem', 9);
INSERT INTO panchayat (id, name, mandal_id) VALUES (191, 'Default Panchayat Jangareddigudem', 191);
INSERT INTO village (id, name, panchayat_id) VALUES (5762, 'Akkampeta', 191);
INSERT INTO village (id, name, panchayat_id) VALUES (5763, 'Ammapalem', 191);
INSERT INTO village (id, name, panchayat_id) VALUES (5764, 'Ayyavaripolavaram', 191);
INSERT INTO village (id, name, panchayat_id) VALUES (5765, 'Chakradevarapalle', 191);
INSERT INTO village (id, name, panchayat_id) VALUES (5766, 'Devulapalle', 191);
INSERT INTO village (id, name, panchayat_id) VALUES (5767, 'Guravaigudem', 191);
INSERT INTO village (id, name, panchayat_id) VALUES (5768, 'Jangareddigudem', 191);
INSERT INTO village (id, name, panchayat_id) VALUES (5769, 'Kethavaram', 191);
INSERT INTO village (id, name, panchayat_id) VALUES (5770, 'Lakkavaram', 191);
INSERT INTO village (id, name, panchayat_id) VALUES (5771, 'Mathanagudem', 191);
INSERT INTO village (id, name, panchayat_id) VALUES (5772, 'Mysanagudem', 191);
INSERT INTO village (id, name, panchayat_id) VALUES (5773, 'Nimmalagudem', 191);
INSERT INTO village (id, name, panchayat_id) VALUES (5774, 'Pangidigudem', 191);
INSERT INTO village (id, name, panchayat_id) VALUES (5775, 'Pattenapalem', 191);
INSERT INTO village (id, name, panchayat_id) VALUES (5776, 'Peddipalle', 191);
INSERT INTO village (id, name, panchayat_id) VALUES (5777, 'Pullepudi', 191);
INSERT INTO village (id, name, panchayat_id) VALUES (5778, 'Ramacharlagudem', 191);
INSERT INTO village (id, name, panchayat_id) VALUES (5779, 'Sreenivasapuram', 191);
INSERT INTO village (id, name, panchayat_id) VALUES (5780, 'Taduvai', 191);
INSERT INTO village (id, name, panchayat_id) VALUES (5781, 'Tirumalapuram', 191);
INSERT INTO village (id, name, panchayat_id) VALUES (5782, 'Vegavaram', 191);
INSERT INTO mandal (id, name, constituency_id) VALUES (192, 'Jeelugu Milli', 9);
INSERT INTO panchayat (id, name, mandal_id) VALUES (192, 'Default Panchayat Jeelugu Milli', 192);
INSERT INTO village (id, name, panchayat_id) VALUES (5783, 'Ankampalem', 192);
INSERT INTO village (id, name, panchayat_id) VALUES (5784, 'Ankanna Gudem', 192);
INSERT INTO village (id, name, panchayat_id) VALUES (5785, 'Barrinkalapadu', 192);
INSERT INTO village (id, name, panchayat_id) VALUES (5786, 'Bothappa Gudem', 192);
INSERT INTO village (id, name, panchayat_id) VALUES (5787, 'Danamvarigudem', 192);
INSERT INTO village (id, name, panchayat_id) VALUES (5788, 'Darbhagudem', 192);
INSERT INTO village (id, name, panchayat_id) VALUES (5789, 'Datlavarigudem', 192);
INSERT INTO village (id, name, panchayat_id) VALUES (5790, 'Gangannagudem', 192);
INSERT INTO village (id, name, panchayat_id) VALUES (5791, 'Gopalapuram', 192);
INSERT INTO village (id, name, panchayat_id) VALUES (5792, 'Jagannadhapuram', 192);
INSERT INTO village (id, name, panchayat_id) VALUES (5793, 'Jeelugu Milli', 192);
INSERT INTO village (id, name, panchayat_id) VALUES (5794, 'Jillellagudem', 192);
INSERT INTO village (id, name, panchayat_id) VALUES (5795, 'Kamayya Palem', 192);
INSERT INTO village (id, name, panchayat_id) VALUES (5796, 'Khandrikapadu', 192);
INSERT INTO village (id, name, panchayat_id) VALUES (5797, 'Lankalapalle', 192);
INSERT INTO village (id, name, panchayat_id) VALUES (5798, 'Madakamvarigudem', 192);
INSERT INTO village (id, name, panchayat_id) VALUES (5799, 'Mulagalampalle', 192);
INSERT INTO village (id, name, panchayat_id) VALUES (5800, 'Nersu Gudem', 192);
INSERT INTO village (id, name, panchayat_id) VALUES (5801, 'Palacherla Rajavaram', 192);
INSERT INTO village (id, name, panchayat_id) VALUES (5802, 'Parimpudi Narayanapuram', 192);
INSERT INTO village (id, name, panchayat_id) VALUES (5803, 'Puchikapadu', 192);
INSERT INTO village (id, name, panchayat_id) VALUES (5804, 'Rachannagudem', 192);
INSERT INTO village (id, name, panchayat_id) VALUES (5805, 'Ramannapalem', 192);
INSERT INTO village (id, name, panchayat_id) VALUES (5806, 'Rowthugudem', 192);
INSERT INTO village (id, name, panchayat_id) VALUES (5807, 'Swarnavarigudem', 192);
INSERT INTO village (id, name, panchayat_id) VALUES (5808, 'Tatiyakulagudem', 192);
INSERT INTO village (id, name, panchayat_id) VALUES (5809, 'Thatiramudu Gudem', 192);
INSERT INTO village (id, name, panchayat_id) VALUES (5810, 'Vankavarigudem', 192);
INSERT INTO village (id, name, panchayat_id) VALUES (5811, 'Veerampalem', 192);
INSERT INTO mandal (id, name, constituency_id) VALUES (193, 'Kaikaluru', 9);
INSERT INTO panchayat (id, name, mandal_id) VALUES (193, 'Default Panchayat Kaikaluru', 193);
INSERT INTO village (id, name, panchayat_id) VALUES (5812, 'Achavaram', 193);
INSERT INTO village (id, name, panchayat_id) VALUES (5813, 'Alapadu', 193);
INSERT INTO village (id, name, panchayat_id) VALUES (5814, 'Atapaka', 193);
INSERT INTO village (id, name, panchayat_id) VALUES (5815, 'Bhujabalapatnam', 193);
INSERT INTO village (id, name, panchayat_id) VALUES (5816, 'Doddipatla', 193);
INSERT INTO village (id, name, panchayat_id) VALUES (5817, 'Gonepadu', 193);
INSERT INTO village (id, name, panchayat_id) VALUES (5818, 'Gopavaram', 193);
INSERT INTO village (id, name, panchayat_id) VALUES (5819, 'Kaikalur', 193);
INSERT INTO village (id, name, panchayat_id) VALUES (5820, 'Kolletikota', 193);
INSERT INTO village (id, name, panchayat_id) VALUES (5821, 'Kottada', 193);
INSERT INTO village (id, name, panchayat_id) VALUES (5822, 'Pallevada', 193);
INSERT INTO village (id, name, panchayat_id) VALUES (5823, 'Penchikalamarru', 193);
INSERT INTO village (id, name, panchayat_id) VALUES (5824, 'Rachapatnam', 193);
INSERT INTO village (id, name, panchayat_id) VALUES (5825, 'Ramavaram', 193);
INSERT INTO village (id, name, panchayat_id) VALUES (5826, 'Seetanapalle', 193);
INSERT INTO village (id, name, panchayat_id) VALUES (5827, 'Singapuram', 193);
INSERT INTO village (id, name, panchayat_id) VALUES (5828, 'Someswaram', 193);
INSERT INTO village (id, name, panchayat_id) VALUES (5829, 'Syamalambapuram', 193);
INSERT INTO village (id, name, panchayat_id) VALUES (5830, 'Tamarakollu', 193);
INSERT INTO village (id, name, panchayat_id) VALUES (5831, 'Vadarlapadu', 193);
INSERT INTO village (id, name, panchayat_id) VALUES (5832, 'Varahapatnam', 193);
INSERT INTO village (id, name, panchayat_id) VALUES (5833, 'Vemavarappadu', 193);
INSERT INTO village (id, name, panchayat_id) VALUES (5834, 'Vinjaram', 193);
INSERT INTO mandal (id, name, constituency_id) VALUES (194, 'Kalidindi', 9);
INSERT INTO panchayat (id, name, mandal_id) VALUES (194, 'Default Panchayat Kalidindi', 194);
INSERT INTO village (id, name, panchayat_id) VALUES (5835, 'Amaravathi', 194);
INSERT INTO village (id, name, panchayat_id) VALUES (5836, 'Avakuru', 194);
INSERT INTO village (id, name, panchayat_id) VALUES (5837, 'Kalidindi', 194);
INSERT INTO village (id, name, panchayat_id) VALUES (5838, 'Kollapalem', 194);
INSERT INTO village (id, name, panchayat_id) VALUES (5839, 'Kondangi', 194);
INSERT INTO village (id, name, panchayat_id) VALUES (5840, 'Konduru', 194);
INSERT INTO village (id, name, panchayat_id) VALUES (5841, 'Korukollu', 194);
INSERT INTO village (id, name, panchayat_id) VALUES (5842, 'Kotcherla', 194);
INSERT INTO village (id, name, panchayat_id) VALUES (5843, 'Mattagunta', 194);
INSERT INTO village (id, name, panchayat_id) VALUES (5844, 'Pedalanka', 194);
INSERT INTO village (id, name, panchayat_id) VALUES (5845, 'Pothumarru', 194);
INSERT INTO village (id, name, panchayat_id) VALUES (5846, 'Sana Rudravaram', 194);
INSERT INTO village (id, name, panchayat_id) VALUES (5847, 'Thadinada', 194);
INSERT INTO village (id, name, panchayat_id) VALUES (5848, 'Venkatapuram', 194);
INSERT INTO mandal (id, name, constituency_id) VALUES (195, 'Kamavarapukota', 9);
INSERT INTO panchayat (id, name, mandal_id) VALUES (195, 'Default Panchayat Kamavarapukota', 195);
INSERT INTO village (id, name, panchayat_id) VALUES (5849, 'Ankalampadu', 195);
INSERT INTO village (id, name, panchayat_id) VALUES (5850, 'Edavalli', 195);
INSERT INTO village (id, name, panchayat_id) VALUES (5851, 'Guntupalle', 195);
INSERT INTO village (id, name, panchayat_id) VALUES (5852, 'Kallacheruvu', 195);
INSERT INTO village (id, name, panchayat_id) VALUES (5853, 'Kamavarapukota', 195);
INSERT INTO village (id, name, panchayat_id) VALUES (5854, 'Khandrika Seetharamavaram', 195);
INSERT INTO village (id, name, panchayat_id) VALUES (5855, 'Kondagudem', 195);
INSERT INTO village (id, name, panchayat_id) VALUES (5856, 'Mankenapalle', 195);
INSERT INTO village (id, name, panchayat_id) VALUES (5857, 'Mysanagudem', 195);
INSERT INTO village (id, name, panchayat_id) VALUES (5858, 'Polasigudem', 195);
INSERT INTO village (id, name, panchayat_id) VALUES (5859, 'Rajunagulapalle', 195);
INSERT INTO village (id, name, panchayat_id) VALUES (5860, 'Ramannapalem', 195);
INSERT INTO village (id, name, panchayat_id) VALUES (5861, 'Ravikampadu', 195);
INSERT INTO village (id, name, panchayat_id) VALUES (5862, 'Sayanaraopalem', 195);
INSERT INTO village (id, name, panchayat_id) VALUES (5863, 'Tadikalapudi', 195);
INSERT INTO village (id, name, panchayat_id) VALUES (5864, 'Uppalapadu', 195);
INSERT INTO village (id, name, panchayat_id) VALUES (5865, 'Vadlapatlanuthanam', 195);
INSERT INTO mandal (id, name, constituency_id) VALUES (196, 'Koyyalagudem', 9);
INSERT INTO panchayat (id, name, mandal_id) VALUES (196, 'Default Panchayat Koyyalagudem', 196);
INSERT INTO village (id, name, panchayat_id) VALUES (5866, 'Bayyanagudem', 196);
INSERT INTO village (id, name, panchayat_id) VALUES (5867, 'Chopparamannagudem', 196);
INSERT INTO village (id, name, panchayat_id) VALUES (5868, 'Dippakayalapadu', 196);
INSERT INTO village (id, name, panchayat_id) VALUES (5869, 'Eduvadalapalem', 196);
INSERT INTO village (id, name, panchayat_id) VALUES (5870, 'Gavaravaram', 196);
INSERT INTO village (id, name, panchayat_id) VALUES (5871, 'Kanakadripuram', 196);
INSERT INTO village (id, name, panchayat_id) VALUES (5872, 'Kannapuram', 196);
INSERT INTO village (id, name, panchayat_id) VALUES (5873, 'Kannayagudem', 196);
INSERT INTO village (id, name, panchayat_id) VALUES (5874, 'Kuntalagudem', 196);
INSERT INTO village (id, name, panchayat_id) VALUES (5875, 'Mahadevapuram', 196);
INSERT INTO village (id, name, panchayat_id) VALUES (5876, 'Mangapathidevipeta', 196);
INSERT INTO village (id, name, panchayat_id) VALUES (5877, 'Parimpudi', 196);
INSERT INTO village (id, name, panchayat_id) VALUES (5878, 'Ponguturu', 196);
INSERT INTO village (id, name, panchayat_id) VALUES (5879, 'Rajavaram', 196);
INSERT INTO village (id, name, panchayat_id) VALUES (5880, 'Ramanujapuram', 196);
INSERT INTO village (id, name, panchayat_id) VALUES (5881, 'Saripalle', 196);
INSERT INTO village (id, name, panchayat_id) VALUES (5882, 'Vedanthapuram', 196);
INSERT INTO village (id, name, panchayat_id) VALUES (5883, 'Yerrampeta', 196);
INSERT INTO mandal (id, name, constituency_id) VALUES (197, 'Kukunoor', 9);
INSERT INTO panchayat (id, name, mandal_id) VALUES (197, 'Default Panchayat Kukunoor', 197);
INSERT INTO village (id, name, panchayat_id) VALUES (5884, 'Amaravaram', 197);
INSERT INTO village (id, name, panchayat_id) VALUES (5885, 'Arvaipalle', 197);
INSERT INTO village (id, name, panchayat_id) VALUES (5886, 'Cheeravalli', 197);
INSERT INTO village (id, name, panchayat_id) VALUES (5887, 'Dacharam', 197);
INSERT INTO village (id, name, panchayat_id) VALUES (5888, 'Damaracharla', 197);
INSERT INTO village (id, name, panchayat_id) VALUES (5889, 'Ganapavaram', 197);
INSERT INTO village (id, name, panchayat_id) VALUES (5890, 'Gommugudem', 197);
INSERT INTO village (id, name, panchayat_id) VALUES (5891, 'Gommuru', 197);
INSERT INTO village (id, name, panchayat_id) VALUES (5892, 'Gumpanapalle', 197);
INSERT INTO village (id, name, panchayat_id) VALUES (5893, 'Ibrahimpeta', 197);
INSERT INTO village (id, name, panchayat_id) VALUES (5894, 'Kivvaka', 197);
INSERT INTO village (id, name, panchayat_id) VALUES (5895, 'Komatlagudem', 197);
INSERT INTO village (id, name, panchayat_id) VALUES (5896, 'Kondapalle', 197);
INSERT INTO village (id, name, panchayat_id) VALUES (5897, 'Kowndinyamukthi', 197);
INSERT INTO village (id, name, panchayat_id) VALUES (5898, 'Kukunoor', 197);
INSERT INTO village (id, name, panchayat_id) VALUES (5899, 'Lachapeta', 197);
INSERT INTO village (id, name, panchayat_id) VALUES (5900, 'Madhavaram', 197);
INSERT INTO village (id, name, panchayat_id) VALUES (5901, 'Maredubaka', 197);
INSERT INTO village (id, name, panchayat_id) VALUES (5902, 'Pocharam', 197);
INSERT INTO village (id, name, panchayat_id) VALUES (5903, 'Polaram', 197);
INSERT INTO village (id, name, panchayat_id) VALUES (5904, 'Ramachandrapuram', 197);
INSERT INTO village (id, name, panchayat_id) VALUES (5905, 'Ravigudem [Big]', 197);
INSERT INTO village (id, name, panchayat_id) VALUES (5906, 'Seetharama Nagar', 197);
INSERT INTO village (id, name, panchayat_id) VALUES (5907, 'Sridhara', 197);
INSERT INTO village (id, name, panchayat_id) VALUES (5908, 'Thondipaka', 197);
INSERT INTO village (id, name, panchayat_id) VALUES (5909, 'Upperu', 197);
INSERT INTO village (id, name, panchayat_id) VALUES (5910, 'Vinjaram', 197);
INSERT INTO mandal (id, name, constituency_id) VALUES (198, 'Lingapalem', 9);
INSERT INTO panchayat (id, name, mandal_id) VALUES (198, 'Default Panchayat Lingapalem', 198);
INSERT INTO village (id, name, panchayat_id) VALUES (5911, 'Annapanenivarigudem', 198);
INSERT INTO village (id, name, panchayat_id) VALUES (5912, 'Asannagudem', 198);
INSERT INTO village (id, name, panchayat_id) VALUES (5913, 'Ayyaparajugudem', 198);
INSERT INTO village (id, name, panchayat_id) VALUES (5914, 'Badarala', 198);
INSERT INTO village (id, name, panchayat_id) VALUES (5915, 'Bhogole', 198);
INSERT INTO village (id, name, panchayat_id) VALUES (5916, 'Chandrannapalem', 198);
INSERT INTO village (id, name, panchayat_id) VALUES (5917, 'Dharmajigudem', 198);
INSERT INTO village (id, name, panchayat_id) VALUES (5918, 'Ganapavarigudem', 198);
INSERT INTO village (id, name, panchayat_id) VALUES (5919, 'Juvvachalakarayudupalem', 198);
INSERT INTO village (id, name, panchayat_id) VALUES (5920, 'Kalarayanagudem', 198);
INSERT INTO village (id, name, panchayat_id) VALUES (5921, 'Kalyanampadu', 198);
INSERT INTO village (id, name, panchayat_id) VALUES (5922, 'Konijerla', 198);
INSERT INTO village (id, name, panchayat_id) VALUES (5923, 'Kothapalle', 198);
INSERT INTO village (id, name, panchayat_id) VALUES (5924, 'Kothulagokavaram', 198);
INSERT INTO village (id, name, panchayat_id) VALUES (5925, 'Lingapalem', 198);
INSERT INTO village (id, name, panchayat_id) VALUES (5926, 'Malleswaram', 198);
INSERT INTO village (id, name, panchayat_id) VALUES (5927, 'Mattamgudem', 198);
INSERT INTO village (id, name, panchayat_id) VALUES (5928, 'Mudicherla', 198);
INSERT INTO village (id, name, panchayat_id) VALUES (5929, 'Mulagalampadu', 198);
INSERT INTO village (id, name, panchayat_id) VALUES (5930, 'Patchanagaram', 198);
INSERT INTO village (id, name, panchayat_id) VALUES (5931, 'Pochavaram', 198);
INSERT INTO village (id, name, panchayat_id) VALUES (5932, 'Puppalavarigudem', 198);
INSERT INTO village (id, name, panchayat_id) VALUES (5933, 'Rangapuram', 198);
INSERT INTO village (id, name, panchayat_id) VALUES (5934, 'Singagudem', 198);
INSERT INTO village (id, name, panchayat_id) VALUES (5935, 'Vemulapalle', 198);
INSERT INTO village (id, name, panchayat_id) VALUES (5936, 'Yedavalli', 198);
INSERT INTO mandal (id, name, constituency_id) VALUES (199, 'Mandavalli', 9);
INSERT INTO panchayat (id, name, mandal_id) VALUES (199, 'Default Panchayat Mandavalli', 199);
INSERT INTO village (id, name, panchayat_id) VALUES (5937, 'Appapuram', 199);
INSERT INTO village (id, name, panchayat_id) VALUES (5938, 'Ayyavari Rudravaram', 199);
INSERT INTO village (id, name, panchayat_id) VALUES (5939, 'Bhyravapatnam', 199);
INSERT INTO village (id, name, panchayat_id) VALUES (5940, 'Chavalipadu', 199);
INSERT INTO village (id, name, panchayat_id) VALUES (5941, 'Chintalapudi', 199);
INSERT INTO village (id, name, panchayat_id) VALUES (5942, 'Chintapadu', 199);
INSERT INTO village (id, name, panchayat_id) VALUES (5943, 'Dayyampadu', 199);
INSERT INTO village (id, name, panchayat_id) VALUES (5944, 'Gannavaram', 199);
INSERT INTO village (id, name, panchayat_id) VALUES (5945, 'Ingilipakalanka', 199);
INSERT INTO village (id, name, panchayat_id) VALUES (5946, 'Kanukollu', 199);
INSERT INTO village (id, name, panchayat_id) VALUES (5947, 'Kovvadalanka', 199);
INSERT INTO village (id, name, panchayat_id) VALUES (5948, 'Lellapudi', 199);
INSERT INTO village (id, name, panchayat_id) VALUES (5949, 'Lingala', 199);
INSERT INTO village (id, name, panchayat_id) VALUES (5950, 'Lokamudi', 199);
INSERT INTO village (id, name, panchayat_id) VALUES (5951, 'Mandavalli', 199);
INSERT INTO village (id, name, panchayat_id) VALUES (5952, 'Manugunuru', 199);
INSERT INTO village (id, name, panchayat_id) VALUES (5953, 'Mokhasakalvapudi', 199);
INSERT INTO village (id, name, panchayat_id) VALUES (5954, 'Muduthallapadu', 199);
INSERT INTO village (id, name, panchayat_id) VALUES (5955, 'Nandigamalanka', 199);
INSERT INTO village (id, name, panchayat_id) VALUES (5956, 'Nutchumilli', 199);
INSERT INTO village (id, name, panchayat_id) VALUES (5957, 'Pasalapudi', 199);
INSERT INTO village (id, name, panchayat_id) VALUES (5958, 'Penumakalanka', 199);
INSERT INTO village (id, name, panchayat_id) VALUES (5959, 'Perikegudem', 199);
INSERT INTO village (id, name, panchayat_id) VALUES (5960, 'Pillipadu', 199);
INSERT INTO village (id, name, panchayat_id) VALUES (5961, 'Prathipadu', 199);
INSERT INTO village (id, name, panchayat_id) VALUES (5962, 'Pulaparru', 199);
INSERT INTO village (id, name, panchayat_id) VALUES (5963, 'Putlacheruvu', 199);
INSERT INTO village (id, name, panchayat_id) VALUES (5964, 'Singanapudi', 199);
INSERT INTO village (id, name, panchayat_id) VALUES (5965, 'Sobhanadripuram', 199);
INSERT INTO village (id, name, panchayat_id) VALUES (5966, 'Thakkellapadu', 199);
INSERT INTO village (id, name, panchayat_id) VALUES (5967, 'Unikili', 199);
INSERT INTO mandal (id, name, constituency_id) VALUES (200, 'Mudinepalle', 9);
INSERT INTO panchayat (id, name, mandal_id) VALUES (200, 'Default Panchayat Mudinepalle', 200);
INSERT INTO village (id, name, panchayat_id) VALUES (5968, 'Alluru', 200);
INSERT INTO village (id, name, panchayat_id) VALUES (5969, 'Bomminampadu', 200);
INSERT INTO village (id, name, panchayat_id) VALUES (5970, 'Chevuru', 200);
INSERT INTO village (id, name, panchayat_id) VALUES (5971, 'Chigurukota', 200);
INSERT INTO village (id, name, panchayat_id) VALUES (5972, 'China Kamanapudi', 200);
INSERT INTO village (id, name, panchayat_id) VALUES (5973, 'Chinapalaparru', 200);
INSERT INTO village (id, name, panchayat_id) VALUES (5974, 'Dakaram', 200);
INSERT INTO village (id, name, panchayat_id) VALUES (5975, 'Devapudi', 200);
INSERT INTO village (id, name, panchayat_id) VALUES (5976, 'Devaram', 200);
INSERT INTO village (id, name, panchayat_id) VALUES (5977, 'Edepalle', 200);
INSERT INTO village (id, name, panchayat_id) VALUES (5978, 'Gokinampadu', 200);
INSERT INTO village (id, name, panchayat_id) VALUES (5979, 'Guraja', 200);
INSERT INTO village (id, name, panchayat_id) VALUES (5980, 'Kakaravada', 200);
INSERT INTO village (id, name, panchayat_id) VALUES (5981, 'Koduru', 200);
INSERT INTO village (id, name, panchayat_id) VALUES (5982, 'Komarru', 200);
INSERT INTO village (id, name, panchayat_id) VALUES (5983, 'Korraguntapalem', 200);
INSERT INTO village (id, name, panchayat_id) VALUES (5984, 'Madhavaram', 200);
INSERT INTO village (id, name, panchayat_id) VALUES (5985, 'Mudinepalle', 200);
INSERT INTO village (id, name, panchayat_id) VALUES (5986, 'Mulakalapalle', 200);
INSERT INTO village (id, name, panchayat_id) VALUES (5987, 'Pedagonnuru', 200);
INSERT INTO village (id, name, panchayat_id) VALUES (5988, 'Peda Kamanapudi', 200);
INSERT INTO village (id, name, panchayat_id) VALUES (5989, 'Pedapalaparru', 200);
INSERT INTO village (id, name, panchayat_id) VALUES (5990, 'Penumalli', 200);
INSERT INTO village (id, name, panchayat_id) VALUES (5991, 'Peruru', 200);
INSERT INTO village (id, name, panchayat_id) VALUES (5992, 'Peyyeru', 200);
INSERT INTO village (id, name, panchayat_id) VALUES (5993, 'Prodduvaka', 200);
INSERT INTO village (id, name, panchayat_id) VALUES (5994, 'Sankarshana Puram', 200);
INSERT INTO village (id, name, panchayat_id) VALUES (5995, 'Singarayapalem', 200);
INSERT INTO village (id, name, panchayat_id) VALUES (5996, 'Utukuru', 200);
INSERT INTO village (id, name, panchayat_id) VALUES (5997, 'Vadali', 200);
INSERT INTO village (id, name, panchayat_id) VALUES (5998, 'Vadavalli', 200);
INSERT INTO village (id, name, panchayat_id) VALUES (5999, 'Vaivaka', 200);
INSERT INTO village (id, name, panchayat_id) VALUES (6000, 'Vanudurru', 200);
INSERT INTO mandal (id, name, constituency_id) VALUES (201, 'Musunuru', 9);
INSERT INTO panchayat (id, name, mandal_id) VALUES (201, 'Default Panchayat Musunuru', 201);
INSERT INTO village (id, name, panchayat_id) VALUES (6001, 'Akkireddigudem', 201);
INSERT INTO village (id, name, panchayat_id) VALUES (6002, 'Balive', 201);
INSERT INTO village (id, name, panchayat_id) VALUES (6003, 'Chakkapalle', 201);
INSERT INTO village (id, name, panchayat_id) VALUES (6004, 'Chillaboyinapalle', 201);
INSERT INTO village (id, name, panchayat_id) VALUES (6005, 'Chintalavalli', 201);
INSERT INTO village (id, name, panchayat_id) VALUES (6006, 'Ellapuram', 201);
INSERT INTO village (id, name, panchayat_id) VALUES (6007, 'Gopavaram', 201);
INSERT INTO village (id, name, panchayat_id) VALUES (6008, 'Gullapudi', 201);
INSERT INTO village (id, name, panchayat_id) VALUES (6009, 'Katrenipadu', 201);
INSERT INTO village (id, name, panchayat_id) VALUES (6010, 'Korlagunta', 201);
INSERT INTO village (id, name, panchayat_id) VALUES (6011, 'Lopudi', 201);
INSERT INTO village (id, name, panchayat_id) VALUES (6012, 'Musunuru', 201);
INSERT INTO village (id, name, panchayat_id) VALUES (6013, 'Ramanakkapeta', 201);
INSERT INTO village (id, name, panchayat_id) VALUES (6014, 'Surepalle', 201);
INSERT INTO village (id, name, panchayat_id) VALUES (6015, 'Tallavalli', 201);
INSERT INTO village (id, name, panchayat_id) VALUES (6016, 'Velpucherla', 201);
INSERT INTO mandal (id, name, constituency_id) VALUES (202, 'Nidamarru', 9);
INSERT INTO panchayat (id, name, mandal_id) VALUES (202, 'Default Panchayat Nidamarru', 202);
INSERT INTO village (id, name, panchayat_id) VALUES (6017, 'Adavikolanu', 202);
INSERT INTO village (id, name, panchayat_id) VALUES (6018, 'Amudalapalle', 202);
INSERT INTO village (id, name, panchayat_id) VALUES (6019, 'Bavayapalem', 202);
INSERT INTO village (id, name, panchayat_id) VALUES (6020, 'Buvvanapalle', 202);
INSERT INTO village (id, name, panchayat_id) VALUES (6021, 'Bynepalle', 202);
INSERT INTO village (id, name, panchayat_id) VALUES (6022, 'Chanamilli', 202);
INSERT INTO village (id, name, panchayat_id) VALUES (6023, 'Chinanindrakolanu', 202);
INSERT INTO village (id, name, panchayat_id) VALUES (6024, 'Devaragopavaram', 202);
INSERT INTO village (id, name, panchayat_id) VALUES (6025, 'Enikepalle', 202);
INSERT INTO village (id, name, panchayat_id) VALUES (6026, 'Gunaparru', 202);
INSERT INTO village (id, name, panchayat_id) VALUES (6027, 'Kakaramilli', 202);
INSERT INTO village (id, name, panchayat_id) VALUES (6028, 'Krishnapuram', 202);
INSERT INTO village (id, name, panchayat_id) VALUES (6029, 'Krovvidi', 202);
INSERT INTO village (id, name, panchayat_id) VALUES (6030, 'Mandalaparru', 202);
INSERT INTO village (id, name, panchayat_id) VALUES (6031, 'Naganamilli', 202);
INSERT INTO village (id, name, panchayat_id) VALUES (6032, 'Narasimhapuram', 202);
INSERT INTO village (id, name, panchayat_id) VALUES (6033, 'Nidamarru', 202);
INSERT INTO village (id, name, panchayat_id) VALUES (6034, 'Pedanindrakolanu', 202);
INSERT INTO village (id, name, panchayat_id) VALUES (6035, 'Pedaramachandrapuram', 202);
INSERT INTO village (id, name, panchayat_id) VALUES (6036, 'Siddapuram', 202);
INSERT INTO village (id, name, panchayat_id) VALUES (6037, 'Thimmaraogudem', 202);
INSERT INTO village (id, name, panchayat_id) VALUES (6038, 'Thokalapalle', 202);
INSERT INTO village (id, name, panchayat_id) VALUES (6039, 'Venkatapuram', 202);
INSERT INTO village (id, name, panchayat_id) VALUES (6040, 'Vipparthikhandrika', 202);
INSERT INTO mandal (id, name, constituency_id) VALUES (203, 'Nuzividu', 9);
INSERT INTO panchayat (id, name, mandal_id) VALUES (203, 'Default Panchayat Nuzividu', 203);
INSERT INTO village (id, name, panchayat_id) VALUES (6041, 'Annavaram', 203);
INSERT INTO village (id, name, panchayat_id) VALUES (6042, 'Bathulavarigudem', 203);
INSERT INTO village (id, name, panchayat_id) VALUES (6043, 'Boravancha', 203);
INSERT INTO village (id, name, panchayat_id) VALUES (6044, 'Devaragunta', 203);
INSERT INTO village (id, name, panchayat_id) VALUES (6045, 'Digavalli', 203);
INSERT INTO village (id, name, panchayat_id) VALUES (6046, 'Enamadala', 203);
INSERT INTO village (id, name, panchayat_id) VALUES (6047, 'Gollapalle', 203);
INSERT INTO village (id, name, panchayat_id) VALUES (6048, 'Hanumanthunigudem', 203);
INSERT INTO village (id, name, panchayat_id) VALUES (6049, 'Jangamgudem', 203);
INSERT INTO village (id, name, panchayat_id) VALUES (6050, 'Marribandam', 203);
INSERT INTO village (id, name, panchayat_id) VALUES (6051, 'Mirijapuram', 203);
INSERT INTO village (id, name, panchayat_id) VALUES (6052, 'Mokhasa Narasannapalem', 203);
INSERT INTO village (id, name, panchayat_id) VALUES (6053, 'Morsapudi', 203);
INSERT INTO village (id, name, panchayat_id) VALUES (6054, 'Mukkollupadu', 203);
INSERT INTO village (id, name, panchayat_id) VALUES (6055, 'Narsupet', 203);
INSERT INTO village (id, name, panchayat_id) VALUES (6056, 'Nuzivid', 203);
INSERT INTO village (id, name, panchayat_id) VALUES (6057, 'Pallerlamudi', 203);
INSERT INTO village (id, name, panchayat_id) VALUES (6058, 'Pathureddipalle', 203);
INSERT INTO village (id, name, panchayat_id) VALUES (6059, 'Polasanapalle', 203);
INSERT INTO village (id, name, panchayat_id) VALUES (6060, 'Ramannagudem', 203);
INSERT INTO village (id, name, panchayat_id) VALUES (6061, 'Ravicherla', 203);
INSERT INTO village (id, name, panchayat_id) VALUES (6062, 'Seetarampuram', 203);
INSERT INTO village (id, name, panchayat_id) VALUES (6063, 'Siddardhanagar', 203);
INSERT INTO village (id, name, panchayat_id) VALUES (6064, 'Sunkollu', 203);
INSERT INTO village (id, name, panchayat_id) VALUES (6065, 'Tukkuluru (M)', 203);
INSERT INTO village (id, name, panchayat_id) VALUES (6066, 'Vempadu', 203);
INSERT INTO village (id, name, panchayat_id) VALUES (6067, 'Venkatayapalem', 203);
INSERT INTO mandal (id, name, constituency_id) VALUES (204, 'Pedapadu', 9);
INSERT INTO panchayat (id, name, mandal_id) VALUES (204, 'Default Panchayat Pedapadu', 204);
INSERT INTO village (id, name, panchayat_id) VALUES (6068, 'Amrutalingampeta', 204);
INSERT INTO village (id, name, panchayat_id) VALUES (6069, 'Appanaveedu', 204);
INSERT INTO village (id, name, panchayat_id) VALUES (6070, 'Burugagudem', 204);
INSERT INTO village (id, name, panchayat_id) VALUES (6071, 'Edulakunta', 204);
INSERT INTO village (id, name, panchayat_id) VALUES (6072, 'Epuru', 204);
INSERT INTO village (id, name, panchayat_id) VALUES (6073, 'Gogulapadu', 204);
INSERT INTO village (id, name, panchayat_id) VALUES (6074, 'Gogunta', 204);
INSERT INTO village (id, name, panchayat_id) VALUES (6075, 'Kalaparru', 204);
INSERT INTO village (id, name, panchayat_id) VALUES (6076, 'Kokkirapadu', 204);
INSERT INTO village (id, name, panchayat_id) VALUES (6077, 'Koniki', 204);
INSERT INTO village (id, name, panchayat_id) VALUES (6078, 'Kothuru', 204);
INSERT INTO village (id, name, panchayat_id) VALUES (6079, 'Mupparru', 204);
INSERT INTO village (id, name, panchayat_id) VALUES (6080, 'Nandikeswarapuram', 204);
INSERT INTO village (id, name, panchayat_id) VALUES (6081, 'Pedapadu I', 204);
INSERT INTO village (id, name, panchayat_id) VALUES (6082, 'Pedapadu II', 204);
INSERT INTO village (id, name, panchayat_id) VALUES (6083, 'Punukollu I', 204);
INSERT INTO village (id, name, panchayat_id) VALUES (6084, 'Punukollu II', 204);
INSERT INTO village (id, name, panchayat_id) VALUES (6085, 'Rajupeta', 204);
INSERT INTO village (id, name, panchayat_id) VALUES (6086, 'Ravulakunta', 204);
INSERT INTO village (id, name, panchayat_id) VALUES (6087, 'Sakalakothapalle', 204);
INSERT INTO village (id, name, panchayat_id) VALUES (6088, 'Satyavolu', 204);
INSERT INTO village (id, name, panchayat_id) VALUES (6089, 'Tallagudem', 204);
INSERT INTO village (id, name, panchayat_id) VALUES (6090, 'Tallamudi', 204);
INSERT INTO village (id, name, panchayat_id) VALUES (6091, 'Vaddigudem', 204);
INSERT INTO village (id, name, panchayat_id) VALUES (6092, 'Vasantawada-I', 204);
INSERT INTO village (id, name, panchayat_id) VALUES (6093, 'Vasantawada-Ii', 204);
INSERT INTO village (id, name, panchayat_id) VALUES (6094, 'Vatluru', 204);
INSERT INTO village (id, name, panchayat_id) VALUES (6095, 'Vempadu', 204);
INSERT INTO mandal (id, name, constituency_id) VALUES (205, 'Pedavegi', 9);
INSERT INTO panchayat (id, name, mandal_id) VALUES (205, 'Default Panchayat Pedavegi', 205);
INSERT INTO village (id, name, panchayat_id) VALUES (6096, 'Alliveedu', 205);
INSERT INTO village (id, name, panchayat_id) VALUES (6097, 'Bapirajugudem', 205);
INSERT INTO village (id, name, panchayat_id) VALUES (6098, 'Bathevaram', 205);
INSERT INTO village (id, name, panchayat_id) VALUES (6099, 'Bhogapuram', 205);
INSERT INTO village (id, name, panchayat_id) VALUES (6100, 'Chakrayagudem', 205);
INSERT INTO village (id, name, panchayat_id) VALUES (6101, 'Dondapadu', 205);
INSERT INTO village (id, name, panchayat_id) VALUES (6102, 'Duggirala', 205);
INSERT INTO village (id, name, panchayat_id) VALUES (6103, 'Gokinepalle', 205);
INSERT INTO village (id, name, panchayat_id) VALUES (6104, 'Jagannadhapuram', 205);
INSERT INTO village (id, name, panchayat_id) VALUES (6105, 'Kavagunta', 205);
INSERT INTO village (id, name, panchayat_id) VALUES (6106, 'K.Kannapuram', 205);
INSERT INTO village (id, name, panchayat_id) VALUES (6107, 'Kondalaraopalem', 205);
INSERT INTO village (id, name, panchayat_id) VALUES (6108, 'Koppaka', 205);
INSERT INTO village (id, name, panchayat_id) VALUES (6109, 'Mundur', 205);
INSERT INTO village (id, name, panchayat_id) VALUES (6110, 'Muthanaveedu', 205);
INSERT INTO village (id, name, panchayat_id) VALUES (6111, 'Mylavarapuvarigudem', 205);
INSERT INTO village (id, name, panchayat_id) VALUES (6112, 'Nadupalle', 205);
INSERT INTO village (id, name, panchayat_id) VALUES (6113, 'Nyayampalle', 205);
INSERT INTO village (id, name, panchayat_id) VALUES (6114, 'Pedavegi', 205);
INSERT INTO village (id, name, panchayat_id) VALUES (6115, 'Pinakadimi', 205);
INSERT INTO village (id, name, panchayat_id) VALUES (6116, 'Rajampalem', 205);
INSERT INTO village (id, name, panchayat_id) VALUES (6117, 'Ramasingavaram', 205);
INSERT INTO village (id, name, panchayat_id) VALUES (6118, 'Rayannapalem', 205);
INSERT INTO village (id, name, panchayat_id) VALUES (6119, 'Singavaram', 205);
INSERT INTO village (id, name, panchayat_id) VALUES (6120, 'Tallagokavaram', 205);
INSERT INTO village (id, name, panchayat_id) VALUES (6121, 'Vanguru', 205);
INSERT INTO village (id, name, panchayat_id) VALUES (6122, 'Vegivadavaram', 205);
INSERT INTO village (id, name, panchayat_id) VALUES (6123, 'Vijayarai', 205);
INSERT INTO mandal (id, name, constituency_id) VALUES (206, 'Polavaram', 9);
INSERT INTO panchayat (id, name, mandal_id) VALUES (206, 'Default Panchayat Polavaram', 206);
INSERT INTO village (id, name, panchayat_id) VALUES (6124, 'Cheeduru', 206);
INSERT INTO village (id, name, panchayat_id) VALUES (6125, 'Chegondapalle', 206);
INSERT INTO village (id, name, panchayat_id) VALUES (6126, 'Chilakaluru', 206);
INSERT INTO village (id, name, panchayat_id) VALUES (6127, 'Dharvada', 206);
INSERT INTO village (id, name, panchayat_id) VALUES (6128, 'Geddapalle', 206);
INSERT INTO village (id, name, panchayat_id) VALUES (6129, 'Gutala', 206);
INSERT INTO village (id, name, panchayat_id) VALUES (6130, 'Kondrukota', 206);
INSERT INTO village (id, name, panchayat_id) VALUES (6131, 'Koruturu', 206);
INSERT INTO village (id, name, panchayat_id) VALUES (6132, 'Lakshminarayana Devipeta', 206);
INSERT INTO village (id, name, panchayat_id) VALUES (6133, 'Nagampalem', 206);
INSERT INTO village (id, name, panchayat_id) VALUES (6134, 'Pattisam', 206);
INSERT INTO village (id, name, panchayat_id) VALUES (6135, 'Polavaram', 206);
INSERT INTO village (id, name, panchayat_id) VALUES (6136, 'Pragada Palle', 206);
INSERT INTO village (id, name, panchayat_id) VALUES (6137, 'Ravigudem', 206);
INSERT INTO village (id, name, panchayat_id) VALUES (6138, 'Saripallekunta', 206);
INSERT INTO village (id, name, panchayat_id) VALUES (6139, 'Singanapalle', 206);
INSERT INTO village (id, name, panchayat_id) VALUES (6140, 'Sirivaka', 206);
INSERT INTO village (id, name, panchayat_id) VALUES (6141, 'Sivagiri', 206);
INSERT INTO village (id, name, panchayat_id) VALUES (6142, 'Tekuru', 206);
INSERT INTO village (id, name, panchayat_id) VALUES (6143, 'Thutigunta', 206);
INSERT INTO village (id, name, panchayat_id) VALUES (6144, 'Venkatapuram', 206);
INSERT INTO village (id, name, panchayat_id) VALUES (6145, 'Vinjaram', 206);
INSERT INTO mandal (id, name, constituency_id) VALUES (207, 'T.Narasapuram', 9);
INSERT INTO panchayat (id, name, mandal_id) VALUES (207, 'Default Panchayat T.Narasapuram', 207);
INSERT INTO village (id, name, panchayat_id) VALUES (6146, 'Allamcherlarajupalem', 207);
INSERT INTO village (id, name, panchayat_id) VALUES (6147, 'Appalarajugudem', 207);
INSERT INTO village (id, name, panchayat_id) VALUES (6148, 'Bandamcherla', 207);
INSERT INTO village (id, name, panchayat_id) VALUES (6149, 'Bandivarigudem', 207);
INSERT INTO village (id, name, panchayat_id) VALUES (6150, 'Borrampalem', 207);
INSERT INTO village (id, name, panchayat_id) VALUES (6151, 'Epigunta', 207);
INSERT INTO village (id, name, panchayat_id) VALUES (6152, 'Gulapalle', 207);
INSERT INTO village (id, name, panchayat_id) VALUES (6153, 'Guravaigudem', 207);
INSERT INTO village (id, name, panchayat_id) VALUES (6154, 'Kethavaram', 207);
INSERT INTO village (id, name, panchayat_id) VALUES (6155, 'Kollivarigudem', 207);
INSERT INTO village (id, name, panchayat_id) VALUES (6156, 'Krishnapuram', 207);
INSERT INTO village (id, name, panchayat_id) VALUES (6157, 'Krishnaraopalem', 207);
INSERT INTO village (id, name, panchayat_id) VALUES (6158, 'Lingaraopalem', 207);
INSERT INTO village (id, name, panchayat_id) VALUES (6159, 'Makkinavarigudem', 207);
INSERT INTO village (id, name, panchayat_id) VALUES (6160, 'Rajupothepalle', 207);
INSERT INTO village (id, name, panchayat_id) VALUES (6161, 'Ramannapalem', 207);
INSERT INTO village (id, name, panchayat_id) VALUES (6162, 'Sriramavaram', 207);
INSERT INTO village (id, name, panchayat_id) VALUES (6163, 'Tedlam', 207);
INSERT INTO village (id, name, panchayat_id) VALUES (6164, 'Tirumaladevipeta', 207);
INSERT INTO village (id, name, panchayat_id) VALUES (6165, 'T.Narasapuram', 207);
INSERT INTO village (id, name, panchayat_id) VALUES (6166, 'Vakalapudi', 207);
INSERT INTO village (id, name, panchayat_id) VALUES (6167, 'Vallampatla', 207);
INSERT INTO village (id, name, panchayat_id) VALUES (6168, 'Velagapadu', 207);
INSERT INTO mandal (id, name, constituency_id) VALUES (208, 'Unguturu', 9);
INSERT INTO panchayat (id, name, mandal_id) VALUES (208, 'Default Panchayat Unguturu', 208);
INSERT INTO village (id, name, panchayat_id) VALUES (6169, 'A.Gokavaram', 208);
INSERT INTO village (id, name, panchayat_id) VALUES (6170, 'Badampudi', 208);
INSERT INTO village (id, name, panchayat_id) VALUES (6171, 'Bommidi', 208);
INSERT INTO village (id, name, panchayat_id) VALUES (6172, 'Chebrole Khandrika', 208);
INSERT INTO village (id, name, panchayat_id) VALUES (6173, 'Chebrolu', 208);
INSERT INTO village (id, name, panchayat_id) VALUES (6174, 'Dontavaram', 208);
INSERT INTO village (id, name, panchayat_id) VALUES (6175, 'Gopinadhapatnam', 208);
INSERT INTO village (id, name, panchayat_id) VALUES (6176, 'Kagupadu', 208);
INSERT INTO village (id, name, panchayat_id) VALUES (6177, 'Kaikaram', 208);
INSERT INTO village (id, name, panchayat_id) VALUES (6178, 'Kakarlamudi', 208);
INSERT INTO village (id, name, panchayat_id) VALUES (6179, 'Nallamadu', 208);
INSERT INTO village (id, name, panchayat_id) VALUES (6180, 'Rachuru', 208);
INSERT INTO village (id, name, panchayat_id) VALUES (6181, 'Ravulaparru', 208);
INSERT INTO village (id, name, panchayat_id) VALUES (6182, 'Tallapuram', 208);
INSERT INTO village (id, name, panchayat_id) VALUES (6183, 'Unguturu', 208);
INSERT INTO village (id, name, panchayat_id) VALUES (6184, 'Vellamilli', 208);
INSERT INTO village (id, name, panchayat_id) VALUES (6185, 'Venkatadriapparaopuram', 208);
INSERT INTO mandal (id, name, constituency_id) VALUES (209, 'Velairpadu', 9);
INSERT INTO panchayat (id, name, mandal_id) VALUES (209, 'Default Panchayat Velairpadu', 209);
INSERT INTO village (id, name, panchayat_id) VALUES (6186, 'Chigurumamidi', 209);
INSERT INTO village (id, name, panchayat_id) VALUES (6187, 'Gundlavai', 209);
INSERT INTO village (id, name, panchayat_id) VALUES (6188, 'Kacharam', 209);
INSERT INTO village (id, name, panchayat_id) VALUES (6189, 'Kakisnoor', 209);
INSERT INTO village (id, name, panchayat_id) VALUES (6190, 'Katukur', 209);
INSERT INTO village (id, name, panchayat_id) VALUES (6191, 'Koida', 209);
INSERT INTO village (id, name, panchayat_id) VALUES (6192, 'Kothuru', 209);
INSERT INTO village (id, name, panchayat_id) VALUES (6193, 'Koyamadaram', 209);
INSERT INTO village (id, name, panchayat_id) VALUES (6194, 'Medapalle', 209);
INSERT INTO village (id, name, panchayat_id) VALUES (6195, 'Narlavaram', 209);
INSERT INTO village (id, name, panchayat_id) VALUES (6196, 'Parentapalle', 209);
INSERT INTO village (id, name, panchayat_id) VALUES (6197, 'Rallapudi', 209);
INSERT INTO village (id, name, panchayat_id) VALUES (6198, 'Ramavaram', 209);
INSERT INTO village (id, name, panchayat_id) VALUES (6199, 'Repakagommu', 209);
INSERT INTO village (id, name, panchayat_id) VALUES (6200, 'Rudramkota', 209);
INSERT INTO village (id, name, panchayat_id) VALUES (6201, 'Siddaram', 209);
INSERT INTO village (id, name, panchayat_id) VALUES (6202, 'Tekupalle', 209);
INSERT INTO village (id, name, panchayat_id) VALUES (6203, 'Tekuru', 209);
INSERT INTO village (id, name, panchayat_id) VALUES (6204, 'Thatukur', 209);
INSERT INTO village (id, name, panchayat_id) VALUES (6205, 'Tirumalapuram', 209);
INSERT INTO district (id, name, state_id) VALUES (10, 'Guntur', 1);
INSERT INTO constituency (id, name, district_id, mla_name, mp_name) VALUES (10, 'Default Constituency Guntur', 10, 'Pending MLA', 'Pending MP');
INSERT INTO mandal (id, name, constituency_id) VALUES (210, 'Chebrolu', 10);
INSERT INTO panchayat (id, name, mandal_id) VALUES (210, 'Default Panchayat Chebrolu', 210);
INSERT INTO village (id, name, panchayat_id) VALUES (6206, 'Chebrolu', 210);
INSERT INTO village (id, name, panchayat_id) VALUES (6207, 'Godavarru', 210);
INSERT INTO village (id, name, panchayat_id) VALUES (6208, 'Manchala', 210);
INSERT INTO village (id, name, panchayat_id) VALUES (6209, 'Meesaragadda Ananthavaram', 210);
INSERT INTO village (id, name, panchayat_id) VALUES (6210, 'Narakodur', 210);
INSERT INTO village (id, name, panchayat_id) VALUES (6211, 'Pathareddipalem', 210);
INSERT INTO village (id, name, panchayat_id) VALUES (6212, 'Sekuru', 210);
INSERT INTO village (id, name, panchayat_id) VALUES (6213, 'Sreerangapuram', 210);
INSERT INTO village (id, name, panchayat_id) VALUES (6214, 'Suddapalle', 210);
INSERT INTO village (id, name, panchayat_id) VALUES (6215, 'Vadlamudi', 210);
INSERT INTO village (id, name, panchayat_id) VALUES (6216, 'Vejendla', 210);
INSERT INTO mandal (id, name, constituency_id) VALUES (211, 'Duggirala', 10);
INSERT INTO panchayat (id, name, mandal_id) VALUES (211, 'Default Panchayat Duggirala', 211);
INSERT INTO village (id, name, panchayat_id) VALUES (6217, 'Chiluvuru', 211);
INSERT INTO village (id, name, panchayat_id) VALUES (6218, 'Chinapalem', 211);
INSERT INTO village (id, name, panchayat_id) VALUES (6219, 'Chintalapudi', 211);
INSERT INTO village (id, name, panchayat_id) VALUES (6220, 'Devarapalle Agraharam', 211);
INSERT INTO village (id, name, panchayat_id) VALUES (6221, 'Duggirala', 211);
INSERT INTO village (id, name, panchayat_id) VALUES (6222, 'Emani', 211);
INSERT INTO village (id, name, panchayat_id) VALUES (6223, 'Godavarru', 211);
INSERT INTO village (id, name, panchayat_id) VALUES (6224, 'Kantamraju Konduru', 211);
INSERT INTO village (id, name, panchayat_id) VALUES (6225, 'Morampudi', 211);
INSERT INTO village (id, name, panchayat_id) VALUES (6226, 'Pedakondur', 211);
INSERT INTO village (id, name, panchayat_id) VALUES (6227, 'Penumudi', 211);
INSERT INTO village (id, name, panchayat_id) VALUES (6228, 'Perakalapudi', 211);
INSERT INTO village (id, name, panchayat_id) VALUES (6229, 'Srungarapuram', 211);
INSERT INTO village (id, name, panchayat_id) VALUES (6230, 'Tummapudi', 211);
INSERT INTO mandal (id, name, constituency_id) VALUES (212, 'Guntur East', 10);
INSERT INTO panchayat (id, name, mandal_id) VALUES (212, 'Default Panchayat Guntur East', 212);
INSERT INTO village (id, name, panchayat_id) VALUES (6231, 'Budampadu', 212);
INSERT INTO village (id, name, panchayat_id) VALUES (6232, 'Etukur', 212);
INSERT INTO village (id, name, panchayat_id) VALUES (6233, 'Gorantla (Part)', 212);
INSERT INTO village (id, name, panchayat_id) VALUES (6234, 'Guntur Part (East Constituency)', 212);
INSERT INTO village (id, name, panchayat_id) VALUES (6235, 'Guntur (Part) - Reddypalem', 212);
INSERT INTO village (id, name, panchayat_id) VALUES (6236, 'Jonnalagadda', 212);
INSERT INTO mandal (id, name, constituency_id) VALUES (213, 'Guntur West', 10);
INSERT INTO panchayat (id, name, mandal_id) VALUES (213, 'Default Panchayat Guntur West', 213);
INSERT INTO village (id, name, panchayat_id) VALUES (6237, 'Ankireddipalem (R)', 213);
INSERT INTO village (id, name, panchayat_id) VALUES (6238, 'China Palakaluru', 213);
INSERT INTO village (id, name, panchayat_id) VALUES (6239, 'Chowdavaram', 213);
INSERT INTO village (id, name, panchayat_id) VALUES (6240, 'Guntur (R)', 213);
INSERT INTO village (id, name, panchayat_id) VALUES (6241, 'Koretipadu (R)', 213);
INSERT INTO village (id, name, panchayat_id) VALUES (6242, 'Nallapadu (R)', 213);
INSERT INTO village (id, name, panchayat_id) VALUES (6243, 'Peda Palakaluru (Part)', 213);
INSERT INTO village (id, name, panchayat_id) VALUES (6244, 'Pothur', 213);
INSERT INTO village (id, name, panchayat_id) VALUES (6245, 'Ramachandrapuram Agraharam (U)', 213);
INSERT INTO mandal (id, name, constituency_id) VALUES (214, 'Kakumanu', 10);
INSERT INTO panchayat (id, name, mandal_id) VALUES (214, 'Default Panchayat Kakumanu', 214);
INSERT INTO village (id, name, panchayat_id) VALUES (6246, 'Appapuram', 214);
INSERT INTO village (id, name, panchayat_id) VALUES (6247, 'Bhallukanudupalem', 214);
INSERT INTO village (id, name, panchayat_id) VALUES (6248, 'Bodipalem', 214);
INSERT INTO village (id, name, panchayat_id) VALUES (6249, 'Garikapadu', 214);
INSERT INTO village (id, name, panchayat_id) VALUES (6250, 'Kakumanu', 214);
INSERT INTO village (id, name, panchayat_id) VALUES (6251, 'Kollimarla', 214);
INSERT INTO village (id, name, panchayat_id) VALUES (6252, 'Kommuru', 214);
INSERT INTO village (id, name, panchayat_id) VALUES (6253, 'Kondapatur', 214);
INSERT INTO village (id, name, panchayat_id) VALUES (6254, 'Pandrapadu', 214);
INSERT INTO village (id, name, panchayat_id) VALUES (6255, 'Retur', 214);
INSERT INTO village (id, name, panchayat_id) VALUES (6256, 'Vallur', 214);
INSERT INTO mandal (id, name, constituency_id) VALUES (215, 'Kollipara', 10);
INSERT INTO panchayat (id, name, mandal_id) VALUES (215, 'Default Panchayat Kollipara', 215);
INSERT INTO village (id, name, panchayat_id) VALUES (6257, 'Annavaram', 215);
INSERT INTO village (id, name, panchayat_id) VALUES (6258, 'Athota', 215);
INSERT INTO village (id, name, panchayat_id) VALUES (6259, 'Bommuvaripalem', 215);
INSERT INTO village (id, name, panchayat_id) VALUES (6260, 'Chemudupadu', 215);
INSERT INTO village (id, name, panchayat_id) VALUES (6261, 'Chivalur', 215);
INSERT INTO village (id, name, panchayat_id) VALUES (6262, 'Danthalur', 215);
INSERT INTO village (id, name, panchayat_id) VALUES (6263, 'Davuluru', 215);
INSERT INTO village (id, name, panchayat_id) VALUES (6264, 'Kollipara', 215);
INSERT INTO village (id, name, panchayat_id) VALUES (6265, 'Kunchavaram', 215);
INSERT INTO village (id, name, panchayat_id) VALUES (6266, 'Munnangi', 215);
INSERT INTO village (id, name, panchayat_id) VALUES (6267, 'Pidaparru', 215);
INSERT INTO village (id, name, panchayat_id) VALUES (6268, 'Siripuram', 215);
INSERT INTO village (id, name, panchayat_id) VALUES (6269, 'Thumuluru', 215);
INSERT INTO village (id, name, panchayat_id) VALUES (6270, 'Vallabhapuram', 215);
INSERT INTO mandal (id, name, constituency_id) VALUES (216, 'Mangalagiri', 10);
INSERT INTO panchayat (id, name, mandal_id) VALUES (216, 'Default Panchayat Mangalagiri', 216);
INSERT INTO village (id, name, panchayat_id) VALUES (6271, 'Atmakur (Og)', 216);
INSERT INTO village (id, name, panchayat_id) VALUES (6272, 'Chinakakani', 216);
INSERT INTO village (id, name, panchayat_id) VALUES (6273, 'Chinavadlapudi', 216);
INSERT INTO village (id, name, panchayat_id) VALUES (6274, 'Kaza', 216);
INSERT INTO village (id, name, panchayat_id) VALUES (6275, 'Krishnayapalem', 216);
INSERT INTO village (id, name, panchayat_id) VALUES (6276, 'Kuragallu', 216);
INSERT INTO village (id, name, panchayat_id) VALUES (6277, 'Mangalagiri Urban', 216);
INSERT INTO village (id, name, panchayat_id) VALUES (6278, 'Navuluru (Og)', 216);
INSERT INTO village (id, name, panchayat_id) VALUES (6279, 'Nidamarru', 216);
INSERT INTO village (id, name, panchayat_id) VALUES (6280, 'Nutakki', 216);
INSERT INTO village (id, name, panchayat_id) VALUES (6281, 'Pedavadlapudi', 216);
INSERT INTO village (id, name, panchayat_id) VALUES (6282, 'Ramachandrapuram', 216);
INSERT INTO mandal (id, name, constituency_id) VALUES (217, 'Medikonduru', 10);
INSERT INTO panchayat (id, name, mandal_id) VALUES (217, 'Default Panchayat Medikonduru', 217);
INSERT INTO village (id, name, panchayat_id) VALUES (6283, 'Dokiparru', 217);
INSERT INTO village (id, name, panchayat_id) VALUES (6284, 'Korrapadu', 217);
INSERT INTO village (id, name, panchayat_id) VALUES (6285, 'Mandapadu', 217);
INSERT INTO village (id, name, panchayat_id) VALUES (6286, 'Mangalagiripadu', 217);
INSERT INTO village (id, name, panchayat_id) VALUES (6287, 'Medikonduru', 217);
INSERT INTO village (id, name, panchayat_id) VALUES (6288, 'Paladugu', 217);
INSERT INTO village (id, name, panchayat_id) VALUES (6289, 'Pericherla', 217);
INSERT INTO village (id, name, panchayat_id) VALUES (6290, 'Ponugupadu Khandrika', 217);
INSERT INTO village (id, name, panchayat_id) VALUES (6291, 'Potlapadu', 217);
INSERT INTO village (id, name, panchayat_id) VALUES (6292, 'Siripuram', 217);
INSERT INTO village (id, name, panchayat_id) VALUES (6293, 'Varagani', 217);
INSERT INTO village (id, name, panchayat_id) VALUES (6294, 'Velavarthipadu', 217);
INSERT INTO village (id, name, panchayat_id) VALUES (6295, 'Visadala', 217);
INSERT INTO mandal (id, name, constituency_id) VALUES (218, 'Pedakakani', 10);
INSERT INTO panchayat (id, name, mandal_id) VALUES (218, 'Default Panchayat Pedakakani', 218);
INSERT INTO village (id, name, panchayat_id) VALUES (6296, 'Agatha Varappadu', 218);
INSERT INTO village (id, name, panchayat_id) VALUES (6297, 'Anumarlapudi', 218);
INSERT INTO village (id, name, panchayat_id) VALUES (6298, 'Devarayabhotlapalem', 218);
INSERT INTO village (id, name, panchayat_id) VALUES (6299, 'Koppuravuru', 218);
INSERT INTO village (id, name, panchayat_id) VALUES (6300, 'Nambur', 218);
INSERT INTO village (id, name, panchayat_id) VALUES (6301, 'Pedakakani', 218);
INSERT INTO village (id, name, panchayat_id) VALUES (6302, 'Takkellapadu', 218);
INSERT INTO village (id, name, panchayat_id) VALUES (6303, 'Tangellamudi', 218);
INSERT INTO village (id, name, panchayat_id) VALUES (6304, 'Uppalapadu', 218);
INSERT INTO village (id, name, panchayat_id) VALUES (6305, 'Venigandla', 218);
INSERT INTO mandal (id, name, constituency_id) VALUES (219, 'Pedanandipadu', 10);
INSERT INTO panchayat (id, name, mandal_id) VALUES (219, 'Default Panchayat Pedanandipadu', 219);
INSERT INTO village (id, name, panchayat_id) VALUES (6306, 'Annaparru', 219);
INSERT INTO village (id, name, panchayat_id) VALUES (6307, 'Annavaram', 219);
INSERT INTO village (id, name, panchayat_id) VALUES (6308, 'Gorijavoluguntapalem', 219);
INSERT INTO village (id, name, panchayat_id) VALUES (6309, 'Katrapadu', 219);
INSERT INTO village (id, name, panchayat_id) VALUES (6310, 'Kopparru', 219);
INSERT INTO village (id, name, panchayat_id) VALUES (6311, 'Palaparru', 219);
INSERT INTO village (id, name, panchayat_id) VALUES (6312, 'Pedanandipadu', 219);
INSERT INTO village (id, name, panchayat_id) VALUES (6313, 'Pusulur', 219);
INSERT INTO village (id, name, panchayat_id) VALUES (6314, 'Rajupalem', 219);
INSERT INTO village (id, name, panchayat_id) VALUES (6315, 'Ravipadu', 219);
INSERT INTO village (id, name, panchayat_id) VALUES (6316, 'Uppalapadu', 219);
INSERT INTO village (id, name, panchayat_id) VALUES (6317, 'Varagani', 219);
INSERT INTO mandal (id, name, constituency_id) VALUES (220, 'Phirangipuram', 10);
INSERT INTO panchayat (id, name, mandal_id) VALUES (220, 'Default Panchayat Phirangipuram', 220);
INSERT INTO village (id, name, panchayat_id) VALUES (6318, '113 Thalluru', 220);
INSERT INTO village (id, name, panchayat_id) VALUES (6319, 'Aminabada', 220);
INSERT INTO village (id, name, panchayat_id) VALUES (6320, 'Bethapudi', 220);
INSERT INTO village (id, name, panchayat_id) VALUES (6321, 'Erraguntlapadu', 220);
INSERT INTO village (id, name, panchayat_id) VALUES (6322, 'Gundalapadu', 220);
INSERT INTO village (id, name, panchayat_id) VALUES (6323, 'Havusuganesa', 220);
INSERT INTO village (id, name, panchayat_id) VALUES (6324, 'Merikapudi', 220);
INSERT INTO village (id, name, panchayat_id) VALUES (6325, 'Nudurupadu', 220);
INSERT INTO village (id, name, panchayat_id) VALUES (6326, 'Phirangipuram', 220);
INSERT INTO village (id, name, panchayat_id) VALUES (6327, 'Ponugupadu', 220);
INSERT INTO village (id, name, panchayat_id) VALUES (6328, 'Repudi', 220);
INSERT INTO village (id, name, panchayat_id) VALUES (6329, 'Sirangipalem', 220);
INSERT INTO village (id, name, panchayat_id) VALUES (6330, 'Takkellapadu', 220);
INSERT INTO village (id, name, panchayat_id) VALUES (6331, 'Vemavaram', 220);
INSERT INTO mandal (id, name, constituency_id) VALUES (221, 'Ponnur', 10);
INSERT INTO panchayat (id, name, mandal_id) VALUES (221, 'Default Panchayat Ponnur', 221);
INSERT INTO village (id, name, panchayat_id) VALUES (6332, 'Aremanda', 221);
INSERT INTO village (id, name, panchayat_id) VALUES (6333, 'Brahmanakodur', 221);
INSERT INTO village (id, name, panchayat_id) VALUES (6334, 'Chintalapudi', 221);
INSERT INTO village (id, name, panchayat_id) VALUES (6335, 'Dandamudi', 221);
INSERT INTO village (id, name, panchayat_id) VALUES (6336, 'Doppalapudi', 221);
INSERT INTO village (id, name, panchayat_id) VALUES (6337, 'Jadavalli', 221);
INSERT INTO village (id, name, panchayat_id) VALUES (6338, 'Jupudi', 221);
INSERT INTO village (id, name, panchayat_id) VALUES (6339, 'Kondamudi', 221);
INSERT INTO village (id, name, panchayat_id) VALUES (6340, 'Mamillapalle', 221);
INSERT INTO village (id, name, panchayat_id) VALUES (6341, 'Mannava', 221);
INSERT INTO village (id, name, panchayat_id) VALUES (6342, 'Mulukuduru', 221);
INSERT INTO village (id, name, panchayat_id) VALUES (6343, 'Munipalle', 221);
INSERT INTO village (id, name, panchayat_id) VALUES (6344, 'Nandur', 221);
INSERT INTO village (id, name, panchayat_id) VALUES (6345, 'Nidubrole (U)', 221);
INSERT INTO village (id, name, panchayat_id) VALUES (6346, 'Patchalatadiparru', 221);
INSERT INTO village (id, name, panchayat_id) VALUES (6347, 'Ponnur Town (U)', 221);
INSERT INTO village (id, name, panchayat_id) VALUES (6348, 'Upparapalem', 221);
INSERT INTO village (id, name, panchayat_id) VALUES (6349, 'Vaddemukkala', 221);
INSERT INTO village (id, name, panchayat_id) VALUES (6350, 'Vallabharaopalem', 221);
INSERT INTO village (id, name, panchayat_id) VALUES (6351, 'Vellalur', 221);
INSERT INTO mandal (id, name, constituency_id) VALUES (222, 'Prathipadu', 10);
INSERT INTO panchayat (id, name, mandal_id) VALUES (222, 'Default Panchayat Prathipadu', 222);
INSERT INTO village (id, name, panchayat_id) VALUES (6352, 'Edulapalem', 222);
INSERT INTO village (id, name, panchayat_id) VALUES (6353, 'Enamadala', 222);
INSERT INTO village (id, name, panchayat_id) VALUES (6354, 'Ganikapudi', 222);
INSERT INTO village (id, name, panchayat_id) VALUES (6355, 'Gottipadu', 222);
INSERT INTO village (id, name, panchayat_id) VALUES (6356, 'Kondajagarlamudi', 222);
INSERT INTO village (id, name, panchayat_id) VALUES (6357, 'Kondepadu', 222);
INSERT INTO village (id, name, panchayat_id) VALUES (6358, 'Mallayapalem', 222);
INSERT INTO village (id, name, panchayat_id) VALUES (6359, 'Nadimpalem', 222);
INSERT INTO village (id, name, panchayat_id) VALUES (6360, 'Prathipadu', 222);
INSERT INTO village (id, name, panchayat_id) VALUES (6361, 'Vangipuram', 222);
INSERT INTO mandal (id, name, constituency_id) VALUES (223, 'Tadepalli', 10);
INSERT INTO panchayat (id, name, mandal_id) VALUES (223, 'Default Panchayat Tadepalli', 223);
INSERT INTO village (id, name, panchayat_id) VALUES (6362, 'Chirravuru', 223);
INSERT INTO village (id, name, panchayat_id) VALUES (6363, 'Gundimeda', 223);
INSERT INTO village (id, name, panchayat_id) VALUES (6364, 'Ippatam', 223);
INSERT INTO village (id, name, panchayat_id) VALUES (6365, 'Kolanukonda', 223);
INSERT INTO village (id, name, panchayat_id) VALUES (6366, 'Kunchanapalle', 223);
INSERT INTO village (id, name, panchayat_id) VALUES (6367, 'Penumaka', 223);
INSERT INTO village (id, name, panchayat_id) VALUES (6368, 'Tadepalli', 223);
INSERT INTO village (id, name, panchayat_id) VALUES (6369, 'Undavalli (Og)', 223);
INSERT INTO village (id, name, panchayat_id) VALUES (6370, 'Vaddeswaram (Ct)', 223);
INSERT INTO mandal (id, name, constituency_id) VALUES (224, 'Tadikonda', 10);
INSERT INTO panchayat (id, name, mandal_id) VALUES (224, 'Default Panchayat Tadikonda', 224);
INSERT INTO village (id, name, panchayat_id) VALUES (6371, 'Bandarupalle', 224);
INSERT INTO village (id, name, panchayat_id) VALUES (6372, 'Bejatpuram', 224);
INSERT INTO village (id, name, panchayat_id) VALUES (6373, 'Damarapalle', 224);
INSERT INTO village (id, name, panchayat_id) VALUES (6374, 'Kantheru', 224);
INSERT INTO village (id, name, panchayat_id) VALUES (6375, 'Lachannagudipudi', 224);
INSERT INTO village (id, name, panchayat_id) VALUES (6376, 'Lam', 224);
INSERT INTO village (id, name, panchayat_id) VALUES (6377, 'Mothadaka', 224);
INSERT INTO village (id, name, panchayat_id) VALUES (6378, 'Nidumukkala', 224);
INSERT INTO village (id, name, panchayat_id) VALUES (6379, 'Pamulapadu', 224);
INSERT INTO village (id, name, panchayat_id) VALUES (6380, 'Ponnekallu', 224);
INSERT INTO village (id, name, panchayat_id) VALUES (6381, 'Ravela', 224);
INSERT INTO village (id, name, panchayat_id) VALUES (6382, 'Tadikonda', 224);
INSERT INTO mandal (id, name, constituency_id) VALUES (225, 'Tenali', 10);
INSERT INTO panchayat (id, name, mandal_id) VALUES (225, 'Default Panchayat Tenali', 225);
INSERT INTO village (id, name, panchayat_id) VALUES (6383, 'Angalakuduru', 225);
INSERT INTO village (id, name, panchayat_id) VALUES (6384, 'Burripalem', 225);
INSERT INTO village (id, name, panchayat_id) VALUES (6385, 'China Ravuru (R)', 225);
INSERT INTO village (id, name, panchayat_id) VALUES (6386, 'Devarapalli Seri', 225);
INSERT INTO village (id, name, panchayat_id) VALUES (6387, 'Gudivada', 225);
INSERT INTO village (id, name, panchayat_id) VALUES (6388, 'Katevaram', 225);
INSERT INTO village (id, name, panchayat_id) VALUES (6389, 'Kolakaluru', 225);
INSERT INTO village (id, name, panchayat_id) VALUES (6390, 'Nandivelugu', 225);
INSERT INTO village (id, name, panchayat_id) VALUES (6391, 'Nelapadu', 225);
INSERT INTO village (id, name, panchayat_id) VALUES (6392, 'Pedaravuru', 225);
INSERT INTO village (id, name, panchayat_id) VALUES (6393, 'Pinapadu (R)', 225);
INSERT INTO village (id, name, panchayat_id) VALUES (6394, 'Sangam Jagarlamudi', 225);
INSERT INTO village (id, name, panchayat_id) VALUES (6395, 'Tenali (U)', 225);
INSERT INTO mandal (id, name, constituency_id) VALUES (226, 'Thulluru', 10);
INSERT INTO panchayat (id, name, mandal_id) VALUES (226, 'Default Panchayat Thulluru', 226);
INSERT INTO village (id, name, panchayat_id) VALUES (6396, 'Abbarajupalem', 226);
INSERT INTO village (id, name, panchayat_id) VALUES (6397, 'Ainavolu', 226);
INSERT INTO village (id, name, panchayat_id) VALUES (6398, 'Ananthavaram', 226);
INSERT INTO village (id, name, panchayat_id) VALUES (6399, 'Borupalem', 226);
INSERT INTO village (id, name, panchayat_id) VALUES (6400, 'Dondapadu', 226);
INSERT INTO village (id, name, panchayat_id) VALUES (6401, 'Harischandrapuram', 226);
INSERT INTO village (id, name, panchayat_id) VALUES (6402, 'Kondan Rajupalem', 226);
INSERT INTO village (id, name, panchayat_id) VALUES (6403, 'Lingayapalem', 226);
INSERT INTO village (id, name, panchayat_id) VALUES (6404, 'Malkapuram', 226);
INSERT INTO village (id, name, panchayat_id) VALUES (6405, 'Mandadam', 226);
INSERT INTO village (id, name, panchayat_id) VALUES (6406, 'Nekkallu', 226);
INSERT INTO village (id, name, panchayat_id) VALUES (6407, 'Nelapadu', 226);
INSERT INTO village (id, name, panchayat_id) VALUES (6408, 'Pedaparimi', 226);
INSERT INTO village (id, name, panchayat_id) VALUES (6409, 'Pitchikalapalem', 226);
INSERT INTO village (id, name, panchayat_id) VALUES (6410, 'Rayapudi', 226);
INSERT INTO village (id, name, panchayat_id) VALUES (6411, 'Sakhamur', 226);
INSERT INTO village (id, name, panchayat_id) VALUES (6412, 'Thullur', 226);
INSERT INTO village (id, name, panchayat_id) VALUES (6413, 'Uddandarayunipalem', 226);
INSERT INTO village (id, name, panchayat_id) VALUES (6414, 'Vaddamanu', 226);
INSERT INTO village (id, name, panchayat_id) VALUES (6415, 'Velagapudi', 226);
INSERT INTO village (id, name, panchayat_id) VALUES (6416, 'Venkatapalem', 226);
INSERT INTO mandal (id, name, constituency_id) VALUES (227, 'Vatticherukuru', 10);
INSERT INTO panchayat (id, name, mandal_id) VALUES (227, 'Default Panchayat Vatticherukuru', 227);
INSERT INTO village (id, name, panchayat_id) VALUES (6417, 'Ananthavarappadu', 227);
INSERT INTO village (id, name, panchayat_id) VALUES (6418, 'Chamallamudi', 227);
INSERT INTO village (id, name, panchayat_id) VALUES (6419, 'Garapadu', 227);
INSERT INTO village (id, name, panchayat_id) VALUES (6420, 'Karempudipadu', 227);
INSERT INTO village (id, name, panchayat_id) VALUES (6421, 'Katrapadu', 227);
INSERT INTO village (id, name, panchayat_id) VALUES (6422, 'Kornepadu', 227);
INSERT INTO village (id, name, panchayat_id) VALUES (6423, 'Kovelamudi', 227);
INSERT INTO village (id, name, panchayat_id) VALUES (6424, 'Kurnoothala', 227);
INSERT INTO village (id, name, panchayat_id) VALUES (6425, 'Lemallepadu', 227);
INSERT INTO village (id, name, panchayat_id) VALUES (6426, 'Mutluru', 227);
INSERT INTO village (id, name, panchayat_id) VALUES (6427, 'Pallapadu', 227);
INSERT INTO village (id, name, panchayat_id) VALUES (6428, 'Vatticherukuru', 227);
INSERT INTO village (id, name, panchayat_id) VALUES (6429, 'Yamarru', 227);
INSERT INTO district (id, name, state_id) VALUES (11, 'Kakinada', 1);
INSERT INTO constituency (id, name, district_id, mla_name, mp_name) VALUES (11, 'Default Constituency Kakinada', 11, 'Pending MLA', 'Pending MP');
INSERT INTO mandal (id, name, constituency_id) VALUES (228, 'Gandepalli', 11);
INSERT INTO panchayat (id, name, mandal_id) VALUES (228, 'Default Panchayat Gandepalli', 228);
INSERT INTO village (id, name, panchayat_id) VALUES (6430, 'Borrampalem', 228);
INSERT INTO village (id, name, panchayat_id) VALUES (6431, 'Gandepalle', 228);
INSERT INTO village (id, name, panchayat_id) VALUES (6432, 'Mallepalle', 228);
INSERT INTO village (id, name, panchayat_id) VALUES (6433, 'Murari', 228);
INSERT INTO village (id, name, panchayat_id) VALUES (6434, 'North Tirupathi Rajapuram', 228);
INSERT INTO village (id, name, panchayat_id) VALUES (6435, 'P.Nayakampalle', 228);
INSERT INTO village (id, name, panchayat_id) VALUES (6436, 'Pro. Ragampeta', 228);
INSERT INTO village (id, name, panchayat_id) VALUES (6437, 'Singarampalem', 228);
INSERT INTO village (id, name, panchayat_id) VALUES (6438, 'Surampalem', 228);
INSERT INTO village (id, name, panchayat_id) VALUES (6439, 'Talluru', 228);
INSERT INTO village (id, name, panchayat_id) VALUES (6440, 'Uppalapadu', 228);
INSERT INTO village (id, name, panchayat_id) VALUES (6441, 'Yellamilli', 228);
INSERT INTO village (id, name, panchayat_id) VALUES (6442, 'Yerrampalem', 228);
INSERT INTO mandal (id, name, constituency_id) VALUES (229, 'Gollaprolu', 11);
INSERT INTO panchayat (id, name, mandal_id) VALUES (229, 'Default Panchayat Gollaprolu', 229);
INSERT INTO village (id, name, panchayat_id) VALUES (6443, 'Chebrolu', 229);
INSERT INTO village (id, name, panchayat_id) VALUES (6444, 'Chendurthi', 229);
INSERT INTO village (id, name, panchayat_id) VALUES (6445, 'China Jaggampeta', 229);
INSERT INTO village (id, name, panchayat_id) VALUES (6446, 'Durgada', 229);
INSERT INTO village (id, name, panchayat_id) VALUES (6447, 'Gollaprolu', 229);
INSERT INTO village (id, name, panchayat_id) VALUES (6448, 'Kodavali', 229);
INSERT INTO village (id, name, panchayat_id) VALUES (6449, 'Laxmipuram', 229);
INSERT INTO village (id, name, panchayat_id) VALUES (6450, 'Mallavaram', 229);
INSERT INTO village (id, name, panchayat_id) VALUES (6451, 'Seethanagaram', 229);
INSERT INTO village (id, name, panchayat_id) VALUES (6452, 'Tatiparthi', 229);
INSERT INTO village (id, name, panchayat_id) VALUES (6453, 'Vannepudi', 229);
INSERT INTO village (id, name, panchayat_id) VALUES (6454, 'Vijayanagaram', 229);
INSERT INTO mandal (id, name, constituency_id) VALUES (230, 'Jaggampeta', 11);
INSERT INTO panchayat (id, name, mandal_id) VALUES (230, 'Default Panchayat Jaggampeta', 230);
INSERT INTO village (id, name, panchayat_id) VALUES (6455, 'Balabhadrapuram', 230);
INSERT INTO village (id, name, panchayat_id) VALUES (6456, 'Gollalagunta', 230);
INSERT INTO village (id, name, panchayat_id) VALUES (6457, 'Govindapuram', 230);
INSERT INTO village (id, name, panchayat_id) VALUES (6458, 'Gurrappalem', 230);
INSERT INTO village (id, name, panchayat_id) VALUES (6459, 'Irripaka', 230);
INSERT INTO village (id, name, panchayat_id) VALUES (6460, 'Jaggampeta', 230);
INSERT INTO village (id, name, panchayat_id) VALUES (6461, 'J. Kothuru', 230);
INSERT INTO village (id, name, panchayat_id) VALUES (6462, 'Kandregula', 230);
INSERT INTO village (id, name, panchayat_id) VALUES (6463, 'Katravulapalle', 230);
INSERT INTO village (id, name, panchayat_id) VALUES (6464, 'Mallisala', 230);
INSERT INTO village (id, name, panchayat_id) VALUES (6465, 'Mamidada', 230);
INSERT INTO village (id, name, panchayat_id) VALUES (6466, 'Manyanvaripalem', 230);
INSERT INTO village (id, name, panchayat_id) VALUES (6467, 'Marripaka', 230);
INSERT INTO village (id, name, panchayat_id) VALUES (6468, 'Narendrapatnam', 230);
INSERT INTO village (id, name, panchayat_id) VALUES (6469, 'Rajapudi', 230);
INSERT INTO village (id, name, panchayat_id) VALUES (6470, 'Ramavaram', 230);
INSERT INTO village (id, name, panchayat_id) VALUES (6471, 'Seethampeta', 230);
INSERT INTO village (id, name, panchayat_id) VALUES (6472, 'Seethanagaram', 230);
INSERT INTO village (id, name, panchayat_id) VALUES (6473, 'Tirupatirajupeta', 230);
INSERT INTO mandal (id, name, constituency_id) VALUES (231, 'Kajuluru', 11);
INSERT INTO panchayat (id, name, mandal_id) VALUES (231, 'Default Panchayat Kajuluru', 231);
INSERT INTO village (id, name, panchayat_id) VALUES (6474, 'Andrangi', 231);
INSERT INTO village (id, name, panchayat_id) VALUES (6475, 'Aryavatam', 231);
INSERT INTO village (id, name, panchayat_id) VALUES (6476, 'Bandanapudi', 231);
INSERT INTO village (id, name, panchayat_id) VALUES (6477, 'Cheduvada', 231);
INSERT INTO village (id, name, panchayat_id) VALUES (6478, 'Duggudurru', 231);
INSERT INTO village (id, name, panchayat_id) VALUES (6479, 'Gollapalem', 231);
INSERT INTO village (id, name, panchayat_id) VALUES (6480, 'Ithapudi', 231);
INSERT INTO village (id, name, panchayat_id) VALUES (6481, 'Jagannathagiri', 231);
INSERT INTO village (id, name, panchayat_id) VALUES (6482, 'Kajuluru', 231);
INSERT INTO village (id, name, panchayat_id) VALUES (6483, 'Kolanka', 231);
INSERT INTO village (id, name, panchayat_id) VALUES (6484, 'Kuyyeru', 231);
INSERT INTO village (id, name, panchayat_id) VALUES (6485, 'Manjeru', 231);
INSERT INTO village (id, name, panchayat_id) VALUES (6486, 'Mathukumilli', 231);
INSERT INTO village (id, name, panchayat_id) VALUES (6487, 'Namavanipalem', 231);
INSERT INTO village (id, name, panchayat_id) VALUES (6488, 'Ontitadu', 231);
INSERT INTO village (id, name, panchayat_id) VALUES (6489, 'Pallipalem', 231);
INSERT INTO village (id, name, panchayat_id) VALUES (6490, 'Pedalanka', 231);
INSERT INTO village (id, name, panchayat_id) VALUES (6491, 'Penumalla', 231);
INSERT INTO village (id, name, panchayat_id) VALUES (6492, 'Seela', 231);
INSERT INTO village (id, name, panchayat_id) VALUES (6493, 'Selapaka', 231);
INSERT INTO village (id, name, panchayat_id) VALUES (6494, 'Tanukuwada', 231);
INSERT INTO village (id, name, panchayat_id) VALUES (6495, 'Tanumalla', 231);
INSERT INTO village (id, name, panchayat_id) VALUES (6496, 'Tarlampudi', 231);
INSERT INTO village (id, name, panchayat_id) VALUES (6497, 'Tipparaju Palem', 231);
INSERT INTO village (id, name, panchayat_id) VALUES (6498, 'T. Mamidada', 231);
INSERT INTO village (id, name, panchayat_id) VALUES (6499, 'Uppumilli', 231);
INSERT INTO mandal (id, name, constituency_id) VALUES (232, 'Kakinada (Rural)', 11);
INSERT INTO panchayat (id, name, mandal_id) VALUES (232, 'Default Panchayat Kakinada (Rural)', 232);
INSERT INTO village (id, name, panchayat_id) VALUES (6500, 'Chidiga', 232);
INSERT INTO village (id, name, panchayat_id) VALUES (6501, 'Chidiga (Ct)', 232);
INSERT INTO village (id, name, panchayat_id) VALUES (6502, 'Ganganapalle', 232);
INSERT INTO village (id, name, panchayat_id) VALUES (6503, 'Ganganapalli (Og)', 232);
INSERT INTO village (id, name, panchayat_id) VALUES (6504, 'Indrapalem', 232);
INSERT INTO village (id, name, panchayat_id) VALUES (6505, 'Kovvada', 232);
INSERT INTO village (id, name, panchayat_id) VALUES (6506, 'Kovvuru', 232);
INSERT INTO village (id, name, panchayat_id) VALUES (6507, 'Nemam', 232);
INSERT INTO village (id, name, panchayat_id) VALUES (6508, 'Panduru', 232);
INSERT INTO village (id, name, panchayat_id) VALUES (6509, 'Penumarthi', 232);
INSERT INTO village (id, name, panchayat_id) VALUES (6510, 'Ramanayyapeta', 232);
INSERT INTO village (id, name, panchayat_id) VALUES (6511, 'Ramanayyapeta (Ct)', 232);
INSERT INTO village (id, name, panchayat_id) VALUES (6512, 'Repuru', 232);
INSERT INTO village (id, name, panchayat_id) VALUES (6513, 'Sarpavaram (Og)', 232);
INSERT INTO village (id, name, panchayat_id) VALUES (6514, 'S. Atchutapuram', 232);
INSERT INTO village (id, name, panchayat_id) VALUES (6515, 'Suryaraopeta (Ct)', 232);
INSERT INTO village (id, name, panchayat_id) VALUES (6516, 'Thammavaram', 232);
INSERT INTO village (id, name, panchayat_id) VALUES (6517, 'Thimmapuram', 232);
INSERT INTO village (id, name, panchayat_id) VALUES (6518, 'Turangi', 232);
INSERT INTO village (id, name, panchayat_id) VALUES (6519, 'Turangi (Og)', 232);
INSERT INTO village (id, name, panchayat_id) VALUES (6520, 'Vakalapudi', 232);
INSERT INTO village (id, name, panchayat_id) VALUES (6521, 'Vakalapudi (Og)', 232);
INSERT INTO mandal (id, name, constituency_id) VALUES (233, 'Kakinada (Urban)', 11);
INSERT INTO panchayat (id, name, mandal_id) VALUES (233, 'Default Panchayat Kakinada (Urban)', 233);
INSERT INTO village (id, name, panchayat_id) VALUES (6522, 'Kakinada', 233);
INSERT INTO village (id, name, panchayat_id) VALUES (6523, 'Medalinu', 233);
INSERT INTO mandal (id, name, constituency_id) VALUES (234, 'Karapa', 11);
INSERT INTO panchayat (id, name, mandal_id) VALUES (234, 'Default Panchayat Karapa', 234);
INSERT INTO village (id, name, panchayat_id) VALUES (6524, 'Aratlakatta', 234);
INSERT INTO village (id, name, panchayat_id) VALUES (6525, 'China Mamidada', 234);
INSERT INTO village (id, name, panchayat_id) VALUES (6526, 'G. Bhavaram', 234);
INSERT INTO village (id, name, panchayat_id) VALUES (6527, 'Gorripudi', 234);
INSERT INTO village (id, name, panchayat_id) VALUES (6528, 'Gurajanapalle', 234);
INSERT INTO village (id, name, panchayat_id) VALUES (6529, 'Karapa', 234);
INSERT INTO village (id, name, panchayat_id) VALUES (6530, 'Kongodu', 234);
INSERT INTO village (id, name, panchayat_id) VALUES (6531, 'Koripalle', 234);
INSERT INTO village (id, name, panchayat_id) VALUES (6532, 'Kurada', 234);
INSERT INTO village (id, name, panchayat_id) VALUES (6533, 'Nadakuduru', 234);
INSERT INTO village (id, name, panchayat_id) VALUES (6534, 'Patharlagadda', 234);
INSERT INTO village (id, name, panchayat_id) VALUES (6535, 'Peddapurapadu', 234);
INSERT INTO village (id, name, panchayat_id) VALUES (6536, 'Penuguduru', 234);
INSERT INTO village (id, name, panchayat_id) VALUES (6537, 'Siripuram', 234);
INSERT INTO village (id, name, panchayat_id) VALUES (6538, 'Vakada', 234);
INSERT INTO village (id, name, panchayat_id) VALUES (6539, 'Velangi', 234);
INSERT INTO village (id, name, panchayat_id) VALUES (6540, 'Vemulavada', 234);
INSERT INTO village (id, name, panchayat_id) VALUES (6541, 'Yandamuru', 234);
INSERT INTO village (id, name, panchayat_id) VALUES (6542, 'Z. Bhavaram', 234);
INSERT INTO mandal (id, name, constituency_id) VALUES (235, 'Kirlampudi', 11);
INSERT INTO panchayat (id, name, mandal_id) VALUES (235, 'Default Panchayat Kirlampudi', 235);
INSERT INTO village (id, name, panchayat_id) VALUES (6543, 'Bhupalapatnam', 235);
INSERT INTO village (id, name, panchayat_id) VALUES (6544, 'Burugupudi', 235);
INSERT INTO village (id, name, panchayat_id) VALUES (6545, 'Chillangi', 235);
INSERT INTO village (id, name, panchayat_id) VALUES (6546, 'Geddanapalle', 235);
INSERT INTO village (id, name, panchayat_id) VALUES (6547, 'Goneda', 235);
INSERT INTO village (id, name, panchayat_id) VALUES (6548, 'Jagapathinagaram', 235);
INSERT INTO village (id, name, panchayat_id) VALUES (6549, 'Kirlampudi', 235);
INSERT INTO village (id, name, panchayat_id) VALUES (6550, 'Krishnavaram', 235);
INSERT INTO village (id, name, panchayat_id) VALUES (6551, 'Mukkollu', 235);
INSERT INTO village (id, name, panchayat_id) VALUES (6552, 'Palem', 235);
INSERT INTO village (id, name, panchayat_id) VALUES (6553, 'Rajupalem', 235);
INSERT INTO village (id, name, panchayat_id) VALUES (6554, 'Ramachandra Puram', 235);
INSERT INTO village (id, name, panchayat_id) VALUES (6555, 'Ramakrishnapuram', 235);
INSERT INTO village (id, name, panchayat_id) VALUES (6556, 'Simhadri Puram', 235);
INSERT INTO village (id, name, panchayat_id) VALUES (6557, 'Somanarayani Peta', 235);
INSERT INTO village (id, name, panchayat_id) VALUES (6558, 'Somavaram', 235);
INSERT INTO village (id, name, panchayat_id) VALUES (6559, 'S. Thimmapuram', 235);
INSERT INTO village (id, name, panchayat_id) VALUES (6560, 'Sungarayunipalem', 235);
INSERT INTO village (id, name, panchayat_id) VALUES (6561, 'Thamarada', 235);
INSERT INTO village (id, name, panchayat_id) VALUES (6562, 'Veeravaram', 235);
INSERT INTO village (id, name, panchayat_id) VALUES (6563, 'Velanka', 235);
INSERT INTO mandal (id, name, constituency_id) VALUES (236, 'Kotananduru', 11);
INSERT INTO panchayat (id, name, mandal_id) VALUES (236, 'Default Panchayat Kotananduru', 236);
INSERT INTO village (id, name, panchayat_id) VALUES (6564, 'Allipudi', 236);
INSERT INTO village (id, name, panchayat_id) VALUES (6565, 'Arthamuru', 236);
INSERT INTO village (id, name, panchayat_id) VALUES (6566, 'Bhimavarapukota', 236);
INSERT INTO village (id, name, panchayat_id) VALUES (6567, 'Billananduru', 236);
INSERT INTO village (id, name, panchayat_id) VALUES (6568, 'Boddavaram', 236);
INSERT INTO village (id, name, panchayat_id) VALUES (6569, 'Darakonda', 236);
INSERT INTO village (id, name, panchayat_id) VALUES (6570, 'Indugapalle', 236);
INSERT INTO village (id, name, panchayat_id) VALUES (6571, 'Kakarapalle', 236);
INSERT INTO village (id, name, panchayat_id) VALUES (6572, 'Kamatam Mallavaram', 236);
INSERT INTO village (id, name, panchayat_id) VALUES (6573, 'K. E. Chinnayyapalem', 236);
INSERT INTO village (id, name, panchayat_id) VALUES (6574, 'Koppaka Agraharam', 236);
INSERT INTO village (id, name, panchayat_id) VALUES (6575, 'Kotananduru', 236);
INSERT INTO village (id, name, panchayat_id) VALUES (6576, 'Kottam', 236);
INSERT INTO village (id, name, panchayat_id) VALUES (6577, 'Lakshmidevipeta', 236);
INSERT INTO village (id, name, panchayat_id) VALUES (6578, 'Surapurajupeta', 236);
INSERT INTO village (id, name, panchayat_id) VALUES (6579, 'Thatipaka Jagan Nadha Nagaram', 236);
INSERT INTO mandal (id, name, constituency_id) VALUES (237, 'Pedapudi', 11);
INSERT INTO panchayat (id, name, mandal_id) VALUES (237, 'Default Panchayat Pedapudi', 237);
INSERT INTO village (id, name, panchayat_id) VALUES (6580, 'Atchutapuratrayam', 237);
INSERT INTO village (id, name, panchayat_id) VALUES (6581, 'Chintapalle', 237);
INSERT INTO village (id, name, panchayat_id) VALUES (6582, 'Domada', 237);
INSERT INTO village (id, name, panchayat_id) VALUES (6583, 'Gandredu', 237);
INSERT INTO village (id, name, panchayat_id) VALUES (6584, 'G. Mamidada', 237);
INSERT INTO village (id, name, panchayat_id) VALUES (6585, 'Kaikavolu', 237);
INSERT INTO village (id, name, panchayat_id) VALUES (6586, 'Kandregula', 237);
INSERT INTO village (id, name, panchayat_id) VALUES (6587, 'Karakuduru', 237);
INSERT INTO village (id, name, panchayat_id) VALUES (6588, 'Kumarapriyam', 237);
INSERT INTO village (id, name, panchayat_id) VALUES (6589, 'Pedapudi', 237);
INSERT INTO village (id, name, panchayat_id) VALUES (6590, 'Peddada', 237);
INSERT INTO village (id, name, panchayat_id) VALUES (6591, 'Puttakonda', 237);
INSERT INTO village (id, name, panchayat_id) VALUES (6592, 'Pyna', 237);
INSERT INTO village (id, name, panchayat_id) VALUES (6593, 'Rajupalem', 237);
INSERT INTO village (id, name, panchayat_id) VALUES (6594, 'Sahapuram', 237);
INSERT INTO village (id, name, panchayat_id) VALUES (6595, 'Sampara', 237);
INSERT INTO village (id, name, panchayat_id) VALUES (6596, 'Vendra', 237);
INSERT INTO mandal (id, name, constituency_id) VALUES (238, 'Peddapuram', 11);
INSERT INTO panchayat (id, name, mandal_id) VALUES (238, 'Default Panchayat Peddapuram', 238);
INSERT INTO village (id, name, panchayat_id) VALUES (6597, 'Anuru', 238);
INSERT INTO village (id, name, panchayat_id) VALUES (6598, 'Chadalada', 238);
INSERT INTO village (id, name, panchayat_id) VALUES (6599, 'Chandramampalle', 238);
INSERT INTO village (id, name, panchayat_id) VALUES (6600, 'Chinabrahmadevam', 238);
INSERT INTO village (id, name, panchayat_id) VALUES (6601, 'Divili', 238);
INSERT INTO village (id, name, panchayat_id) VALUES (6602, 'Gorinta', 238);
INSERT INTO village (id, name, panchayat_id) VALUES (6603, 'G. Ragampeta', 238);
INSERT INTO village (id, name, panchayat_id) VALUES (6604, 'Gudivada', 238);
INSERT INTO village (id, name, panchayat_id) VALUES (6605, 'J. Thimmapuram', 238);
INSERT INTO village (id, name, panchayat_id) VALUES (6606, 'Kandrakota', 238);
INSERT INTO village (id, name, panchayat_id) VALUES (6607, 'Kattamuru', 238);
INSERT INTO village (id, name, panchayat_id) VALUES (6608, 'Marlava', 238);
INSERT INTO village (id, name, panchayat_id) VALUES (6609, 'Peddapuram', 238);
INSERT INTO village (id, name, panchayat_id) VALUES (6610, 'Pulimeru', 238);
INSERT INTO village (id, name, panchayat_id) VALUES (6611, 'Rameswaram', 238);
INSERT INTO village (id, name, panchayat_id) VALUES (6612, 'Rayabhupalapatnam', 238);
INSERT INTO village (id, name, panchayat_id) VALUES (6613, 'Sirivada', 238);
INSERT INTO village (id, name, panchayat_id) VALUES (6614, 'Tatiparthi', 238);
INSERT INTO village (id, name, panchayat_id) VALUES (6615, 'Tirupati', 238);
INSERT INTO village (id, name, panchayat_id) VALUES (6616, 'Ulimeswaram', 238);
INSERT INTO village (id, name, panchayat_id) VALUES (6617, 'Vadlamuru', 238);
INSERT INTO village (id, name, panchayat_id) VALUES (6618, 'Valuthimmapuram', 238);
INSERT INTO mandal (id, name, constituency_id) VALUES (239, 'Pithapuram', 11);
INSERT INTO panchayat (id, name, mandal_id) VALUES (239, 'Default Panchayat Pithapuram', 239);
INSERT INTO village (id, name, panchayat_id) VALUES (6619, 'Agraharam (R)', 239);
INSERT INTO village (id, name, panchayat_id) VALUES (6620, 'Bhogapuram', 239);
INSERT INTO village (id, name, panchayat_id) VALUES (6621, 'B. Kothuru', 239);
INSERT INTO village (id, name, panchayat_id) VALUES (6622, 'Chitrada', 239);
INSERT INTO village (id, name, panchayat_id) VALUES (6623, 'Fakruddinpalem', 239);
INSERT INTO village (id, name, panchayat_id) VALUES (6624, 'Gokivada', 239);
INSERT INTO village (id, name, panchayat_id) VALUES (6625, 'Govindarajupalem', 239);
INSERT INTO village (id, name, panchayat_id) VALUES (6626, 'Illindrada', 239);
INSERT INTO village (id, name, panchayat_id) VALUES (6627, 'Jagapathirajapuram', 239);
INSERT INTO village (id, name, panchayat_id) VALUES (6628, 'Jalluru', 239);
INSERT INTO village (id, name, panchayat_id) VALUES (6629, 'Jamulapalle', 239);
INSERT INTO village (id, name, panchayat_id) VALUES (6630, 'Kandarada', 239);
INSERT INTO village (id, name, panchayat_id) VALUES (6631, 'Kolanka', 239);
INSERT INTO village (id, name, panchayat_id) VALUES (6632, 'Kumarapuram (Og)', 239);
INSERT INTO village (id, name, panchayat_id) VALUES (6633, 'Madhavapuram', 239);
INSERT INTO village (id, name, panchayat_id) VALUES (6634, 'Mallam', 239);
INSERT INTO village (id, name, panchayat_id) VALUES (6635, 'Mangiturthi', 239);
INSERT INTO village (id, name, panchayat_id) VALUES (6636, 'Narasingapuram', 239);
INSERT INTO village (id, name, panchayat_id) VALUES (6637, 'Navakandravada', 239);
INSERT INTO village (id, name, panchayat_id) VALUES (6638, 'Pithapuram', 239);
INSERT INTO village (id, name, panchayat_id) VALUES (6639, 'Pro. Donthamuru', 239);
INSERT INTO village (id, name, panchayat_id) VALUES (6640, 'Pro. Rayavaram', 239);
INSERT INTO village (id, name, panchayat_id) VALUES (6641, 'Raparthi', 239);
INSERT INTO village (id, name, panchayat_id) VALUES (6642, 'Somavaram', 239);
INSERT INTO village (id, name, panchayat_id) VALUES (6643, 'Veeraraghavapuram', 239);
INSERT INTO village (id, name, panchayat_id) VALUES (6644, 'Veldurthi', 239);
INSERT INTO village (id, name, panchayat_id) VALUES (6645, 'Virava', 239);
INSERT INTO village (id, name, panchayat_id) VALUES (6646, 'Viravada', 239);
INSERT INTO village (id, name, panchayat_id) VALUES (6647, 'Arilla Dhara', 222);
INSERT INTO village (id, name, panchayat_id) VALUES (6648, 'Bapannadhara', 222);
INSERT INTO village (id, name, panchayat_id) VALUES (6649, 'Bavuruvaka', 222);
INSERT INTO village (id, name, panchayat_id) VALUES (6650, 'Buradakota', 222);
INSERT INTO village (id, name, panchayat_id) VALUES (6651, 'China Sankarlapudi', 222);
INSERT INTO village (id, name, panchayat_id) VALUES (6652, 'Chintaluru', 222);
INSERT INTO village (id, name, panchayat_id) VALUES (6653, 'Dharmavaram', 222);
INSERT INTO village (id, name, panchayat_id) VALUES (6654, 'Doparthi', 222);
INSERT INTO village (id, name, panchayat_id) VALUES (6655, 'Gajjanapudi', 222);
INSERT INTO village (id, name, panchayat_id) VALUES (6656, 'Girijanapuram', 222);
INSERT INTO village (id, name, panchayat_id) VALUES (6657, 'Gokavaram', 222);
INSERT INTO village (id, name, panchayat_id) VALUES (6658, 'K. Kothapalle', 222);
INSERT INTO village (id, name, panchayat_id) VALUES (6659, 'K. Mirthivada', 222);
INSERT INTO village (id, name, panchayat_id) VALUES (6660, 'Kondapalle', 222);
INSERT INTO village (id, name, panchayat_id) VALUES (6661, 'Kothuru', 222);
INSERT INTO village (id, name, panchayat_id) VALUES (6662, 'Lampakalova', 222);
INSERT INTO village (id, name, panchayat_id) VALUES (6663, 'Mettu Chintha', 222);
INSERT INTO village (id, name, panchayat_id) VALUES (6664, 'Pandavulapalem', 222);
INSERT INTO village (id, name, panchayat_id) VALUES (6665, 'Peda Sankarlapudi', 222);
INSERT INTO village (id, name, panchayat_id) VALUES (6666, 'Peddipalem', 222);
INSERT INTO village (id, name, panchayat_id) VALUES (6667, 'P. Jagannadhapuram', 222);
INSERT INTO village (id, name, panchayat_id) VALUES (6668, 'Podurupaka', 222);
INSERT INTO village (id, name, panchayat_id) VALUES (6669, 'Pothuluru', 222);
INSERT INTO village (id, name, panchayat_id) VALUES (6670, 'Rachapalle', 222);
INSERT INTO village (id, name, panchayat_id) VALUES (6671, 'Sarabhavaram', 222);
INSERT INTO village (id, name, panchayat_id) VALUES (6672, 'Seemusuru', 222);
INSERT INTO village (id, name, panchayat_id) VALUES (6673, 'Thaduvai', 222);
INSERT INTO village (id, name, panchayat_id) VALUES (6674, 'Thotakurapalem', 222);
INSERT INTO village (id, name, panchayat_id) VALUES (6675, 'Thotapalle', 222);
INSERT INTO village (id, name, panchayat_id) VALUES (6676, 'U. Jagannadhapuram', 222);
INSERT INTO village (id, name, panchayat_id) VALUES (6677, 'Uligogila', 222);
INSERT INTO village (id, name, panchayat_id) VALUES (6678, 'Uttarakanchi', 222);
INSERT INTO village (id, name, panchayat_id) VALUES (6679, 'Vakapalle', 222);
INSERT INTO village (id, name, panchayat_id) VALUES (6680, 'Vanthada', 222);
INSERT INTO village (id, name, panchayat_id) VALUES (6681, 'Vemulapalem', 222);
INSERT INTO village (id, name, panchayat_id) VALUES (6682, 'Venkatanagaram', 222);
INSERT INTO village (id, name, panchayat_id) VALUES (6683, 'Vommangi', 222);
INSERT INTO village (id, name, panchayat_id) VALUES (6684, 'Yeluru', 222);
INSERT INTO village (id, name, panchayat_id) VALUES (6685, 'Yerakampalem', 222);
INSERT INTO mandal (id, name, constituency_id) VALUES (240, 'Rowthulapudi', 11);
INSERT INTO panchayat (id, name, mandal_id) VALUES (240, 'Default Panchayat Rowthulapudi', 240);
INSERT INTO village (id, name, panchayat_id) VALUES (6686, 'A. Mallavaram', 240);
INSERT INTO village (id, name, panchayat_id) VALUES (6687, 'Anantharam', 240);
INSERT INTO village (id, name, panchayat_id) VALUES (6688, 'Balarampuram', 240);
INSERT INTO village (id, name, panchayat_id) VALUES (6689, 'Bapabhupalapatnam', 240);
INSERT INTO village (id, name, panchayat_id) VALUES (6690, 'Billavaka', 240);
INSERT INTO village (id, name, panchayat_id) VALUES (6691, 'Chakirevulapalem', 240);
INSERT INTO village (id, name, panchayat_id) VALUES (6692, 'Challeru', 240);
INSERT INTO village (id, name, panchayat_id) VALUES (6693, 'China Mallapuram', 240);
INSERT INTO village (id, name, panchayat_id) VALUES (6694, 'Dabbadi', 240);
INSERT INTO village (id, name, panchayat_id) VALUES (6695, 'Dhara Jagannadhapuram', 240);
INSERT INTO village (id, name, panchayat_id) VALUES (6696, 'Diguvadarapalle', 240);
INSERT INTO village (id, name, panchayat_id) VALUES (6697, 'Diguva Sivada', 240);
INSERT INTO village (id, name, panchayat_id) VALUES (6698, 'D. Pydipala', 240);
INSERT INTO village (id, name, panchayat_id) VALUES (6699, 'Gangavaram', 240);
INSERT INTO village (id, name, panchayat_id) VALUES (6700, 'Gidajam', 240);
INSERT INTO village (id, name, panchayat_id) VALUES (6701, 'Ginnelaram', 240);
INSERT INTO village (id, name, panchayat_id) VALUES (6702, 'Gummaregula', 240);
INSERT INTO village (id, name, panchayat_id) VALUES (6703, 'Jaldam', 240);
INSERT INTO village (id, name, panchayat_id) VALUES (6704, 'Koduru', 240);
INSERT INTO village (id, name, panchayat_id) VALUES (6705, 'Kondapalem', 240);
INSERT INTO village (id, name, panchayat_id) VALUES (6706, 'Kothuru', 240);
INSERT INTO village (id, name, panchayat_id) VALUES (6707, 'Latchireddipalem', 240);
INSERT INTO village (id, name, panchayat_id) VALUES (6708, 'Meraka Chamavaram', 240);
INSERT INTO village (id, name, panchayat_id) VALUES (6709, 'Mulagapudi', 240);
INSERT INTO village (id, name, panchayat_id) VALUES (6710, 'Namagiri Narendrapatnam', 240);
INSERT INTO village (id, name, panchayat_id) VALUES (6711, 'Pallapu Chamavaram', 240);
INSERT INTO village (id, name, panchayat_id) VALUES (6712, 'Parupaka', 240);
INSERT INTO village (id, name, panchayat_id) VALUES (6713, 'Pedduru', 240);
INSERT INTO village (id, name, panchayat_id) VALUES (6714, 'Raghavapatnam', 240);
INSERT INTO village (id, name, panchayat_id) VALUES (6715, 'Rajavaram', 240);
INSERT INTO village (id, name, panchayat_id) VALUES (6716, 'Ramakrishnapuram', 240);
INSERT INTO village (id, name, panchayat_id) VALUES (6717, 'Rowthulapudi', 240);
INSERT INTO village (id, name, panchayat_id) VALUES (6718, 'R. Venkatapuram', 240);
INSERT INTO village (id, name, panchayat_id) VALUES (6719, 'Santha Pydipala', 240);
INSERT INTO village (id, name, panchayat_id) VALUES (6720, 'Sarlanka', 240);
INSERT INTO village (id, name, panchayat_id) VALUES (6721, 'Satyavaram', 240);
INSERT INTO village (id, name, panchayat_id) VALUES (6722, 'Srungadhara Agraharam', 240);
INSERT INTO village (id, name, panchayat_id) VALUES (6723, 'Srungavaram', 240);
INSERT INTO village (id, name, panchayat_id) VALUES (6724, 'Surampeta', 240);
INSERT INTO village (id, name, panchayat_id) VALUES (6725, 'Tirupatammapeta', 240);
INSERT INTO village (id, name, panchayat_id) VALUES (6726, 'Uppampalem', 240);
INSERT INTO village (id, name, panchayat_id) VALUES (6727, 'Venkatanagaram', 240);
INSERT INTO village (id, name, panchayat_id) VALUES (6728, 'Yeguvadarapalle', 240);
INSERT INTO village (id, name, panchayat_id) VALUES (6729, 'Yeguvasivada', 240);
INSERT INTO mandal (id, name, constituency_id) VALUES (241, 'Samalkota', 11);
INSERT INTO panchayat (id, name, mandal_id) VALUES (241, 'Default Panchayat Samalkota', 241);
INSERT INTO village (id, name, panchayat_id) VALUES (6730, 'Bhimavaram', 241);
INSERT INTO village (id, name, panchayat_id) VALUES (6731, 'Boyanapudi', 241);
INSERT INTO village (id, name, panchayat_id) VALUES (6732, 'G. Medapadu', 241);
INSERT INTO village (id, name, panchayat_id) VALUES (6733, 'Jaggammagaripeta (R)', 241);
INSERT INTO village (id, name, panchayat_id) VALUES (6734, 'Kapavaram', 241);
INSERT INTO village (id, name, panchayat_id) VALUES (6735, 'Koppavaram', 241);
INSERT INTO village (id, name, panchayat_id) VALUES (6736, 'Madhavapatnam', 241);
INSERT INTO village (id, name, panchayat_id) VALUES (6737, 'Mamilladoddi', 241);
INSERT INTO village (id, name, panchayat_id) VALUES (6738, 'Navara', 241);
INSERT INTO village (id, name, panchayat_id) VALUES (6739, 'Panasapadu', 241);
INSERT INTO village (id, name, panchayat_id) VALUES (6740, 'Pandravada', 241);
INSERT INTO village (id, name, panchayat_id) VALUES (6741, 'Pavara', 241);
INSERT INTO village (id, name, panchayat_id) VALUES (6742, 'Pedabrahmadevam', 241);
INSERT INTO village (id, name, panchayat_id) VALUES (6743, 'P. Vemavaram', 241);
INSERT INTO village (id, name, panchayat_id) VALUES (6744, 'Samalkota', 241);
INSERT INTO village (id, name, panchayat_id) VALUES (6745, 'Unduru', 241);
INSERT INTO village (id, name, panchayat_id) VALUES (6746, 'Valluru', 241);
INSERT INTO village (id, name, panchayat_id) VALUES (6747, 'Venkata Krishnarayapuram', 241);
INSERT INTO village (id, name, panchayat_id) VALUES (6748, 'Vetlapalem', 241);
INSERT INTO mandal (id, name, constituency_id) VALUES (242, 'Sankhavaram', 11);
INSERT INTO panchayat (id, name, mandal_id) VALUES (242, 'Default Panchayat Sankhavaram', 242);
INSERT INTO village (id, name, panchayat_id) VALUES (6749, 'Ammirekhala', 242);
INSERT INTO village (id, name, panchayat_id) VALUES (6750, 'Ankampalem', 242);
INSERT INTO village (id, name, panchayat_id) VALUES (6751, 'Annavaram', 242);
INSERT INTO village (id, name, panchayat_id) VALUES (6752, 'Anumarthi', 242);
INSERT INTO village (id, name, panchayat_id) VALUES (6753, 'Arempudi (Ct)', 242);
INSERT INTO village (id, name, panchayat_id) VALUES (6754, 'Atchampeta', 242);
INSERT INTO village (id, name, panchayat_id) VALUES (6755, 'Avethi', 242);
INSERT INTO village (id, name, panchayat_id) VALUES (6756, 'Dhara Mallapuram', 242);
INSERT INTO village (id, name, panchayat_id) VALUES (6757, 'Gondhi', 242);
INSERT INTO village (id, name, panchayat_id) VALUES (6758, 'Gondhi Kothapalle', 242);
INSERT INTO village (id, name, panchayat_id) VALUES (6759, 'Gowrampeta', 242);
INSERT INTO village (id, name, panchayat_id) VALUES (6760, 'Jagannadhapuram', 242);
INSERT INTO village (id, name, panchayat_id) VALUES (6761, 'Jaggampeta', 242);
INSERT INTO village (id, name, panchayat_id) VALUES (6762, 'Kathipudi', 242);
INSERT INTO village (id, name, panchayat_id) VALUES (6763, 'Kondempudi', 242);
INSERT INTO village (id, name, panchayat_id) VALUES (6764, 'Konthangi', 242);
INSERT INTO village (id, name, panchayat_id) VALUES (6765, 'Mandapam', 242);
INSERT INTO village (id, name, panchayat_id) VALUES (6766, 'Masampalle', 242);
INSERT INTO village (id, name, panchayat_id) VALUES (6767, 'Nellipudi', 242);
INSERT INTO village (id, name, panchayat_id) VALUES (6768, 'Ondregula', 242);
INSERT INTO village (id, name, panchayat_id) VALUES (6769, 'Pedamallapuram', 242);
INSERT INTO village (id, name, panchayat_id) VALUES (6770, 'Polavaram', 242);
INSERT INTO village (id, name, panchayat_id) VALUES (6771, 'Rajaram', 242);
INSERT INTO village (id, name, panchayat_id) VALUES (6772, 'Ramannapalem', 242);
INSERT INTO village (id, name, panchayat_id) VALUES (6773, 'Sankhavaram', 242);
INSERT INTO village (id, name, panchayat_id) VALUES (6774, 'Seethayampeta', 242);
INSERT INTO village (id, name, panchayat_id) VALUES (6775, 'Siddivaripalem', 242);
INSERT INTO village (id, name, panchayat_id) VALUES (6776, 'Srungadhara', 242);
INSERT INTO village (id, name, panchayat_id) VALUES (6777, 'Vadrevu Venkatapuram', 242);
INSERT INTO village (id, name, panchayat_id) VALUES (6778, 'Vazrakutam', 242);
INSERT INTO village (id, name, panchayat_id) VALUES (6779, 'Velangi', 242);
INSERT INTO village (id, name, panchayat_id) VALUES (6780, 'Yarakapuram', 242);
INSERT INTO mandal (id, name, constituency_id) VALUES (243, 'Tallarevu', 11);
INSERT INTO panchayat (id, name, mandal_id) VALUES (243, 'Default Panchayat Tallarevu', 243);
INSERT INTO village (id, name, panchayat_id) VALUES (6781, 'Chollangi', 243);
INSERT INTO village (id, name, panchayat_id) VALUES (6782, 'Chollangi Peta', 243);
INSERT INTO village (id, name, panchayat_id) VALUES (6783, 'G. Vemavaram', 243);
INSERT INTO village (id, name, panchayat_id) VALUES (6784, 'Injaram', 243);
INSERT INTO village (id, name, panchayat_id) VALUES (6785, 'Koringa', 243);
INSERT INTO village (id, name, panchayat_id) VALUES (6786, 'Latchipalem', 243);
INSERT INTO village (id, name, panchayat_id) VALUES (6787, 'Neelapalle', 243);
INSERT INTO village (id, name, panchayat_id) VALUES (6788, 'Patavala', 243);
INSERT INTO village (id, name, panchayat_id) VALUES (6789, 'Pillanka', 243);
INSERT INTO village (id, name, panchayat_id) VALUES (6790, 'P. Mallavaram', 243);
INSERT INTO village (id, name, panchayat_id) VALUES (6791, 'Polekurru', 243);
INSERT INTO village (id, name, panchayat_id) VALUES (6792, 'Sunkarapalem', 243);
INSERT INTO village (id, name, panchayat_id) VALUES (6793, 'Uppangala', 243);
INSERT INTO mandal (id, name, constituency_id) VALUES (244, 'Thondangi', 11);
INSERT INTO panchayat (id, name, mandal_id) VALUES (244, 'Default Panchayat Thondangi', 244);
INSERT INTO village (id, name, panchayat_id) VALUES (6794, 'A. Kothapalle', 244);
INSERT INTO village (id, name, panchayat_id) VALUES (6795, 'Anuru', 244);
INSERT INTO village (id, name, panchayat_id) VALUES (6796, 'A.V.Nagaram', 244);
INSERT INTO village (id, name, panchayat_id) VALUES (6797, 'Bendapudi', 244);
INSERT INTO village (id, name, panchayat_id) VALUES (6798, 'Gopalapatnam', 244);
INSERT INTO village (id, name, panchayat_id) VALUES (6799, 'Kommanapalle', 244);
INSERT INTO village (id, name, panchayat_id) VALUES (6800, 'Kona Forest', 244);
INSERT INTO village (id, name, panchayat_id) VALUES (6801, 'Krishnapuram', 244);
INSERT INTO village (id, name, panchayat_id) VALUES (6802, 'P. Agraharam', 244);
INSERT INTO village (id, name, panchayat_id) VALUES (6803, 'P.E.Chinnayapalem', 244);
INSERT INTO village (id, name, panchayat_id) VALUES (6804, 'Pydikonda', 244);
INSERT INTO village (id, name, panchayat_id) VALUES (6805, 'Ravikampadu', 244);
INSERT INTO village (id, name, panchayat_id) VALUES (6806, 'Srungavruksham', 244);
INSERT INTO village (id, name, panchayat_id) VALUES (6807, 'Thondangi', 244);
INSERT INTO village (id, name, panchayat_id) VALUES (6808, 'Vemavaram', 244);
INSERT INTO mandal (id, name, constituency_id) VALUES (245, 'Tuni', 11);
INSERT INTO panchayat (id, name, mandal_id) VALUES (245, 'Default Panchayat Tuni', 245);
INSERT INTO village (id, name, panchayat_id) VALUES (6809, 'Atikivaripalem', 245);
INSERT INTO village (id, name, panchayat_id) VALUES (6810, 'Ch. Agraharam', 245);
INSERT INTO village (id, name, panchayat_id) VALUES (6811, 'Chamavaram', 245);
INSERT INTO village (id, name, panchayat_id) VALUES (6812, 'Chepuru', 245);
INSERT INTO village (id, name, panchayat_id) VALUES (6813, 'Dondavaka', 245);
INSERT INTO village (id, name, panchayat_id) VALUES (6814, 'D. Polavaram', 245);
INSERT INTO village (id, name, panchayat_id) VALUES (6815, 'Hamsavaram', 245);
INSERT INTO village (id, name, panchayat_id) VALUES (6816, 'Kavalapadu', 245);
INSERT INTO village (id, name, panchayat_id) VALUES (6817, 'Kolimeru', 245);
INSERT INTO village (id, name, panchayat_id) VALUES (6818, 'K.O. Mallavaram', 245);
INSERT INTO village (id, name, panchayat_id) VALUES (6819, 'Kothakonda', 245);
INSERT INTO village (id, name, panchayat_id) VALUES (6820, 'Kothuru', 245);
INSERT INTO village (id, name, panchayat_id) VALUES (6821, 'Maruvada', 245);
INSERT INTO village (id, name, panchayat_id) VALUES (6822, 'Nandivampu', 245);
INSERT INTO village (id, name, panchayat_id) VALUES (6823, 'N. Suravaram', 245);
INSERT INTO village (id, name, panchayat_id) VALUES (6824, 'Rapaka', 245);
INSERT INTO village (id, name, panchayat_id) VALUES (6825, 'Rekhavanipalem', 245);
INSERT INTO village (id, name, panchayat_id) VALUES (6826, 'S. Annavaram (R)', 245);
INSERT INTO village (id, name, panchayat_id) VALUES (6827, 'Talluru', 245);
INSERT INTO village (id, name, panchayat_id) VALUES (6828, 'Tetagunta', 245);
INSERT INTO village (id, name, panchayat_id) VALUES (6829, 'Tuni', 245);
INSERT INTO village (id, name, panchayat_id) VALUES (6830, 'Valluru', 245);
INSERT INTO village (id, name, panchayat_id) VALUES (6831, 'Veeravaram', 245);
INSERT INTO mandal (id, name, constituency_id) VALUES (246, 'U.Kothapalli', 11);
INSERT INTO panchayat (id, name, mandal_id) VALUES (246, 'Default Panchayat U.Kothapalli', 246);
INSERT INTO village (id, name, panchayat_id) VALUES (6832, 'Amaravalli', 246);
INSERT INTO village (id, name, panchayat_id) VALUES (6833, 'Aminabada', 246);
INSERT INTO village (id, name, panchayat_id) VALUES (6834, 'Gorsa', 246);
INSERT INTO village (id, name, panchayat_id) VALUES (6835, 'Komaragiri', 246);
INSERT INTO village (id, name, panchayat_id) VALUES (6836, 'Kondevaram', 246);
INSERT INTO village (id, name, panchayat_id) VALUES (6837, 'Kotha Moolapeta', 246);
INSERT INTO village (id, name, panchayat_id) VALUES (6838, 'Kothapalle', 246);
INSERT INTO village (id, name, panchayat_id) VALUES (6839, 'Kutukudumilli', 246);
INSERT INTO village (id, name, panchayat_id) VALUES (6840, 'Mulapeta', 246);
INSERT INTO village (id, name, panchayat_id) VALUES (6841, 'Nagulapalle', 246);
INSERT INTO village (id, name, panchayat_id) VALUES (6842, 'P. Isukapalle', 246);
INSERT INTO village (id, name, panchayat_id) VALUES (6843, 'Ponnada', 246);
INSERT INTO village (id, name, panchayat_id) VALUES (6844, 'Ramanakkapeta', 246);
INSERT INTO village (id, name, panchayat_id) VALUES (6845, 'Sreeramnagar', 246);
INSERT INTO village (id, name, panchayat_id) VALUES (6846, 'Subbampeta', 246);
INSERT INTO village (id, name, panchayat_id) VALUES (6847, 'Uppada', 246);
INSERT INTO village (id, name, panchayat_id) VALUES (6848, 'Vakatippa', 246);
INSERT INTO village (id, name, panchayat_id) VALUES (6849, 'Yendapalle', 246);
INSERT INTO mandal (id, name, constituency_id) VALUES (247, 'Yeleswaram', 11);
INSERT INTO panchayat (id, name, mandal_id) VALUES (247, 'Default Panchayat Yeleswaram', 247);
INSERT INTO village (id, name, panchayat_id) VALUES (6850, 'Bhadravaram', 247);
INSERT INTO village (id, name, panchayat_id) VALUES (6851, 'C. Rayavaram', 247);
INSERT INTO village (id, name, panchayat_id) VALUES (6852, 'East Lakshmipuram', 247);
INSERT INTO village (id, name, panchayat_id) VALUES (6853, 'J. Annavaram', 247);
INSERT INTO village (id, name, panchayat_id) VALUES (6854, 'Lakkavaram', 247);
INSERT INTO village (id, name, panchayat_id) VALUES (6855, 'Lingamparthi', 247);
INSERT INTO village (id, name, panchayat_id) VALUES (6856, 'Marriveedu', 247);
INSERT INTO village (id, name, panchayat_id) VALUES (6857, 'Peddanapalle', 247);
INSERT INTO village (id, name, panchayat_id) VALUES (6858, 'Peravaram', 247);
INSERT INTO village (id, name, panchayat_id) VALUES (6859, 'Ramanayyapeta', 247);
INSERT INTO village (id, name, panchayat_id) VALUES (6860, 'Siripuram', 247);
INSERT INTO village (id, name, panchayat_id) VALUES (6861, 'Tirumali', 247);
INSERT INTO village (id, name, panchayat_id) VALUES (6862, 'Yeleswaram', 247);
INSERT INTO village (id, name, panchayat_id) VALUES (6863, 'Yerravaram', 247);
INSERT INTO district (id, name, state_id) VALUES (12, 'Krishna', 1);
INSERT INTO constituency (id, name, district_id, mla_name, mp_name) VALUES (12, 'Default Constituency Krishna', 12, 'Pending MLA', 'Pending MP');
INSERT INTO mandal (id, name, constituency_id) VALUES (248, 'Avanigadda', 12);
INSERT INTO panchayat (id, name, mandal_id) VALUES (248, 'Default Panchayat Avanigadda', 248);
INSERT INTO village (id, name, panchayat_id) VALUES (6864, 'Aswaraopalem', 248);
INSERT INTO village (id, name, panchayat_id) VALUES (6865, 'Avanigadda', 248);
INSERT INTO village (id, name, panchayat_id) VALUES (6866, 'Chiruvolu Lanka', 248);
INSERT INTO village (id, name, panchayat_id) VALUES (6867, 'Edlanka', 248);
INSERT INTO village (id, name, panchayat_id) VALUES (6868, 'Modumudi', 248);
INSERT INTO village (id, name, panchayat_id) VALUES (6869, 'Puligadda', 248);
INSERT INTO village (id, name, panchayat_id) VALUES (6870, 'Vekanuru', 248);
INSERT INTO mandal (id, name, constituency_id) VALUES (249, 'Bantumilli', 12);
INSERT INTO panchayat (id, name, mandal_id) VALUES (249, 'Default Panchayat Bantumilli', 249);
INSERT INTO village (id, name, panchayat_id) VALUES (6871, 'Amudalapalle', 249);
INSERT INTO village (id, name, panchayat_id) VALUES (6872, 'Arthamuru', 249);
INSERT INTO village (id, name, panchayat_id) VALUES (6873, 'Bantumilli', 249);
INSERT INTO village (id, name, panchayat_id) VALUES (6874, 'Barripadu', 249);
INSERT INTO village (id, name, panchayat_id) VALUES (6875, 'Chinatummidi', 249);
INSERT INTO village (id, name, panchayat_id) VALUES (6876, 'Chorampudi', 249);
INSERT INTO village (id, name, panchayat_id) VALUES (6877, 'Kanchadam', 249);
INSERT INTO village (id, name, panchayat_id) VALUES (6878, 'Korlapadu', 249);
INSERT INTO village (id, name, panchayat_id) VALUES (6879, 'Maddetipalle', 249);
INSERT INTO village (id, name, panchayat_id) VALUES (6880, 'Malleswaram', 249);
INSERT INTO village (id, name, panchayat_id) VALUES (6881, 'Manimeswaram', 249);
INSERT INTO village (id, name, panchayat_id) VALUES (6882, 'Mulaparru', 249);
INSERT INTO village (id, name, panchayat_id) VALUES (6883, 'Munjuluru', 249);
INSERT INTO village (id, name, panchayat_id) VALUES (6884, 'Narayanapuram', 249);
INSERT INTO village (id, name, panchayat_id) VALUES (6885, 'Peda Pandraka', 249);
INSERT INTO village (id, name, panchayat_id) VALUES (6886, 'Pedatummidi', 249);
INSERT INTO village (id, name, panchayat_id) VALUES (6887, 'Pendurru', 249);
INSERT INTO village (id, name, panchayat_id) VALUES (6888, 'Ramavarapumodi', 249);
INSERT INTO village (id, name, panchayat_id) VALUES (6889, 'Satuluru', 249);
INSERT INTO mandal (id, name, constituency_id) VALUES (250, 'Bapulapadu', 12);
INSERT INTO panchayat (id, name, mandal_id) VALUES (250, 'Default Panchayat Bapulapadu', 250);
INSERT INTO village (id, name, panchayat_id) VALUES (6890, 'Ampapuram', 250);
INSERT INTO village (id, name, panchayat_id) VALUES (6891, 'Arugolanu', 250);
INSERT INTO village (id, name, panchayat_id) VALUES (6892, 'Bandarugudem', 250);
INSERT INTO village (id, name, panchayat_id) VALUES (6893, 'Bapulapadu', 250);
INSERT INTO village (id, name, panchayat_id) VALUES (6894, 'Billanapalle', 250);
INSERT INTO village (id, name, panchayat_id) VALUES (6895, 'Bommuluru', 250);
INSERT INTO village (id, name, panchayat_id) VALUES (6896, 'Bommuluru Khandrika', 250);
INSERT INTO village (id, name, panchayat_id) VALUES (6897, 'Chirivada', 250);
INSERT INTO village (id, name, panchayat_id) VALUES (6898, 'Dantaguntla', 250);
INSERT INTO village (id, name, panchayat_id) VALUES (6899, 'Kakulapadu', 250);
INSERT INTO village (id, name, panchayat_id) VALUES (6900, 'Kanumolu', 250);
INSERT INTO village (id, name, panchayat_id) VALUES (6901, 'Kodurupadu', 250);
INSERT INTO village (id, name, panchayat_id) VALUES (6902, 'Kothapalle', 250);
INSERT INTO village (id, name, panchayat_id) VALUES (6903, 'Koyyuru', 250);
INSERT INTO village (id, name, panchayat_id) VALUES (6904, 'Kuripirala', 250);
INSERT INTO village (id, name, panchayat_id) VALUES (6905, 'Madicherla', 250);
INSERT INTO village (id, name, panchayat_id) VALUES (6906, 'Mallavilli', 250);
INSERT INTO village (id, name, panchayat_id) VALUES (6907, 'Ogirala', 250);
INSERT INTO village (id, name, panchayat_id) VALUES (6908, 'Ramannagudem', 250);
INSERT INTO village (id, name, panchayat_id) VALUES (6909, 'Rangannagudem', 250);
INSERT INTO village (id, name, panchayat_id) VALUES (6910, 'Remalle', 250);
INSERT INTO village (id, name, panchayat_id) VALUES (6911, 'Serinarasannapalem', 250);
INSERT INTO village (id, name, panchayat_id) VALUES (6912, 'Singannagudem', 250);
INSERT INTO village (id, name, panchayat_id) VALUES (6913, 'Sobhanadripuram', 250);
INSERT INTO village (id, name, panchayat_id) VALUES (6914, 'Tippanagunta', 250);
INSERT INTO village (id, name, panchayat_id) VALUES (6915, 'Veeravalli', 250);
INSERT INTO village (id, name, panchayat_id) VALUES (6916, 'Veleru', 250);
INSERT INTO village (id, name, panchayat_id) VALUES (6917, 'Venkatapuram', 250);
INSERT INTO village (id, name, panchayat_id) VALUES (6918, 'Venkatrajugudem', 250);
INSERT INTO mandal (id, name, constituency_id) VALUES (251, 'Challapalli', 12);
INSERT INTO panchayat (id, name, mandal_id) VALUES (251, 'Default Panchayat Challapalli', 251);
INSERT INTO village (id, name, panchayat_id) VALUES (6919, 'Challapalle', 251);
INSERT INTO village (id, name, panchayat_id) VALUES (6920, 'Cheedepudi', 251);
INSERT INTO village (id, name, panchayat_id) VALUES (6921, 'Lakshmipuram', 251);
INSERT INTO village (id, name, panchayat_id) VALUES (6922, 'Majeru', 251);
INSERT INTO village (id, name, panchayat_id) VALUES (6923, 'Mangalapuram', 251);
INSERT INTO village (id, name, panchayat_id) VALUES (6924, 'Nadakuduru', 251);
INSERT INTO village (id, name, panchayat_id) VALUES (6925, 'Nimmagadda', 251);
INSERT INTO village (id, name, panchayat_id) VALUES (6926, 'Pagolu', 251);
INSERT INTO village (id, name, panchayat_id) VALUES (6927, 'Puritigadda', 251);
INSERT INTO village (id, name, panchayat_id) VALUES (6928, 'Vakkalagadda', 251);
INSERT INTO village (id, name, panchayat_id) VALUES (6929, 'Velivolu', 251);
INSERT INTO village (id, name, panchayat_id) VALUES (6930, 'Yarlagadda', 251);
INSERT INTO mandal (id, name, constituency_id) VALUES (252, 'Gannavaram', 12);
INSERT INTO panchayat (id, name, mandal_id) VALUES (252, 'Default Panchayat Gannavaram', 252);
INSERT INTO village (id, name, panchayat_id) VALUES (6931, 'Ajjampudi', 252);
INSERT INTO village (id, name, panchayat_id) VALUES (6932, 'Allapuram', 252);
INSERT INTO village (id, name, panchayat_id) VALUES (6933, 'Bahubalendrunigudem', 252);
INSERT INTO village (id, name, panchayat_id) VALUES (6934, 'Balliparru', 252);
INSERT INTO village (id, name, panchayat_id) VALUES (6935, 'Buddavaram', 252);
INSERT INTO village (id, name, panchayat_id) VALUES (6936, 'Buthumillipadu', 252);
INSERT INTO village (id, name, panchayat_id) VALUES (6937, 'Chikkavaram', 252);
INSERT INTO village (id, name, panchayat_id) VALUES (6938, 'China Avutapalle', 252);
INSERT INTO village (id, name, panchayat_id) VALUES (6939, 'Gannavaram', 252);
INSERT INTO village (id, name, panchayat_id) VALUES (6940, 'Gollanapalle', 252);
INSERT INTO village (id, name, panchayat_id) VALUES (6941, 'Gopavarapugudem', 252);
INSERT INTO village (id, name, panchayat_id) VALUES (6942, 'Jakkulanekkalam', 252);
INSERT INTO village (id, name, panchayat_id) VALUES (6943, 'Kesarapalle', 252);
INSERT INTO village (id, name, panchayat_id) VALUES (6944, 'Kondapavuluru', 252);
INSERT INTO village (id, name, panchayat_id) VALUES (6945, 'Metlapalle', 252);
INSERT INTO village (id, name, panchayat_id) VALUES (6946, 'Mustabad', 252);
INSERT INTO village (id, name, panchayat_id) VALUES (6947, 'Purushottapatnam', 252);
INSERT INTO village (id, name, panchayat_id) VALUES (6948, 'Ramachandrapuram', 252);
INSERT INTO village (id, name, panchayat_id) VALUES (6949, 'Sagguruamani', 252);
INSERT INTO village (id, name, panchayat_id) VALUES (6950, 'Savarigudem', 252);
INSERT INTO village (id, name, panchayat_id) VALUES (6951, 'Surampalle', 252);
INSERT INTO village (id, name, panchayat_id) VALUES (6952, 'Tempalle', 252);
INSERT INTO village (id, name, panchayat_id) VALUES (6953, 'Vedurupavuluru', 252);
INSERT INTO village (id, name, panchayat_id) VALUES (6954, 'Veerapanenigudem', 252);
INSERT INTO village (id, name, panchayat_id) VALUES (6955, 'Venkatanarasimhapuram', 252);
INSERT INTO mandal (id, name, constituency_id) VALUES (253, 'Ghantasala', 12);
INSERT INTO panchayat (id, name, mandal_id) VALUES (253, 'Default Panchayat Ghantasala', 253);
INSERT INTO village (id, name, panchayat_id) VALUES (6956, 'Birudugadda', 253);
INSERT INTO village (id, name, panchayat_id) VALUES (6957, 'Bollapadu', 253);
INSERT INTO village (id, name, panchayat_id) VALUES (6958, 'Chilakalapudi', 253);
INSERT INTO village (id, name, panchayat_id) VALUES (6959, 'China Kallepalle', 253);
INSERT INTO village (id, name, panchayat_id) VALUES (6960, 'Chitturpu', 253);
INSERT INTO village (id, name, panchayat_id) VALUES (6961, 'Chitturu', 253);
INSERT INTO village (id, name, panchayat_id) VALUES (6962, 'Daliparru', 253);
INSERT INTO village (id, name, panchayat_id) VALUES (6963, 'Devarakota', 253);
INSERT INTO village (id, name, panchayat_id) VALUES (6964, 'Elikala Kuduru', 253);
INSERT INTO village (id, name, panchayat_id) VALUES (6965, 'Endakuduru', 253);
INSERT INTO village (id, name, panchayat_id) VALUES (6966, 'Ghantasala', 253);
INSERT INTO village (id, name, panchayat_id) VALUES (6967, 'Kodali', 253);
INSERT INTO village (id, name, panchayat_id) VALUES (6968, 'Kothapalle', 253);
INSERT INTO village (id, name, panchayat_id) VALUES (6969, 'Lankapalle', 253);
INSERT INTO village (id, name, panchayat_id) VALUES (6970, 'Mallampalle', 253);
INSERT INTO village (id, name, panchayat_id) VALUES (6971, 'Pushadam', 253);
INSERT INTO village (id, name, panchayat_id) VALUES (6972, 'Srikakulam', 253);
INSERT INTO village (id, name, panchayat_id) VALUES (6973, 'Tadepalle', 253);
INSERT INTO village (id, name, panchayat_id) VALUES (6974, 'Teluguraopalem', 253);
INSERT INTO village (id, name, panchayat_id) VALUES (6975, 'Vemulapalle', 253);
INSERT INTO village (id, name, panchayat_id) VALUES (6976, 'V.Rudravaram', 253);
INSERT INTO mandal (id, name, constituency_id) VALUES (254, 'Gudivada', 12);
INSERT INTO panchayat (id, name, mandal_id) VALUES (254, 'Default Panchayat Gudivada', 254);
INSERT INTO village (id, name, panchayat_id) VALUES (6977, 'Allidoddi', 254);
INSERT INTO village (id, name, panchayat_id) VALUES (6978, 'Bethavolu (R)', 254);
INSERT INTO village (id, name, panchayat_id) VALUES (6979, 'Billapadu (R)', 254);
INSERT INTO village (id, name, panchayat_id) VALUES (6980, 'Bommuluru', 254);
INSERT INTO village (id, name, panchayat_id) VALUES (6981, 'Chilakamudi', 254);
INSERT INTO village (id, name, panchayat_id) VALUES (6982, 'China Yerukapadu', 254);
INSERT INTO village (id, name, panchayat_id) VALUES (6983, 'Chirichintala', 254);
INSERT INTO village (id, name, panchayat_id) VALUES (6984, 'Chowtapalle', 254);
INSERT INTO village (id, name, panchayat_id) VALUES (6985, 'Dondapadu', 254);
INSERT INTO village (id, name, panchayat_id) VALUES (6986, 'Gangadharapuram', 254);
INSERT INTO village (id, name, panchayat_id) VALUES (6987, 'Gudivada (R)', 254);
INSERT INTO village (id, name, panchayat_id) VALUES (6988, 'Guntakoduru', 254);
INSERT INTO village (id, name, panchayat_id) VALUES (6989, 'Kalvapudi Agraharam', 254);
INSERT INTO village (id, name, panchayat_id) VALUES (6990, 'Kasipudi', 254);
INSERT INTO village (id, name, panchayat_id) VALUES (6991, 'Lingavaram', 254);
INSERT INTO village (id, name, panchayat_id) VALUES (6992, 'Mallayapalem', 254);
INSERT INTO village (id, name, panchayat_id) VALUES (6993, 'Mandapadu (R)', 254);
INSERT INTO village (id, name, panchayat_id) VALUES (6994, 'Merakagudem', 254);
INSERT INTO village (id, name, panchayat_id) VALUES (6995, 'Moturu', 254);
INSERT INTO village (id, name, panchayat_id) VALUES (6996, 'Nagavarappadu Urban', 254);
INSERT INTO village (id, name, panchayat_id) VALUES (6997, 'Pedayerukapadu (R)', 254);
INSERT INTO village (id, name, panchayat_id) VALUES (6998, 'Ramachandrapuram', 254);
INSERT INTO village (id, name, panchayat_id) VALUES (6999, 'Ramanapudi', 254);
INSERT INTO village (id, name, panchayat_id) VALUES (7000, 'Saidepudi', 254);
INSERT INTO village (id, name, panchayat_id) VALUES (7001, 'Seepudi', 254);
INSERT INTO village (id, name, panchayat_id) VALUES (7002, 'Seri Dintakurru', 254);
INSERT INTO village (id, name, panchayat_id) VALUES (7003, 'Seri Golvepalle', 254);
INSERT INTO village (id, name, panchayat_id) VALUES (7004, 'Seri Velpur', 254);
INSERT INTO village (id, name, panchayat_id) VALUES (7005, 'Siddhantam', 254);
INSERT INTO village (id, name, panchayat_id) VALUES (7006, 'Tativarru', 254);
INSERT INTO village (id, name, panchayat_id) VALUES (7007, 'Valivarthipadu (R)', 254);
INSERT INTO mandal (id, name, constituency_id) VALUES (255, 'Gudlavalleru', 12);
INSERT INTO panchayat (id, name, mandal_id) VALUES (255, 'Default Panchayat Gudlavalleru', 255);
INSERT INTO village (id, name, panchayat_id) VALUES (7008, 'Angaluru', 255);
INSERT INTO village (id, name, panchayat_id) VALUES (7009, 'Chandrala', 255);
INSERT INTO village (id, name, panchayat_id) VALUES (7010, 'Cheruvupalle', 255);
INSERT INTO village (id, name, panchayat_id) VALUES (7011, 'Chinagonnuru', 255);
INSERT INTO village (id, name, panchayat_id) VALUES (7012, 'Chitram', 255);
INSERT INTO village (id, name, panchayat_id) VALUES (7013, 'Dokiparru', 255);
INSERT INTO village (id, name, panchayat_id) VALUES (7014, 'Gadepudi', 255);
INSERT INTO village (id, name, panchayat_id) VALUES (7015, 'Gudlavalleru', 255);
INSERT INTO village (id, name, panchayat_id) VALUES (7016, 'Kowtaram', 255);
INSERT INTO village (id, name, panchayat_id) VALUES (7017, 'Kurada', 255);
INSERT INTO village (id, name, panchayat_id) VALUES (7018, 'Mamidikolla', 255);
INSERT INTO village (id, name, panchayat_id) VALUES (7019, 'Nagavaram', 255);
INSERT INTO village (id, name, panchayat_id) VALUES (7020, 'Penjendra', 255);
INSERT INTO village (id, name, panchayat_id) VALUES (7021, 'Pesaramilli', 255);
INSERT INTO village (id, name, panchayat_id) VALUES (7022, 'Puritipadu', 255);
INSERT INTO village (id, name, panchayat_id) VALUES (7023, 'Seridaggumilli', 255);
INSERT INTO village (id, name, panchayat_id) VALUES (7024, 'Seri Kalavapudi', 255);
INSERT INTO village (id, name, panchayat_id) VALUES (7025, 'Ulavalapudi', 255);
INSERT INTO village (id, name, panchayat_id) VALUES (7026, 'Vadlamannadu', 255);
INSERT INTO village (id, name, panchayat_id) VALUES (7027, 'Vemavaram', 255);
INSERT INTO village (id, name, panchayat_id) VALUES (7028, 'Vemavarappalem', 255);
INSERT INTO village (id, name, panchayat_id) VALUES (7029, 'Vemugunta', 255);
INSERT INTO village (id, name, panchayat_id) VALUES (7030, 'Venuturumilli', 255);
INSERT INTO village (id, name, panchayat_id) VALUES (7031, 'Vinnakota', 255);
INSERT INTO mandal (id, name, constituency_id) VALUES (256, 'Guduru', 12);
INSERT INTO panchayat (id, name, mandal_id) VALUES (256, 'Default Panchayat Guduru', 256);
INSERT INTO village (id, name, panchayat_id) VALUES (7032, 'Akulamannadu', 256);
INSERT INTO village (id, name, panchayat_id) VALUES (7033, 'Akumarru', 256);
INSERT INTO village (id, name, panchayat_id) VALUES (7034, 'Chittiguduru', 256);
INSERT INTO village (id, name, panchayat_id) VALUES (7035, 'Gandram', 256);
INSERT INTO village (id, name, panchayat_id) VALUES (7036, 'Guduru', 256);
INSERT INTO village (id, name, panchayat_id) VALUES (7037, 'Gurjepalle', 256);
INSERT INTO village (id, name, panchayat_id) VALUES (7038, 'Idugullapalle', 256);
INSERT INTO village (id, name, panchayat_id) VALUES (7039, 'Jakkamcherla', 256);
INSERT INTO village (id, name, panchayat_id) VALUES (7040, 'Kalapatam', 256);
INSERT INTO village (id, name, panchayat_id) VALUES (7041, 'Kanchakodur', 256);
INSERT INTO village (id, name, panchayat_id) VALUES (7042, 'Kankatava', 256);
INSERT INTO village (id, name, panchayat_id) VALUES (7043, 'Kappaladoddi', 256);
INSERT INTO village (id, name, panchayat_id) VALUES (7044, 'Kokanarayanapalem', 256);
INSERT INTO village (id, name, panchayat_id) VALUES (7045, 'Lellagaruvu', 256);
INSERT INTO village (id, name, panchayat_id) VALUES (7046, 'Maddipatla', 256);
INSERT INTO village (id, name, panchayat_id) VALUES (7047, 'Mallavolu', 256);
INSERT INTO village (id, name, panchayat_id) VALUES (7048, 'Mukkollu', 256);
INSERT INTO village (id, name, panchayat_id) VALUES (7049, 'Narikedalapalem', 256);
INSERT INTO village (id, name, panchayat_id) VALUES (7050, 'Pinagudurulanka', 256);
INSERT INTO village (id, name, panchayat_id) VALUES (7051, 'Polavaram', 256);
INSERT INTO village (id, name, panchayat_id) VALUES (7052, 'Ramannapeta', 256);
INSERT INTO village (id, name, panchayat_id) VALUES (7053, 'Ramanuja Varthalapalle', 256);
INSERT INTO village (id, name, panchayat_id) VALUES (7054, 'Ramarajupalem', 256);
INSERT INTO village (id, name, panchayat_id) VALUES (7055, 'Rayavaram', 256);
INSERT INTO village (id, name, panchayat_id) VALUES (7056, 'Tarakaturu', 256);
INSERT INTO mandal (id, name, constituency_id) VALUES (257, 'Kankipadu', 12);
INSERT INTO panchayat (id, name, mandal_id) VALUES (257, 'Default Panchayat Kankipadu', 257);
INSERT INTO village (id, name, panchayat_id) VALUES (7057, 'Chalivendrapalem', 257);
INSERT INTO village (id, name, panchayat_id) VALUES (7058, 'Davuluru', 257);
INSERT INTO village (id, name, panchayat_id) VALUES (7059, 'Edupugallu', 257);
INSERT INTO village (id, name, panchayat_id) VALUES (7060, 'Godavarru', 257);
INSERT INTO village (id, name, panchayat_id) VALUES (7061, 'Jagannadhapuram', 257);
INSERT INTO village (id, name, panchayat_id) VALUES (7062, 'Kandalampadu', 257);
INSERT INTO village (id, name, panchayat_id) VALUES (7063, 'Kankipadu (Ct)', 257);
INSERT INTO village (id, name, panchayat_id) VALUES (7064, 'Kolavennu', 257);
INSERT INTO village (id, name, panchayat_id) VALUES (7065, 'Konathanapadu', 257);
INSERT INTO village (id, name, panchayat_id) VALUES (7066, 'Kunderu', 257);
INSERT INTO village (id, name, panchayat_id) VALUES (7067, 'Madduru', 257);
INSERT INTO village (id, name, panchayat_id) VALUES (7068, 'Manthena', 257);
INSERT INTO village (id, name, panchayat_id) VALUES (7069, 'Maredumaka', 257);
INSERT INTO village (id, name, panchayat_id) VALUES (7070, 'Neppalle', 257);
INSERT INTO village (id, name, panchayat_id) VALUES (7071, 'Prodduturu', 257);
INSERT INTO village (id, name, panchayat_id) VALUES (7072, 'Punadipadu', 257);
INSERT INTO village (id, name, panchayat_id) VALUES (7073, 'Tenneru', 257);
INSERT INTO village (id, name, panchayat_id) VALUES (7074, 'Uppaluru', 257);
INSERT INTO village (id, name, panchayat_id) VALUES (7075, 'Velpuru', 257);
INSERT INTO mandal (id, name, constituency_id) VALUES (258, 'Koduru', 12);
INSERT INTO panchayat (id, name, mandal_id) VALUES (258, 'Default Panchayat Koduru', 258);
INSERT INTO village (id, name, panchayat_id) VALUES (7076, 'Koduru', 258);
INSERT INTO village (id, name, panchayat_id) VALUES (7077, 'Lingareddipalem', 258);
INSERT INTO village (id, name, panchayat_id) VALUES (7078, 'Machavaram', 258);
INSERT INTO village (id, name, panchayat_id) VALUES (7079, 'Mandapakala', 258);
INSERT INTO village (id, name, panchayat_id) VALUES (7080, 'Pittallanka', 258);
INSERT INTO village (id, name, panchayat_id) VALUES (7081, 'Ramakrishnapuram', 258);
INSERT INTO village (id, name, panchayat_id) VALUES (7082, 'Salempalem', 258);
INSERT INTO village (id, name, panchayat_id) VALUES (7083, 'Ullipalem', 258);
INSERT INTO village (id, name, panchayat_id) VALUES (7084, 'Viswanadhapalle', 258);
INSERT INTO mandal (id, name, constituency_id) VALUES (259, 'Kruthivennu', 12);
INSERT INTO panchayat (id, name, mandal_id) VALUES (259, 'Default Panchayat Kruthivennu', 259);
INSERT INTO village (id, name, panchayat_id) VALUES (7085, 'Chandala', 259);
INSERT INTO village (id, name, panchayat_id) VALUES (7086, 'Cherkumilli', 259);
INSERT INTO village (id, name, panchayat_id) VALUES (7087, 'Chinagollapalem', 259);
INSERT INTO village (id, name, panchayat_id) VALUES (7088, 'China Pandraka', 259);
INSERT INTO village (id, name, panchayat_id) VALUES (7089, 'Endapalle', 259);
INSERT INTO village (id, name, panchayat_id) VALUES (7090, 'Garisepudi', 259);
INSERT INTO village (id, name, panchayat_id) VALUES (7091, 'Interu', 259);
INSERT INTO village (id, name, panchayat_id) VALUES (7092, 'Komallapudi', 259);
INSERT INTO village (id, name, panchayat_id) VALUES (7093, 'Kruthivennu', 259);
INSERT INTO village (id, name, panchayat_id) VALUES (7094, 'Laxmipuram', 259);
INSERT INTO village (id, name, panchayat_id) VALUES (7095, 'Matlam', 259);
INSERT INTO village (id, name, panchayat_id) VALUES (7096, 'Munipeda', 259);
INSERT INTO village (id, name, panchayat_id) VALUES (7097, 'Neelipudi', 259);
INSERT INTO village (id, name, panchayat_id) VALUES (7098, 'Nidamarru', 259);
INSERT INTO village (id, name, panchayat_id) VALUES (7099, 'Tadivennu', 259);
INSERT INTO mandal (id, name, constituency_id) VALUES (260, 'Machilipatnam North', 12);
INSERT INTO panchayat (id, name, mandal_id) VALUES (260, 'Default Panchayat Machilipatnam North', 260);
INSERT INTO village (id, name, panchayat_id) VALUES (7100, 'Arisepalle', 260);
INSERT INTO village (id, name, panchayat_id) VALUES (7101, 'Borrapothupalem', 260);
INSERT INTO village (id, name, panchayat_id) VALUES (7102, 'Buddalapalem', 260);
INSERT INTO village (id, name, panchayat_id) VALUES (7103, 'Chilakalapudi (R)', 260);
INSERT INTO village (id, name, panchayat_id) VALUES (7104, 'Gokavaram', 260);
INSERT INTO village (id, name, panchayat_id) VALUES (7105, 'Gopuvanipalem', 260);
INSERT INTO village (id, name, panchayat_id) VALUES (7106, 'Hussainpalem', 260);
INSERT INTO village (id, name, panchayat_id) VALUES (7107, 'Kanuru', 260);
INSERT INTO village (id, name, panchayat_id) VALUES (7108, 'Kara Agraharam', 260);
INSERT INTO village (id, name, panchayat_id) VALUES (7109, 'Kothapudi', 260);
INSERT INTO village (id, name, panchayat_id) VALUES (7110, 'Machavaram (R)', 260);
INSERT INTO village (id, name, panchayat_id) VALUES (7111, 'Manginapudi', 260);
INSERT INTO village (id, name, panchayat_id) VALUES (7112, 'Pedapatnam', 260);
INSERT INTO village (id, name, panchayat_id) VALUES (7113, 'Pothepalle', 260);
INSERT INTO village (id, name, panchayat_id) VALUES (7114, 'Potlapalem', 260);
INSERT INTO village (id, name, panchayat_id) VALUES (7115, 'Tallapalem', 260);
INSERT INTO village (id, name, panchayat_id) VALUES (7116, 'Tavisipudi', 260);
INSERT INTO mandal (id, name, constituency_id) VALUES (261, 'Machilipatnam South', 12);
INSERT INTO panchayat (id, name, mandal_id) VALUES (261, 'Default Panchayat Machilipatnam South', 261);
INSERT INTO village (id, name, panchayat_id) VALUES (7117, 'Bhogireddipalle', 261);
INSERT INTO village (id, name, panchayat_id) VALUES (7118, 'Chinnapuram', 261);
INSERT INTO village (id, name, panchayat_id) VALUES (7119, 'Garaladibba', 261);
INSERT INTO village (id, name, panchayat_id) VALUES (7120, 'Gundupalem', 261);
INSERT INTO village (id, name, panchayat_id) VALUES (7121, 'Kona', 261);
INSERT INTO village (id, name, panchayat_id) VALUES (7122, 'Machilipatnam (R)', 261);
INSERT INTO village (id, name, panchayat_id) VALUES (7123, 'Nelakurru', 261);
INSERT INTO village (id, name, panchayat_id) VALUES (7124, 'Palletummalapalem', 261);
INSERT INTO village (id, name, panchayat_id) VALUES (7125, 'Pedayadara', 261);
INSERT INTO village (id, name, panchayat_id) VALUES (7126, 'Polatitippa', 261);
INSERT INTO village (id, name, panchayat_id) VALUES (7127, 'Rudravaram', 261);
INSERT INTO village (id, name, panchayat_id) VALUES (7128, 'Sultanagaram', 261);
INSERT INTO village (id, name, panchayat_id) VALUES (7129, 'Sultannagaram Gollapalem', 261);
INSERT INTO mandal (id, name, constituency_id) VALUES (262, 'Mopidevi', 12);
INSERT INTO panchayat (id, name, mandal_id) VALUES (262, 'Default Panchayat Mopidevi', 262);
INSERT INTO village (id, name, panchayat_id) VALUES (7130, 'Annavaram', 262);
INSERT INTO village (id, name, panchayat_id) VALUES (7131, 'Ayodhya', 262);
INSERT INTO village (id, name, panchayat_id) VALUES (7132, 'Bobbarlanka', 262);
INSERT INTO village (id, name, panchayat_id) VALUES (7133, 'Chiruvolu', 262);
INSERT INTO village (id, name, panchayat_id) VALUES (7134, 'Kaptanupalem', 262);
INSERT INTO village (id, name, panchayat_id) VALUES (7135, 'Kokkiligadda', 262);
INSERT INTO village (id, name, panchayat_id) VALUES (7136, 'Mellamarru', 262);
INSERT INTO village (id, name, panchayat_id) VALUES (7137, 'Mellamarthi Lanka', 262);
INSERT INTO village (id, name, panchayat_id) VALUES (7138, 'Merakanapalle', 262);
INSERT INTO village (id, name, panchayat_id) VALUES (7139, 'Mopidevi', 262);
INSERT INTO village (id, name, panchayat_id) VALUES (7140, 'Mopidevi Lanka', 262);
INSERT INTO village (id, name, panchayat_id) VALUES (7141, 'Nagayatippa', 262);
INSERT INTO village (id, name, panchayat_id) VALUES (7142, 'North Chiruvolulanka', 262);
INSERT INTO village (id, name, panchayat_id) VALUES (7143, 'Pedakallepalle', 262);
INSERT INTO village (id, name, panchayat_id) VALUES (7144, 'Pedaprolu', 262);
INSERT INTO village (id, name, panchayat_id) VALUES (7145, 'Tekupalle', 262);
INSERT INTO village (id, name, panchayat_id) VALUES (7146, 'Venkatapuram', 262);
INSERT INTO mandal (id, name, constituency_id) VALUES (263, 'Movva', 12);
INSERT INTO panchayat (id, name, mandal_id) VALUES (263, 'Default Panchayat Movva', 263);
INSERT INTO village (id, name, panchayat_id) VALUES (7147, 'Avurupudi', 263);
INSERT INTO village (id, name, panchayat_id) VALUES (7148, 'Ayyanki', 263);
INSERT INTO village (id, name, panchayat_id) VALUES (7149, 'Barlapudi', 263);
INSERT INTO village (id, name, panchayat_id) VALUES (7150, 'Bhatla Penumarru', 263);
INSERT INTO village (id, name, panchayat_id) VALUES (7151, 'Chinamuttevi', 263);
INSERT INTO village (id, name, panchayat_id) VALUES (7152, 'Gudapadu', 263);
INSERT INTO village (id, name, panchayat_id) VALUES (7153, 'Kaza', 263);
INSERT INTO village (id, name, panchayat_id) VALUES (7154, 'Kosuru', 263);
INSERT INTO village (id, name, panchayat_id) VALUES (7155, 'Kuchipudi', 263);
INSERT INTO village (id, name, panchayat_id) VALUES (7156, 'Movva', 263);
INSERT INTO village (id, name, panchayat_id) VALUES (7157, 'Nidumolu', 263);
INSERT INTO village (id, name, panchayat_id) VALUES (7158, 'Palankipadu', 263);
INSERT INTO village (id, name, panchayat_id) VALUES (7159, 'Pedamuttevi', 263);
INSERT INTO village (id, name, panchayat_id) VALUES (7160, 'Pedapudi', 263);
INSERT INTO village (id, name, panchayat_id) VALUES (7161, 'Pedasanagallu', 263);
INSERT INTO village (id, name, panchayat_id) VALUES (7162, 'Vemulamada', 263);
INSERT INTO village (id, name, panchayat_id) VALUES (7163, 'Yaddanapudi', 263);
INSERT INTO mandal (id, name, constituency_id) VALUES (264, 'Nagayalanka', 12);
INSERT INTO panchayat (id, name, mandal_id) VALUES (264, 'Default Panchayat Nagayalanka', 264);
INSERT INTO village (id, name, panchayat_id) VALUES (7164, 'Bhavadevarapalle', 264);
INSERT INTO village (id, name, panchayat_id) VALUES (7165, 'Chodavaram', 264);
INSERT INTO village (id, name, panchayat_id) VALUES (7166, 'Edurumondi', 264);
INSERT INTO village (id, name, panchayat_id) VALUES (7167, 'Etimoga', 264);
INSERT INTO village (id, name, panchayat_id) VALUES (7168, 'Ganapeswaram', 264);
INSERT INTO village (id, name, panchayat_id) VALUES (7169, 'Kammanamolu', 264);
INSERT INTO village (id, name, panchayat_id) VALUES (7170, 'Nagayalanka', 264);
INSERT INTO village (id, name, panchayat_id) VALUES (7171, 'Nangegadda', 264);
INSERT INTO village (id, name, panchayat_id) VALUES (7172, 'Parrachivara', 264);
INSERT INTO village (id, name, panchayat_id) VALUES (7173, 'Talagadadeevi', 264);
INSERT INTO village (id, name, panchayat_id) VALUES (7174, 'T.Kothapalem', 264);
INSERT INTO mandal (id, name, constituency_id) VALUES (265, 'Nandivada', 12);
INSERT INTO panchayat (id, name, mandal_id) VALUES (265, 'Default Panchayat Nandivada', 265);
INSERT INTO village (id, name, panchayat_id) VALUES (7175, 'Anamanapudi', 265);
INSERT INTO village (id, name, panchayat_id) VALUES (7176, 'Aripirala', 265);
INSERT INTO village (id, name, panchayat_id) VALUES (7177, 'Chedurthipadu', 265);
INSERT INTO village (id, name, panchayat_id) VALUES (7178, 'Chinalingala', 265);
INSERT INTO village (id, name, panchayat_id) VALUES (7179, 'Dandiganapudi', 265);
INSERT INTO village (id, name, panchayat_id) VALUES (7180, 'Gandepudi', 265);
INSERT INTO village (id, name, panchayat_id) VALUES (7181, 'Ilaparru', 265);
INSERT INTO village (id, name, panchayat_id) VALUES (7182, 'Janardhanapuram', 265);
INSERT INTO village (id, name, panchayat_id) VALUES (7183, 'Kudaravalli', 265);
INSERT INTO village (id, name, panchayat_id) VALUES (7184, 'Nandivada', 265);
INSERT INTO village (id, name, panchayat_id) VALUES (7185, 'Nuthulapadu', 265);
INSERT INTO village (id, name, panchayat_id) VALUES (7186, 'Oddulameraka', 265);
INSERT INTO village (id, name, panchayat_id) VALUES (7187, 'Pedalingala', 265);
INSERT INTO village (id, name, panchayat_id) VALUES (7188, 'Pedavirivada', 265);
INSERT INTO village (id, name, panchayat_id) VALUES (7189, 'Polukonda', 265);
INSERT INTO village (id, name, panchayat_id) VALUES (7190, 'Puttagunta', 265);
INSERT INTO village (id, name, panchayat_id) VALUES (7191, 'Ramapuram', 265);
INSERT INTO village (id, name, panchayat_id) VALUES (7192, 'Rudrapaka', 265);
INSERT INTO village (id, name, panchayat_id) VALUES (7193, 'Sreenivasapuram', 265);
INSERT INTO village (id, name, panchayat_id) VALUES (7194, 'Tamirisa', 265);
INSERT INTO village (id, name, panchayat_id) VALUES (7195, 'Thummalapalle', 265);
INSERT INTO village (id, name, panchayat_id) VALUES (7196, 'Vennanapudi', 265);
INSERT INTO mandal (id, name, constituency_id) VALUES (266, 'Pamarru', 12);
INSERT INTO panchayat (id, name, mandal_id) VALUES (266, 'Default Panchayat Pamarru', 266);
INSERT INTO village (id, name, panchayat_id) VALUES (7197, 'Addada', 266);
INSERT INTO village (id, name, panchayat_id) VALUES (7198, 'Ainampudi', 266);
INSERT INTO village (id, name, panchayat_id) VALUES (7199, 'Balliparru', 266);
INSERT INTO village (id, name, panchayat_id) VALUES (7200, 'Jujjavaram', 266);
INSERT INTO village (id, name, panchayat_id) VALUES (7201, 'Kanumuru', 266);
INSERT INTO village (id, name, panchayat_id) VALUES (7202, 'Kapavaram', 266);
INSERT INTO village (id, name, panchayat_id) VALUES (7203, 'Komaravolu', 266);
INSERT INTO village (id, name, panchayat_id) VALUES (7204, 'Kondiparru', 266);
INSERT INTO village (id, name, panchayat_id) VALUES (7205, 'Kurumaddali', 266);
INSERT INTO village (id, name, panchayat_id) VALUES (7206, 'Mallavaram', 266);
INSERT INTO village (id, name, panchayat_id) VALUES (7207, 'Mir Imam Palem', 266);
INSERT INTO village (id, name, panchayat_id) VALUES (7208, 'Nemmikuru', 266);
INSERT INTO village (id, name, panchayat_id) VALUES (7209, 'Nibhanupudi', 266);
INSERT INTO village (id, name, panchayat_id) VALUES (7210, 'Nimmaluru', 266);
INSERT INTO village (id, name, panchayat_id) VALUES (7211, 'Pamarru', 266);
INSERT INTO village (id, name, panchayat_id) VALUES (7212, 'Pasumarru', 266);
INSERT INTO village (id, name, panchayat_id) VALUES (7213, 'Pedamaddali', 266);
INSERT INTO village (id, name, panchayat_id) VALUES (7214, 'Polavaram', 266);
INSERT INTO village (id, name, panchayat_id) VALUES (7215, 'Prakarla', 266);
INSERT INTO village (id, name, panchayat_id) VALUES (7216, 'Raparala', 266);
INSERT INTO village (id, name, panchayat_id) VALUES (7217, 'Rimmanapudi', 266);
INSERT INTO village (id, name, panchayat_id) VALUES (7218, 'Undrapudi', 266);
INSERT INTO village (id, name, panchayat_id) VALUES (7219, 'Uruturu', 266);
INSERT INTO village (id, name, panchayat_id) VALUES (7220, 'Yelakurru', 266);
INSERT INTO village (id, name, panchayat_id) VALUES (7221, 'Zamidaggumilli', 266);
INSERT INTO village (id, name, panchayat_id) VALUES (7222, 'Zamigolvepalle', 266);
INSERT INTO mandal (id, name, constituency_id) VALUES (267, 'Pamidimukkala', 12);
INSERT INTO panchayat (id, name, mandal_id) VALUES (267, 'Default Panchayat Pamidimukkala', 267);
INSERT INTO village (id, name, panchayat_id) VALUES (7223, 'Aginiparru', 267);
INSERT INTO village (id, name, panchayat_id) VALUES (7224, 'Alinakipalem', 267);
INSERT INTO village (id, name, panchayat_id) VALUES (7225, 'Ameenapuram', 267);
INSERT INTO village (id, name, panchayat_id) VALUES (7226, 'Chennuruvaripalem', 267);
INSERT INTO village (id, name, panchayat_id) VALUES (7227, 'Choragudi', 267);
INSERT INTO village (id, name, panchayat_id) VALUES (7228, 'Fathelanka', 267);
INSERT INTO village (id, name, panchayat_id) VALUES (7229, 'Gopuvanipalem', 267);
INSERT INTO village (id, name, panchayat_id) VALUES (7230, 'Gurazada', 267);
INSERT INTO village (id, name, panchayat_id) VALUES (7231, 'Gurrala Lanka', 267);
INSERT INTO village (id, name, panchayat_id) VALUES (7232, 'Hanumanthapuram', 267);
INSERT INTO village (id, name, panchayat_id) VALUES (7233, 'Inampudi', 267);
INSERT INTO village (id, name, panchayat_id) VALUES (7234, 'Inapuru', 267);
INSERT INTO village (id, name, panchayat_id) VALUES (7235, 'Kapileswarapuram', 267);
INSERT INTO village (id, name, panchayat_id) VALUES (7236, 'Krishnapuram', 267);
INSERT INTO village (id, name, panchayat_id) VALUES (7237, 'Kuderu', 267);
INSERT INTO village (id, name, panchayat_id) VALUES (7238, 'Lankapalle', 267);
INSERT INTO village (id, name, panchayat_id) VALUES (7239, 'Lankapalle Lanka', 267);
INSERT INTO village (id, name, panchayat_id) VALUES (7240, 'Mamillapalle', 267);
INSERT INTO village (id, name, panchayat_id) VALUES (7241, 'Mantada', 267);
INSERT INTO village (id, name, panchayat_id) VALUES (7242, 'Marrivada', 267);
INSERT INTO village (id, name, panchayat_id) VALUES (7243, 'Meduru', 267);
INSERT INTO village (id, name, panchayat_id) VALUES (7244, 'Mullapudi', 267);
INSERT INTO village (id, name, panchayat_id) VALUES (7245, 'Padikondalapalem', 267);
INSERT INTO village (id, name, panchayat_id) VALUES (7246, 'Pamidimukkala', 267);
INSERT INTO village (id, name, panchayat_id) VALUES (7247, 'Penumatcha', 267);
INSERT INTO village (id, name, panchayat_id) VALUES (7248, 'Sreerangapuram', 267);
INSERT INTO village (id, name, panchayat_id) VALUES (7249, 'Tadanki', 267);
INSERT INTO village (id, name, panchayat_id) VALUES (7250, 'Veeranki', 267);
INSERT INTO village (id, name, panchayat_id) VALUES (7251, 'Velpuru', 267);
INSERT INTO mandal (id, name, constituency_id) VALUES (268, 'Pedana', 12);
INSERT INTO panchayat (id, name, mandal_id) VALUES (268, 'Default Panchayat Pedana', 268);
INSERT INTO village (id, name, panchayat_id) VALUES (7252, 'Bahussainpalem', 268);
INSERT INTO village (id, name, panchayat_id) VALUES (7253, 'Balliparru', 268);
INSERT INTO village (id, name, panchayat_id) VALUES (7254, 'Chennuru', 268);
INSERT INTO village (id, name, panchayat_id) VALUES (7255, 'Chevendra', 268);
INSERT INTO village (id, name, panchayat_id) VALUES (7256, 'Chodavaram', 268);
INSERT INTO village (id, name, panchayat_id) VALUES (7257, 'Devarapalle', 268);
INSERT INTO village (id, name, panchayat_id) VALUES (7258, 'Dirisavalli', 268);
INSERT INTO village (id, name, panchayat_id) VALUES (7259, 'Gurivindagunta', 268);
INSERT INTO village (id, name, panchayat_id) VALUES (7260, 'Jinjeru', 268);
INSERT INTO village (id, name, panchayat_id) VALUES (7261, 'Kakarlamudi', 268);
INSERT INTO village (id, name, panchayat_id) VALUES (7262, 'Kamalapuram', 268);
INSERT INTO village (id, name, panchayat_id) VALUES (7263, 'Kavipuram', 268);
INSERT INTO village (id, name, panchayat_id) VALUES (7264, 'Kongamcherla', 268);
INSERT INTO village (id, name, panchayat_id) VALUES (7265, 'Konkepudi', 268);
INSERT INTO village (id, name, panchayat_id) VALUES (7266, 'Koppalle', 268);
INSERT INTO village (id, name, panchayat_id) VALUES (7267, 'Kuduru', 268);
INSERT INTO village (id, name, panchayat_id) VALUES (7268, 'Kummarigunta', 268);
INSERT INTO village (id, name, panchayat_id) VALUES (7269, 'Lankalakalavagunta', 268);
INSERT INTO village (id, name, panchayat_id) VALUES (7270, 'Madaka', 268);
INSERT INTO village (id, name, panchayat_id) VALUES (7271, 'Mutcherla', 268);
INSERT INTO village (id, name, panchayat_id) VALUES (7272, 'Mutchiligunta', 268);
INSERT INTO village (id, name, panchayat_id) VALUES (7273, 'Nadupuru', 268);
INSERT INTO village (id, name, panchayat_id) VALUES (7274, 'Nandamuru', 268);
INSERT INTO village (id, name, panchayat_id) VALUES (7275, 'Nandigama', 268);
INSERT INTO village (id, name, panchayat_id) VALUES (7276, 'Nelakondapalle', 268);
INSERT INTO village (id, name, panchayat_id) VALUES (7277, 'Pedana', 268);
INSERT INTO village (id, name, panchayat_id) VALUES (7278, 'Penumalli', 268);
INSERT INTO village (id, name, panchayat_id) VALUES (7279, 'Pullapadu', 268);
INSERT INTO village (id, name, panchayat_id) VALUES (7280, 'Serivarthala Palle', 268);
INSERT INTO village (id, name, panchayat_id) VALUES (7281, 'Singarayapalem', 268);
INSERT INTO village (id, name, panchayat_id) VALUES (7282, 'Urivi', 268);
INSERT INTO mandal (id, name, constituency_id) VALUES (269, 'Pedaparupudi', 12);
INSERT INTO panchayat (id, name, mandal_id) VALUES (269, 'Default Panchayat Pedaparupudi', 269);
INSERT INTO village (id, name, panchayat_id) VALUES (7283, 'Appikatla', 269);
INSERT INTO village (id, name, panchayat_id) VALUES (7284, 'Bhushanagulla (R)', 269);
INSERT INTO village (id, name, panchayat_id) VALUES (7285, 'Chinaparupudi', 269);
INSERT INTO village (id, name, panchayat_id) VALUES (7286, 'Edulamaddali', 269);
INSERT INTO village (id, name, panchayat_id) VALUES (7287, 'Elamarru', 269);
INSERT INTO village (id, name, panchayat_id) VALUES (7288, 'Gurivindagunta', 269);
INSERT INTO village (id, name, panchayat_id) VALUES (7289, 'Juvvanapudi', 269);
INSERT INTO village (id, name, panchayat_id) VALUES (7290, 'Kornipadu', 269);
INSERT INTO village (id, name, panchayat_id) VALUES (7291, 'Maheswarapuram', 269);
INSERT INTO village (id, name, panchayat_id) VALUES (7292, 'Moparru', 269);
INSERT INTO village (id, name, panchayat_id) VALUES (7293, 'Nagapuram', 269);
INSERT INTO village (id, name, panchayat_id) VALUES (7294, 'Pamulapadu', 269);
INSERT INTO village (id, name, panchayat_id) VALUES (7295, 'Pedaparupudi', 269);
INSERT INTO village (id, name, panchayat_id) VALUES (7296, 'Ravulapadu', 269);
INSERT INTO village (id, name, panchayat_id) VALUES (7297, 'Somavarappadu', 269);
INSERT INTO village (id, name, panchayat_id) VALUES (7298, 'Vanapamula', 269);
INSERT INTO village (id, name, panchayat_id) VALUES (7299, 'Ventrapragada', 269);
INSERT INTO village (id, name, panchayat_id) VALUES (7300, 'Vinjarampadu', 269);
INSERT INTO village (id, name, panchayat_id) VALUES (7301, 'Zamidintakurru', 269);
INSERT INTO mandal (id, name, constituency_id) VALUES (270, 'Penamaluru', 12);
INSERT INTO panchayat (id, name, mandal_id) VALUES (270, 'Default Panchayat Penamaluru', 270);
INSERT INTO village (id, name, panchayat_id) VALUES (7302, 'Chodavaram', 270);
INSERT INTO village (id, name, panchayat_id) VALUES (7303, 'Ganguru (Og)', 270);
INSERT INTO village (id, name, panchayat_id) VALUES (7304, 'Gosala', 270);
INSERT INTO village (id, name, panchayat_id) VALUES (7305, 'Kanuru (Ct)', 270);
INSERT INTO village (id, name, panchayat_id) VALUES (7306, 'Pedapulipaka', 270);
INSERT INTO village (id, name, panchayat_id) VALUES (7307, 'Penamaluru (Og)', 270);
INSERT INTO village (id, name, panchayat_id) VALUES (7308, 'Poranki (Ct)', 270);
INSERT INTO village (id, name, panchayat_id) VALUES (7309, 'Tadigadapa (Ct)', 270);
INSERT INTO village (id, name, panchayat_id) VALUES (7310, 'Vanukuru', 270);
INSERT INTO village (id, name, panchayat_id) VALUES (7311, 'Yenamalakuduru (Ct)', 270);
INSERT INTO mandal (id, name, constituency_id) VALUES (271, 'Thotlavalluru', 12);
INSERT INTO panchayat (id, name, mandal_id) VALUES (271, 'Default Panchayat Thotlavalluru', 271);
INSERT INTO village (id, name, panchayat_id) VALUES (7312, 'Boddapadu', 271);
INSERT INTO village (id, name, panchayat_id) VALUES (7313, 'Chagantipadu', 271);
INSERT INTO village (id, name, panchayat_id) VALUES (7314, 'Chinapulipaka', 271);
INSERT INTO village (id, name, panchayat_id) VALUES (7315, 'Devarapalle', 271);
INSERT INTO village (id, name, panchayat_id) VALUES (7316, 'Garikaparru', 271);
INSERT INTO village (id, name, panchayat_id) VALUES (7317, 'Gurivindapalle', 271);
INSERT INTO village (id, name, panchayat_id) VALUES (7318, 'Iluru', 271);
INSERT INTO village (id, name, panchayat_id) VALUES (7319, 'Kanakavalli', 271);
INSERT INTO village (id, name, panchayat_id) VALUES (7320, 'Kummamuru', 271);
INSERT INTO village (id, name, panchayat_id) VALUES (7321, 'Madhurapuram', 271);
INSERT INTO village (id, name, panchayat_id) VALUES (7322, 'Mulakalapalle', 271);
INSERT INTO village (id, name, panchayat_id) VALUES (7323, 'North Valluru', 271);
INSERT INTO village (id, name, panchayat_id) VALUES (7324, 'Penamakuru', 271);
INSERT INTO village (id, name, panchayat_id) VALUES (7325, 'Royyuru', 271);
INSERT INTO village (id, name, panchayat_id) VALUES (7326, 'South Valluru', 271);
INSERT INTO village (id, name, panchayat_id) VALUES (7327, 'Yakamuru', 271);
INSERT INTO village (id, name, panchayat_id) VALUES (7328, 'Amudalapalle', 208);
INSERT INTO village (id, name, panchayat_id) VALUES (7329, 'Atkuru', 208);
INSERT INTO village (id, name, panchayat_id) VALUES (7330, 'Bokinala', 208);
INSERT INTO village (id, name, panchayat_id) VALUES (7331, 'Chagantipadu', 208);
INSERT INTO village (id, name, panchayat_id) VALUES (7332, 'Chikinala', 208);
INSERT INTO village (id, name, panchayat_id) VALUES (7333, 'Dibbanapudi', 208);
INSERT INTO village (id, name, panchayat_id) VALUES (7334, 'Elukapadu', 208);
INSERT INTO village (id, name, panchayat_id) VALUES (7335, 'Garapadu', 208);
INSERT INTO village (id, name, panchayat_id) VALUES (7336, 'Indupalle', 208);
INSERT INTO village (id, name, panchayat_id) VALUES (7337, 'Koyyagurapadu', 208);
INSERT INTO village (id, name, panchayat_id) VALUES (7338, 'Lankapalle Agraharam', 208);
INSERT INTO village (id, name, panchayat_id) VALUES (7339, 'Madhirapadu', 208);
INSERT INTO village (id, name, panchayat_id) VALUES (7340, 'Manikonda', 208);
INSERT INTO village (id, name, panchayat_id) VALUES (7341, 'Mukkapadu', 208);
INSERT INTO village (id, name, panchayat_id) VALUES (7342, 'Nagavarappadu', 208);
INSERT INTO village (id, name, panchayat_id) VALUES (7343, 'Nandamuru', 208);
INSERT INTO village (id, name, panchayat_id) VALUES (7344, 'Ondrampadu', 208);
INSERT INTO village (id, name, panchayat_id) VALUES (7345, 'Peda Avutapalle', 208);
INSERT INTO village (id, name, panchayat_id) VALUES (7346, 'Ponukumadu', 208);
INSERT INTO village (id, name, panchayat_id) VALUES (7347, 'Pottipadu', 208);
INSERT INTO village (id, name, panchayat_id) VALUES (7348, 'Tarigoppula', 208);
INSERT INTO village (id, name, panchayat_id) VALUES (7349, 'Tarigoppula Khandrika', 208);
INSERT INTO village (id, name, panchayat_id) VALUES (7350, 'Telaprolu', 208);
INSERT INTO village (id, name, panchayat_id) VALUES (7351, 'Tuttagunta', 208);
INSERT INTO village (id, name, panchayat_id) VALUES (7352, 'Veldipadu', 208);
INSERT INTO village (id, name, panchayat_id) VALUES (7353, 'Veldipadu Khandrika', 208);
INSERT INTO village (id, name, panchayat_id) VALUES (7354, 'Velinutala', 208);
INSERT INTO village (id, name, panchayat_id) VALUES (7355, 'Vemanda', 208);
INSERT INTO village (id, name, panchayat_id) VALUES (7356, 'Vempadu', 208);
INSERT INTO mandal (id, name, constituency_id) VALUES (272, 'Vuyyuru', 12);
INSERT INTO panchayat (id, name, mandal_id) VALUES (272, 'Default Panchayat Vuyyuru', 272);
INSERT INTO village (id, name, panchayat_id) VALUES (7357, 'Akunuru', 272);
INSERT INTO village (id, name, panchayat_id) VALUES (7358, 'Bollapadu', 272);
INSERT INTO village (id, name, panchayat_id) VALUES (7359, 'China Ogirala', 272);
INSERT INTO village (id, name, panchayat_id) VALUES (7360, 'Jabarlapudi', 272);
INSERT INTO village (id, name, panchayat_id) VALUES (7361, 'Kadavakollu', 272);
INSERT INTO village (id, name, panchayat_id) VALUES (7362, 'Kalavapamula', 272);
INSERT INTO village (id, name, panchayat_id) VALUES (7363, 'Katuru', 272);
INSERT INTO village (id, name, panchayat_id) VALUES (7364, 'Mudunuru', 272);
INSERT INTO village (id, name, panchayat_id) VALUES (7365, 'Peda Ogirala', 272);
INSERT INTO village (id, name, panchayat_id) VALUES (7366, 'Ramachandrapuram', 272);
INSERT INTO village (id, name, panchayat_id) VALUES (7367, 'Saipuram', 272);
INSERT INTO village (id, name, panchayat_id) VALUES (7368, 'Veeravalli Mokhasa', 272);
INSERT INTO village (id, name, panchayat_id) VALUES (7369, 'Vuyyuru', 272);
INSERT INTO district (id, name, state_id) VALUES (13, 'Kurnool', 1);
INSERT INTO constituency (id, name, district_id, mla_name, mp_name) VALUES (13, 'Default Constituency Kurnool', 13, 'Pending MLA', 'Pending MP');
INSERT INTO mandal (id, name, constituency_id) VALUES (273, 'Adoni', 13);
INSERT INTO panchayat (id, name, mandal_id) VALUES (273, 'Default Panchayat Adoni', 273);
INSERT INTO village (id, name, panchayat_id) VALUES (7370, 'Adoni', 273);
INSERT INTO village (id, name, panchayat_id) VALUES (7371, 'Arekal', 273);
INSERT INTO village (id, name, panchayat_id) VALUES (7372, 'Basarakodu', 273);
INSERT INTO village (id, name, panchayat_id) VALUES (7373, 'Bychigeri', 273);
INSERT INTO village (id, name, panchayat_id) VALUES (7374, 'Chinnapendekal', 273);
INSERT INTO village (id, name, panchayat_id) VALUES (7375, 'Dayyalaguddam', 273);
INSERT INTO village (id, name, panchayat_id) VALUES (7376, 'Dibbanakal', 273);
INSERT INTO village (id, name, panchayat_id) VALUES (7377, 'Doddanakeri', 273);
INSERT INTO village (id, name, panchayat_id) VALUES (7378, 'Gonabavi (Og)', 273);
INSERT INTO village (id, name, panchayat_id) VALUES (7379, 'Huvvanur', 273);
INSERT INTO village (id, name, panchayat_id) VALUES (7380, 'Isvi (Og)', 273);
INSERT INTO village (id, name, panchayat_id) VALUES (7381, 'Kallubavi', 273);
INSERT INTO village (id, name, panchayat_id) VALUES (7382, 'Kapati', 273);
INSERT INTO village (id, name, panchayat_id) VALUES (7383, 'Mandagiri (Rural)', 273);
INSERT INTO village (id, name, panchayat_id) VALUES (7384, 'Mantriki', 273);
INSERT INTO village (id, name, panchayat_id) VALUES (7385, 'Nettekal', 273);
INSERT INTO village (id, name, panchayat_id) VALUES (7386, 'Parvathapuram', 273);
INSERT INTO village (id, name, panchayat_id) VALUES (7387, 'Pesalabanda', 273);
INSERT INTO village (id, name, panchayat_id) VALUES (7388, 'Salakalakonda', 273);
INSERT INTO village (id, name, panchayat_id) VALUES (7389, 'Sambagallu', 273);
INSERT INTO village (id, name, panchayat_id) VALUES (7390, 'S.Kondapuram', 273);
INSERT INTO village (id, name, panchayat_id) VALUES (7391, 'Sulthanapuram', 273);
INSERT INTO village (id, name, panchayat_id) VALUES (7392, 'Vengalapuram', 273);
INSERT INTO village (id, name, panchayat_id) VALUES (7393, 'Virupapuram', 273);
INSERT INTO mandal (id, name, constituency_id) VALUES (274, 'Adoni-2', 13);
INSERT INTO panchayat (id, name, mandal_id) VALUES (274, 'Default Panchayat Adoni-2', 274);
INSERT INTO village (id, name, panchayat_id) VALUES (7394, 'Baladur', 274);
INSERT INTO village (id, name, panchayat_id) VALUES (7395, 'Basapuram (Og)', 274);
INSERT INTO village (id, name, panchayat_id) VALUES (7396, 'Billekallu', 274);
INSERT INTO village (id, name, panchayat_id) VALUES (7397, 'Chagi', 274);
INSERT INTO village (id, name, panchayat_id) VALUES (7398, 'Chinna Gonehal', 274);
INSERT INTO village (id, name, panchayat_id) VALUES (7399, 'Chinna Harivanam', 274);
INSERT INTO village (id, name, panchayat_id) VALUES (7400, 'Dhanapuram (Og)', 274);
INSERT INTO village (id, name, panchayat_id) VALUES (7401, 'Ganekal', 274);
INSERT INTO village (id, name, panchayat_id) VALUES (7402, 'G.Hosalli', 274);
INSERT INTO village (id, name, panchayat_id) VALUES (7403, 'Hanavalu', 274);
INSERT INTO village (id, name, panchayat_id) VALUES (7404, 'Jalibenchi', 274);
INSERT INTO village (id, name, panchayat_id) VALUES (7405, 'Kadithota', 274);
INSERT INTO village (id, name, panchayat_id) VALUES (7406, 'Kuppagal', 274);
INSERT INTO village (id, name, panchayat_id) VALUES (7407, 'Madire', 274);
INSERT INTO village (id, name, panchayat_id) VALUES (7408, 'Naganathana Halli', 274);
INSERT INTO village (id, name, panchayat_id) VALUES (7409, 'Naranapuram', 274);
INSERT INTO village (id, name, panchayat_id) VALUES (7410, 'Pandavagallu', 274);
INSERT INTO village (id, name, panchayat_id) VALUES (7411, 'Pedda Harivanam', 274);
INSERT INTO village (id, name, panchayat_id) VALUES (7412, 'Pedda Thumbalam', 274);
INSERT INTO village (id, name, panchayat_id) VALUES (7413, 'Santhekudlur', 274);
INSERT INTO village (id, name, panchayat_id) VALUES (7414, 'V.Kondapuram (Og)', 274);
INSERT INTO village (id, name, panchayat_id) VALUES (7415, 'Yadavalle', 274);
INSERT INTO mandal (id, name, constituency_id) VALUES (275, 'Alur', 13);
INSERT INTO panchayat (id, name, mandal_id) VALUES (275, 'Default Panchayat Alur', 275);
INSERT INTO village (id, name, panchayat_id) VALUES (7416, 'A.Gonehal', 275);
INSERT INTO village (id, name, panchayat_id) VALUES (7417, 'Alur', 275);
INSERT INTO village (id, name, panchayat_id) VALUES (7418, 'Angaskal', 275);
INSERT INTO village (id, name, panchayat_id) VALUES (7419, 'Arikera', 275);
INSERT INTO village (id, name, panchayat_id) VALUES (7420, 'Hathi Belgal', 275);
INSERT INTO village (id, name, panchayat_id) VALUES (7421, 'Hulebeedu', 275);
INSERT INTO village (id, name, panchayat_id) VALUES (7422, 'Kammarachedu', 275);
INSERT INTO village (id, name, panchayat_id) VALUES (7423, 'Karadiguddam', 275);
INSERT INTO village (id, name, panchayat_id) VALUES (7424, 'Katriki', 275);
INSERT INTO village (id, name, panchayat_id) VALUES (7425, 'Kurukunda', 275);
INSERT INTO village (id, name, panchayat_id) VALUES (7426, 'Kuruvalli', 275);
INSERT INTO village (id, name, panchayat_id) VALUES (7427, 'Manikurthi', 275);
INSERT INTO village (id, name, panchayat_id) VALUES (7428, 'Marakattu', 275);
INSERT INTO village (id, name, panchayat_id) VALUES (7429, 'Molagavalli', 275);
INSERT INTO village (id, name, panchayat_id) VALUES (7430, 'Muddanagiri', 275);
INSERT INTO village (id, name, panchayat_id) VALUES (7431, 'Musanahalli', 275);
INSERT INTO village (id, name, panchayat_id) VALUES (7432, 'Peddahottur', 275);
INSERT INTO village (id, name, panchayat_id) VALUES (7433, 'Thumbalabeedu', 275);
INSERT INTO mandal (id, name, constituency_id) VALUES (276, 'Aspari', 13);
INSERT INTO panchayat (id, name, mandal_id) VALUES (276, 'Default Panchayat Aspari', 276);
INSERT INTO village (id, name, panchayat_id) VALUES (7434, 'Aspari', 276);
INSERT INTO village (id, name, panchayat_id) VALUES (7435, 'Banavanur', 276);
INSERT INTO village (id, name, panchayat_id) VALUES (7436, 'Benigeri', 276);
INSERT INTO village (id, name, panchayat_id) VALUES (7437, 'Billekallu', 276);
INSERT INTO village (id, name, panchayat_id) VALUES (7438, 'Chigeli', 276);
INSERT INTO village (id, name, panchayat_id) VALUES (7439, 'Chinnahothur', 276);
INSERT INTO village (id, name, panchayat_id) VALUES (7440, 'Chiramandoddi', 276);
INSERT INTO village (id, name, panchayat_id) VALUES (7441, 'Chokkanahalli', 276);
INSERT INTO village (id, name, panchayat_id) VALUES (7442, 'D Kotakonda', 276);
INSERT INTO village (id, name, panchayat_id) VALUES (7443, 'Haligera', 276);
INSERT INTO village (id, name, panchayat_id) VALUES (7444, 'Joharapuram', 276);
INSERT INTO village (id, name, panchayat_id) VALUES (7445, 'Karumanchi', 276);
INSERT INTO village (id, name, panchayat_id) VALUES (7446, 'Khyruppala', 276);
INSERT INTO village (id, name, panchayat_id) VALUES (7447, 'Mulugundam', 276);
INSERT INTO village (id, name, panchayat_id) VALUES (7448, 'Muthkur', 276);
INSERT INTO village (id, name, panchayat_id) VALUES (7449, 'Nagarur', 276);
INSERT INTO village (id, name, panchayat_id) VALUES (7450, 'Sankarabanda', 276);
INSERT INTO village (id, name, panchayat_id) VALUES (7451, 'Tangaradona', 276);
INSERT INTO village (id, name, panchayat_id) VALUES (7452, 'Thurvagal', 276);
INSERT INTO village (id, name, panchayat_id) VALUES (7453, 'Yatakallu', 276);
INSERT INTO mandal (id, name, constituency_id) VALUES (277, 'C.Belagal', 13);
INSERT INTO panchayat (id, name, mandal_id) VALUES (277, 'Default Panchayat C.Belagal', 277);
INSERT INTO village (id, name, panchayat_id) VALUES (7454, 'Brahmanadoddi', 277);
INSERT INTO village (id, name, panchayat_id) VALUES (7455, 'Burandoddi', 277);
INSERT INTO village (id, name, panchayat_id) VALUES (7456, 'C.Belagal', 277);
INSERT INTO village (id, name, panchayat_id) VALUES (7457, 'Gundrevula', 277);
INSERT INTO village (id, name, panchayat_id) VALUES (7458, 'Kambadahal', 277);
INSERT INTO village (id, name, panchayat_id) VALUES (7459, 'Kondapuram', 277);
INSERT INTO village (id, name, panchayat_id) VALUES (7460, 'Kothakota', 277);
INSERT INTO village (id, name, panchayat_id) VALUES (7461, 'Malasomapuram', 277);
INSERT INTO village (id, name, panchayat_id) VALUES (7462, 'Palukudoddi', 277);
INSERT INTO village (id, name, panchayat_id) VALUES (7463, 'Polakal', 277);
INSERT INTO mandal (id, name, constituency_id) VALUES (278, 'Chippagiri', 13);
INSERT INTO panchayat (id, name, mandal_id) VALUES (278, 'Default Panchayat Chippagiri', 278);
INSERT INTO village (id, name, panchayat_id) VALUES (7464, 'Bantanahal', 278);
INSERT INTO village (id, name, panchayat_id) VALUES (7465, 'Beldona', 278);
INSERT INTO village (id, name, panchayat_id) VALUES (7466, 'Chippagiri', 278);
INSERT INTO village (id, name, panchayat_id) VALUES (7467, 'Degalahal', 278);
INSERT INTO village (id, name, panchayat_id) VALUES (7468, 'Doulathapuram', 278);
INSERT INTO village (id, name, panchayat_id) VALUES (7469, 'Gummanur', 278);
INSERT INTO village (id, name, panchayat_id) VALUES (7470, 'Khajipuram', 278);
INSERT INTO village (id, name, panchayat_id) VALUES (7471, 'Kundanagurthi', 278);
INSERT INTO village (id, name, panchayat_id) VALUES (7472, 'Nagaradona', 278);
INSERT INTO village (id, name, panchayat_id) VALUES (7473, 'Nancharla', 278);
INSERT INTO village (id, name, panchayat_id) VALUES (7474, 'Nemakal', 278);
INSERT INTO village (id, name, panchayat_id) VALUES (7475, 'Ramadurgam', 278);
INSERT INTO village (id, name, panchayat_id) VALUES (7476, 'Thimmapuram', 278);
INSERT INTO village (id, name, panchayat_id) VALUES (7477, 'Yerur', 278);
INSERT INTO mandal (id, name, constituency_id) VALUES (279, 'Devanakonda', 13);
INSERT INTO panchayat (id, name, mandal_id) VALUES (279, 'Default Panchayat Devanakonda', 279);
INSERT INTO village (id, name, panchayat_id) VALUES (7478, 'Chellelichelimala', 279);
INSERT INTO village (id, name, panchayat_id) VALUES (7479, 'Devanakonda', 279);
INSERT INTO village (id, name, panchayat_id) VALUES (7480, 'Gundlakonda', 279);
INSERT INTO village (id, name, panchayat_id) VALUES (7481, 'Jilledubudakala', 279);
INSERT INTO village (id, name, panchayat_id) VALUES (7482, 'Kappatralla', 279);
INSERT INTO village (id, name, panchayat_id) VALUES (7483, 'Karivemula', 279);
INSERT INTO village (id, name, panchayat_id) VALUES (7484, 'Kunkanur', 279);
INSERT INTO village (id, name, panchayat_id) VALUES (7485, 'Machapuram', 279);
INSERT INTO village (id, name, panchayat_id) VALUES (7486, 'Nallachelimal', 279);
INSERT INTO village (id, name, panchayat_id) VALUES (7487, 'Palakurthy', 279);
INSERT INTO village (id, name, panchayat_id) VALUES (7488, 'P.Kotakonda', 279);
INSERT INTO village (id, name, panchayat_id) VALUES (7489, 'Potlapadu', 279);
INSERT INTO village (id, name, panchayat_id) VALUES (7490, 'S.Thimmapuram', 279);
INSERT INTO village (id, name, panchayat_id) VALUES (7491, 'Ternekal', 279);
INSERT INTO village (id, name, panchayat_id) VALUES (7492, 'Velamakuru', 279);
INSERT INTO mandal (id, name, constituency_id) VALUES (280, 'Gonegandla', 13);
INSERT INTO panchayat (id, name, mandal_id) VALUES (280, 'Default Panchayat Gonegandla', 280);
INSERT INTO village (id, name, panchayat_id) VALUES (7493, 'Alwala', 280);
INSERT INTO village (id, name, panchayat_id) VALUES (7494, 'B Agraharam', 280);
INSERT INTO village (id, name, panchayat_id) VALUES (7495, 'Byluppala', 280);
INSERT INTO village (id, name, panchayat_id) VALUES (7496, 'Errabadu', 280);
INSERT INTO village (id, name, panchayat_id) VALUES (7497, 'Ganjihalli', 280);
INSERT INTO village (id, name, panchayat_id) VALUES (7498, 'Gonegandla', 280);
INSERT INTO village (id, name, panchayat_id) VALUES (7499, 'Handri Khairawadi', 280);
INSERT INTO village (id, name, panchayat_id) VALUES (7500, 'Iranbanda', 280);
INSERT INTO village (id, name, panchayat_id) VALUES (7501, 'Kulumala', 280);
INSERT INTO village (id, name, panchayat_id) VALUES (7502, 'Kurnur', 280);
INSERT INTO village (id, name, panchayat_id) VALUES (7503, 'Lingamdinne', 280);
INSERT INTO village (id, name, panchayat_id) VALUES (7504, 'Neruduppala', 280);
INSERT INTO village (id, name, panchayat_id) VALUES (7505, 'Pedda Marriveedu', 280);
INSERT INTO village (id, name, panchayat_id) VALUES (7506, 'Pedda Nelatur', 280);
INSERT INTO village (id, name, panchayat_id) VALUES (7507, 'Thippanur', 280);
INSERT INTO village (id, name, panchayat_id) VALUES (7508, 'Vemugodu', 280);
INSERT INTO mandal (id, name, constituency_id) VALUES (281, 'Gudur', 13);
INSERT INTO panchayat (id, name, mandal_id) VALUES (281, 'Default Panchayat Gudur', 281);
INSERT INTO village (id, name, panchayat_id) VALUES (7509, 'Budidapadu', 281);
INSERT INTO village (id, name, panchayat_id) VALUES (7510, 'Chanugondla', 281);
INSERT INTO village (id, name, panchayat_id) VALUES (7511, 'Gudipadu', 281);
INSERT INTO village (id, name, panchayat_id) VALUES (7512, 'Gudur', 281);
INSERT INTO village (id, name, panchayat_id) VALUES (7513, 'Julakallu', 281);
INSERT INTO village (id, name, panchayat_id) VALUES (7514, 'Kuruvanagalapuram', 281);
INSERT INTO village (id, name, panchayat_id) VALUES (7515, 'Mallapuram', 281);
INSERT INTO village (id, name, panchayat_id) VALUES (7516, 'Munagala', 281);
INSERT INTO village (id, name, panchayat_id) VALUES (7517, 'Penchikalapadu', 281);
INSERT INTO village (id, name, panchayat_id) VALUES (7518, 'Ponnakallu', 281);
INSERT INTO village (id, name, panchayat_id) VALUES (7519, 'Regadi Khanapuram', 281);
INSERT INTO mandal (id, name, constituency_id) VALUES (282, 'Halaharvi', 13);
INSERT INTO panchayat (id, name, mandal_id) VALUES (282, 'Default Panchayat Halaharvi', 282);
INSERT INTO village (id, name, panchayat_id) VALUES (7520, 'Amruthapuram', 282);
INSERT INTO village (id, name, panchayat_id) VALUES (7521, 'Ballur', 282);
INSERT INTO village (id, name, panchayat_id) VALUES (7522, 'Bapuram', 282);
INSERT INTO village (id, name, panchayat_id) VALUES (7523, 'Bevinhal', 282);
INSERT INTO village (id, name, panchayat_id) VALUES (7524, 'Bilehal', 282);
INSERT INTO village (id, name, panchayat_id) VALUES (7525, 'Bolugota', 282);
INSERT INTO village (id, name, panchayat_id) VALUES (7526, 'Chinthakunta', 282);
INSERT INTO village (id, name, panchayat_id) VALUES (7527, 'Gulyam', 282);
INSERT INTO village (id, name, panchayat_id) VALUES (7528, 'Halaharvi', 282);
INSERT INTO village (id, name, panchayat_id) VALUES (7529, 'Hardagiri', 282);
INSERT INTO village (id, name, panchayat_id) VALUES (7530, 'J.Hosahalli', 282);
INSERT INTO village (id, name, panchayat_id) VALUES (7531, 'Kaminahal', 282);
INSERT INTO village (id, name, panchayat_id) VALUES (7532, 'Kokkarachedu', 282);
INSERT INTO village (id, name, panchayat_id) VALUES (7533, 'Kurulehalli', 282);
INSERT INTO village (id, name, panchayat_id) VALUES (7534, 'Machanur', 282);
INSERT INTO village (id, name, panchayat_id) VALUES (7535, 'Mallikarjuna Halli', 282);
INSERT INTO village (id, name, panchayat_id) VALUES (7536, 'Medehal', 282);
INSERT INTO village (id, name, panchayat_id) VALUES (7537, 'Nitravatti', 282);
INSERT INTO village (id, name, panchayat_id) VALUES (7538, 'Pacharlapalli', 282);
INSERT INTO village (id, name, panchayat_id) VALUES (7539, 'Siddapuram', 282);
INSERT INTO village (id, name, panchayat_id) VALUES (7540, 'Sirugapuram', 282);
INSERT INTO village (id, name, panchayat_id) VALUES (7541, 'Sreedarahal', 282);
INSERT INTO village (id, name, panchayat_id) VALUES (7542, 'T Sakibanda', 282);
INSERT INTO village (id, name, panchayat_id) VALUES (7543, 'Virupapuram', 282);
INSERT INTO mandal (id, name, constituency_id) VALUES (283, 'Holagunda', 13);
INSERT INTO panchayat (id, name, mandal_id) VALUES (283, 'Default Panchayat Holagunda', 283);
INSERT INTO village (id, name, panchayat_id) VALUES (7544, 'Chinnahyta', 283);
INSERT INTO village (id, name, panchayat_id) VALUES (7545, 'Gajjehalli', 283);
INSERT INTO village (id, name, panchayat_id) VALUES (7546, 'Hebbatam', 283);
INSERT INTO village (id, name, panchayat_id) VALUES (7547, 'Holagunda', 283);
INSERT INTO village (id, name, panchayat_id) VALUES (7548, 'Honnur', 283);
INSERT INTO village (id, name, panchayat_id) VALUES (7549, 'Ingaladahal', 283);
INSERT INTO village (id, name, panchayat_id) VALUES (7550, 'Kogilathota', 283);
INSERT INTO village (id, name, panchayat_id) VALUES (7551, 'Lingadahalli', 283);
INSERT INTO village (id, name, panchayat_id) VALUES (7552, 'Maddi Lingadahalli', 283);
INSERT INTO village (id, name, panchayat_id) VALUES (7553, 'Marlamadiki', 283);
INSERT INTO village (id, name, panchayat_id) VALUES (7554, 'Muddatamagi', 283);
INSERT INTO village (id, name, panchayat_id) VALUES (7555, 'Mugumangondi', 283);
INSERT INTO village (id, name, panchayat_id) VALUES (7556, 'Nagarakanvi', 283);
INSERT INTO village (id, name, panchayat_id) VALUES (7557, 'Neraniki', 283);
INSERT INTO village (id, name, panchayat_id) VALUES (7558, 'Pedda Gonehal', 283);
INSERT INTO village (id, name, panchayat_id) VALUES (7559, 'Peddahyta', 283);
INSERT INTO village (id, name, panchayat_id) VALUES (7560, 'Sammathagiri', 283);
INSERT INTO village (id, name, panchayat_id) VALUES (7561, 'Suluvoy', 283);
INSERT INTO village (id, name, panchayat_id) VALUES (7562, 'Vandavagali', 283);
INSERT INTO village (id, name, panchayat_id) VALUES (7563, 'Yellarthy', 283);
INSERT INTO mandal (id, name, constituency_id) VALUES (284, 'Kallur', 13);
INSERT INTO panchayat (id, name, mandal_id) VALUES (284, 'Default Panchayat Kallur', 284);
INSERT INTO village (id, name, panchayat_id) VALUES (7564, 'A.Gokulapadu', 284);
INSERT INTO village (id, name, panchayat_id) VALUES (7565, 'Bastipadu', 284);
INSERT INTO village (id, name, panchayat_id) VALUES (7566, 'Bollavaram', 284);
INSERT INTO village (id, name, panchayat_id) VALUES (7567, 'Chetla Mallapuram', 284);
INSERT INTO village (id, name, panchayat_id) VALUES (7568, 'Chinna Tekur', 284);
INSERT INTO village (id, name, panchayat_id) VALUES (7569, 'Dupadu', 284);
INSERT INTO village (id, name, panchayat_id) VALUES (7570, 'Kallur', 284);
INSERT INTO village (id, name, panchayat_id) VALUES (7571, 'K.Markapuram', 284);
INSERT INTO village (id, name, panchayat_id) VALUES (7572, 'Konganapadu', 284);
INSERT INTO village (id, name, panchayat_id) VALUES (7573, 'Laxmipuram', 284);
INSERT INTO village (id, name, panchayat_id) VALUES (7574, 'Nayakallu', 284);
INSERT INTO village (id, name, panchayat_id) VALUES (7575, 'Pandipadu (Og)', 284);
INSERT INTO village (id, name, panchayat_id) VALUES (7576, 'Parla', 284);
INSERT INTO village (id, name, panchayat_id) VALUES (7577, 'Peddapadu (Og)', 284);
INSERT INTO village (id, name, panchayat_id) VALUES (7578, 'Pedda Tekur', 284);
INSERT INTO village (id, name, panchayat_id) VALUES (7579, 'Pusulur', 284);
INSERT INTO village (id, name, panchayat_id) VALUES (7580, 'Remadur', 284);
INSERT INTO village (id, name, panchayat_id) VALUES (7581, 'Salkapuram', 284);
INSERT INTO village (id, name, panchayat_id) VALUES (7582, 'Thadakanapalle', 284);
INSERT INTO village (id, name, panchayat_id) VALUES (7583, 'Ulindakonda', 284);
INSERT INTO village (id, name, panchayat_id) VALUES (7584, 'Yaparlapadu', 284);
INSERT INTO mandal (id, name, constituency_id) VALUES (285, 'Kodumur', 13);
INSERT INTO panchayat (id, name, mandal_id) VALUES (285, 'Default Panchayat Kodumur', 285);
INSERT INTO village (id, name, panchayat_id) VALUES (7585, 'Amadaguntla', 285);
INSERT INTO village (id, name, panchayat_id) VALUES (7586, 'Anugonda', 285);
INSERT INTO village (id, name, panchayat_id) VALUES (7587, 'Gorantla', 285);
INSERT INTO village (id, name, panchayat_id) VALUES (7588, 'Kodumur', 285);
INSERT INTO village (id, name, panchayat_id) VALUES (7589, 'Laddagiri', 285);
INSERT INTO village (id, name, panchayat_id) VALUES (7590, 'Mudumalagurthy', 285);
INSERT INTO village (id, name, panchayat_id) VALUES (7591, 'Pulakurthy', 285);
INSERT INTO village (id, name, panchayat_id) VALUES (7592, 'Pyalakurthy', 285);
INSERT INTO village (id, name, panchayat_id) VALUES (7593, 'Varkur', 285);
INSERT INTO village (id, name, panchayat_id) VALUES (7594, 'Yerradoddi', 285);
INSERT INTO mandal (id, name, constituency_id) VALUES (286, 'Kosigi', 13);
INSERT INTO panchayat (id, name, mandal_id) VALUES (286, 'Default Panchayat Kosigi', 286);
INSERT INTO village (id, name, panchayat_id) VALUES (7595, 'Agasanur', 286);
INSERT INTO village (id, name, panchayat_id) VALUES (7596, 'Arlabanda', 286);
INSERT INTO village (id, name, panchayat_id) VALUES (7597, 'Batra Bommalapuram', 286);
INSERT INTO village (id, name, panchayat_id) VALUES (7598, 'Bompalle', 286);
INSERT INTO village (id, name, panchayat_id) VALUES (7599, 'Chintakunta', 286);
INSERT INTO village (id, name, panchayat_id) VALUES (7600, 'Chirthanakal', 286);
INSERT INTO village (id, name, panchayat_id) VALUES (7601, 'D Belagal', 286);
INSERT INTO village (id, name, panchayat_id) VALUES (7602, 'Devarabetta', 286);
INSERT INTO village (id, name, panchayat_id) VALUES (7603, 'Duddi', 286);
INSERT INTO village (id, name, panchayat_id) VALUES (7604, 'Gowdegallu', 286);
INSERT INTO village (id, name, panchayat_id) VALUES (7605, 'Irangal', 286);
INSERT INTO village (id, name, panchayat_id) VALUES (7606, 'Jampapuram', 286);
INSERT INTO village (id, name, panchayat_id) VALUES (7607, 'Jumaladinne', 286);
INSERT INTO village (id, name, panchayat_id) VALUES (7608, 'Kadidoddi', 286);
INSERT INTO village (id, name, panchayat_id) VALUES (7609, 'Kalavalagundu', 286);
INSERT INTO village (id, name, panchayat_id) VALUES (7610, 'Kamandoddi', 286);
INSERT INTO village (id, name, panchayat_id) VALUES (7611, 'Kandukur', 286);
INSERT INTO village (id, name, panchayat_id) VALUES (7612, 'Kosigi', 286);
INSERT INTO village (id, name, panchayat_id) VALUES (7613, 'Moogaladoddi', 286);
INSERT INTO village (id, name, panchayat_id) VALUES (7614, 'Nelakosigi', 286);
INSERT INTO village (id, name, panchayat_id) VALUES (7615, 'Pallipadu', 286);
INSERT INTO village (id, name, panchayat_id) VALUES (7616, 'Pendekal', 286);
INSERT INTO village (id, name, panchayat_id) VALUES (7617, 'Puttakunta', 286);
INSERT INTO village (id, name, panchayat_id) VALUES (7618, 'Sajjalaguddam', 286);
INSERT INTO village (id, name, panchayat_id) VALUES (7619, 'Sathanur', 286);
INSERT INTO village (id, name, panchayat_id) VALUES (7620, 'Thumbiganur', 286);
INSERT INTO village (id, name, panchayat_id) VALUES (7621, 'Vandagallu', 286);
INSERT INTO village (id, name, panchayat_id) VALUES (7622, 'Yandapalle', 286);
INSERT INTO mandal (id, name, constituency_id) VALUES (287, 'Kowthalam', 13);
INSERT INTO panchayat (id, name, mandal_id) VALUES (287, 'Default Panchayat Kowthalam', 287);
INSERT INTO village (id, name, panchayat_id) VALUES (7623, 'Agasaladinne', 287);
INSERT INTO village (id, name, panchayat_id) VALUES (7624, 'Badinehal', 287);
INSERT INTO village (id, name, panchayat_id) VALUES (7625, 'Bantakunta', 287);
INSERT INTO village (id, name, panchayat_id) VALUES (7626, 'Bapuram', 287);
INSERT INTO village (id, name, panchayat_id) VALUES (7627, 'Chirtapalle', 287);
INSERT INTO village (id, name, panchayat_id) VALUES (7628, 'Chudi', 287);
INSERT INTO village (id, name, panchayat_id) VALUES (7629, 'Dommaladinne', 287);
INSERT INTO village (id, name, panchayat_id) VALUES (7630, 'Echalahal', 287);
INSERT INTO village (id, name, panchayat_id) VALUES (7631, 'Gothuladoddi', 287);
INSERT INTO village (id, name, panchayat_id) VALUES (7632, 'Gudikambali', 287);
INSERT INTO village (id, name, panchayat_id) VALUES (7633, 'Gurraladoddi', 287);
INSERT INTO village (id, name, panchayat_id) VALUES (7634, 'Halvi', 287);
INSERT INTO village (id, name, panchayat_id) VALUES (7635, 'Kamavaram', 287);
INSERT INTO village (id, name, panchayat_id) VALUES (7636, 'Karani', 287);
INSERT INTO village (id, name, panchayat_id) VALUES (7637, 'Katedoddi', 287);
INSERT INTO village (id, name, panchayat_id) VALUES (7638, 'Katriki', 287);
INSERT INTO village (id, name, panchayat_id) VALUES (7639, 'Kowthalam', 287);
INSERT INTO village (id, name, panchayat_id) VALUES (7640, 'Kumbalanur', 287);
INSERT INTO village (id, name, panchayat_id) VALUES (7641, 'Kuntanahal', 287);
INSERT INTO village (id, name, panchayat_id) VALUES (7642, 'Lingaladinne', 287);
INSERT INTO village (id, name, panchayat_id) VALUES (7643, 'Madire', 287);
INSERT INTO village (id, name, panchayat_id) VALUES (7644, 'Mallanahatti', 287);
INSERT INTO village (id, name, panchayat_id) VALUES (7645, 'Marali', 287);
INSERT INTO village (id, name, panchayat_id) VALUES (7646, 'Myaliganur', 287);
INSERT INTO village (id, name, panchayat_id) VALUES (7647, 'Nadichagi', 287);
INSERT INTO village (id, name, panchayat_id) VALUES (7648, 'Podalakunta', 287);
INSERT INTO village (id, name, panchayat_id) VALUES (7649, 'Rowdur', 287);
INSERT INTO village (id, name, panchayat_id) VALUES (7650, 'Sulakeri', 287);
INSERT INTO village (id, name, panchayat_id) VALUES (7651, 'Thippaladoddi', 287);
INSERT INTO village (id, name, panchayat_id) VALUES (7652, 'Thovi', 287);
INSERT INTO village (id, name, panchayat_id) VALUES (7653, 'Upparahal', 287);
INSERT INTO village (id, name, panchayat_id) VALUES (7654, 'Urukunda', 287);
INSERT INTO village (id, name, panchayat_id) VALUES (7655, 'Vallur', 287);
INSERT INTO village (id, name, panchayat_id) VALUES (7656, 'Veerladinne', 287);
INSERT INTO village (id, name, panchayat_id) VALUES (7657, 'Yerigiri', 287);
INSERT INTO mandal (id, name, constituency_id) VALUES (288, 'Krishnagiri', 13);
INSERT INTO panchayat (id, name, mandal_id) VALUES (288, 'Default Panchayat Krishnagiri', 288);
INSERT INTO village (id, name, panchayat_id) VALUES (7658, 'Agaveli', 288);
INSERT INTO village (id, name, panchayat_id) VALUES (7659, 'Alamkonda', 288);
INSERT INTO village (id, name, panchayat_id) VALUES (7660, 'Amakathadu', 288);
INSERT INTO village (id, name, panchayat_id) VALUES (7661, 'Chityala', 288);
INSERT INTO village (id, name, panchayat_id) VALUES (7662, 'Chunchu Yerragudi', 288);
INSERT INTO village (id, name, panchayat_id) VALUES (7663, 'Kambalapadu', 288);
INSERT INTO village (id, name, panchayat_id) VALUES (7664, 'Katarikonda', 288);
INSERT INTO village (id, name, panchayat_id) VALUES (7665, 'Krishnagiri', 288);
INSERT INTO village (id, name, panchayat_id) VALUES (7666, 'Lakkasagaram', 288);
INSERT INTO village (id, name, panchayat_id) VALUES (7667, 'Mannegunta', 288);
INSERT INTO village (id, name, panchayat_id) VALUES (7668, 'Pothugal', 288);
INSERT INTO village (id, name, panchayat_id) VALUES (7669, 'Shotrium Yerragudi', 288);
INSERT INTO village (id, name, panchayat_id) VALUES (7670, 'Tallagokulapadu', 288);
INSERT INTO village (id, name, panchayat_id) VALUES (7671, 'Thogarchedu', 288);
INSERT INTO village (id, name, panchayat_id) VALUES (7672, 'Yerukalacheruvu', 288);
INSERT INTO mandal (id, name, constituency_id) VALUES (289, 'Kurnool Rural', 13);
INSERT INTO panchayat (id, name, mandal_id) VALUES (289, 'Default Panchayat Kurnool Rural', 289);
INSERT INTO village (id, name, panchayat_id) VALUES (7673, 'Basavapuram', 289);
INSERT INTO village (id, name, panchayat_id) VALUES (7674, 'B. Thandrapadu (Og)', 289);
INSERT INTO village (id, name, panchayat_id) VALUES (7675, 'Devamada', 289);
INSERT INTO village (id, name, panchayat_id) VALUES (7676, 'Diguvapadu', 289);
INSERT INTO village (id, name, panchayat_id) VALUES (7677, 'Dinnadevarapadu (Og)', 289);
INSERT INTO village (id, name, panchayat_id) VALUES (7678, 'Edurur', 289);
INSERT INTO village (id, name, panchayat_id) VALUES (7679, 'E.Thandrapadu', 289);
INSERT INTO village (id, name, panchayat_id) VALUES (7680, 'Gargeyapuram', 289);
INSERT INTO village (id, name, panchayat_id) VALUES (7681, 'Gondiparla', 289);
INSERT INTO village (id, name, panchayat_id) VALUES (7682, 'G.Singavaram', 289);
INSERT INTO village (id, name, panchayat_id) VALUES (7683, 'Munagalapadu', 289);
INSERT INTO village (id, name, panchayat_id) VALUES (7684, 'Nidzur', 289);
INSERT INTO village (id, name, panchayat_id) VALUES (7685, 'Noothanapalle', 289);
INSERT INTO village (id, name, panchayat_id) VALUES (7686, 'Panchalingala', 289);
INSERT INTO village (id, name, panchayat_id) VALUES (7687, 'Pasupula (Og)', 289);
INSERT INTO village (id, name, panchayat_id) VALUES (7688, 'Pudur', 289);
INSERT INTO village (id, name, panchayat_id) VALUES (7689, 'Remata', 289);
INSERT INTO village (id, name, panchayat_id) VALUES (7690, 'R Konthalapadu', 289);
INSERT INTO village (id, name, panchayat_id) VALUES (7691, 'Rudravaram', 289);
INSERT INTO village (id, name, panchayat_id) VALUES (7692, 'Sunkesula', 289);
INSERT INTO village (id, name, panchayat_id) VALUES (7693, 'Ulchala', 289);
INSERT INTO mandal (id, name, constituency_id) VALUES (290, 'Kurnool Urban', 13);
INSERT INTO panchayat (id, name, mandal_id) VALUES (290, 'Default Panchayat Kurnool Urban', 290);
INSERT INTO village (id, name, panchayat_id) VALUES (7694, 'Joharapuram', 290);
INSERT INTO village (id, name, panchayat_id) VALUES (7695, 'Kurnool', 290);
INSERT INTO village (id, name, panchayat_id) VALUES (7696, 'Mamidalapadu (Ct)', 290);
INSERT INTO village (id, name, panchayat_id) VALUES (7697, 'Roja', 290);
INSERT INTO mandal (id, name, constituency_id) VALUES (291, 'Maddikera (East)', 13);
INSERT INTO panchayat (id, name, mandal_id) VALUES (291, 'Default Panchayat Maddikera (East)', 291);
INSERT INTO village (id, name, panchayat_id) VALUES (7698, 'Burujula', 291);
INSERT INTO village (id, name, panchayat_id) VALUES (7699, 'Hampa', 291);
INSERT INTO village (id, name, panchayat_id) VALUES (7700, 'Maddikera Agraharam', 291);
INSERT INTO village (id, name, panchayat_id) VALUES (7701, 'Maddikera (East)', 291);
INSERT INTO village (id, name, panchayat_id) VALUES (7702, 'Maddikera (North)', 291);
INSERT INTO village (id, name, panchayat_id) VALUES (7703, 'Maddikera (West)', 291);
INSERT INTO village (id, name, panchayat_id) VALUES (7704, 'Peravali', 291);
INSERT INTO village (id, name, panchayat_id) VALUES (7705, 'Yedavali', 291);
INSERT INTO mandal (id, name, constituency_id) VALUES (292, 'Mantralayam', 13);
INSERT INTO panchayat (id, name, mandal_id) VALUES (292, 'Default Panchayat Mantralayam', 292);
INSERT INTO village (id, name, panchayat_id) VALUES (7706, 'Basapuram', 292);
INSERT INTO village (id, name, panchayat_id) VALUES (7707, 'Budur', 292);
INSERT INTO village (id, name, panchayat_id) VALUES (7708, 'Chetnihalli', 292);
INSERT INTO village (id, name, panchayat_id) VALUES (7709, 'Chilakaladona', 292);
INSERT INTO village (id, name, panchayat_id) VALUES (7710, 'Dibbanadoddi', 292);
INSERT INTO village (id, name, panchayat_id) VALUES (7711, 'Kachapuram', 292);
INSERT INTO village (id, name, panchayat_id) VALUES (7712, 'Kaggallu', 292);
INSERT INTO village (id, name, panchayat_id) VALUES (7713, 'Kalludevakunta', 292);
INSERT INTO village (id, name, panchayat_id) VALUES (7714, 'Madhavaram', 292);
INSERT INTO village (id, name, panchayat_id) VALUES (7715, 'Malapalle', 292);
INSERT INTO village (id, name, panchayat_id) VALUES (7716, 'Manchala', 292);
INSERT INTO village (id, name, panchayat_id) VALUES (7717, 'Narayanapuram', 292);
INSERT INTO village (id, name, panchayat_id) VALUES (7718, 'Paramandoddi', 292);
INSERT INTO village (id, name, panchayat_id) VALUES (7719, 'Rachumarri', 292);
INSERT INTO village (id, name, panchayat_id) VALUES (7720, 'Rampuram', 292);
INSERT INTO village (id, name, panchayat_id) VALUES (7721, 'Singarajanahalli', 292);
INSERT INTO village (id, name, panchayat_id) VALUES (7722, 'Sowla Halli', 292);
INSERT INTO village (id, name, panchayat_id) VALUES (7723, 'Sugur', 292);
INSERT INTO village (id, name, panchayat_id) VALUES (7724, 'Sunkeswari', 292);
INSERT INTO village (id, name, panchayat_id) VALUES (7725, 'Vagaruru', 292);
INSERT INTO mandal (id, name, constituency_id) VALUES (293, 'Nandavaram', 13);
INSERT INTO panchayat (id, name, mandal_id) VALUES (293, 'Default Panchayat Nandavaram', 293);
INSERT INTO village (id, name, panchayat_id) VALUES (7726, 'Chinnakothiliki', 293);
INSERT INTO village (id, name, panchayat_id) VALUES (7727, 'Dharmapuram', 293);
INSERT INTO village (id, name, panchayat_id) VALUES (7728, 'Gangavaram', 293);
INSERT INTO village (id, name, panchayat_id) VALUES (7729, 'Gurujala', 293);
INSERT INTO village (id, name, panchayat_id) VALUES (7730, 'Halaharvi', 293);
INSERT INTO village (id, name, panchayat_id) VALUES (7731, 'Ibharampuram', 293);
INSERT INTO village (id, name, panchayat_id) VALUES (7732, 'Joharapuram', 293);
INSERT INTO village (id, name, panchayat_id) VALUES (7733, 'Kanakaveedu', 293);
INSERT INTO village (id, name, panchayat_id) VALUES (7734, 'Machapuram', 293);
INSERT INTO village (id, name, panchayat_id) VALUES (7735, 'Mittasompuram', 293);
INSERT INTO village (id, name, panchayat_id) VALUES (7736, 'Muguthi', 293);
INSERT INTO village (id, name, panchayat_id) VALUES (7737, 'Nadikhairavadi', 293);
INSERT INTO village (id, name, panchayat_id) VALUES (7738, 'Nagaladinne', 293);
INSERT INTO village (id, name, panchayat_id) VALUES (7739, 'Nandavaram', 293);
INSERT INTO village (id, name, panchayat_id) VALUES (7740, 'Peddakothiliki', 293);
INSERT INTO village (id, name, panchayat_id) VALUES (7741, 'Ponakaladinne', 293);
INSERT INTO village (id, name, panchayat_id) VALUES (7742, 'Poolachinta', 293);
INSERT INTO village (id, name, panchayat_id) VALUES (7743, 'Rayachoty', 293);
INSERT INTO village (id, name, panchayat_id) VALUES (7744, 'T Somalaguduru', 293);
INSERT INTO mandal (id, name, constituency_id) VALUES (294, 'Orvakal', 13);
INSERT INTO panchayat (id, name, mandal_id) VALUES (294, 'Default Panchayat Orvakal', 294);
INSERT INTO village (id, name, panchayat_id) VALUES (7745, 'Bodduvanipalle', 294);
INSERT INTO village (id, name, panchayat_id) VALUES (7746, 'Brahmanapalle', 294);
INSERT INTO village (id, name, panchayat_id) VALUES (7747, 'Guttapadu', 294);
INSERT INTO village (id, name, panchayat_id) VALUES (7748, 'Husainapuram', 294);
INSERT INTO village (id, name, panchayat_id) VALUES (7749, 'Kalva', 294);
INSERT INTO village (id, name, panchayat_id) VALUES (7750, 'Kannamadakala', 294);
INSERT INTO village (id, name, panchayat_id) VALUES (7751, 'Kethavaram', 294);
INSERT INTO village (id, name, panchayat_id) VALUES (7752, 'Komarolu', 294);
INSERT INTO village (id, name, panchayat_id) VALUES (7753, 'Loddipalle', 294);
INSERT INTO village (id, name, panchayat_id) VALUES (7754, 'Meedivemula', 294);
INSERT INTO village (id, name, panchayat_id) VALUES (7755, 'Nannur', 294);
INSERT INTO village (id, name, panchayat_id) VALUES (7756, 'N.Konthalapadu', 294);
INSERT INTO village (id, name, panchayat_id) VALUES (7757, 'Orvakal', 294);
INSERT INTO village (id, name, panchayat_id) VALUES (7758, 'Palakolanu', 294);
INSERT INTO village (id, name, panchayat_id) VALUES (7759, 'Puricherla', 294);
INSERT INTO village (id, name, panchayat_id) VALUES (7760, 'Sakunala', 294);
INSERT INTO village (id, name, panchayat_id) VALUES (7761, 'Somyajulapalle', 294);
INSERT INTO village (id, name, panchayat_id) VALUES (7762, 'Thippayapalle', 294);
INSERT INTO village (id, name, panchayat_id) VALUES (7763, 'Uppalapadu', 294);
INSERT INTO village (id, name, panchayat_id) VALUES (7764, 'Uyyalawada', 294);
INSERT INTO mandal (id, name, constituency_id) VALUES (295, 'Pattikonda', 13);
INSERT INTO panchayat (id, name, mandal_id) VALUES (295, 'Default Panchayat Pattikonda', 295);
INSERT INTO village (id, name, panchayat_id) VALUES (7765, 'Chakkaralla', 295);
INSERT INTO village (id, name, panchayat_id) VALUES (7766, 'Chinna Hulthi', 295);
INSERT INTO village (id, name, panchayat_id) VALUES (7767, 'Devanabanda', 295);
INSERT INTO village (id, name, panchayat_id) VALUES (7768, 'Dudekonda', 295);
INSERT INTO village (id, name, panchayat_id) VALUES (7769, 'Hosur', 295);
INSERT INTO village (id, name, panchayat_id) VALUES (7770, 'Jutur', 295);
INSERT INTO village (id, name, panchayat_id) VALUES (7771, 'Nalakadoddi', 295);
INSERT INTO village (id, name, panchayat_id) VALUES (7772, 'Pandikona', 295);
INSERT INTO village (id, name, panchayat_id) VALUES (7773, 'Pattikonda', 295);
INSERT INTO village (id, name, panchayat_id) VALUES (7774, 'Pedda Hulthi', 295);
INSERT INTO village (id, name, panchayat_id) VALUES (7775, 'Putchakayalamada', 295);
INSERT INTO mandal (id, name, constituency_id) VALUES (296, 'Pedda Kadubur', 13);
INSERT INTO panchayat (id, name, mandal_id) VALUES (296, 'Default Panchayat Pedda Kadubur', 296);
INSERT INTO village (id, name, panchayat_id) VALUES (7776, 'Bapaladoddi', 296);
INSERT INTO village (id, name, panchayat_id) VALUES (7777, 'Basaladoddi', 296);
INSERT INTO village (id, name, panchayat_id) VALUES (7778, 'Chinna Kadubur', 296);
INSERT INTO village (id, name, panchayat_id) VALUES (7779, 'Chinnatumbalam', 296);
INSERT INTO village (id, name, panchayat_id) VALUES (7780, 'Gavigatlu', 296);
INSERT INTO village (id, name, panchayat_id) VALUES (7781, 'H Murvari', 296);
INSERT INTO village (id, name, panchayat_id) VALUES (7782, 'Hulikanvi', 296);
INSERT INTO village (id, name, panchayat_id) VALUES (7783, 'Jalvadi', 296);
INSERT INTO village (id, name, panchayat_id) VALUES (7784, 'Kallukunta', 296);
INSERT INTO village (id, name, panchayat_id) VALUES (7785, 'Kambadahal', 296);
INSERT INTO village (id, name, panchayat_id) VALUES (7786, 'Kambaladinne', 296);
INSERT INTO village (id, name, panchayat_id) VALUES (7787, 'Muchigeri', 296);
INSERT INTO village (id, name, panchayat_id) VALUES (7788, 'Myakadona', 296);
INSERT INTO village (id, name, panchayat_id) VALUES (7789, 'Nowlekal', 296);
INSERT INTO village (id, name, panchayat_id) VALUES (7790, 'Pedda Kadubur', 296);
INSERT INTO village (id, name, panchayat_id) VALUES (7791, 'Peekalabetta', 296);
INSERT INTO village (id, name, panchayat_id) VALUES (7792, 'Rangapuram', 296);
INSERT INTO village (id, name, panchayat_id) VALUES (7793, 'Tarapuram', 296);
INSERT INTO mandal (id, name, constituency_id) VALUES (297, 'Tuggali', 13);
INSERT INTO panchayat (id, name, mandal_id) VALUES (297, 'Default Panchayat Tuggali', 297);
INSERT INTO village (id, name, panchayat_id) VALUES (7794, 'Bondimadugula', 297);
INSERT INTO village (id, name, panchayat_id) VALUES (7795, 'Chennampalle', 297);
INSERT INTO village (id, name, panchayat_id) VALUES (7796, 'Edduladoddi', 297);
INSERT INTO village (id, name, panchayat_id) VALUES (7797, 'Gooty Erragudi', 297);
INSERT INTO village (id, name, panchayat_id) VALUES (7798, 'Jonnagiri', 297);
INSERT INTO village (id, name, panchayat_id) VALUES (7799, 'Kandamakuntla', 297);
INSERT INTO village (id, name, panchayat_id) VALUES (7800, 'Linganenidoddi', 297);
INSERT INTO village (id, name, panchayat_id) VALUES (7801, 'Mukkella', 297);
INSERT INTO village (id, name, panchayat_id) VALUES (7802, 'Pagidiroy', 297);
INSERT INTO village (id, name, panchayat_id) VALUES (7803, 'Pendikallu', 297);
INSERT INTO village (id, name, panchayat_id) VALUES (7804, 'Ratana', 297);
INSERT INTO village (id, name, panchayat_id) VALUES (7805, 'Tuggali', 297);
INSERT INTO mandal (id, name, constituency_id) VALUES (298, 'Veldurthy', 13);
INSERT INTO panchayat (id, name, mandal_id) VALUES (298, 'Default Panchayat Veldurthy', 298);
INSERT INTO village (id, name, panchayat_id) VALUES (7806, 'Bhogolu', 298);
INSERT INTO village (id, name, panchayat_id) VALUES (7807, 'Bukkapuram', 298);
INSERT INTO village (id, name, panchayat_id) VALUES (7808, 'Cherukulapadu', 298);
INSERT INTO village (id, name, panchayat_id) VALUES (7809, 'Govardhanagiri', 298);
INSERT INTO village (id, name, panchayat_id) VALUES (7810, 'Kalugotla', 298);
INSERT INTO village (id, name, panchayat_id) VALUES (7811, 'Laxminagaram', 298);
INSERT INTO village (id, name, panchayat_id) VALUES (7812, 'Mallepalle', 298);
INSERT INTO village (id, name, panchayat_id) VALUES (7813, 'Narasapuram', 298);
INSERT INTO village (id, name, panchayat_id) VALUES (7814, 'Narlapuram', 298);
INSERT INTO village (id, name, panchayat_id) VALUES (7815, 'Pullagummi', 298);
INSERT INTO village (id, name, panchayat_id) VALUES (7816, 'Ramallakota', 298);
INSERT INTO village (id, name, panchayat_id) VALUES (7817, 'Sarparajapuram', 298);
INSERT INTO village (id, name, panchayat_id) VALUES (7818, 'Sho.Boyanapalle', 298);
INSERT INTO village (id, name, panchayat_id) VALUES (7819, 'Sho.Peremula', 298);
INSERT INTO village (id, name, panchayat_id) VALUES (7820, 'Sudepalle', 298);
INSERT INTO village (id, name, panchayat_id) VALUES (7821, 'Veldurthi', 298);
INSERT INTO mandal (id, name, constituency_id) VALUES (299, 'Yemmiganur', 13);
INSERT INTO panchayat (id, name, mandal_id) VALUES (299, 'Default Panchayat Yemmiganur', 299);
INSERT INTO village (id, name, panchayat_id) VALUES (7822, 'Banavasi', 299);
INSERT INTO village (id, name, panchayat_id) VALUES (7823, 'Devibetta', 299);
INSERT INTO village (id, name, panchayat_id) VALUES (7824, 'Divamdinne', 299);
INSERT INTO village (id, name, panchayat_id) VALUES (7825, 'Enigabala', 299);
INSERT INTO village (id, name, panchayat_id) VALUES (7826, 'Garladinne', 299);
INSERT INTO village (id, name, panchayat_id) VALUES (7827, 'Gudikal', 299);
INSERT INTO village (id, name, panchayat_id) VALUES (7828, 'Kadimetla', 299);
INSERT INTO village (id, name, panchayat_id) VALUES (7829, 'Kadivella', 299);
INSERT INTO village (id, name, panchayat_id) VALUES (7830, 'Kalugotla', 299);
INSERT INTO village (id, name, panchayat_id) VALUES (7831, 'Kandanathi', 299);
INSERT INTO village (id, name, panchayat_id) VALUES (7832, 'Kotekal', 299);
INSERT INTO village (id, name, panchayat_id) VALUES (7833, 'K.Thimmapuram', 299);
INSERT INTO village (id, name, panchayat_id) VALUES (7834, 'Malakapuram', 299);
INSERT INTO village (id, name, panchayat_id) VALUES (7835, 'Parlapalle', 299);
INSERT INTO village (id, name, panchayat_id) VALUES (7836, 'Pesaladinne', 299);
INSERT INTO village (id, name, panchayat_id) VALUES (7837, 'Ralladoddi', 299);
INSERT INTO village (id, name, panchayat_id) VALUES (7838, 'Sardarpuram', 299);
INSERT INTO village (id, name, panchayat_id) VALUES (7839, 'Soganur', 299);
INSERT INTO village (id, name, panchayat_id) VALUES (7840, 'Tsallakudlur', 299);
INSERT INTO village (id, name, panchayat_id) VALUES (7841, 'Yemmiganur', 299);
INSERT INTO district (id, name, state_id) VALUES (14, 'Markapuram', 1);
INSERT INTO constituency (id, name, district_id, mla_name, mp_name) VALUES (14, 'Default Constituency Markapuram', 14, 'Pending MLA', 'Pending MP');
INSERT INTO mandal (id, name, constituency_id) VALUES (300, 'Ardhaveedu', 14);
INSERT INTO panchayat (id, name, mandal_id) VALUES (300, 'Default Panchayat Ardhaveedu', 300);
INSERT INTO village (id, name, panchayat_id) VALUES (7842, 'Ardhaveedu', 300);
INSERT INTO village (id, name, panchayat_id) VALUES (7843, 'Ayyavari Palle', 300);
INSERT INTO village (id, name, panchayat_id) VALUES (7844, 'Bogolu', 300);
INSERT INTO village (id, name, panchayat_id) VALUES (7845, 'Bollu Palle', 300);
INSERT INTO village (id, name, panchayat_id) VALUES (7846, 'Donakonda', 300);
INSERT INTO village (id, name, panchayat_id) VALUES (7847, 'Gannepalle', 300);
INSERT INTO village (id, name, panchayat_id) VALUES (7848, 'Kakarla', 300);
INSERT INTO village (id, name, panchayat_id) VALUES (7849, 'Magutur', 300);
INSERT INTO village (id, name, panchayat_id) VALUES (7850, 'Papineni Palle', 300);
INSERT INTO village (id, name, panchayat_id) VALUES (7851, 'Peda Kandukur', 300);
INSERT INTO village (id, name, panchayat_id) VALUES (7852, 'Potti Basavai Palle', 300);
INSERT INTO village (id, name, panchayat_id) VALUES (7853, 'Velagalapaya', 300);
INSERT INTO village (id, name, panchayat_id) VALUES (7854, 'Yerraguntla', 300);
INSERT INTO mandal (id, name, constituency_id) VALUES (301, 'Bestavaripeta', 14);
INSERT INTO panchayat (id, name, mandal_id) VALUES (301, 'Default Panchayat Bestavaripeta', 301);
INSERT INTO village (id, name, panchayat_id) VALUES (7855, 'Basine Palle', 301);
INSERT INTO village (id, name, panchayat_id) VALUES (7856, 'Bestawaripeta', 301);
INSERT INTO village (id, name, panchayat_id) VALUES (7857, 'China Obeneni Palle', 301);
INSERT INTO village (id, name, panchayat_id) VALUES (7858, 'Chinthala Palem', 301);
INSERT INTO village (id, name, panchayat_id) VALUES (7859, 'Dathara Krishnapuram', 301);
INSERT INTO village (id, name, panchayat_id) VALUES (7860, 'Galijerugulla', 301);
INSERT INTO village (id, name, panchayat_id) VALUES (7861, 'Jaggambotla Krishnapuram', 301);
INSERT INTO village (id, name, panchayat_id) VALUES (7862, 'Kona Palle', 301);
INSERT INTO village (id, name, panchayat_id) VALUES (7863, 'Madhana Pullala Cheruvu', 301);
INSERT INTO village (id, name, panchayat_id) VALUES (7864, 'Moksha Gundum', 301);
INSERT INTO village (id, name, panchayat_id) VALUES (7865, 'Nekunambad', 301);
INSERT INTO village (id, name, panchayat_id) VALUES (7866, 'Ondutla', 301);
INSERT INTO village (id, name, panchayat_id) VALUES (7867, 'Pachala Venkata Puram', 301);
INSERT INTO village (id, name, panchayat_id) VALUES (7868, 'Papayapalle', 301);
INSERT INTO village (id, name, panchayat_id) VALUES (7869, 'Peda Obeneni Palle', 301);
INSERT INTO village (id, name, panchayat_id) VALUES (7870, 'Pitikayagulla', 301);
INSERT INTO village (id, name, panchayat_id) VALUES (7871, 'Pothavaram', 301);
INSERT INTO village (id, name, panchayat_id) VALUES (7872, 'Pusalapadu', 301);
INSERT INTO village (id, name, panchayat_id) VALUES (7873, 'Retla Palle', 301);
INSERT INTO village (id, name, panchayat_id) VALUES (7874, 'Salakalaveedu', 301);
INSERT INTO village (id, name, panchayat_id) VALUES (7875, 'Somavarapeta', 301);
INSERT INTO mandal (id, name, constituency_id) VALUES (302, 'Chandra Sekhara Puram', 14);
INSERT INTO panchayat (id, name, mandal_id) VALUES (302, 'Default Panchayat Chandra Sekhara Puram', 302);
INSERT INTO village (id, name, panchayat_id) VALUES (7876, 'Ambavaram', 302);
INSERT INTO village (id, name, panchayat_id) VALUES (7877, 'Anikalla Palle', 302);
INSERT INTO village (id, name, panchayat_id) VALUES (7878, 'Arivemula', 302);
INSERT INTO village (id, name, panchayat_id) VALUES (7879, 'Bodavula Dinne', 302);
INSERT INTO village (id, name, panchayat_id) VALUES (7880, 'Bontha Vari Palle', 302);
INSERT INTO village (id, name, panchayat_id) VALUES (7881, 'Boyamadugula', 302);
INSERT INTO village (id, name, panchayat_id) VALUES (7882, 'Chandra Sekhara Puram', 302);
INSERT INTO village (id, name, panchayat_id) VALUES (7883, 'Chennapanayuni Palle', 302);
INSERT INTO village (id, name, panchayat_id) VALUES (7884, 'Chintala Palem', 302);
INSERT INTO village (id, name, panchayat_id) VALUES (7885, 'Chinthapudi', 302);
INSERT INTO village (id, name, panchayat_id) VALUES (7886, 'Darsigunta Peta', 302);
INSERT INTO village (id, name, panchayat_id) VALUES (7887, 'Darsi Thimmakka Palle', 302);
INSERT INTO village (id, name, panchayat_id) VALUES (7888, 'Devaki Marri', 302);
INSERT INTO village (id, name, panchayat_id) VALUES (7889, 'Guntachennam Palle', 302);
INSERT INTO village (id, name, panchayat_id) VALUES (7890, 'Kambham Padu', 302);
INSERT INTO village (id, name, panchayat_id) VALUES (7891, 'Komatigunta', 302);
INSERT INTO village (id, name, panchayat_id) VALUES (7892, 'Kondabaina Palle', 302);
INSERT INTO village (id, name, panchayat_id) VALUES (7893, 'Kotha Palle', 302);
INSERT INTO village (id, name, panchayat_id) VALUES (7894, 'Kovilam Padu', 302);
INSERT INTO village (id, name, panchayat_id) VALUES (7895, 'Malameedi Palle', 302);
INSERT INTO village (id, name, panchayat_id) VALUES (7896, 'Medanulu Vengana Palle', 302);
INSERT INTO village (id, name, panchayat_id) VALUES (7897, 'Mundlapadu', 302);
INSERT INTO village (id, name, panchayat_id) VALUES (7898, 'Musunoor', 302);
INSERT INTO village (id, name, panchayat_id) VALUES (7899, 'Nagulavaram', 302);
INSERT INTO village (id, name, panchayat_id) VALUES (7900, 'Nalajanam Padu', 302);
INSERT INTO village (id, name, panchayat_id) VALUES (7901, 'Nallamadugula', 302);
INSERT INTO village (id, name, panchayat_id) VALUES (7902, 'Pedagogulapalle', 302);
INSERT INTO village (id, name, panchayat_id) VALUES (7903, 'Pedaraju Palem', 302);
INSERT INTO village (id, name, panchayat_id) VALUES (7904, 'Ranganayuni Palle', 302);
INSERT INTO village (id, name, panchayat_id) VALUES (7905, 'Regula Chilaka', 302);
INSERT INTO village (id, name, panchayat_id) VALUES (7906, 'Talaneelamala', 302);
INSERT INTO village (id, name, panchayat_id) VALUES (7907, 'Thummagunta', 302);
INSERT INTO village (id, name, panchayat_id) VALUES (7908, 'Thungodu', 302);
INSERT INTO village (id, name, panchayat_id) VALUES (7909, 'Uppalapadu', 302);
INSERT INTO village (id, name, panchayat_id) VALUES (7910, 'Vatla Bayulu', 302);
INSERT INTO village (id, name, panchayat_id) VALUES (7911, 'Venkataya Cheruvu', 302);
INSERT INTO village (id, name, panchayat_id) VALUES (7912, 'Viranchi Puram', 302);
INSERT INTO village (id, name, panchayat_id) VALUES (7913, 'Yekunam Puram', 302);
INSERT INTO mandal (id, name, constituency_id) VALUES (303, 'Cumbum', 14);
INSERT INTO panchayat (id, name, mandal_id) VALUES (303, 'Default Panchayat Cumbum', 303);
INSERT INTO village (id, name, panchayat_id) VALUES (7914, 'Anantha Palle', 303);
INSERT INTO village (id, name, panchayat_id) VALUES (7915, 'Auranga Bad', 303);
INSERT INTO village (id, name, panchayat_id) VALUES (7916, 'China Cumbum', 303);
INSERT INTO village (id, name, panchayat_id) VALUES (7917, 'Cumbum (Ct)', 303);
INSERT INTO village (id, name, panchayat_id) VALUES (7918, 'Hazarat Gudem', 303);
INSERT INTO village (id, name, panchayat_id) VALUES (7919, 'Jangamguntla', 303);
INSERT INTO village (id, name, panchayat_id) VALUES (7920, 'Kagitalagudem', 303);
INSERT INTO village (id, name, panchayat_id) VALUES (7921, 'Kandula Puram', 303);
INSERT INTO village (id, name, panchayat_id) VALUES (7922, 'Lanja Kota', 303);
INSERT INTO village (id, name, panchayat_id) VALUES (7923, 'Linga Puram', 303);
INSERT INTO village (id, name, panchayat_id) VALUES (7924, 'Lingapuram Khandrika', 303);
INSERT INTO village (id, name, panchayat_id) VALUES (7925, 'Nadim Palle', 303);
INSERT INTO village (id, name, panchayat_id) VALUES (7926, 'Porumamilla Palle', 303);
INSERT INTO village (id, name, panchayat_id) VALUES (7927, 'Ravipadu', 303);
INSERT INTO village (id, name, panchayat_id) VALUES (7928, 'Thurimella', 303);
INSERT INTO village (id, name, panchayat_id) VALUES (7929, 'Yerrabalem', 303);
INSERT INTO mandal (id, name, constituency_id) VALUES (304, 'Dornala', 14);
INSERT INTO panchayat (id, name, mandal_id) VALUES (304, 'Default Panchayat Dornala', 304);
INSERT INTO village (id, name, panchayat_id) VALUES (7930, 'Ayinamukkala', 304);
INSERT INTO village (id, name, panchayat_id) VALUES (7931, 'Chilaka Cherla Gudem', 304);
INSERT INTO village (id, name, panchayat_id) VALUES (7932, 'China Arutla', 304);
INSERT INTO village (id, name, panchayat_id) VALUES (7933, 'China Dornala', 304);
INSERT INTO village (id, name, panchayat_id) VALUES (7934, 'China Manthanala', 304);
INSERT INTO village (id, name, panchayat_id) VALUES (7935, 'Chinthala', 304);
INSERT INTO village (id, name, panchayat_id) VALUES (7936, 'Dornala', 304);
INSERT INTO village (id, name, panchayat_id) VALUES (7937, 'Kata Kani Palle', 304);
INSERT INTO village (id, name, panchayat_id) VALUES (7938, 'Marripalem', 304);
INSERT INTO village (id, name, panchayat_id) VALUES (7939, 'Nallaguntla', 304);
INSERT INTO village (id, name, panchayat_id) VALUES (7940, 'Nalla Guntla Gudem', 304);
INSERT INTO village (id, name, panchayat_id) VALUES (7941, 'Peda Arutla', 304);
INSERT INTO village (id, name, panchayat_id) VALUES (7942, 'Peda Bommala Puram', 304);
INSERT INTO village (id, name, panchayat_id) VALUES (7943, 'Pedachama', 304);
INSERT INTO village (id, name, panchayat_id) VALUES (7944, 'Pedamanthanala', 304);
INSERT INTO village (id, name, panchayat_id) VALUES (7945, 'Rolla Penta', 304);
INSERT INTO village (id, name, panchayat_id) VALUES (7946, 'Thummala Bayalu', 304);
INSERT INTO village (id, name, panchayat_id) VALUES (7947, 'Yadavalli', 304);
INSERT INTO village (id, name, panchayat_id) VALUES (7948, 'Yeguva Cherlo Palle', 304);
INSERT INTO mandal (id, name, constituency_id) VALUES (305, 'Giddalur', 14);
INSERT INTO panchayat (id, name, mandal_id) VALUES (305, 'Default Panchayat Giddalur', 305);
INSERT INTO village (id, name, panchayat_id) VALUES (7949, 'Ambavaram', 305);
INSERT INTO village (id, name, panchayat_id) VALUES (7950, 'Bogada', 305);
INSERT INTO village (id, name, panchayat_id) VALUES (7951, 'Chatti Reddy Palle', 305);
INSERT INTO village (id, name, panchayat_id) VALUES (7952, 'Gadikota', 305);
INSERT INTO village (id, name, panchayat_id) VALUES (7953, 'Giddaluru (Ct)', 305);
INSERT INTO village (id, name, panchayat_id) VALUES (7954, 'Isukagundam Gudem', 305);
INSERT INTO village (id, name, panchayat_id) VALUES (7955, 'Kanchi Palle', 305);
INSERT INTO village (id, name, panchayat_id) VALUES (7956, 'Kommunuru', 305);
INSERT INTO village (id, name, panchayat_id) VALUES (7957, 'Kongala Veedu', 305);
INSERT INTO village (id, name, panchayat_id) VALUES (7958, 'Kotha Kota', 305);
INSERT INTO village (id, name, panchayat_id) VALUES (7959, 'Kristam Setti Palle', 305);
INSERT INTO village (id, name, panchayat_id) VALUES (7960, 'Malakondapentagudem', 305);
INSERT INTO village (id, name, panchayat_id) VALUES (7961, 'Modam Palle', 305);
INSERT INTO village (id, name, panchayat_id) VALUES (7962, 'Mundla Padu', 305);
INSERT INTO village (id, name, panchayat_id) VALUES (7963, 'Narasimhuni Palle', 305);
INSERT INTO village (id, name, panchayat_id) VALUES (7964, 'Narava', 305);
INSERT INTO village (id, name, panchayat_id) VALUES (7965, 'Podili Konda Palle', 305);
INSERT INTO village (id, name, panchayat_id) VALUES (7966, 'Sanjeevarao Peta', 305);
INSERT INTO village (id, name, panchayat_id) VALUES (7967, 'Thamballa Palle', 305);
INSERT INTO village (id, name, panchayat_id) VALUES (7968, 'Thimma Puram', 305);
INSERT INTO village (id, name, panchayat_id) VALUES (7969, 'Tripura Puram', 305);
INSERT INTO village (id, name, panchayat_id) VALUES (7970, 'Uyyala Wada', 305);
INSERT INTO mandal (id, name, constituency_id) VALUES (306, 'Hanumanthuni Padu', 14);
INSERT INTO panchayat (id, name, mandal_id) VALUES (306, 'Default Panchayat Hanumanthuni Padu', 306);
INSERT INTO village (id, name, panchayat_id) VALUES (7971, 'Annada Puram', 306);
INSERT INTO village (id, name, panchayat_id) VALUES (7972, 'Chinagolla Palle', 306);
INSERT INTO village (id, name, panchayat_id) VALUES (7973, 'Dasalla Palle', 306);
INSERT INTO village (id, name, panchayat_id) VALUES (7974, 'Doddi Chintala', 306);
INSERT INTO village (id, name, panchayat_id) VALUES (7975, 'Hanumantha Puram', 306);
INSERT INTO village (id, name, panchayat_id) VALUES (7976, 'Hanumanthunipadu', 306);
INSERT INTO village (id, name, panchayat_id) VALUES (7977, 'Hazee Puram', 306);
INSERT INTO village (id, name, panchayat_id) VALUES (7978, 'Kondareddi Palle', 306);
INSERT INTO village (id, name, panchayat_id) VALUES (7979, 'Kotathippala', 306);
INSERT INTO village (id, name, panchayat_id) VALUES (7980, 'Kutagundla', 306);
INSERT INTO village (id, name, panchayat_id) VALUES (7981, 'Masaya Peta', 306);
INSERT INTO village (id, name, panchayat_id) VALUES (7982, 'Mohammada Puram', 306);
INSERT INTO village (id, name, panchayat_id) VALUES (7983, 'Muppala Padu', 306);
INSERT INTO village (id, name, panchayat_id) VALUES (7984, 'Nallagandla', 306);
INSERT INTO village (id, name, panchayat_id) VALUES (7985, 'Nandanavanam', 306);
INSERT INTO village (id, name, panchayat_id) VALUES (7986, 'Neelakanta Puram', 306);
INSERT INTO village (id, name, panchayat_id) VALUES (7987, 'Pedagola Palle', 306);
INSERT INTO village (id, name, panchayat_id) VALUES (7988, 'Peddivenkataya Palle', 306);
INSERT INTO village (id, name, panchayat_id) VALUES (7989, 'Ramaya Palle', 306);
INSERT INTO village (id, name, panchayat_id) VALUES (7990, 'Raseedu Puram', 306);
INSERT INTO village (id, name, panchayat_id) VALUES (7991, 'Thimmareddi Palle', 306);
INSERT INTO village (id, name, panchayat_id) VALUES (7992, 'Ummana Palle', 306);
INSERT INTO village (id, name, panchayat_id) VALUES (7993, 'Upendra Puram', 306);
INSERT INTO village (id, name, panchayat_id) VALUES (7994, 'Valicherla', 306);
INSERT INTO village (id, name, panchayat_id) VALUES (7995, 'Veeragareddi Palle', 306);
INSERT INTO village (id, name, panchayat_id) VALUES (7996, 'Veerarama Puram', 306);
INSERT INTO village (id, name, panchayat_id) VALUES (7997, 'Vemula Padu', 306);
INSERT INTO mandal (id, name, constituency_id) VALUES (307, 'Kanigiri', 14);
INSERT INTO panchayat (id, name, mandal_id) VALUES (307, 'Default Panchayat Kanigiri', 307);
INSERT INTO village (id, name, panchayat_id) VALUES (7998, 'Ayyanapalem', 307);
INSERT INTO village (id, name, panchayat_id) VALUES (7999, 'Baduguleru', 307);
INSERT INTO village (id, name, panchayat_id) VALUES (8000, 'Balavenkata Puram', 307);
INSERT INTO village (id, name, panchayat_id) VALUES (8001, 'Balli Palle', 307);
INSERT INTO village (id, name, panchayat_id) VALUES (8002, 'Bommireddi Palle', 307);
INSERT INTO village (id, name, panchayat_id) VALUES (8003, 'Chakirala', 307);
INSERT INTO village (id, name, panchayat_id) VALUES (8004, 'Challagirigala', 307);
INSERT INTO village (id, name, panchayat_id) VALUES (8005, 'Chennakesavapuram', 307);
INSERT INTO village (id, name, panchayat_id) VALUES (8006, 'Chinaalavala Padu', 307);
INSERT INTO village (id, name, panchayat_id) VALUES (8007, 'China Irlapadu', 307);
INSERT INTO village (id, name, panchayat_id) VALUES (8008, 'Chirla Dinne', 307);
INSERT INTO village (id, name, panchayat_id) VALUES (8009, 'Dirisavancha', 307);
INSERT INTO village (id, name, panchayat_id) VALUES (8010, 'Ganuga Penta', 307);
INSERT INTO village (id, name, panchayat_id) VALUES (8011, 'Gosulaveedu', 307);
INSERT INTO village (id, name, panchayat_id) VALUES (8012, 'Gudipadu', 307);
INSERT INTO village (id, name, panchayat_id) VALUES (8013, 'Guravajipeta', 307);
INSERT INTO village (id, name, panchayat_id) VALUES (8014, 'Hazis Puram', 307);
INSERT INTO village (id, name, panchayat_id) VALUES (8015, 'Jammalamadaka', 307);
INSERT INTO village (id, name, panchayat_id) VALUES (8016, 'Kalagatla', 307);
INSERT INTO village (id, name, panchayat_id) VALUES (8017, 'Kanchipuram', 307);
INSERT INTO village (id, name, panchayat_id) VALUES (8018, 'Kanigiri (U) (Ct)', 307);
INSERT INTO village (id, name, panchayat_id) VALUES (8019, 'Kodigudla Padu (West)', 307);
INSERT INTO village (id, name, panchayat_id) VALUES (8020, 'Krishna Puram', 307);
INSERT INTO village (id, name, panchayat_id) VALUES (8021, 'Lingojipuram', 307);
INSERT INTO village (id, name, panchayat_id) VALUES (8022, 'Nimma Maheswarapuram', 307);
INSERT INTO village (id, name, panchayat_id) VALUES (8023, 'Peramgudi Palle', 307);
INSERT INTO village (id, name, panchayat_id) VALUES (8024, 'Polavaram', 307);
INSERT INTO village (id, name, panchayat_id) VALUES (8025, 'Punugodu', 307);
INSERT INTO village (id, name, panchayat_id) VALUES (8026, 'Punugodu Khandrika', 307);
INSERT INTO village (id, name, panchayat_id) VALUES (8027, 'Rachagundlapadu', 307);
INSERT INTO village (id, name, panchayat_id) VALUES (8028, 'Sankavaram', 307);
INSERT INTO village (id, name, panchayat_id) VALUES (8029, 'Somanapalle', 307);
INSERT INTO village (id, name, panchayat_id) VALUES (8030, 'Takkellapadu', 307);
INSERT INTO village (id, name, panchayat_id) VALUES (8031, 'Tallur', 307);
INSERT INTO village (id, name, panchayat_id) VALUES (8032, 'Thummagunta', 307);
INSERT INTO village (id, name, panchayat_id) VALUES (8033, 'Umamaheswarapuram', 307);
INSERT INTO village (id, name, panchayat_id) VALUES (8034, 'Vangapadu', 307);
INSERT INTO village (id, name, panchayat_id) VALUES (8035, 'Vijaya Gopala Puram', 307);
INSERT INTO village (id, name, panchayat_id) VALUES (8036, 'Viswanadha Puram', 307);
INSERT INTO village (id, name, panchayat_id) VALUES (8037, 'Yadavalli', 307);
INSERT INTO mandal (id, name, constituency_id) VALUES (308, 'Komarolu', 14);
INSERT INTO panchayat (id, name, mandal_id) VALUES (308, 'Default Panchayat Komarolu', 308);
INSERT INTO village (id, name, panchayat_id) VALUES (8038, 'Allinagaram', 308);
INSERT INTO village (id, name, panchayat_id) VALUES (8039, 'Badineni Palle', 308);
INSERT INTO village (id, name, panchayat_id) VALUES (8040, 'Bedusu Palle', 308);
INSERT INTO village (id, name, panchayat_id) VALUES (8041, 'Brahmana Palle', 308);
INSERT INTO village (id, name, panchayat_id) VALUES (8042, 'Chinthala Palle', 308);
INSERT INTO village (id, name, panchayat_id) VALUES (8043, 'Daddawada', 308);
INSERT INTO village (id, name, panchayat_id) VALUES (8044, 'Edamakallu', 308);
INSERT INTO village (id, name, panchayat_id) VALUES (8045, 'Guduru Moravai Palle', 308);
INSERT INTO village (id, name, panchayat_id) VALUES (8046, 'Komarolu', 308);
INSERT INTO village (id, name, panchayat_id) VALUES (8047, 'Kristam Palle', 308);
INSERT INTO village (id, name, panchayat_id) VALUES (8048, 'Lingareddi Palle', 308);
INSERT INTO village (id, name, panchayat_id) VALUES (8049, 'Mottu Palle', 308);
INSERT INTO village (id, name, panchayat_id) VALUES (8050, 'Nagireddipalle', 308);
INSERT INTO village (id, name, panchayat_id) VALUES (8051, 'Nallaguntla', 308);
INSERT INTO village (id, name, panchayat_id) VALUES (8052, 'Pullareddi Palle', 308);
INSERT INTO village (id, name, panchayat_id) VALUES (8053, 'Rajupalem', 308);
INSERT INTO village (id, name, panchayat_id) VALUES (8054, 'Ramavari Palle', 308);
INSERT INTO village (id, name, panchayat_id) VALUES (8055, 'Reddicherla', 308);
INSERT INTO village (id, name, panchayat_id) VALUES (8056, 'Suravari Palle', 308);
INSERT INTO village (id, name, panchayat_id) VALUES (8057, 'Taticherla', 308);
INSERT INTO village (id, name, panchayat_id) VALUES (8058, 'Vennam Palle', 308);
INSERT INTO mandal (id, name, constituency_id) VALUES (309, 'Konakanamitla', 14);
INSERT INTO panchayat (id, name, mandal_id) VALUES (309, 'Default Panchayat Konakanamitla', 309);
INSERT INTO village (id, name, panchayat_id) VALUES (8059, 'Ambapuram', 309);
INSERT INTO village (id, name, panchayat_id) VALUES (8060, 'Aswarayuni Palem', 309);
INSERT INTO village (id, name, panchayat_id) VALUES (8061, 'Basava Puram', 309);
INSERT INTO village (id, name, panchayat_id) VALUES (8062, 'Batchalakurapadu', 309);
INSERT INTO village (id, name, panchayat_id) VALUES (8063, 'Boda Padu', 309);
INSERT INTO village (id, name, panchayat_id) VALUES (8064, 'Budamkayala Padu', 309);
INSERT INTO village (id, name, panchayat_id) VALUES (8065, 'Burada Palem', 309);
INSERT INTO village (id, name, panchayat_id) VALUES (8066, 'Chinamanagundam', 309);
INSERT INTO village (id, name, panchayat_id) VALUES (8067, 'Chinarikatla', 309);
INSERT INTO village (id, name, panchayat_id) VALUES (8068, 'Chinta Gunta', 309);
INSERT INTO village (id, name, panchayat_id) VALUES (8069, 'Ganivani Padu', 309);
INSERT INTO village (id, name, panchayat_id) VALUES (8070, 'Garimana Penta', 309);
INSERT INTO village (id, name, panchayat_id) VALUES (8071, 'Garladinne', 309);
INSERT INTO village (id, name, panchayat_id) VALUES (8072, 'Gotlagattu', 309);
INSERT INTO village (id, name, panchayat_id) VALUES (8073, 'Gurrala Madugu', 309);
INSERT INTO village (id, name, panchayat_id) VALUES (8074, 'Irasalagundam', 309);
INSERT INTO village (id, name, panchayat_id) VALUES (8075, 'Katragunta', 309);
INSERT INTO village (id, name, panchayat_id) VALUES (8076, 'Konakanamitla', 309);
INSERT INTO village (id, name, panchayat_id) VALUES (8077, 'Marri Palem', 309);
INSERT INTO village (id, name, panchayat_id) VALUES (8078, 'Mummayapalem', 309);
INSERT INTO village (id, name, panchayat_id) VALUES (8079, 'Munagapadu', 309);
INSERT INTO village (id, name, panchayat_id) VALUES (8080, 'Nagampalle', 309);
INSERT INTO village (id, name, panchayat_id) VALUES (8081, 'Nagaraju Gunta', 309);
INSERT INTO village (id, name, panchayat_id) VALUES (8082, 'Pedarikatla', 309);
INSERT INTO village (id, name, panchayat_id) VALUES (8083, 'Regumani Palle', 309);
INSERT INTO village (id, name, panchayat_id) VALUES (8084, 'Salanuthala', 309);
INSERT INTO village (id, name, panchayat_id) VALUES (8085, 'Siddavaram', 309);
INSERT INTO village (id, name, panchayat_id) VALUES (8086, 'Thuvva Padu', 309);
INSERT INTO village (id, name, panchayat_id) VALUES (8087, 'Vaddi Madugu', 309);
INSERT INTO village (id, name, panchayat_id) VALUES (8088, 'Vagemadugu', 309);
INSERT INTO village (id, name, panchayat_id) VALUES (8089, 'Vedurralla Padu', 309);
INSERT INTO village (id, name, panchayat_id) VALUES (8090, 'Veerabhadra Puram', 309);
INSERT INTO village (id, name, panchayat_id) VALUES (8091, 'Veligandla', 309);
INSERT INTO village (id, name, panchayat_id) VALUES (8092, 'Vinjavarthi Padu', 309);
INSERT INTO mandal (id, name, constituency_id) VALUES (310, 'Markapuram', 14);
INSERT INTO panchayat (id, name, mandal_id) VALUES (310, 'Default Panchayat Markapuram', 310);
INSERT INTO village (id, name, panchayat_id) VALUES (8093, 'Akkacheruvu', 310);
INSERT INTO village (id, name, panchayat_id) VALUES (8094, 'Badekhanpeta', 310);
INSERT INTO village (id, name, panchayat_id) VALUES (8095, 'Bhupathi Palle', 310);
INSERT INTO village (id, name, panchayat_id) VALUES (8096, 'Bondala Padu', 310);
INSERT INTO village (id, name, panchayat_id) VALUES (8097, 'Chintakunta', 310);
INSERT INTO village (id, name, panchayat_id) VALUES (8098, 'Gajjala Konda', 310);
INSERT INTO village (id, name, panchayat_id) VALUES (8099, 'Goguladinne', 310);
INSERT INTO village (id, name, panchayat_id) VALUES (8100, 'Gottipadia', 310);
INSERT INTO village (id, name, panchayat_id) VALUES (8101, 'Idupur', 310);
INSERT INTO village (id, name, panchayat_id) VALUES (8102, 'Jammana Palle', 310);
INSERT INTO village (id, name, panchayat_id) VALUES (8103, 'Kolabhimunipadu', 310);
INSERT INTO village (id, name, panchayat_id) VALUES (8104, 'Krishnapuram', 310);
INSERT INTO village (id, name, panchayat_id) VALUES (8105, 'Malyavanthuni Padu', 310);
INSERT INTO village (id, name, panchayat_id) VALUES (8106, 'Markapur (R)', 310);
INSERT INTO village (id, name, panchayat_id) VALUES (8107, 'Narasimha Puram', 310);
INSERT INTO village (id, name, panchayat_id) VALUES (8108, 'Nikaram Palle', 310);
INSERT INTO village (id, name, panchayat_id) VALUES (8109, 'Peda Nagulavaram', 310);
INSERT INTO village (id, name, panchayat_id) VALUES (8110, 'Peda Yachavaram', 310);
INSERT INTO village (id, name, panchayat_id) VALUES (8111, 'Rayavaram', 310);
INSERT INTO village (id, name, panchayat_id) VALUES (8112, 'Sivaram Puram', 310);
INSERT INTO village (id, name, panchayat_id) VALUES (8113, 'Thippaya Palem', 310);
INSERT INTO village (id, name, panchayat_id) VALUES (8114, 'Vemula Kota', 310);
INSERT INTO village (id, name, panchayat_id) VALUES (8115, 'Yella Puram', 310);
INSERT INTO mandal (id, name, constituency_id) VALUES (311, 'Pamur', 14);
INSERT INTO panchayat (id, name, mandal_id) VALUES (311, 'Default Panchayat Pamur', 311);
INSERT INTO village (id, name, panchayat_id) VALUES (8116, 'Anumalakonda', 311);
INSERT INTO village (id, name, panchayat_id) VALUES (8117, 'Ayyannakota', 311);
INSERT INTO village (id, name, panchayat_id) VALUES (8118, 'Ayyavaripalle', 311);
INSERT INTO village (id, name, panchayat_id) VALUES (8119, 'Balijapalem', 311);
INSERT INTO village (id, name, panchayat_id) VALUES (8120, 'Bodavada', 311);
INSERT INTO village (id, name, panchayat_id) VALUES (8121, 'Botla Gudur', 311);
INSERT INTO village (id, name, panchayat_id) VALUES (8122, 'Bukkapuram', 311);
INSERT INTO village (id, name, panchayat_id) VALUES (8123, 'Chilakapadu', 311);
INSERT INTO village (id, name, panchayat_id) VALUES (8124, 'Chilamkur', 311);
INSERT INTO village (id, name, panchayat_id) VALUES (8125, 'Chinthalapalem', 311);
INSERT INTO village (id, name, panchayat_id) VALUES (8126, 'Dadireddi Pallle', 311);
INSERT INTO village (id, name, panchayat_id) VALUES (8127, 'Dubagunta', 311);
INSERT INTO village (id, name, panchayat_id) VALUES (8128, 'East Kodigudlapadu', 311);
INSERT INTO village (id, name, panchayat_id) VALUES (8129, 'Gummalampadu', 311);
INSERT INTO village (id, name, panchayat_id) VALUES (8130, 'Inimerla', 311);
INSERT INTO village (id, name, panchayat_id) VALUES (8131, 'Kambaladinne', 311);
INSERT INTO village (id, name, panchayat_id) VALUES (8132, 'Karrollapadu', 311);
INSERT INTO village (id, name, panchayat_id) VALUES (8133, 'Kattakinda Palli', 311);
INSERT INTO village (id, name, panchayat_id) VALUES (8134, 'Malakondapuram', 311);
INSERT INTO village (id, name, panchayat_id) VALUES (8135, 'Mopadu', 311);
INSERT INTO village (id, name, panchayat_id) VALUES (8136, 'Motravulapadu', 311);
INSERT INTO village (id, name, panchayat_id) VALUES (8137, 'Nasikatrayambakam', 311);
INSERT INTO village (id, name, panchayat_id) VALUES (8138, 'Pamur (Ct)', 311);
INSERT INTO village (id, name, panchayat_id) VALUES (8139, 'Puttamnaidu Palle', 311);
INSERT INTO village (id, name, panchayat_id) VALUES (8140, 'Raviguntapalle', 311);
INSERT INTO village (id, name, panchayat_id) VALUES (8141, 'Renimadugu', 311);
INSERT INTO village (id, name, panchayat_id) VALUES (8142, 'Siddavaram', 311);
INSERT INTO village (id, name, panchayat_id) VALUES (8143, 'Tiragandla Dinne', 311);
INSERT INTO village (id, name, panchayat_id) VALUES (8144, 'Vaggampalle', 311);
INSERT INTO village (id, name, panchayat_id) VALUES (8145, 'West Kattakinda Palle', 311);
INSERT INTO mandal (id, name, constituency_id) VALUES (312, 'Pedacherlo Palle', 14);
INSERT INTO panchayat (id, name, mandal_id) VALUES (312, 'Default Panchayat Pedacherlo Palle', 312);
INSERT INTO village (id, name, panchayat_id) VALUES (8146, 'Battupalle', 312);
INSERT INTO village (id, name, panchayat_id) VALUES (8147, 'Chinavari Madugu', 312);
INSERT INTO village (id, name, panchayat_id) VALUES (8148, 'Chinthagum Palle', 312);
INSERT INTO village (id, name, panchayat_id) VALUES (8149, 'Chowta Gogula Palle', 312);
INSERT INTO village (id, name, panchayat_id) VALUES (8150, 'Gosigundala', 312);
INSERT INTO village (id, name, panchayat_id) VALUES (8151, 'Guntu Palle', 312);
INSERT INTO village (id, name, panchayat_id) VALUES (8152, 'Lakshmakka Palle', 312);
INSERT INTO village (id, name, panchayat_id) VALUES (8153, 'Marella', 312);
INSERT INTO village (id, name, panchayat_id) VALUES (8154, 'Muddapadu', 312);
INSERT INTO village (id, name, panchayat_id) VALUES (8155, 'Murugammi', 312);
INSERT INTO village (id, name, panchayat_id) VALUES (8156, 'Neredu Palle', 312);
INSERT INTO village (id, name, panchayat_id) VALUES (8157, 'Peda Alavala Padu', 312);
INSERT INTO village (id, name, panchayat_id) VALUES (8158, 'Pedacherlo Palle', 312);
INSERT INTO village (id, name, panchayat_id) VALUES (8159, 'Peda Irla Padu', 312);
INSERT INTO village (id, name, panchayat_id) VALUES (8160, 'Pedavari Madugu', 312);
INSERT INTO village (id, name, panchayat_id) VALUES (8161, 'Pitchi Gunta Palle', 312);
INSERT INTO village (id, name, panchayat_id) VALUES (8162, 'Pothavaram', 312);
INSERT INTO village (id, name, panchayat_id) VALUES (8163, 'Rama Govinda Puram', 312);
INSERT INTO village (id, name, panchayat_id) VALUES (8164, 'Sankara Puram', 312);
INSERT INTO village (id, name, panchayat_id) VALUES (8165, 'Talakondapadu', 312);
INSERT INTO village (id, name, panchayat_id) VALUES (8166, 'Vepagum Palle', 312);
INSERT INTO village (id, name, panchayat_id) VALUES (8167, 'Vittala Puram', 312);
INSERT INTO mandal (id, name, constituency_id) VALUES (313, 'Peddaaraveedu', 14);
INSERT INTO panchayat (id, name, mandal_id) VALUES (313, 'Default Panchayat Peddaaraveedu', 313);
INSERT INTO village (id, name, panchayat_id) VALUES (8168, 'Ambapuram', 313);
INSERT INTO village (id, name, panchayat_id) VALUES (8169, 'Badveedu', 313);
INSERT INTO village (id, name, panchayat_id) VALUES (8170, 'Boyada Gumpula', 313);
INSERT INTO village (id, name, panchayat_id) VALUES (8171, 'Chatla Mitta', 313);
INSERT INTO village (id, name, panchayat_id) VALUES (8172, 'Cumbampadu', 313);
INSERT INTO village (id, name, panchayat_id) VALUES (8173, 'Devarajugattu', 313);
INSERT INTO village (id, name, panchayat_id) VALUES (8174, 'Gobburu', 313);
INSERT INTO village (id, name, panchayat_id) VALUES (8175, 'Kalanuthala', 313);
INSERT INTO village (id, name, panchayat_id) VALUES (8176, 'Obulakkapalle', 313);
INSERT INTO village (id, name, panchayat_id) VALUES (8177, 'Peda Araveedu', 313);
INSERT INTO village (id, name, panchayat_id) VALUES (8178, 'Pragallapadu', 313);
INSERT INTO village (id, name, panchayat_id) VALUES (8179, 'Sanikavaram', 313);
INSERT INTO village (id, name, panchayat_id) VALUES (8180, 'S.Kotha Palle', 313);
INSERT INTO village (id, name, panchayat_id) VALUES (8181, 'Sunkesula', 313);
INSERT INTO village (id, name, panchayat_id) VALUES (8182, 'Thangirala Palle', 313);
INSERT INTO village (id, name, panchayat_id) VALUES (8183, 'Thoka Palle', 313);
INSERT INTO mandal (id, name, constituency_id) VALUES (314, 'Podili', 14);
INSERT INTO panchayat (id, name, mandal_id) VALUES (314, 'Default Panchayat Podili', 314);
INSERT INTO village (id, name, panchayat_id) VALUES (8184, 'Akka Cheruvu', 314);
INSERT INTO village (id, name, panchayat_id) VALUES (8185, 'Amudala Palle', 314);
INSERT INTO village (id, name, panchayat_id) VALUES (8186, 'Anna Varam', 314);
INSERT INTO village (id, name, panchayat_id) VALUES (8187, 'Chintagum Palle', 314);
INSERT INTO village (id, name, panchayat_id) VALUES (8188, 'Dasalla Palle', 314);
INSERT INTO village (id, name, panchayat_id) VALUES (8189, 'Dondleru', 314);
INSERT INTO village (id, name, panchayat_id) VALUES (8190, 'Egalapadu', 314);
INSERT INTO village (id, name, panchayat_id) VALUES (8191, 'Jafala Puram', 314);
INSERT INTO village (id, name, panchayat_id) VALUES (8192, 'Kambhalapadu', 314);
INSERT INTO village (id, name, panchayat_id) VALUES (8193, 'Kesavabhotla Palem', 314);
INSERT INTO village (id, name, panchayat_id) VALUES (8194, 'Kondaya Palem', 314);
INSERT INTO village (id, name, panchayat_id) VALUES (8195, 'Kunchepalle', 314);
INSERT INTO village (id, name, panchayat_id) VALUES (8196, 'Lakshmi Puram', 314);
INSERT INTO village (id, name, panchayat_id) VALUES (8197, 'Madalavari Palem', 314);
INSERT INTO village (id, name, panchayat_id) VALUES (8198, 'Mallavaram', 314);
INSERT INTO village (id, name, panchayat_id) VALUES (8199, 'Muga Chinthala', 314);
INSERT INTO village (id, name, panchayat_id) VALUES (8200, 'Nandi Palem', 314);
INSERT INTO village (id, name, panchayat_id) VALUES (8201, 'Nimmavaram', 314);
INSERT INTO village (id, name, panchayat_id) VALUES (8202, 'Obulakka Palle', 314);
INSERT INTO village (id, name, panchayat_id) VALUES (8203, 'Pamulapadu', 314);
INSERT INTO village (id, name, panchayat_id) VALUES (8204, 'Podili (Ct)', 314);
INSERT INTO village (id, name, panchayat_id) VALUES (8205, 'Ramayana Kandrika', 314);
INSERT INTO village (id, name, panchayat_id) VALUES (8206, 'Ramulaveedu', 314);
INSERT INTO village (id, name, panchayat_id) VALUES (8207, 'Salakanuthala', 314);
INSERT INTO village (id, name, panchayat_id) VALUES (8208, 'Sudanagunta', 314);
INSERT INTO village (id, name, panchayat_id) VALUES (8209, 'Teegadurthipadu', 314);
INSERT INTO village (id, name, panchayat_id) VALUES (8210, 'Thalamalla', 314);
INSERT INTO village (id, name, panchayat_id) VALUES (8211, 'Thummagunta', 314);
INSERT INTO village (id, name, panchayat_id) VALUES (8212, 'T.Salluru', 314);
INSERT INTO village (id, name, panchayat_id) VALUES (8213, 'Uppala Padu', 314);
INSERT INTO village (id, name, panchayat_id) VALUES (8214, 'Yeluru', 314);
INSERT INTO village (id, name, panchayat_id) VALUES (8215, 'Zuvvaleru', 314);
INSERT INTO mandal (id, name, constituency_id) VALUES (315, 'Pullalacheruvu', 14);
INSERT INTO panchayat (id, name, mandal_id) VALUES (315, 'Default Panchayat Pullalacheruvu', 315);
INSERT INTO village (id, name, panchayat_id) VALUES (8216, 'Ayyagari Palle', 315);
INSERT INTO village (id, name, panchayat_id) VALUES (8217, 'Chapala Madugu', 315);
INSERT INTO village (id, name, panchayat_id) VALUES (8218, 'Chennapalem', 315);
INSERT INTO village (id, name, panchayat_id) VALUES (8219, 'Chowtapa Charla', 315);
INSERT INTO village (id, name, panchayat_id) VALUES (8220, 'Chowtapalle', 315);
INSERT INTO village (id, name, panchayat_id) VALUES (8221, 'Garapenta', 315);
INSERT INTO village (id, name, panchayat_id) VALUES (8222, 'Isukatripuravaram', 315);
INSERT INTO village (id, name, panchayat_id) VALUES (8223, 'Kavala Kuntla', 315);
INSERT INTO village (id, name, panchayat_id) VALUES (8224, 'Komarolu', 315);
INSERT INTO village (id, name, panchayat_id) VALUES (8225, 'Mane Palle', 315);
INSERT INTO village (id, name, panchayat_id) VALUES (8226, 'Marrivemula', 315);
INSERT INTO village (id, name, panchayat_id) VALUES (8227, 'Murikimallapenta', 315);
INSERT INTO village (id, name, panchayat_id) VALUES (8228, 'Mutukula', 315);
INSERT INTO village (id, name, panchayat_id) VALUES (8229, 'Narasa Puram', 315);
INSERT INTO village (id, name, panchayat_id) VALUES (8230, 'Pullalacheruvu', 315);
INSERT INTO village (id, name, panchayat_id) VALUES (8231, 'Racha Konda', 315);
INSERT INTO village (id, name, panchayat_id) VALUES (8232, 'Satha Kodu', 315);
INSERT INTO village (id, name, panchayat_id) VALUES (8233, 'Uppaladinne Penta', 315);
INSERT INTO village (id, name, panchayat_id) VALUES (8234, 'Yendra Palle', 315);
INSERT INTO mandal (id, name, constituency_id) VALUES (316, 'Racherla', 14);
INSERT INTO panchayat (id, name, mandal_id) VALUES (316, 'Default Panchayat Racherla', 316);
INSERT INTO village (id, name, panchayat_id) VALUES (8235, 'Akaveedu', 316);
INSERT INTO village (id, name, panchayat_id) VALUES (8236, 'Anumula Palle', 316);
INSERT INTO village (id, name, panchayat_id) VALUES (8237, 'Bhupana Guntla', 316);
INSERT INTO village (id, name, panchayat_id) VALUES (8238, 'Chinnagani Palle', 316);
INSERT INTO village (id, name, panchayat_id) VALUES (8239, 'Chollaveedu', 316);
INSERT INTO village (id, name, panchayat_id) VALUES (8240, 'Dadanaguruvai Palle', 316);
INSERT INTO village (id, name, panchayat_id) VALUES (8241, 'Edavalli', 316);
INSERT INTO village (id, name, panchayat_id) VALUES (8242, 'Gudimetla', 316);
INSERT INTO village (id, name, panchayat_id) VALUES (8243, 'Jallivani Pullala Cheruvu', 316);
INSERT INTO village (id, name, panchayat_id) VALUES (8244, 'Madhava Puram', 316);
INSERT INTO village (id, name, panchayat_id) VALUES (8245, 'Palakaveedu', 316);
INSERT INTO village (id, name, panchayat_id) VALUES (8246, 'Racherla', 316);
INSERT INTO village (id, name, panchayat_id) VALUES (8247, 'Somidevi Palle', 316);
INSERT INTO village (id, name, panchayat_id) VALUES (8248, 'Venthurla Padu', 316);
INSERT INTO mandal (id, name, constituency_id) VALUES (317, 'Tarlupadu', 14);
INSERT INTO panchayat (id, name, mandal_id) VALUES (317, 'Default Panchayat Tarlupadu', 317);
INSERT INTO village (id, name, panchayat_id) VALUES (8249, 'Chenna Reddi Palle', 317);
INSERT INTO village (id, name, panchayat_id) VALUES (8250, 'Ganugapenta', 317);
INSERT INTO village (id, name, panchayat_id) VALUES (8251, 'Golla Palle', 317);
INSERT INTO village (id, name, panchayat_id) VALUES (8252, 'Gorugunthala Padu', 317);
INSERT INTO village (id, name, panchayat_id) VALUES (8253, 'Jagannadha Puram', 317);
INSERT INTO village (id, name, panchayat_id) VALUES (8254, 'Jangamreddi Palle', 317);
INSERT INTO village (id, name, panchayat_id) VALUES (8255, 'Kaluzuwwalapadu', 317);
INSERT INTO village (id, name, panchayat_id) VALUES (8256, 'Kandalla Palle', 317);
INSERT INTO village (id, name, panchayat_id) VALUES (8257, 'Karumani Palle', 317);
INSERT INTO village (id, name, panchayat_id) VALUES (8258, 'Kethagudipi', 317);
INSERT INTO village (id, name, panchayat_id) VALUES (8259, 'Konda Reddi Palle', 317);
INSERT INTO village (id, name, panchayat_id) VALUES (8260, 'Lakshmakka Palle', 317);
INSERT INTO village (id, name, panchayat_id) VALUES (8261, 'Mangala Kunta', 317);
INSERT INTO village (id, name, panchayat_id) VALUES (8262, 'Meerja Peta', 317);
INSERT INTO village (id, name, panchayat_id) VALUES (8263, 'Nagendla Mudupu', 317);
INSERT INTO village (id, name, panchayat_id) VALUES (8264, 'Obaya Palle', 317);
INSERT INTO village (id, name, panchayat_id) VALUES (8265, 'Pathe Puram', 317);
INSERT INTO village (id, name, panchayat_id) VALUES (8266, 'Pothalapadu', 317);
INSERT INTO village (id, name, panchayat_id) VALUES (8267, 'Ragasamudram', 317);
INSERT INTO village (id, name, panchayat_id) VALUES (8268, 'Rolagam Padu', 317);
INSERT INTO village (id, name, panchayat_id) VALUES (8269, 'Seetanagulavaram', 317);
INSERT INTO village (id, name, panchayat_id) VALUES (8270, 'Surepalle', 317);
INSERT INTO village (id, name, panchayat_id) VALUES (8271, 'Tadivari Palle', 317);
INSERT INTO village (id, name, panchayat_id) VALUES (8272, 'Tarlupadu', 317);
INSERT INTO village (id, name, panchayat_id) VALUES (8273, 'Tellapadu', 317);
INSERT INTO village (id, name, panchayat_id) VALUES (8274, 'Thummala Cheruvu', 317);
INSERT INTO mandal (id, name, constituency_id) VALUES (318, 'Tripuranthakam', 14);
INSERT INTO panchayat (id, name, mandal_id) VALUES (318, 'Default Panchayat Tripuranthakam', 318);
INSERT INTO village (id, name, panchayat_id) VALUES (8275, 'Annasamudram', 318);
INSERT INTO village (id, name, panchayat_id) VALUES (8276, 'Dupadu', 318);
INSERT INTO village (id, name, panchayat_id) VALUES (8277, 'Duvvali', 318);
INSERT INTO village (id, name, panchayat_id) VALUES (8278, 'Ganapavaram', 318);
INSERT INTO village (id, name, panchayat_id) VALUES (8279, 'Golla Palle', 318);
INSERT INTO village (id, name, panchayat_id) VALUES (8280, 'Kankanala Palle', 318);
INSERT INTO village (id, name, panchayat_id) VALUES (8281, 'Lella Palle', 318);
INSERT INTO village (id, name, panchayat_id) VALUES (8282, 'Madhavani Palle', 318);
INSERT INTO village (id, name, panchayat_id) VALUES (8283, 'Medapi', 318);
INSERT INTO village (id, name, panchayat_id) VALUES (8284, 'Miriam Palle', 318);
INSERT INTO village (id, name, panchayat_id) VALUES (8285, 'Mittapalem', 318);
INSERT INTO village (id, name, panchayat_id) VALUES (8286, 'Muktumpuram', 318);
INSERT INTO village (id, name, panchayat_id) VALUES (8287, 'Narasingapuram', 318);
INSERT INTO village (id, name, panchayat_id) VALUES (8288, 'Raju Palem', 318);
INSERT INTO village (id, name, panchayat_id) VALUES (8289, 'Ramasamudram', 318);
INSERT INTO village (id, name, panchayat_id) VALUES (8290, 'Thimmana Palem', 318);
INSERT INTO village (id, name, panchayat_id) VALUES (8291, 'Tripuranthakam', 318);
INSERT INTO village (id, name, panchayat_id) VALUES (8292, 'Viswanadhapuram', 318);
INSERT INTO mandal (id, name, constituency_id) VALUES (319, 'Veligandla', 14);
INSERT INTO panchayat (id, name, mandal_id) VALUES (319, 'Default Panchayat Veligandla', 319);
INSERT INTO village (id, name, panchayat_id) VALUES (8293, 'Ballavaram', 319);
INSERT INTO village (id, name, panchayat_id) VALUES (8294, 'Bonthagunta Palle', 319);
INSERT INTO village (id, name, panchayat_id) VALUES (8295, 'Chodavaram', 319);
INSERT INTO village (id, name, panchayat_id) VALUES (8296, 'Gandla Seetharam Puram', 319);
INSERT INTO village (id, name, panchayat_id) VALUES (8297, 'Ganesuni Palle', 319);
INSERT INTO village (id, name, panchayat_id) VALUES (8298, 'Ganna Varam', 319);
INSERT INTO village (id, name, panchayat_id) VALUES (8299, 'Gurugupadu', 319);
INSERT INTO village (id, name, panchayat_id) VALUES (8300, 'Hussain Puram', 319);
INSERT INTO village (id, name, panchayat_id) VALUES (8301, 'Immadi Cheruvu', 319);
INSERT INTO village (id, name, panchayat_id) VALUES (8302, 'Jangam Narasaya Palle', 319);
INSERT INTO village (id, name, panchayat_id) VALUES (8303, 'Kankanam Padu', 319);
INSERT INTO village (id, name, panchayat_id) VALUES (8304, 'Kankanam Padu Agraharam', 319);
INSERT INTO village (id, name, panchayat_id) VALUES (8305, 'K.Kesavabotlavari Khandrika', 319);
INSERT INTO village (id, name, panchayat_id) VALUES (8306, 'Kotala Palle', 319);
INSERT INTO village (id, name, panchayat_id) VALUES (8307, 'Manamadugu', 319);
INSERT INTO village (id, name, panchayat_id) VALUES (8308, 'Marapagunta', 319);
INSERT INTO village (id, name, panchayat_id) VALUES (8309, 'Mogallur', 319);
INSERT INTO village (id, name, panchayat_id) VALUES (8310, 'Nagireddy Palle', 319);
INSERT INTO village (id, name, panchayat_id) VALUES (8311, 'Panduva', 319);
INSERT INTO village (id, name, panchayat_id) VALUES (8312, 'Panduva Nagula Varam', 319);
INSERT INTO village (id, name, panchayat_id) VALUES (8313, 'Perugupalle', 319);
INSERT INTO village (id, name, panchayat_id) VALUES (8314, 'Pulikuntla Ralla Palle', 319);
INSERT INTO village (id, name, panchayat_id) VALUES (8315, 'Ramagopalapuram', 319);
INSERT INTO village (id, name, panchayat_id) VALUES (8316, 'Ramalinga Puram', 319);
INSERT INTO village (id, name, panchayat_id) VALUES (8317, 'Vedulla Cheruvu', 319);
INSERT INTO village (id, name, panchayat_id) VALUES (8318, 'Veligandla', 319);
INSERT INTO mandal (id, name, constituency_id) VALUES (320, 'Yerragondapalem', 14);
INSERT INTO panchayat (id, name, mandal_id) VALUES (320, 'Default Panchayat Yerragondapalem', 320);
INSERT INTO village (id, name, panchayat_id) VALUES (8319, 'Allatam', 320);
INSERT INTO village (id, name, panchayat_id) VALUES (8320, 'Alli Palem', 320);
INSERT INTO village (id, name, panchayat_id) VALUES (8321, 'Ammani Gudi Padu', 320);
INSERT INTO village (id, name, panchayat_id) VALUES (8322, 'Bai Penta', 320);
INSERT INTO village (id, name, panchayat_id) VALUES (8323, 'Billagondi Penta', 320);
INSERT INTO village (id, name, panchayat_id) VALUES (8324, 'Boyala Palle', 320);
INSERT INTO village (id, name, panchayat_id) VALUES (8325, 'Boyala Palle (S.H.O)', 320);
INSERT INTO village (id, name, panchayat_id) VALUES (8326, 'Buru Gundala', 320);
INSERT INTO village (id, name, panchayat_id) VALUES (8327, 'Daddanala', 320);
INSERT INTO village (id, name, panchayat_id) VALUES (8328, 'Dara Bayalu', 320);
INSERT INTO village (id, name, panchayat_id) VALUES (8329, 'Ganga Palem', 320);
INSERT INTO village (id, name, panchayat_id) VALUES (8330, 'Garini Penta', 320);
INSERT INTO village (id, name, panchayat_id) VALUES (8331, 'Gollavidipi', 320);
INSERT INTO village (id, name, panchayat_id) VALUES (8332, 'Gurije Palle', 320);
INSERT INTO village (id, name, panchayat_id) VALUES (8333, 'Gurrapusala', 320);
INSERT INTO village (id, name, panchayat_id) VALUES (8334, 'Guttalacheruvu', 320);
INSERT INTO village (id, name, panchayat_id) VALUES (8335, 'Kataruvani Palle', 320);
INSERT INTO village (id, name, panchayat_id) VALUES (8336, 'Kolukula', 320);
INSERT INTO village (id, name, panchayat_id) VALUES (8337, 'Lalapuram', 320);
INSERT INTO village (id, name, panchayat_id) VALUES (8338, 'Lingamvani Palle', 320);
INSERT INTO village (id, name, panchayat_id) VALUES (8339, 'Madam Chalama', 320);
INSERT INTO village (id, name, panchayat_id) VALUES (8340, 'Millampalle', 320);
INSERT INTO village (id, name, panchayat_id) VALUES (8341, 'Naidakka Cherla', 320);
INSERT INTO village (id, name, panchayat_id) VALUES (8342, 'Naruthadikala', 320);
INSERT INTO village (id, name, panchayat_id) VALUES (8343, 'Nekkanti', 320);
INSERT INTO village (id, name, panchayat_id) VALUES (8344, 'Palutla', 320);
INSERT INTO village (id, name, panchayat_id) VALUES (8345, 'Ponnala Bayalu', 320);
INSERT INTO village (id, name, panchayat_id) VALUES (8346, 'Ramachandra Puram', 320);
INSERT INTO village (id, name, panchayat_id) VALUES (8347, 'Rayavaram', 320);
INSERT INTO village (id, name, panchayat_id) VALUES (8348, 'Suddakunta Penta', 320);
INSERT INTO village (id, name, panchayat_id) VALUES (8349, 'Telugurayani Cheruvu', 320);
INSERT INTO village (id, name, panchayat_id) VALUES (8350, 'Venkatadri Palem', 320);
INSERT INTO village (id, name, panchayat_id) VALUES (8351, 'Yerragonda Palem', 320);
INSERT INTO district (id, name, state_id) VALUES (15, 'Nandyal', 1);
INSERT INTO constituency (id, name, district_id, mla_name, mp_name) VALUES (15, 'Default Constituency Nandyal', 15, 'Pending MLA', 'Pending MP');
INSERT INTO mandal (id, name, constituency_id) VALUES (321, 'Allagadda', 15);
INSERT INTO panchayat (id, name, mandal_id) VALUES (321, 'Default Panchayat Allagadda', 321);
INSERT INTO village (id, name, panchayat_id) VALUES (8352, 'Ahobilam', 321);
INSERT INTO village (id, name, panchayat_id) VALUES (8353, 'Allagadda', 321);
INSERT INTO village (id, name, panchayat_id) VALUES (8354, 'Bachepalle', 321);
INSERT INTO village (id, name, panchayat_id) VALUES (8355, 'Bathalur', 321);
INSERT INTO village (id, name, panchayat_id) VALUES (8356, 'Chinta Kommadinne', 321);
INSERT INTO village (id, name, panchayat_id) VALUES (8357, 'Devarayapuram', 321);
INSERT INTO village (id, name, panchayat_id) VALUES (8358, 'G.Jambuladinne', 321);
INSERT INTO village (id, name, panchayat_id) VALUES (8359, 'Gopalapuram', 321);
INSERT INTO village (id, name, panchayat_id) VALUES (8360, 'Gubagundam', 321);
INSERT INTO village (id, name, panchayat_id) VALUES (8361, 'Kotha Kandukur', 321);
INSERT INTO village (id, name, panchayat_id) VALUES (8362, 'Mittalapalle', 321);
INSERT INTO village (id, name, panchayat_id) VALUES (8363, 'Nallagatla', 321);
INSERT INTO village (id, name, panchayat_id) VALUES (8364, 'Obulampalle', 321);
INSERT INTO village (id, name, panchayat_id) VALUES (8365, 'Padakandla', 321);
INSERT INTO village (id, name, panchayat_id) VALUES (8366, 'Palasagaram', 321);
INSERT INTO village (id, name, panchayat_id) VALUES (8367, 'Patha Kandukur', 321);
INSERT INTO village (id, name, panchayat_id) VALUES (8368, 'Peddachintakunta', 321);
INSERT INTO village (id, name, panchayat_id) VALUES (8369, 'R.Krishnapuram', 321);
INSERT INTO village (id, name, panchayat_id) VALUES (8370, 'S.Lingamdinne', 321);
INSERT INTO village (id, name, panchayat_id) VALUES (8371, 'Yadawada', 321);
INSERT INTO village (id, name, panchayat_id) VALUES (8372, 'Bairlutygudem', 38);
INSERT INTO village (id, name, panchayat_id) VALUES (8373, 'Indireswaram', 38);
INSERT INTO village (id, name, panchayat_id) VALUES (8374, 'Karivena', 38);
INSERT INTO village (id, name, panchayat_id) VALUES (8375, 'Krishnapuram', 38);
INSERT INTO village (id, name, panchayat_id) VALUES (8376, 'Kurukunda', 38);
INSERT INTO village (id, name, panchayat_id) VALUES (8377, 'Nagalooty Gudum', 38);
INSERT INTO village (id, name, panchayat_id) VALUES (8378, 'Nallakalva', 38);
INSERT INTO village (id, name, panchayat_id) VALUES (8379, 'Pesurutlagudem', 38);
INSERT INTO village (id, name, panchayat_id) VALUES (8380, 'Pinnapuram', 38);
INSERT INTO village (id, name, panchayat_id) VALUES (8381, 'Pothurajukunta', 38);
INSERT INTO village (id, name, panchayat_id) VALUES (8382, 'Siddapuram', 38);
INSERT INTO village (id, name, panchayat_id) VALUES (8383, 'Siddepalle', 38);
INSERT INTO village (id, name, panchayat_id) VALUES (8384, 'Sundipenta', 38);
INSERT INTO village (id, name, panchayat_id) VALUES (8385, 'Vadla Ramapuram', 38);
INSERT INTO mandal (id, name, constituency_id) VALUES (322, 'Banaganapalli', 15);
INSERT INTO panchayat (id, name, mandal_id) VALUES (322, 'Default Panchayat Banaganapalli', 322);
INSERT INTO village (id, name, panchayat_id) VALUES (8386, 'Appalapuram', 322);
INSERT INTO village (id, name, panchayat_id) VALUES (8387, 'Banaganapalle (Ct)', 322);
INSERT INTO village (id, name, panchayat_id) VALUES (8388, 'Banumukkala (Ct)', 322);
INSERT INTO village (id, name, panchayat_id) VALUES (8389, 'Bathulurupadu', 322);
INSERT INTO village (id, name, panchayat_id) VALUES (8390, 'Beeravolu', 322);
INSERT INTO village (id, name, panchayat_id) VALUES (8391, 'Cherlokothuru', 322);
INSERT INTO village (id, name, panchayat_id) VALUES (8392, 'Cherupalle', 322);
INSERT INTO village (id, name, panchayat_id) VALUES (8393, 'Enakandla', 322);
INSERT INTO village (id, name, panchayat_id) VALUES (8394, 'Gulamaliabad', 322);
INSERT INTO village (id, name, panchayat_id) VALUES (8395, 'Gulam Nabipeta', 322);
INSERT INTO village (id, name, panchayat_id) VALUES (8396, 'Hussainapuram', 322);
INSERT INTO village (id, name, panchayat_id) VALUES (8397, 'Illurukothapalle', 322);
INSERT INTO village (id, name, panchayat_id) VALUES (8398, 'Jambuladinne', 322);
INSERT INTO village (id, name, panchayat_id) VALUES (8399, 'Jillella', 322);
INSERT INTO village (id, name, panchayat_id) VALUES (8400, 'Jwalapuram', 322);
INSERT INTO village (id, name, panchayat_id) VALUES (8401, 'Kapulapalle', 322);
INSERT INTO village (id, name, panchayat_id) VALUES (8402, 'Katikavanikunta', 322);
INSERT INTO village (id, name, panchayat_id) VALUES (8403, 'Krishnagiri', 322);
INSERT INTO village (id, name, panchayat_id) VALUES (8404, 'Kyapa', 322);
INSERT INTO village (id, name, panchayat_id) VALUES (8405, 'Meerapuram', 322);
INSERT INTO village (id, name, panchayat_id) VALUES (8406, 'Mittapalle', 322);
INSERT INTO village (id, name, panchayat_id) VALUES (8407, 'Nandavaram', 322);
INSERT INTO village (id, name, panchayat_id) VALUES (8408, 'Nandivargam', 322);
INSERT INTO village (id, name, panchayat_id) VALUES (8409, 'Niluvugondla', 322);
INSERT INTO village (id, name, panchayat_id) VALUES (8410, 'Palukur', 322);
INSERT INTO village (id, name, panchayat_id) VALUES (8411, 'Pandlapuram', 322);
INSERT INTO village (id, name, panchayat_id) VALUES (8412, 'Pasupula', 322);
INSERT INTO village (id, name, panchayat_id) VALUES (8413, 'Pathapadu', 322);
INSERT INTO village (id, name, panchayat_id) VALUES (8414, 'Rallakothuru', 322);
INSERT INTO village (id, name, panchayat_id) VALUES (8415, 'Ramatheertham', 322);
INSERT INTO village (id, name, panchayat_id) VALUES (8416, 'Salamabad', 322);
INSERT INTO village (id, name, panchayat_id) VALUES (8417, 'Sankalapuram', 322);
INSERT INTO village (id, name, panchayat_id) VALUES (8418, 'Tangutoor', 322);
INSERT INTO village (id, name, panchayat_id) VALUES (8419, 'Thammadapalle', 322);
INSERT INTO village (id, name, panchayat_id) VALUES (8420, 'Thimmapuram', 322);
INSERT INTO village (id, name, panchayat_id) VALUES (8421, 'Venkatapuram', 322);
INSERT INTO village (id, name, panchayat_id) VALUES (8422, 'Vittalapuram', 322);
INSERT INTO village (id, name, panchayat_id) VALUES (8423, 'Yagantipalle', 322);
INSERT INTO village (id, name, panchayat_id) VALUES (8424, 'Yerragudi', 322);
INSERT INTO mandal (id, name, constituency_id) VALUES (323, 'Bandi Atmakur', 15);
INSERT INTO panchayat (id, name, mandal_id) VALUES (323, 'Default Panchayat Bandi Atmakur', 323);
INSERT INTO village (id, name, panchayat_id) VALUES (8425, 'Ayyavari Kodur', 323);
INSERT INTO village (id, name, panchayat_id) VALUES (8426, 'Bandi Atmakur', 323);
INSERT INTO village (id, name, panchayat_id) VALUES (8427, 'Bayyapu Kodur', 323);
INSERT INTO village (id, name, panchayat_id) VALUES (8428, 'Bhojanam', 323);
INSERT INTO village (id, name, panchayat_id) VALUES (8429, 'Ernapadu', 323);
INSERT INTO village (id, name, panchayat_id) VALUES (8430, 'Gali Chennaiah Palem', 323);
INSERT INTO village (id, name, panchayat_id) VALUES (8431, 'Kadamalakalva', 323);
INSERT INTO village (id, name, panchayat_id) VALUES (8432, 'Kakanur', 323);
INSERT INTO village (id, name, panchayat_id) VALUES (8433, 'Narayanapuram', 323);
INSERT INTO village (id, name, panchayat_id) VALUES (8434, 'Paramatur', 323);
INSERT INTO village (id, name, panchayat_id) VALUES (8435, 'Parnapalle', 323);
INSERT INTO village (id, name, panchayat_id) VALUES (8436, 'Pedda Devalapuram', 323);
INSERT INTO village (id, name, panchayat_id) VALUES (8437, 'Ramapuram', 323);
INSERT INTO village (id, name, panchayat_id) VALUES (8438, 'Santhajutur', 323);
INSERT INTO village (id, name, panchayat_id) VALUES (8439, 'Yerraguntla', 323);
INSERT INTO mandal (id, name, constituency_id) VALUES (324, 'Bethamcherla', 15);
INSERT INTO panchayat (id, name, mandal_id) VALUES (324, 'Default Panchayat Bethamcherla', 324);
INSERT INTO village (id, name, panchayat_id) VALUES (8440, 'Ambapuram', 324);
INSERT INTO village (id, name, panchayat_id) VALUES (8441, 'Bethamcherla', 324);
INSERT INTO village (id, name, panchayat_id) VALUES (8442, 'Bethamcherla (Ct)', 324);
INSERT INTO village (id, name, panchayat_id) VALUES (8443, 'Bugganipalle', 324);
INSERT INTO village (id, name, panchayat_id) VALUES (8444, 'Emboy', 324);
INSERT INTO village (id, name, panchayat_id) VALUES (8445, 'Gollagutta', 324);
INSERT INTO village (id, name, panchayat_id) VALUES (8446, 'Gutupalle', 324);
INSERT INTO village (id, name, panchayat_id) VALUES (8447, 'Kolumulapalle', 324);
INSERT INTO village (id, name, panchayat_id) VALUES (8448, 'Kothapalle', 324);
INSERT INTO village (id, name, panchayat_id) VALUES (8449, 'Muddavaram', 324);
INSERT INTO village (id, name, panchayat_id) VALUES (8450, 'Pendakal', 324);
INSERT INTO village (id, name, panchayat_id) VALUES (8451, 'Rangapuram', 324);
INSERT INTO mandal (id, name, constituency_id) VALUES (325, 'Chagalamarri', 15);
INSERT INTO panchayat (id, name, mandal_id) VALUES (325, 'Default Panchayat Chagalamarri', 325);
INSERT INTO village (id, name, panchayat_id) VALUES (8452, 'Brahmanapalle', 325);
INSERT INTO village (id, name, panchayat_id) VALUES (8453, 'Chagalamarri', 325);
INSERT INTO village (id, name, panchayat_id) VALUES (8454, 'Chinna Bodhanam', 325);
INSERT INTO village (id, name, panchayat_id) VALUES (8455, 'Chinna Vangali', 325);
INSERT INTO village (id, name, panchayat_id) VALUES (8456, 'Chintala Cheruvu', 325);
INSERT INTO village (id, name, panchayat_id) VALUES (8457, 'D Vanipenta', 325);
INSERT INTO village (id, name, panchayat_id) VALUES (8458, 'Godiganuru', 325);
INSERT INTO village (id, name, panchayat_id) VALUES (8459, 'Gotlur', 325);
INSERT INTO village (id, name, panchayat_id) VALUES (8460, 'Kalugotlapalle', 325);
INSERT INTO village (id, name, panchayat_id) VALUES (8461, 'Madduru', 325);
INSERT INTO village (id, name, panchayat_id) VALUES (8462, 'Mallavemula', 325);
INSERT INTO village (id, name, panchayat_id) VALUES (8463, 'Muthyalapadu', 325);
INSERT INTO village (id, name, panchayat_id) VALUES (8464, 'Nelampadu', 325);
INSERT INTO village (id, name, panchayat_id) VALUES (8465, 'Pedda Bodhanam', 325);
INSERT INTO village (id, name, panchayat_id) VALUES (8466, 'Pedda Vangali', 325);
INSERT INTO village (id, name, panchayat_id) VALUES (8467, 'Rajole', 325);
INSERT INTO village (id, name, panchayat_id) VALUES (8468, 'Rampalle', 325);
INSERT INTO village (id, name, panchayat_id) VALUES (8469, 'Settiveedu', 325);
INSERT INTO village (id, name, panchayat_id) VALUES (8470, 'Thodendlapalle', 325);
INSERT INTO mandal (id, name, constituency_id) VALUES (326, 'Dhone', 15);
INSERT INTO panchayat (id, name, mandal_id) VALUES (326, 'Default Panchayat Dhone', 326);
INSERT INTO village (id, name, panchayat_id) VALUES (8471, 'Chanugondla', 326);
INSERT INTO village (id, name, panchayat_id) VALUES (8472, 'Chinna Malkapuram', 326);
INSERT INTO village (id, name, panchayat_id) VALUES (8473, 'Devarabanda', 326);
INSERT INTO village (id, name, panchayat_id) VALUES (8474, 'Dhone', 326);
INSERT INTO village (id, name, panchayat_id) VALUES (8475, 'Eddupenta', 326);
INSERT INTO village (id, name, panchayat_id) VALUES (8476, 'Jagadurthi', 326);
INSERT INTO village (id, name, panchayat_id) VALUES (8477, 'Kamaganikuntla', 326);
INSERT INTO village (id, name, panchayat_id) VALUES (8478, 'Kocheruvu', 326);
INSERT INTO village (id, name, panchayat_id) VALUES (8479, 'Kotha Buruju', 326);
INSERT INTO village (id, name, panchayat_id) VALUES (8480, 'Kothakota', 326);
INSERT INTO village (id, name, panchayat_id) VALUES (8481, 'Malkapuram', 326);
INSERT INTO village (id, name, panchayat_id) VALUES (8482, 'Shotrium Gundala', 326);
INSERT INTO village (id, name, panchayat_id) VALUES (8483, 'Shotrium Valasala', 326);
INSERT INTO village (id, name, panchayat_id) VALUES (8484, 'Udumulapadu', 326);
INSERT INTO village (id, name, panchayat_id) VALUES (8485, 'Ungaranigundla', 326);
INSERT INTO village (id, name, panchayat_id) VALUES (8486, 'Venkatapuram', 326);
INSERT INTO village (id, name, panchayat_id) VALUES (8487, 'Yapadinne', 326);
INSERT INTO mandal (id, name, constituency_id) VALUES (327, 'Dornipadu', 15);
INSERT INTO panchayat (id, name, mandal_id) VALUES (327, 'Default Panchayat Dornipadu', 327);
INSERT INTO village (id, name, panchayat_id) VALUES (8488, 'Arjunapuram', 327);
INSERT INTO village (id, name, panchayat_id) VALUES (8489, 'Burrareddipalle', 327);
INSERT INTO village (id, name, panchayat_id) VALUES (8490, 'Chakarajuvemula', 327);
INSERT INTO village (id, name, panchayat_id) VALUES (8491, 'Dornipadu', 327);
INSERT INTO village (id, name, panchayat_id) VALUES (8492, 'Gundupapala', 327);
INSERT INTO village (id, name, panchayat_id) VALUES (8493, 'Kondapuram', 327);
INSERT INTO village (id, name, panchayat_id) VALUES (8494, 'Kristipadu', 327);
INSERT INTO village (id, name, panchayat_id) VALUES (8495, 'Ramachandrapuram', 327);
INSERT INTO village (id, name, panchayat_id) VALUES (8496, 'W.Govindinne', 327);
INSERT INTO mandal (id, name, constituency_id) VALUES (328, 'Gadivemula', 15);
INSERT INTO panchayat (id, name, mandal_id) VALUES (328, 'Default Panchayat Gadivemula', 328);
INSERT INTO village (id, name, panchayat_id) VALUES (8497, 'Bilakala Gudur', 328);
INSERT INTO village (id, name, panchayat_id) VALUES (8498, 'Bujanur', 328);
INSERT INTO village (id, name, panchayat_id) VALUES (8499, 'Chennakkapalle', 328);
INSERT INTO village (id, name, panchayat_id) VALUES (8500, 'Chindukuru', 328);
INSERT INTO village (id, name, panchayat_id) VALUES (8501, 'Durvesi', 328);
INSERT INTO village (id, name, panchayat_id) VALUES (8502, 'Gadigarevula', 328);
INSERT INTO village (id, name, panchayat_id) VALUES (8503, 'Gadivemula', 328);
INSERT INTO village (id, name, panchayat_id) VALUES (8504, 'Gani', 328);
INSERT INTO village (id, name, panchayat_id) VALUES (8505, 'Karimaddala', 328);
INSERT INTO village (id, name, panchayat_id) VALUES (8506, 'Koratamaddi', 328);
INSERT INTO village (id, name, panchayat_id) VALUES (8507, 'Korrapolur', 328);
INSERT INTO village (id, name, panchayat_id) VALUES (8508, 'Manchalakatta', 328);
INSERT INTO village (id, name, panchayat_id) VALUES (8509, 'Pesaravayi', 328);
INSERT INTO village (id, name, panchayat_id) VALUES (8510, 'Thirupadu', 328);
INSERT INTO mandal (id, name, constituency_id) VALUES (329, 'Gospadu', 15);
INSERT INTO panchayat (id, name, mandal_id) VALUES (329, 'Default Panchayat Gospadu', 329);
INSERT INTO village (id, name, panchayat_id) VALUES (8511, 'Deebaguntla', 329);
INSERT INTO village (id, name, panchayat_id) VALUES (8512, 'Gospadu', 329);
INSERT INTO village (id, name, panchayat_id) VALUES (8513, 'Jillela', 329);
INSERT INTO village (id, name, panchayat_id) VALUES (8514, 'Julepalle', 329);
INSERT INTO village (id, name, panchayat_id) VALUES (8515, 'Kanalapalle', 329);
INSERT INTO village (id, name, panchayat_id) VALUES (8516, 'M.Chintakunta', 329);
INSERT INTO village (id, name, panchayat_id) VALUES (8517, 'M.Krishnapuram', 329);
INSERT INTO village (id, name, panchayat_id) VALUES (8518, 'Pasurapadu', 329);
INSERT INTO village (id, name, panchayat_id) VALUES (8519, 'Rayapadu', 329);
INSERT INTO village (id, name, panchayat_id) VALUES (8520, 'Sambavaram', 329);
INSERT INTO village (id, name, panchayat_id) VALUES (8521, 'S.Kuluru', 329);
INSERT INTO village (id, name, panchayat_id) VALUES (8522, 'S.Nagulavaram', 329);
INSERT INTO village (id, name, panchayat_id) VALUES (8523, 'Tellapuri', 329);
INSERT INTO village (id, name, panchayat_id) VALUES (8524, 'Vantivelagala', 329);
INSERT INTO village (id, name, panchayat_id) VALUES (8525, 'Yalluru', 329);
INSERT INTO mandal (id, name, constituency_id) VALUES (330, 'Jupadu Bunglow', 15);
INSERT INTO panchayat (id, name, mandal_id) VALUES (330, 'Default Panchayat Jupadu Bunglow', 330);
INSERT INTO village (id, name, panchayat_id) VALUES (8526, 'Bannur', 330);
INSERT INTO village (id, name, panchayat_id) VALUES (8527, 'Bollavaram', 330);
INSERT INTO village (id, name, panchayat_id) VALUES (8528, 'Ganapuram', 330);
INSERT INTO village (id, name, panchayat_id) VALUES (8529, 'Lingapuram', 330);
INSERT INTO village (id, name, panchayat_id) VALUES (8530, 'Mandlem', 330);
INSERT INTO village (id, name, panchayat_id) VALUES (8531, 'Parumanchala', 330);
INSERT INTO village (id, name, panchayat_id) VALUES (8532, 'Tangadancha', 330);
INSERT INTO village (id, name, panchayat_id) VALUES (8533, 'Tarigopula', 330);
INSERT INTO village (id, name, panchayat_id) VALUES (8534, 'Tartur', 330);
INSERT INTO village (id, name, panchayat_id) VALUES (8535, 'Tatipadu', 330);
INSERT INTO village (id, name, panchayat_id) VALUES (8536, 'Thudicherla', 330);
INSERT INTO mandal (id, name, constituency_id) VALUES (331, 'Koilakuntla', 15);
INSERT INTO panchayat (id, name, mandal_id) VALUES (331, 'Default Panchayat Koilakuntla', 331);
INSERT INTO village (id, name, panchayat_id) VALUES (8537, 'Amadala', 331);
INSERT INTO village (id, name, panchayat_id) VALUES (8538, 'Bheemunipadu', 331);
INSERT INTO village (id, name, panchayat_id) VALUES (8539, 'Bijinavemula', 331);
INSERT INTO village (id, name, panchayat_id) VALUES (8540, 'Chinna Kopperla', 331);
INSERT INTO village (id, name, panchayat_id) VALUES (8541, 'Chintakunta', 331);
INSERT INTO village (id, name, panchayat_id) VALUES (8542, 'Gulladurthi', 331);
INSERT INTO village (id, name, panchayat_id) VALUES (8543, 'Joladarasi', 331);
INSERT INTO village (id, name, panchayat_id) VALUES (8544, 'Kalugotla', 331);
INSERT INTO village (id, name, panchayat_id) VALUES (8545, 'Kampamalla', 331);
INSERT INTO village (id, name, panchayat_id) VALUES (8546, 'Koilkuntla', 331);
INSERT INTO village (id, name, panchayat_id) VALUES (8547, 'Lingala', 331);
INSERT INTO village (id, name, panchayat_id) VALUES (8548, 'Mogalai Uppalur', 331);
INSERT INTO village (id, name, panchayat_id) VALUES (8549, 'Pedda Kopperla', 331);
INSERT INTO village (id, name, panchayat_id) VALUES (8550, 'Pottipadu', 331);
INSERT INTO village (id, name, panchayat_id) VALUES (8551, 'Revanur', 331);
INSERT INTO village (id, name, panchayat_id) VALUES (8552, 'Soulderdinne', 331);
INSERT INTO village (id, name, panchayat_id) VALUES (8553, 'Vallampadu', 331);
INSERT INTO village (id, name, panchayat_id) VALUES (8554, 'Velagatur', 331);
INSERT INTO mandal (id, name, constituency_id) VALUES (332, 'Kolimigundla', 15);
INSERT INTO panchayat (id, name, mandal_id) VALUES (332, 'Default Panchayat Kolimigundla', 332);
INSERT INTO village (id, name, panchayat_id) VALUES (8555, 'Abdullapuram', 332);
INSERT INTO village (id, name, panchayat_id) VALUES (8556, 'Belum', 332);
INSERT INTO village (id, name, panchayat_id) VALUES (8557, 'Belumsingavaram', 332);
INSERT INTO village (id, name, panchayat_id) VALUES (8558, 'Boyala Tadipatri', 332);
INSERT INTO village (id, name, panchayat_id) VALUES (8559, 'Boyala Uppalur', 332);
INSERT INTO village (id, name, panchayat_id) VALUES (8560, 'Chintalayapalle', 332);
INSERT INTO village (id, name, panchayat_id) VALUES (8561, 'Erragudi', 332);
INSERT INTO village (id, name, panchayat_id) VALUES (8562, 'Hanumanthagundam', 332);
INSERT INTO village (id, name, panchayat_id) VALUES (8563, 'Itikala', 332);
INSERT INTO village (id, name, panchayat_id) VALUES (8564, 'Kalvatala', 332);
INSERT INTO village (id, name, panchayat_id) VALUES (8565, 'Kolimigundla', 332);
INSERT INTO village (id, name, panchayat_id) VALUES (8566, 'Korumanipalle', 332);
INSERT INTO village (id, name, panchayat_id) VALUES (8567, 'Kotapadu', 332);
INSERT INTO village (id, name, panchayat_id) VALUES (8568, 'Mirjapuram', 332);
INSERT INTO village (id, name, panchayat_id) VALUES (8569, 'Nandipadu', 332);
INSERT INTO village (id, name, panchayat_id) VALUES (8570, 'Peddaventhurla', 332);
INSERT INTO village (id, name, panchayat_id) VALUES (8571, 'Petnikota', 332);
INSERT INTO village (id, name, panchayat_id) VALUES (8572, 'Shotrium Chennampalle', 332);
INSERT INTO village (id, name, panchayat_id) VALUES (8573, 'Thimmanayunipeta', 332);
INSERT INTO village (id, name, panchayat_id) VALUES (8574, 'Thollamadugu', 332);
INSERT INTO village (id, name, panchayat_id) VALUES (8575, 'Thummalapenta', 332);
INSERT INTO mandal (id, name, constituency_id) VALUES (333, 'Kothapalle', 15);
INSERT INTO panchayat (id, name, mandal_id) VALUES (333, 'Default Panchayat Kothapalle', 333);
INSERT INTO village (id, name, panchayat_id) VALUES (8576, 'Battuvaripalle', 333);
INSERT INTO village (id, name, panchayat_id) VALUES (8577, 'Dudyala', 333);
INSERT INTO village (id, name, panchayat_id) VALUES (8578, 'Edurupadu', 333);
INSERT INTO village (id, name, panchayat_id) VALUES (8579, 'Erramatam', 333);
INSERT INTO village (id, name, panchayat_id) VALUES (8580, 'Gokavaram', 333);
INSERT INTO village (id, name, panchayat_id) VALUES (8581, 'Guvvalakunta', 333);
INSERT INTO village (id, name, panchayat_id) VALUES (8582, 'Kokkerancha', 333);
INSERT INTO village (id, name, panchayat_id) VALUES (8583, 'Kothapalle', 333);
INSERT INTO village (id, name, panchayat_id) VALUES (8584, 'Musalimadugu', 333);
INSERT INTO village (id, name, panchayat_id) VALUES (8585, 'Nandikunta', 333);
INSERT INTO village (id, name, panchayat_id) VALUES (8586, 'P Gummadapuram', 333);
INSERT INTO village (id, name, panchayat_id) VALUES (8587, 'Sangameswaram', 333);
INSERT INTO village (id, name, panchayat_id) VALUES (8588, 'Siddheswaram', 333);
INSERT INTO village (id, name, panchayat_id) VALUES (8589, 'Sivapuram', 333);
INSERT INTO village (id, name, panchayat_id) VALUES (8590, 'Veerabhadradurgam', 333);
INSERT INTO mandal (id, name, constituency_id) VALUES (334, 'Mahanandi', 15);
INSERT INTO panchayat (id, name, mandal_id) VALUES (334, 'Default Panchayat Mahanandi', 334);
INSERT INTO village (id, name, panchayat_id) VALUES (8591, 'Basavapuram', 334);
INSERT INTO village (id, name, panchayat_id) VALUES (8592, 'Bollavaram', 334);
INSERT INTO village (id, name, panchayat_id) VALUES (8593, 'Bukkapuram', 334);
INSERT INTO village (id, name, panchayat_id) VALUES (8594, 'Gajulapalle', 334);
INSERT INTO village (id, name, panchayat_id) VALUES (8595, 'Gopavaram', 334);
INSERT INTO village (id, name, panchayat_id) VALUES (8596, 'Maseedupuram', 334);
INSERT INTO village (id, name, panchayat_id) VALUES (8597, 'Nandipalle', 334);
INSERT INTO village (id, name, panchayat_id) VALUES (8598, 'Thammadapalle', 334);
INSERT INTO village (id, name, panchayat_id) VALUES (8599, 'Thimmapuram', 334);
INSERT INTO mandal (id, name, constituency_id) VALUES (335, 'Midthur', 15);
INSERT INTO panchayat (id, name, mandal_id) VALUES (335, 'Default Panchayat Midthur', 335);
INSERT INTO village (id, name, panchayat_id) VALUES (8600, 'Alaganur', 335);
INSERT INTO village (id, name, panchayat_id) VALUES (8601, 'Bannur', 335);
INSERT INTO village (id, name, panchayat_id) VALUES (8602, 'Byrapuram', 335);
INSERT INTO village (id, name, panchayat_id) VALUES (8603, 'Cherakucherla', 335);
INSERT INTO village (id, name, panchayat_id) VALUES (8604, 'Chintalapalle', 335);
INSERT INTO village (id, name, panchayat_id) VALUES (8605, 'Chowtakur', 335);
INSERT INTO village (id, name, panchayat_id) VALUES (8606, 'Devanur', 335);
INSERT INTO village (id, name, panchayat_id) VALUES (8607, 'Jalakanur', 335);
INSERT INTO village (id, name, panchayat_id) VALUES (8608, 'Kadumur', 335);
INSERT INTO village (id, name, panchayat_id) VALUES (8609, 'Masapeta', 335);
INSERT INTO village (id, name, panchayat_id) VALUES (8610, 'Midthur', 335);
INSERT INTO village (id, name, panchayat_id) VALUES (8611, 'Nagalooty', 335);
INSERT INTO village (id, name, panchayat_id) VALUES (8612, 'Rollapadu', 335);
INSERT INTO village (id, name, panchayat_id) VALUES (8613, 'Sunkesula', 335);
INSERT INTO village (id, name, panchayat_id) VALUES (8614, 'Talamudipi', 335);
INSERT INTO village (id, name, panchayat_id) VALUES (8615, 'Thimmapuram', 335);
INSERT INTO village (id, name, panchayat_id) VALUES (8616, 'Veepanagandla', 335);
INSERT INTO mandal (id, name, constituency_id) VALUES (336, 'Nandikotkur', 15);
INSERT INTO panchayat (id, name, mandal_id) VALUES (336, 'Default Panchayat Nandikotkur', 336);
INSERT INTO village (id, name, panchayat_id) VALUES (8617, 'Allur', 336);
INSERT INTO village (id, name, panchayat_id) VALUES (8618, 'Bijinavemula', 336);
INSERT INTO village (id, name, panchayat_id) VALUES (8619, 'Bollavaram', 336);
INSERT INTO village (id, name, panchayat_id) VALUES (8620, 'Brahmanakotkur', 336);
INSERT INTO village (id, name, panchayat_id) VALUES (8621, 'Damagatla', 336);
INSERT INTO village (id, name, panchayat_id) VALUES (8622, 'Konidela', 336);
INSERT INTO village (id, name, panchayat_id) VALUES (8623, 'Maddigatla', 336);
INSERT INTO village (id, name, panchayat_id) VALUES (8624, 'Malyala', 336);
INSERT INTO village (id, name, panchayat_id) VALUES (8625, 'Nagatoor', 336);
INSERT INTO village (id, name, panchayat_id) VALUES (8626, 'Nandi Kotkur', 336);
INSERT INTO village (id, name, panchayat_id) VALUES (8627, 'Santhanikota', 336);
INSERT INTO village (id, name, panchayat_id) VALUES (8628, 'Vaddamanu', 336);
INSERT INTO mandal (id, name, constituency_id) VALUES (337, 'Nandyal Rural', 15);
INSERT INTO panchayat (id, name, mandal_id) VALUES (337, 'Default Panchayat Nandyal Rural', 337);
INSERT INTO village (id, name, panchayat_id) VALUES (8629, 'Bheemavaram', 337);
INSERT INTO village (id, name, panchayat_id) VALUES (8630, 'Brahmanapalle', 337);
INSERT INTO village (id, name, panchayat_id) VALUES (8631, 'Chabolu', 337);
INSERT INTO village (id, name, panchayat_id) VALUES (8632, 'Chapirevula', 337);
INSERT INTO village (id, name, panchayat_id) VALUES (8633, 'Gunthanala', 337);
INSERT INTO village (id, name, panchayat_id) VALUES (8634, 'Kanala', 337);
INSERT INTO village (id, name, panchayat_id) VALUES (8635, 'Kottala', 337);
INSERT INTO village (id, name, panchayat_id) VALUES (8636, 'Mitnala', 337);
INSERT INTO village (id, name, panchayat_id) VALUES (8637, 'Munagala', 337);
INSERT INTO village (id, name, panchayat_id) VALUES (8638, 'Polur', 337);
INSERT INTO village (id, name, panchayat_id) VALUES (8639, 'Pulimaddi', 337);
INSERT INTO village (id, name, panchayat_id) VALUES (8640, 'Pusulur', 337);
INSERT INTO village (id, name, panchayat_id) VALUES (8641, 'Rayamalpuram', 337);
INSERT INTO mandal (id, name, constituency_id) VALUES (338, 'Nandyal Urban', 15);
INSERT INTO panchayat (id, name, mandal_id) VALUES (338, 'Default Panchayat Nandyal Urban', 338);
INSERT INTO village (id, name, panchayat_id) VALUES (8642, 'Ayyalur (Part)', 338);
INSERT INTO village (id, name, panchayat_id) VALUES (8643, 'Billalapuram', 338);
INSERT INTO village (id, name, panchayat_id) VALUES (8644, 'Kothapalli', 338);
INSERT INTO village (id, name, panchayat_id) VALUES (8645, 'Moolasagaram (R) (Og)', 338);
INSERT INTO village (id, name, panchayat_id) VALUES (8646, 'Nandyala', 338);
INSERT INTO village (id, name, panchayat_id) VALUES (8647, 'Noonepalle (R) (Og)', 338);
INSERT INTO village (id, name, panchayat_id) VALUES (8648, 'Udumalpuram (R) (Part)', 338);
INSERT INTO mandal (id, name, constituency_id) VALUES (339, 'Owk', 15);
INSERT INTO panchayat (id, name, mandal_id) VALUES (339, 'Default Panchayat Owk', 339);
INSERT INTO village (id, name, panchayat_id) VALUES (8649, 'Annavaram', 339);
INSERT INTO village (id, name, panchayat_id) VALUES (8650, 'Chanugondla', 339);
INSERT INTO village (id, name, panchayat_id) VALUES (8651, 'Chennampalle', 339);
INSERT INTO village (id, name, panchayat_id) VALUES (8652, 'Cherlapalle', 339);
INSERT INTO village (id, name, panchayat_id) VALUES (8653, 'Gundla Singavaram', 339);
INSERT INTO village (id, name, panchayat_id) VALUES (8654, 'Junuthala', 339);
INSERT INTO village (id, name, panchayat_id) VALUES (8655, 'Kondamanayunipalli', 339);
INSERT INTO village (id, name, panchayat_id) VALUES (8656, 'Kunukuntla', 339);
INSERT INTO village (id, name, panchayat_id) VALUES (8657, 'Mettupalle', 339);
INSERT INTO village (id, name, panchayat_id) VALUES (8658, 'Nichenametla', 339);
INSERT INTO village (id, name, panchayat_id) VALUES (8659, 'Owk', 339);
INSERT INTO village (id, name, panchayat_id) VALUES (8660, 'Ramapuram (Ct)', 339);
INSERT INTO village (id, name, panchayat_id) VALUES (8661, 'Ramavaram', 339);
INSERT INTO village (id, name, panchayat_id) VALUES (8662, 'Sangapatnam', 339);
INSERT INTO village (id, name, panchayat_id) VALUES (8663, 'Singanapalle', 339);
INSERT INTO village (id, name, panchayat_id) VALUES (8664, 'Sivavaram', 339);
INSERT INTO village (id, name, panchayat_id) VALUES (8665, 'Sunkesula', 339);
INSERT INTO village (id, name, panchayat_id) VALUES (8666, 'Uppalapadu', 339);
INSERT INTO village (id, name, panchayat_id) VALUES (8667, 'Vajragiri', 339);
INSERT INTO village (id, name, panchayat_id) VALUES (8668, 'Vemulapadu', 339);
INSERT INTO mandal (id, name, constituency_id) VALUES (340, 'Pagidyala', 15);
INSERT INTO panchayat (id, name, mandal_id) VALUES (340, 'Default Panchayat Pagidyala', 340);
INSERT INTO village (id, name, panchayat_id) VALUES (8669, 'Beeravolu', 340);
INSERT INTO village (id, name, panchayat_id) VALUES (8670, 'Laxmapuram', 340);
INSERT INTO village (id, name, panchayat_id) VALUES (8671, 'Muchumarri', 340);
INSERT INTO village (id, name, panchayat_id) VALUES (8672, 'Murvakonda', 340);
INSERT INTO village (id, name, panchayat_id) VALUES (8673, 'Pagidyala', 340);
INSERT INTO village (id, name, panchayat_id) VALUES (8674, 'Palamarri', 340);
INSERT INTO village (id, name, panchayat_id) VALUES (8675, 'Pathakota(East)', 340);
INSERT INTO village (id, name, panchayat_id) VALUES (8676, 'Pathakota(West)', 340);
INSERT INTO village (id, name, panchayat_id) VALUES (8677, 'Veerapuram', 340);
INSERT INTO village (id, name, panchayat_id) VALUES (8678, 'Yellala', 340);
INSERT INTO mandal (id, name, constituency_id) VALUES (341, 'Pamulapadu', 15);
INSERT INTO panchayat (id, name, mandal_id) VALUES (341, 'Default Panchayat Pamulapadu', 341);
INSERT INTO village (id, name, panchayat_id) VALUES (8679, 'Bhanumukkala', 341);
INSERT INTO village (id, name, panchayat_id) VALUES (8680, 'Chelimella', 341);
INSERT INTO village (id, name, panchayat_id) VALUES (8681, 'Iskala', 341);
INSERT INTO village (id, name, panchayat_id) VALUES (8682, 'Jutur', 341);
INSERT INTO village (id, name, panchayat_id) VALUES (8683, 'Kambalapalle', 341);
INSERT INTO village (id, name, panchayat_id) VALUES (8684, 'Maddur', 341);
INSERT INTO village (id, name, panchayat_id) VALUES (8685, 'Mittakandala', 341);
INSERT INTO village (id, name, panchayat_id) VALUES (8686, 'Pamulapadu', 341);
INSERT INTO village (id, name, panchayat_id) VALUES (8687, 'Thummalur', 341);
INSERT INTO village (id, name, panchayat_id) VALUES (8688, 'Vanala', 341);
INSERT INTO village (id, name, panchayat_id) VALUES (8689, 'Vempenta', 341);
INSERT INTO mandal (id, name, constituency_id) VALUES (342, 'Panyam', 15);
INSERT INTO panchayat (id, name, mandal_id) VALUES (342, 'Default Panchayat Panyam', 342);
INSERT INTO village (id, name, panchayat_id) VALUES (8690, 'Alamur', 342);
INSERT INTO village (id, name, panchayat_id) VALUES (8691, 'Anupur', 342);
INSERT INTO village (id, name, panchayat_id) VALUES (8692, 'Balapanur', 342);
INSERT INTO village (id, name, panchayat_id) VALUES (8693, 'Bhupanapadu', 342);
INSERT INTO village (id, name, panchayat_id) VALUES (8694, 'Chilakala', 342);
INSERT INTO village (id, name, panchayat_id) VALUES (8695, 'Gaggatur', 342);
INSERT INTO village (id, name, panchayat_id) VALUES (8696, 'Gonavaram', 342);
INSERT INTO village (id, name, panchayat_id) VALUES (8697, 'Gorukallu', 342);
INSERT INTO village (id, name, panchayat_id) VALUES (8698, 'Kondajutur', 342);
INSERT INTO village (id, name, panchayat_id) VALUES (8699, 'Konidedu', 342);
INSERT INTO village (id, name, panchayat_id) VALUES (8700, 'Kowlur', 342);
INSERT INTO village (id, name, panchayat_id) VALUES (8701, 'Maddur', 342);
INSERT INTO village (id, name, panchayat_id) VALUES (8702, 'Nerawada', 342);
INSERT INTO village (id, name, panchayat_id) VALUES (8703, 'Panyam', 342);
INSERT INTO village (id, name, panchayat_id) VALUES (8704, 'Pinnapuram', 342);
INSERT INTO village (id, name, panchayat_id) VALUES (8705, 'S Kothuru', 342);
INSERT INTO village (id, name, panchayat_id) VALUES (8706, 'Thammarajupalle', 342);
INSERT INTO village (id, name, panchayat_id) VALUES (8707, 'Thogarchedu', 342);
INSERT INTO mandal (id, name, constituency_id) VALUES (343, 'Peapully', 15);
INSERT INTO panchayat (id, name, mandal_id) VALUES (343, 'Default Panchayat Peapully', 343);
INSERT INTO village (id, name, panchayat_id) VALUES (8708, 'Burugula', 343);
INSERT INTO village (id, name, panchayat_id) VALUES (8709, 'Chandrapalle', 343);
INSERT INTO village (id, name, panchayat_id) VALUES (8710, 'Gudipadu', 343);
INSERT INTO village (id, name, panchayat_id) VALUES (8711, 'Jakkasanikuntla', 343);
INSERT INTO village (id, name, panchayat_id) VALUES (8712, 'Jaladurgam', 343);
INSERT INTO village (id, name, panchayat_id) VALUES (8713, 'Kalachetla', 343);
INSERT INTO village (id, name, panchayat_id) VALUES (8714, 'Kommemarri', 343);
INSERT INTO village (id, name, panchayat_id) VALUES (8715, 'Madhavaram', 343);
INSERT INTO village (id, name, panchayat_id) VALUES (8716, 'Mettupalle', 343);
INSERT INTO village (id, name, panchayat_id) VALUES (8717, 'Munimadugu', 343);
INSERT INTO village (id, name, panchayat_id) VALUES (8718, 'Nereducherla', 343);
INSERT INTO village (id, name, panchayat_id) VALUES (8719, 'Peapally', 343);
INSERT INTO village (id, name, panchayat_id) VALUES (8720, 'Peddapodilla', 343);
INSERT INTO village (id, name, panchayat_id) VALUES (8721, 'Pothidoddi', 343);
INSERT INTO village (id, name, panchayat_id) VALUES (8722, 'Racherla', 343);
INSERT INTO village (id, name, panchayat_id) VALUES (8723, 'Shrotrium Nallaballe', 343);
INSERT INTO village (id, name, panchayat_id) VALUES (8724, 'Shrotrium Rangapuram', 343);
INSERT INTO village (id, name, panchayat_id) VALUES (8725, 'Shrotrium Rayampeta', 343);
INSERT INTO village (id, name, panchayat_id) VALUES (8726, 'Vengalampalle', 343);
INSERT INTO mandal (id, name, constituency_id) VALUES (344, 'Rudravaram', 15);
INSERT INTO panchayat (id, name, mandal_id) VALUES (344, 'Default Panchayat Rudravaram', 344);
INSERT INTO village (id, name, panchayat_id) VALUES (8727, 'Alamur', 344);
INSERT INTO village (id, name, panchayat_id) VALUES (8728, 'Beeravolu', 344);
INSERT INTO village (id, name, panchayat_id) VALUES (8729, 'Chandalur', 344);
INSERT INTO village (id, name, panchayat_id) VALUES (8730, 'Chilakaloor', 344);
INSERT INTO village (id, name, panchayat_id) VALUES (8731, 'Chinna Kambaloor', 344);
INSERT INTO village (id, name, panchayat_id) VALUES (8732, 'Erragudidinne', 344);
INSERT INTO village (id, name, panchayat_id) VALUES (8733, 'Kondamayapalle', 344);
INSERT INTO village (id, name, panchayat_id) VALUES (8734, 'Kotakonda', 344);
INSERT INTO village (id, name, panchayat_id) VALUES (8735, 'Mandaloor', 344);
INSERT INTO village (id, name, panchayat_id) VALUES (8736, 'Muthaloor', 344);
INSERT INTO village (id, name, panchayat_id) VALUES (8737, 'Narasapuram', 344);
INSERT INTO village (id, name, panchayat_id) VALUES (8738, 'Pedda Kambaloor', 344);
INSERT INTO village (id, name, panchayat_id) VALUES (8739, 'Perur', 344);
INSERT INTO village (id, name, panchayat_id) VALUES (8740, 'R.Nagulavaram', 344);
INSERT INTO village (id, name, panchayat_id) VALUES (8741, 'Rudravaram', 344);
INSERT INTO village (id, name, panchayat_id) VALUES (8742, 'Sreerangapuram', 344);
INSERT INTO village (id, name, panchayat_id) VALUES (8743, 'T.Lingamdinne', 344);
INSERT INTO village (id, name, panchayat_id) VALUES (8744, 'Velagalapalle', 344);
INSERT INTO village (id, name, panchayat_id) VALUES (8745, 'Yellavathula', 344);
INSERT INTO mandal (id, name, constituency_id) VALUES (345, 'Sanjamala', 15);
INSERT INTO panchayat (id, name, mandal_id) VALUES (345, 'Default Panchayat Sanjamala', 345);
INSERT INTO village (id, name, panchayat_id) VALUES (8746, 'Akumalla', 345);
INSERT INTO village (id, name, panchayat_id) VALUES (8747, 'Alvakonda', 345);
INSERT INTO village (id, name, panchayat_id) VALUES (8748, 'Bondaladinne', 345);
INSERT INTO village (id, name, panchayat_id) VALUES (8749, 'Eggoni', 345);
INSERT INTO village (id, name, panchayat_id) VALUES (8750, 'Giddalur', 345);
INSERT INTO village (id, name, panchayat_id) VALUES (8751, 'Hothramandinne', 345);
INSERT INTO village (id, name, panchayat_id) VALUES (8752, 'Kamalapuri', 345);
INSERT INTO village (id, name, panchayat_id) VALUES (8753, 'Kanala', 345);
INSERT INTO village (id, name, panchayat_id) VALUES (8754, 'Mangapalle', 345);
INSERT INTO village (id, name, panchayat_id) VALUES (8755, 'Mikkinenipalle', 345);
INSERT INTO village (id, name, panchayat_id) VALUES (8756, 'Muchalapuri', 345);
INSERT INTO village (id, name, panchayat_id) VALUES (8757, 'Mudigedu', 345);
INSERT INTO village (id, name, panchayat_id) VALUES (8758, 'Mukkamalla', 345);
INSERT INTO village (id, name, panchayat_id) VALUES (8759, 'Natla Kothur', 345);
INSERT INTO village (id, name, panchayat_id) VALUES (8760, 'Nossam', 345);
INSERT INTO village (id, name, panchayat_id) VALUES (8761, 'Perusomala', 345);
INSERT INTO village (id, name, panchayat_id) VALUES (8762, 'Ramabhadrunipalle', 345);
INSERT INTO village (id, name, panchayat_id) VALUES (8763, 'R Lingam Dinne', 345);
INSERT INTO village (id, name, panchayat_id) VALUES (8764, 'Sanjamala', 345);
INSERT INTO village (id, name, panchayat_id) VALUES (8765, 'S Dattapuram', 345);
INSERT INTO village (id, name, panchayat_id) VALUES (8766, 'Vasanthapuram', 345);
INSERT INTO mandal (id, name, constituency_id) VALUES (346, 'Sirvel', 15);
INSERT INTO panchayat (id, name, mandal_id) VALUES (346, 'Default Panchayat Sirvel', 346);
INSERT INTO village (id, name, panchayat_id) VALUES (8767, 'Boyalakuntla', 346);
INSERT INTO village (id, name, panchayat_id) VALUES (8768, 'Chennur', 346);
INSERT INTO village (id, name, panchayat_id) VALUES (8769, 'Gangavaram', 346);
INSERT INTO village (id, name, panchayat_id) VALUES (8770, 'Govindpalle', 346);
INSERT INTO village (id, name, panchayat_id) VALUES (8771, 'Gumparamandinne', 346);
INSERT INTO village (id, name, panchayat_id) VALUES (8772, 'Jeenepalle', 346);
INSERT INTO village (id, name, panchayat_id) VALUES (8773, 'Kaminenipalle', 346);
INSERT INTO village (id, name, panchayat_id) VALUES (8774, 'Kotapadu', 346);
INSERT INTO village (id, name, panchayat_id) VALUES (8775, 'Mahadevapuram', 346);
INSERT INTO village (id, name, panchayat_id) VALUES (8776, 'Sirvel', 346);
INSERT INTO village (id, name, panchayat_id) VALUES (8777, 'Vanikemdinne', 346);
INSERT INTO village (id, name, panchayat_id) VALUES (8778, 'Yerragundla', 346);
INSERT INTO mandal (id, name, constituency_id) VALUES (347, 'Srisailam', 15);
INSERT INTO panchayat (id, name, mandal_id) VALUES (347, 'Default Panchayat Srisailam', 347);
INSERT INTO village (id, name, panchayat_id) VALUES (8779, 'Srisailam', 347);
INSERT INTO mandal (id, name, constituency_id) VALUES (348, 'Uyyalawada', 15);
INSERT INTO panchayat (id, name, mandal_id) VALUES (348, 'Default Panchayat Uyyalawada', 348);
INSERT INTO village (id, name, panchayat_id) VALUES (8780, 'Allur', 348);
INSERT INTO village (id, name, panchayat_id) VALUES (8781, 'Bodemmanur', 348);
INSERT INTO village (id, name, panchayat_id) VALUES (8782, 'Govindapalle', 348);
INSERT INTO village (id, name, panchayat_id) VALUES (8783, 'Harivaram', 348);
INSERT INTO village (id, name, panchayat_id) VALUES (8784, 'Injedu', 348);
INSERT INTO village (id, name, panchayat_id) VALUES (8785, 'Kakarawada', 348);
INSERT INTO village (id, name, panchayat_id) VALUES (8786, 'Kondupalle', 348);
INSERT INTO village (id, name, panchayat_id) VALUES (8787, 'Mayalur', 348);
INSERT INTO village (id, name, panchayat_id) VALUES (8788, 'Narsepalle', 348);
INSERT INTO village (id, name, panchayat_id) VALUES (8789, 'Padigepad', 348);
INSERT INTO village (id, name, panchayat_id) VALUES (8790, 'Pedda Emmanur', 348);
INSERT INTO village (id, name, panchayat_id) VALUES (8791, 'R Jambuladinne', 348);
INSERT INTO village (id, name, panchayat_id) VALUES (8792, 'R.Papampalle', 348);
INSERT INTO village (id, name, panchayat_id) VALUES (8793, 'Rupamagudi', 348);
INSERT INTO village (id, name, panchayat_id) VALUES (8794, 'Sarvaipalle', 348);
INSERT INTO village (id, name, panchayat_id) VALUES (8795, 'S.Kothapalle', 348);
INSERT INTO village (id, name, panchayat_id) VALUES (8796, 'Suddamalla', 348);
INSERT INTO village (id, name, panchayat_id) VALUES (8797, 'Thudumuladinne', 348);
INSERT INTO village (id, name, panchayat_id) VALUES (8798, 'Uyyalawada', 348);
INSERT INTO village (id, name, panchayat_id) VALUES (8799, 'Vengampalle', 348);
INSERT INTO mandal (id, name, constituency_id) VALUES (349, 'Velugodu', 15);
INSERT INTO panchayat (id, name, mandal_id) VALUES (349, 'Default Panchayat Velugodu', 349);
INSERT INTO village (id, name, panchayat_id) VALUES (8800, 'Abdullapuram', 349);
INSERT INTO village (id, name, panchayat_id) VALUES (8801, 'Boyarevula', 349);
INSERT INTO village (id, name, panchayat_id) VALUES (8802, 'Gunthakandala', 349);
INSERT INTO village (id, name, panchayat_id) VALUES (8803, 'Kunta', 349);
INSERT INTO village (id, name, panchayat_id) VALUES (8804, 'Mothukur', 349);
INSERT INTO village (id, name, panchayat_id) VALUES (8805, 'Regadigudur', 349);
INSERT INTO village (id, name, panchayat_id) VALUES (8806, 'Velgode', 349);
INSERT INTO village (id, name, panchayat_id) VALUES (8807, 'Velpanur', 349);
INSERT INTO district (id, name, state_id) VALUES (16, 'Ntr', 1);
INSERT INTO constituency (id, name, district_id, mla_name, mp_name) VALUES (16, 'Default Constituency Ntr', 16, 'Pending MLA', 'Pending MP');
INSERT INTO mandal (id, name, constituency_id) VALUES (350, 'Atlapragada Konduru', 16);
INSERT INTO panchayat (id, name, mandal_id) VALUES (350, 'Default Panchayat Atlapragada Konduru', 350);
INSERT INTO village (id, name, panchayat_id) VALUES (8808, 'A.Konduru', 350);
INSERT INTO village (id, name, panchayat_id) VALUES (8809, 'Atlapragada', 350);
INSERT INTO village (id, name, panchayat_id) VALUES (8810, 'Cheemalapadu', 350);
INSERT INTO village (id, name, panchayat_id) VALUES (8811, 'Gollamandala', 350);
INSERT INTO village (id, name, panchayat_id) VALUES (8812, 'Kambampadu', 350);
INSERT INTO village (id, name, panchayat_id) VALUES (8813, 'Koduru', 350);
INSERT INTO village (id, name, panchayat_id) VALUES (8814, 'Krishnaraopalem', 350);
INSERT INTO village (id, name, panchayat_id) VALUES (8815, 'Kummarakuntla', 350);
INSERT INTO village (id, name, panchayat_id) VALUES (8816, 'Madhavaram (East)', 350);
INSERT INTO village (id, name, panchayat_id) VALUES (8817, 'Madhavaram (West)', 350);
INSERT INTO village (id, name, panchayat_id) VALUES (8818, 'Marepalle', 350);
INSERT INTO village (id, name, panchayat_id) VALUES (8819, 'Polisettipadu', 350);
INSERT INTO village (id, name, panchayat_id) VALUES (8820, 'Repudi', 350);
INSERT INTO village (id, name, panchayat_id) VALUES (8821, 'Vallampatla', 350);
INSERT INTO mandal (id, name, constituency_id) VALUES (351, 'Chandarlapadu', 16);
INSERT INTO panchayat (id, name, mandal_id) VALUES (351, 'Default Panchayat Chandarlapadu', 351);
INSERT INTO village (id, name, panchayat_id) VALUES (8822, 'Bobbellapadu', 351);
INSERT INTO village (id, name, panchayat_id) VALUES (8823, 'Brahmabotlapalem', 351);
INSERT INTO village (id, name, panchayat_id) VALUES (8824, 'Chandarlapadu', 351);
INSERT INTO village (id, name, panchayat_id) VALUES (8825, 'Chintalapadu', 351);
INSERT INTO village (id, name, panchayat_id) VALUES (8826, 'Eturu', 351);
INSERT INTO village (id, name, panchayat_id) VALUES (8827, 'Gudimetla', 351);
INSERT INTO village (id, name, panchayat_id) VALUES (8828, 'Gudimetlapalem', 351);
INSERT INTO village (id, name, panchayat_id) VALUES (8829, 'Kasarabada', 351);
INSERT INTO village (id, name, panchayat_id) VALUES (8830, 'Katrenipalle', 351);
INSERT INTO village (id, name, panchayat_id) VALUES (8831, 'Kodavatikallu', 351);
INSERT INTO village (id, name, panchayat_id) VALUES (8832, 'Konayapalem', 351);
INSERT INTO village (id, name, panchayat_id) VALUES (8833, 'Medipalem', 351);
INSERT INTO village (id, name, panchayat_id) VALUES (8834, 'Munagala Palle', 351);
INSERT INTO village (id, name, panchayat_id) VALUES (8835, 'Muppalla', 351);
INSERT INTO village (id, name, panchayat_id) VALUES (8836, 'Patempadu', 351);
INSERT INTO village (id, name, panchayat_id) VALUES (8837, 'Pokkunuru', 351);
INSERT INTO village (id, name, panchayat_id) VALUES (8838, 'Popuru', 351);
INSERT INTO village (id, name, panchayat_id) VALUES (8839, 'Punnavalli', 351);
INSERT INTO village (id, name, panchayat_id) VALUES (8840, 'Thotaravulapadu', 351);
INSERT INTO village (id, name, panchayat_id) VALUES (8841, 'Thurlapadu', 351);
INSERT INTO village (id, name, panchayat_id) VALUES (8842, 'Ustepalle', 351);
INSERT INTO village (id, name, panchayat_id) VALUES (8843, 'Veladi', 351);
INSERT INTO village (id, name, panchayat_id) VALUES (8844, 'Vibhareetapadu', 351);
INSERT INTO mandal (id, name, constituency_id) VALUES (352, 'Gaddamanugu Konduru', 16);
INSERT INTO panchayat (id, name, mandal_id) VALUES (352, 'Default Panchayat Gaddamanugu Konduru', 352);
INSERT INTO village (id, name, panchayat_id) VALUES (8845, 'Atukuru', 352);
INSERT INTO village (id, name, panchayat_id) VALUES (8846, 'Bhimavarappadu', 352);
INSERT INTO village (id, name, panchayat_id) VALUES (8847, 'Chegireddipadu', 352);
INSERT INTO village (id, name, panchayat_id) VALUES (8848, 'Cheruvu Madhavaram', 352);
INSERT INTO village (id, name, panchayat_id) VALUES (8849, 'Chevuturu', 352);
INSERT INTO village (id, name, panchayat_id) VALUES (8850, 'Duggiralapadu', 352);
INSERT INTO village (id, name, panchayat_id) VALUES (8851, 'Gaddamanugu', 352);
INSERT INTO village (id, name, panchayat_id) VALUES (8852, 'Ganginenipalem', 352);
INSERT INTO village (id, name, panchayat_id) VALUES (8853, 'Gurrajupalem', 352);
INSERT INTO village (id, name, panchayat_id) VALUES (8854, 'Haveli Mutyalampadu', 352);
INSERT INTO village (id, name, panchayat_id) VALUES (8855, 'Kadimpothavaram', 352);
INSERT INTO village (id, name, panchayat_id) VALUES (8856, 'Kandulapadu', 352);
INSERT INTO village (id, name, panchayat_id) VALUES (8857, 'Kavuluru', 352);
INSERT INTO village (id, name, panchayat_id) VALUES (8858, 'Koduru', 352);
INSERT INTO village (id, name, panchayat_id) VALUES (8859, 'Konduru', 352);
INSERT INTO village (id, name, panchayat_id) VALUES (8860, 'Kuntamukkala', 352);
INSERT INTO village (id, name, panchayat_id) VALUES (8861, 'Loya', 352);
INSERT INTO village (id, name, panchayat_id) VALUES (8862, 'Munagapadu', 352);
INSERT INTO village (id, name, panchayat_id) VALUES (8863, 'Nandigama', 352);
INSERT INTO village (id, name, panchayat_id) VALUES (8864, 'Narasayagudem', 352);
INSERT INTO village (id, name, panchayat_id) VALUES (8865, 'Petrampadu', 352);
INSERT INTO village (id, name, panchayat_id) VALUES (8866, 'Pinapaka', 352);
INSERT INTO village (id, name, panchayat_id) VALUES (8867, 'Sunnampadu', 352);
INSERT INTO village (id, name, panchayat_id) VALUES (8868, 'Telladevarapadu', 352);
INSERT INTO village (id, name, panchayat_id) VALUES (8869, 'Velagaleru', 352);
INSERT INTO village (id, name, panchayat_id) VALUES (8870, 'Vellaturu', 352);
INSERT INTO village (id, name, panchayat_id) VALUES (8871, 'Venkatapuram', 352);
INSERT INTO mandal (id, name, constituency_id) VALUES (353, 'Gampalagudem', 16);
INSERT INTO panchayat (id, name, mandal_id) VALUES (353, 'Default Panchayat Gampalagudem', 353);
INSERT INTO village (id, name, panchayat_id) VALUES (8872, 'Anumollanka', 353);
INSERT INTO village (id, name, panchayat_id) VALUES (8873, 'Arlapadu', 353);
INSERT INTO village (id, name, panchayat_id) VALUES (8874, 'Chennavaram', 353);
INSERT INTO village (id, name, panchayat_id) VALUES (8875, 'Dundiralapadu', 353);
INSERT INTO village (id, name, panchayat_id) VALUES (8876, 'Gampalagudem', 353);
INSERT INTO village (id, name, panchayat_id) VALUES (8877, 'Gosaveedu', 353);
INSERT INTO village (id, name, panchayat_id) VALUES (8878, 'Gullapudi', 353);
INSERT INTO village (id, name, panchayat_id) VALUES (8879, 'Kanumuru', 353);
INSERT INTO village (id, name, panchayat_id) VALUES (8880, 'Konijerla', 353);
INSERT INTO village (id, name, panchayat_id) VALUES (8881, 'Kothapalle', 353);
INSERT INTO village (id, name, panchayat_id) VALUES (8882, 'Lingala', 353);
INSERT INTO village (id, name, panchayat_id) VALUES (8883, 'Meduru', 353);
INSERT INTO village (id, name, panchayat_id) VALUES (8884, 'Narikampadu', 353);
INSERT INTO village (id, name, panchayat_id) VALUES (8885, 'Nemali', 353);
INSERT INTO village (id, name, panchayat_id) VALUES (8886, 'Peda Komira', 353);
INSERT INTO village (id, name, panchayat_id) VALUES (8887, 'Penugolanu', 353);
INSERT INTO village (id, name, panchayat_id) VALUES (8888, 'Rajavaram', 353);
INSERT INTO village (id, name, panchayat_id) VALUES (8889, 'Tunikipadu', 353);
INSERT INTO village (id, name, panchayat_id) VALUES (8890, 'Ummadidevarapalle', 353);
INSERT INTO village (id, name, panchayat_id) VALUES (8891, 'Utukuru', 353);
INSERT INTO village (id, name, panchayat_id) VALUES (8892, 'Vinagadapa', 353);
INSERT INTO mandal (id, name, constituency_id) VALUES (354, 'Ibrahimpatnam', 16);
INSERT INTO panchayat (id, name, mandal_id) VALUES (354, 'Default Panchayat Ibrahimpatnam', 354);
INSERT INTO village (id, name, panchayat_id) VALUES (8893, 'Chilukuru', 354);
INSERT INTO village (id, name, panchayat_id) VALUES (8894, 'Damuluru', 354);
INSERT INTO village (id, name, panchayat_id) VALUES (8895, 'Elaprolu', 354);
INSERT INTO village (id, name, panchayat_id) VALUES (8896, 'Gudurupadu', 354);
INSERT INTO village (id, name, panchayat_id) VALUES (8897, 'Guntupalle (Ct)', 354);
INSERT INTO village (id, name, panchayat_id) VALUES (8898, 'Ibrahimpatnam (Ct)', 354);
INSERT INTO village (id, name, panchayat_id) VALUES (8899, 'Jupudi', 354);
INSERT INTO village (id, name, panchayat_id) VALUES (8900, 'Kachavaram', 354);
INSERT INTO village (id, name, panchayat_id) VALUES (8901, 'Kethanakonda', 354);
INSERT INTO village (id, name, panchayat_id) VALUES (8902, 'Kondapalle (Ct)', 354);
INSERT INTO village (id, name, panchayat_id) VALUES (8903, 'Kotikalapudi', 354);
INSERT INTO village (id, name, panchayat_id) VALUES (8904, 'Malkapuram', 354);
INSERT INTO village (id, name, panchayat_id) VALUES (8905, 'Mulapadu', 354);
INSERT INTO village (id, name, panchayat_id) VALUES (8906, 'N.Pothavaram', 354);
INSERT INTO village (id, name, panchayat_id) VALUES (8907, 'Trilochanapuram', 354);
INSERT INTO village (id, name, panchayat_id) VALUES (8908, 'Tummalapalem', 354);
INSERT INTO village (id, name, panchayat_id) VALUES (8909, 'Zami Machavaram', 354);
INSERT INTO village (id, name, panchayat_id) VALUES (8910, 'Zami Navi Pothavaram', 354);
INSERT INTO mandal (id, name, constituency_id) VALUES (355, 'Jaggaiahpeta', 16);
INSERT INTO panchayat (id, name, mandal_id) VALUES (355, 'Default Panchayat Jaggaiahpeta', 355);
INSERT INTO village (id, name, panchayat_id) VALUES (8911, 'Annavaram', 355);
INSERT INTO village (id, name, panchayat_id) VALUES (8912, 'Anumanchipalle', 355);
INSERT INTO village (id, name, panchayat_id) VALUES (8913, 'Balusupadu', 355);
INSERT INTO village (id, name, panchayat_id) VALUES (8914, 'Bandipalem', 355);
INSERT INTO village (id, name, panchayat_id) VALUES (8915, 'Buchavaram', 355);
INSERT INTO village (id, name, panchayat_id) VALUES (8916, 'Budawada', 355);
INSERT INTO village (id, name, panchayat_id) VALUES (8917, 'Chillakallu', 355);
INSERT INTO village (id, name, panchayat_id) VALUES (8918, 'Gandrai', 355);
INSERT INTO village (id, name, panchayat_id) VALUES (8919, 'Garikapadu', 355);
INSERT INTO village (id, name, panchayat_id) VALUES (8920, 'Gowravaram', 355);
INSERT INTO village (id, name, panchayat_id) VALUES (8921, 'Jaggayyapeta Urban', 355);
INSERT INTO village (id, name, panchayat_id) VALUES (8922, 'Jayanthipuram', 355);
INSERT INTO village (id, name, panchayat_id) VALUES (8923, 'Kowthavari Agraharam', 355);
INSERT INTO village (id, name, panchayat_id) VALUES (8924, 'Malkapuram', 355);
INSERT INTO village (id, name, panchayat_id) VALUES (8925, 'Mukteswarapuram', 355);
INSERT INTO village (id, name, panchayat_id) VALUES (8926, 'Pochampalle', 355);
INSERT INTO village (id, name, panchayat_id) VALUES (8927, 'Ramachandrunipeta', 355);
INSERT INTO village (id, name, panchayat_id) VALUES (8928, 'Ravikampadu', 355);
INSERT INTO village (id, name, panchayat_id) VALUES (8929, 'Ravirala', 355);
INSERT INTO village (id, name, panchayat_id) VALUES (8930, 'Shermohammedpet', 355);
INSERT INTO village (id, name, panchayat_id) VALUES (8931, 'Takkellapadu', 355);
INSERT INTO village (id, name, panchayat_id) VALUES (8932, 'Tirumalagiri', 355);
INSERT INTO village (id, name, panchayat_id) VALUES (8933, 'Torraguntapalem', 355);
INSERT INTO village (id, name, panchayat_id) VALUES (8934, 'Tripuravaram', 355);
INSERT INTO village (id, name, panchayat_id) VALUES (8935, 'Vedadri', 355);
INSERT INTO mandal (id, name, constituency_id) VALUES (356, 'Kanchikacherla', 16);
INSERT INTO panchayat (id, name, mandal_id) VALUES (356, 'Default Panchayat Kanchikacherla', 356);
INSERT INTO village (id, name, panchayat_id) VALUES (8936, 'Bathinapadu', 356);
INSERT INTO village (id, name, panchayat_id) VALUES (8937, 'Chevitikallu', 356);
INSERT INTO village (id, name, panchayat_id) VALUES (8938, 'Gandepalle', 356);
INSERT INTO village (id, name, panchayat_id) VALUES (8939, 'Ganiatukuru', 356);
INSERT INTO village (id, name, panchayat_id) VALUES (8940, 'Gottumukkala', 356);
INSERT INTO village (id, name, panchayat_id) VALUES (8941, 'Kanchikacherla', 356);
INSERT INTO village (id, name, panchayat_id) VALUES (8942, 'Keesara', 356);
INSERT INTO village (id, name, panchayat_id) VALUES (8943, 'Kunikinapadu', 356);
INSERT INTO village (id, name, panchayat_id) VALUES (8944, 'Moguluru', 356);
INSERT INTO village (id, name, panchayat_id) VALUES (8945, 'Munnaluru', 356);
INSERT INTO village (id, name, panchayat_id) VALUES (8946, 'Paritala', 356);
INSERT INTO village (id, name, panchayat_id) VALUES (8947, 'Pendyala', 356);
INSERT INTO village (id, name, panchayat_id) VALUES (8948, 'Perakalapadu', 356);
INSERT INTO village (id, name, panchayat_id) VALUES (8949, 'Saidapuram', 356);
INSERT INTO village (id, name, panchayat_id) VALUES (8950, 'Seri Amaravaram', 356);
INSERT INTO village (id, name, panchayat_id) VALUES (8951, 'Vemulapalle', 356);
INSERT INTO mandal (id, name, constituency_id) VALUES (357, 'Mylavaram', 16);
INSERT INTO panchayat (id, name, mandal_id) VALUES (357, 'Default Panchayat Mylavaram', 357);
INSERT INTO village (id, name, panchayat_id) VALUES (8952, 'Chandragudem', 357);
INSERT INTO village (id, name, panchayat_id) VALUES (8953, 'Chandrala', 357);
INSERT INTO village (id, name, panchayat_id) VALUES (8954, 'Dasullapalem', 357);
INSERT INTO village (id, name, panchayat_id) VALUES (8955, 'Ganapavaram', 357);
INSERT INTO village (id, name, panchayat_id) VALUES (8956, 'Jangalapalle', 357);
INSERT INTO village (id, name, panchayat_id) VALUES (8957, 'Kanimerla', 357);
INSERT INTO village (id, name, panchayat_id) VALUES (8958, 'Keerthirayanigudem', 357);
INSERT INTO village (id, name, panchayat_id) VALUES (8959, 'Morusumilli', 357);
INSERT INTO village (id, name, panchayat_id) VALUES (8960, 'Mulakalapanta', 357);
INSERT INTO village (id, name, panchayat_id) VALUES (8961, 'Mylavaram', 357);
INSERT INTO village (id, name, panchayat_id) VALUES (8962, 'Parvathapuram', 357);
INSERT INTO village (id, name, panchayat_id) VALUES (8963, 'Pondugula', 357);
INSERT INTO village (id, name, panchayat_id) VALUES (8964, 'Pulluru', 357);
INSERT INTO village (id, name, panchayat_id) VALUES (8965, 'Sabjapadu', 357);
INSERT INTO village (id, name, panchayat_id) VALUES (8966, 'T.Gannavaram', 357);
INSERT INTO village (id, name, panchayat_id) VALUES (8967, 'Tholukodu', 357);
INSERT INTO village (id, name, panchayat_id) VALUES (8968, 'Vedurubeedem', 357);
INSERT INTO village (id, name, panchayat_id) VALUES (8969, 'Velvadam', 357);
INSERT INTO mandal (id, name, constituency_id) VALUES (358, 'Nandigama', 16);
INSERT INTO panchayat (id, name, mandal_id) VALUES (358, 'Default Panchayat Nandigama', 358);
INSERT INTO village (id, name, panchayat_id) VALUES (8970, 'Adiviravulapadu', 358);
INSERT INTO village (id, name, panchayat_id) VALUES (8971, 'Ambarupeta', 358);
INSERT INTO village (id, name, panchayat_id) VALUES (8972, 'Chandapuram', 358);
INSERT INTO village (id, name, panchayat_id) VALUES (8973, 'Damuluru', 358);
INSERT INTO village (id, name, panchayat_id) VALUES (8974, 'Gollamudi', 358);
INSERT INTO village (id, name, panchayat_id) VALUES (8975, 'Ithavaram', 358);
INSERT INTO village (id, name, panchayat_id) VALUES (8976, 'Jonnalagadda', 358);
INSERT INTO village (id, name, panchayat_id) VALUES (8977, 'Kanchela', 358);
INSERT INTO village (id, name, panchayat_id) VALUES (8978, 'Kethaveeruni Padu', 358);
INSERT INTO village (id, name, panchayat_id) VALUES (8979, 'Konathamatmakuru', 358);
INSERT INTO village (id, name, panchayat_id) VALUES (8980, 'Konduru', 358);
INSERT INTO village (id, name, panchayat_id) VALUES (8981, 'Kurugantivari Khandrika', 358);
INSERT INTO village (id, name, panchayat_id) VALUES (8982, 'Latchapalem', 358);
INSERT INTO village (id, name, panchayat_id) VALUES (8983, 'Lingalapadu', 358);
INSERT INTO village (id, name, panchayat_id) VALUES (8984, 'Magallu', 358);
INSERT INTO village (id, name, panchayat_id) VALUES (8985, 'Munagacherla', 358);
INSERT INTO village (id, name, panchayat_id) VALUES (8986, 'Nandigama', 358);
INSERT INTO village (id, name, panchayat_id) VALUES (8987, 'Pallagiri', 358);
INSERT INTO village (id, name, panchayat_id) VALUES (8988, 'Pedavaram', 358);
INSERT INTO village (id, name, panchayat_id) VALUES (8989, 'Raghavapuram', 358);
INSERT INTO village (id, name, panchayat_id) VALUES (8990, 'Ramireddipalle', 358);
INSERT INTO village (id, name, panchayat_id) VALUES (8991, 'Rudravaram', 358);
INSERT INTO village (id, name, panchayat_id) VALUES (8992, 'Satyavaram', 358);
INSERT INTO village (id, name, panchayat_id) VALUES (8993, 'Somavaram', 358);
INSERT INTO village (id, name, panchayat_id) VALUES (8994, 'Thakkellapadu', 358);
INSERT INTO village (id, name, panchayat_id) VALUES (8995, 'Torragudipadu', 358);
INSERT INTO mandal (id, name, constituency_id) VALUES (359, 'Penuganchiprolu', 16);
INSERT INTO panchayat (id, name, mandal_id) VALUES (359, 'Default Panchayat Penuganchiprolu', 359);
INSERT INTO village (id, name, panchayat_id) VALUES (8996, 'Anigandlapadu', 359);
INSERT INTO village (id, name, panchayat_id) VALUES (8997, 'Gummadidurru', 359);
INSERT INTO village (id, name, panchayat_id) VALUES (8998, 'Kollikulla', 359);
INSERT INTO village (id, name, panchayat_id) VALUES (8999, 'Konakanchi', 359);
INSERT INTO village (id, name, panchayat_id) VALUES (9000, 'Lingagudem', 359);
INSERT INTO village (id, name, panchayat_id) VALUES (9001, 'Muchintala @ Bodapadu', 359);
INSERT INTO village (id, name, panchayat_id) VALUES (9002, 'Mundlapadu', 359);
INSERT INTO village (id, name, panchayat_id) VALUES (9003, 'Nawabpeta', 359);
INSERT INTO village (id, name, panchayat_id) VALUES (9004, 'Penuganchiprolu', 359);
INSERT INTO village (id, name, panchayat_id) VALUES (9005, 'Sanagapadu', 359);
INSERT INTO village (id, name, panchayat_id) VALUES (9006, 'Subbayagudem', 359);
INSERT INTO village (id, name, panchayat_id) VALUES (9007, 'Thotacherla', 359);
INSERT INTO village (id, name, panchayat_id) VALUES (9008, 'Venkatapuram', 359);
INSERT INTO mandal (id, name, constituency_id) VALUES (360, 'Reddigudem', 16);
INSERT INTO panchayat (id, name, mandal_id) VALUES (360, 'Default Panchayat Reddigudem', 360);
INSERT INTO village (id, name, panchayat_id) VALUES (9009, 'Anneraopeta', 360);
INSERT INTO village (id, name, panchayat_id) VALUES (9010, 'Kudapa', 360);
INSERT INTO village (id, name, panchayat_id) VALUES (9011, 'Kunaparajuparva', 360);
INSERT INTO village (id, name, panchayat_id) VALUES (9012, 'Maddulaparva', 360);
INSERT INTO village (id, name, panchayat_id) VALUES (9013, 'Mutchinapalle', 360);
INSERT INTO village (id, name, panchayat_id) VALUES (9014, 'Naguluru', 360);
INSERT INTO village (id, name, panchayat_id) VALUES (9015, 'Narukullapadu', 360);
INSERT INTO village (id, name, panchayat_id) VALUES (9016, 'Patha Naguluru', 360);
INSERT INTO village (id, name, panchayat_id) VALUES (9017, 'Rangapuram', 360);
INSERT INTO village (id, name, panchayat_id) VALUES (9018, 'Reddigudem', 360);
INSERT INTO village (id, name, panchayat_id) VALUES (9019, 'Rudravaram', 360);
INSERT INTO mandal (id, name, constituency_id) VALUES (361, 'Tiruvuru', 16);
INSERT INTO panchayat (id, name, mandal_id) VALUES (361, 'Default Panchayat Tiruvuru', 361);
INSERT INTO village (id, name, panchayat_id) VALUES (9020, 'Akkapalem', 361);
INSERT INTO village (id, name, panchayat_id) VALUES (9021, 'Anjaneyapuram', 361);
INSERT INTO village (id, name, panchayat_id) VALUES (9022, 'Chintalapadu', 361);
INSERT INTO village (id, name, panchayat_id) VALUES (9023, 'Chittela', 361);
INSERT INTO village (id, name, panchayat_id) VALUES (9024, 'Erramadu', 361);
INSERT INTO village (id, name, panchayat_id) VALUES (9025, 'Ganugapadu', 361);
INSERT INTO village (id, name, panchayat_id) VALUES (9026, 'Kakarla', 361);
INSERT INTO village (id, name, panchayat_id) VALUES (9027, 'Kokilampadu', 361);
INSERT INTO village (id, name, panchayat_id) VALUES (9028, 'Laxmipuram', 361);
INSERT INTO village (id, name, panchayat_id) VALUES (9029, 'Mallela', 361);
INSERT INTO village (id, name, panchayat_id) VALUES (9030, 'Munukulla', 361);
INSERT INTO village (id, name, panchayat_id) VALUES (9031, 'Mustikuntla', 361);
INSERT INTO village (id, name, panchayat_id) VALUES (9032, 'Nadim Tiruvuru (Ct)', 361);
INSERT INTO village (id, name, panchayat_id) VALUES (9033, 'Patha Tiruvuru', 361);
INSERT INTO village (id, name, panchayat_id) VALUES (9034, 'Peddavaram', 361);
INSERT INTO village (id, name, panchayat_id) VALUES (9035, 'Rajupeta', 361);
INSERT INTO village (id, name, panchayat_id) VALUES (9036, 'Ramannapalem', 361);
INSERT INTO village (id, name, panchayat_id) VALUES (9037, 'Rolupadi', 361);
INSERT INTO village (id, name, panchayat_id) VALUES (9038, 'Vamakuntla', 361);
INSERT INTO village (id, name, panchayat_id) VALUES (9039, 'Vavilala', 361);
INSERT INTO mandal (id, name, constituency_id) VALUES (362, 'Vatsavai', 16);
INSERT INTO panchayat (id, name, mandal_id) VALUES (362, 'Default Panchayat Vatsavai', 362);
INSERT INTO village (id, name, panchayat_id) VALUES (9040, 'Allurupadu', 362);
INSERT INTO village (id, name, panchayat_id) VALUES (9041, 'Bhimavaram', 362);
INSERT INTO village (id, name, panchayat_id) VALUES (9042, 'China Modugapalle', 362);
INSERT INTO village (id, name, panchayat_id) VALUES (9043, 'Chittela', 362);
INSERT INTO village (id, name, panchayat_id) VALUES (9044, 'Dabbakupalle', 362);
INSERT INTO village (id, name, panchayat_id) VALUES (9045, 'Dechupalem', 362);
INSERT INTO village (id, name, panchayat_id) VALUES (9046, 'Gangavalli', 362);
INSERT INTO village (id, name, panchayat_id) VALUES (9047, 'Gopinenipalem', 362);
INSERT INTO village (id, name, panchayat_id) VALUES (9048, 'Hasanabada', 362);
INSERT INTO village (id, name, panchayat_id) VALUES (9049, 'Indugapalle', 362);
INSERT INTO village (id, name, panchayat_id) VALUES (9050, 'Kakaravai', 362);
INSERT INTO village (id, name, panchayat_id) VALUES (9051, 'Kambampadu', 362);
INSERT INTO village (id, name, panchayat_id) VALUES (9052, 'Kanneveedu', 362);
INSERT INTO village (id, name, panchayat_id) VALUES (9053, 'Lingala', 362);
INSERT INTO village (id, name, panchayat_id) VALUES (9054, 'Machinenipalem', 362);
INSERT INTO village (id, name, panchayat_id) VALUES (9055, 'Makkapeta', 362);
INSERT INTO village (id, name, panchayat_id) VALUES (9056, 'Mangollu', 362);
INSERT INTO village (id, name, panchayat_id) VALUES (9057, 'Peda Modugapalle', 362);
INSERT INTO village (id, name, panchayat_id) VALUES (9058, 'Pochavaram', 362);
INSERT INTO village (id, name, panchayat_id) VALUES (9059, 'Polampalle', 362);
INSERT INTO village (id, name, panchayat_id) VALUES (9060, 'Rebbavaram', 362);
INSERT INTO village (id, name, panchayat_id) VALUES (9061, 'Talluru', 362);
INSERT INTO village (id, name, panchayat_id) VALUES (9062, 'Vatsavai', 362);
INSERT INTO village (id, name, panchayat_id) VALUES (9063, 'Veerabhadrunipalem', 362);
INSERT INTO village (id, name, panchayat_id) VALUES (9064, 'Vemavaram', 362);
INSERT INTO village (id, name, panchayat_id) VALUES (9065, 'Vemulanarva', 362);
INSERT INTO mandal (id, name, constituency_id) VALUES (363, 'Veerullapadu', 16);
INSERT INTO panchayat (id, name, mandal_id) VALUES (363, 'Default Panchayat Veerullapadu', 363);
INSERT INTO village (id, name, panchayat_id) VALUES (9066, 'Alluru', 363);
INSERT INTO village (id, name, panchayat_id) VALUES (9067, 'Bodavada', 363);
INSERT INTO village (id, name, panchayat_id) VALUES (9068, 'Chattannavaram', 363);
INSERT INTO village (id, name, panchayat_id) VALUES (9069, 'Chavatapalle', 363);
INSERT INTO village (id, name, panchayat_id) VALUES (9070, 'Chennaraopalem', 363);
INSERT INTO village (id, name, panchayat_id) VALUES (9071, 'Dachavaram', 363);
INSERT INTO village (id, name, panchayat_id) VALUES (9072, 'Dodda Devarapadu', 363);
INSERT INTO village (id, name, panchayat_id) VALUES (9073, 'Gokarajupalle', 363);
INSERT INTO village (id, name, panchayat_id) VALUES (9074, 'Gudem Madhavaram', 363);
INSERT INTO village (id, name, panchayat_id) VALUES (9075, 'Jagannadhapuram', 363);
INSERT INTO village (id, name, panchayat_id) VALUES (9076, 'Jammavaram', 363);
INSERT INTO village (id, name, panchayat_id) VALUES (9077, 'Jayanthi', 363);
INSERT INTO village (id, name, panchayat_id) VALUES (9078, 'Jujjuru', 363);
INSERT INTO village (id, name, panchayat_id) VALUES (9079, 'Konatalapalle', 363);
INSERT INTO village (id, name, panchayat_id) VALUES (9080, 'Laxmipuram', 363);
INSERT INTO village (id, name, panchayat_id) VALUES (9081, 'Nandaluru', 363);
INSERT INTO village (id, name, panchayat_id) VALUES (9082, 'Narasimharaopalem', 363);
INSERT INTO village (id, name, panchayat_id) VALUES (9083, 'Pallampalle', 363);
INSERT INTO village (id, name, panchayat_id) VALUES (9084, 'Peddapuram', 363);
INSERT INTO village (id, name, panchayat_id) VALUES (9085, 'Ponnavaram', 363);
INSERT INTO village (id, name, panchayat_id) VALUES (9086, 'Ramapuram', 363);
INSERT INTO village (id, name, panchayat_id) VALUES (9087, 'Tatigummi', 363);
INSERT INTO village (id, name, panchayat_id) VALUES (9088, 'Thimmapuram', 363);
INSERT INTO village (id, name, panchayat_id) VALUES (9089, 'Vairidhari Annavaram', 363);
INSERT INTO village (id, name, panchayat_id) VALUES (9090, 'Veerullapadu', 363);
INSERT INTO village (id, name, panchayat_id) VALUES (9091, 'Vellanki', 363);
INSERT INTO mandal (id, name, constituency_id) VALUES (364, 'Vijayawada Central', 16);
INSERT INTO panchayat (id, name, mandal_id) VALUES (364, 'Default Panchayat Vijayawada Central', 364);
INSERT INTO village (id, name, panchayat_id) VALUES (9092, 'Vijayawada Town', 364);
INSERT INTO mandal (id, name, constituency_id) VALUES (365, 'Vijayawada East', 16);
INSERT INTO panchayat (id, name, mandal_id) VALUES (365, 'Default Panchayat Vijayawada East', 365);
INSERT INTO village (id, name, panchayat_id) VALUES (9093, 'Gunadala (Part)', 365);
INSERT INTO village (id, name, panchayat_id) VALUES (9094, 'Mogalrajapuram', 365);
INSERT INTO village (id, name, panchayat_id) VALUES (9095, 'Patamata', 365);
INSERT INTO village (id, name, panchayat_id) VALUES (9096, 'Vijayawada Town Portion (Part)', 365);
INSERT INTO mandal (id, name, constituency_id) VALUES (366, 'Vijayawada North', 16);
INSERT INTO panchayat (id, name, mandal_id) VALUES (366, 'Default Panchayat Vijayawada North', 366);
INSERT INTO village (id, name, panchayat_id) VALUES (9097, 'Gunadala', 366);
INSERT INTO village (id, name, panchayat_id) VALUES (9098, 'Machavaram Palem', 366);
INSERT INTO village (id, name, panchayat_id) VALUES (9099, 'Mutyalampadu', 366);
INSERT INTO village (id, name, panchayat_id) VALUES (9100, 'Payakapuram', 366);
INSERT INTO village (id, name, panchayat_id) VALUES (9101, 'Vijayawada Rural', 366);
INSERT INTO mandal (id, name, constituency_id) VALUES (367, 'Vijayawada (Rural)', 16);
INSERT INTO panchayat (id, name, mandal_id) VALUES (367, 'Default Panchayat Vijayawada (Rural)', 367);
INSERT INTO village (id, name, panchayat_id) VALUES (9102, 'Ambapuram (Og)', 367);
INSERT INTO village (id, name, panchayat_id) VALUES (9103, 'Done Atkuru (Og)', 367);
INSERT INTO village (id, name, panchayat_id) VALUES (9104, 'Enikepadu (Og)', 367);
INSERT INTO village (id, name, panchayat_id) VALUES (9105, 'Gollapudi (Og)', 367);
INSERT INTO village (id, name, panchayat_id) VALUES (9106, 'Gudavalli', 367);
INSERT INTO village (id, name, panchayat_id) VALUES (9107, 'Jakkampudi (Og)', 367);
INSERT INTO village (id, name, panchayat_id) VALUES (9108, 'Kotturu', 367);
INSERT INTO village (id, name, panchayat_id) VALUES (9109, 'Kundha Vari Kandrika', 367);
INSERT INTO village (id, name, panchayat_id) VALUES (9110, 'Nidamanuru (Og)', 367);
INSERT INTO village (id, name, panchayat_id) VALUES (9111, 'Nunna (Og)', 367);
INSERT INTO village (id, name, panchayat_id) VALUES (9112, 'Paidurupadu', 367);
INSERT INTO village (id, name, panchayat_id) VALUES (9113, 'Pathapadu (Og)', 367);
INSERT INTO village (id, name, panchayat_id) VALUES (9114, 'Phiryadi Nainavaram (Og)', 367);
INSERT INTO village (id, name, panchayat_id) VALUES (9115, 'Prasadampadu (Ct)', 367);
INSERT INTO village (id, name, panchayat_id) VALUES (9116, 'Ramavarappadu (Ct)', 367);
INSERT INTO village (id, name, panchayat_id) VALUES (9117, 'Rayanapadu', 367);
INSERT INTO village (id, name, panchayat_id) VALUES (9118, 'Shabada', 367);
INSERT INTO village (id, name, panchayat_id) VALUES (9119, 'Tadepalle', 367);
INSERT INTO village (id, name, panchayat_id) VALUES (9120, 'Vemavaram', 367);
INSERT INTO mandal (id, name, constituency_id) VALUES (368, 'Vijayawada West', 16);
INSERT INTO panchayat (id, name, mandal_id) VALUES (368, 'Default Panchayat Vijayawada West', 368);
INSERT INTO village (id, name, panchayat_id) VALUES (9121, 'Bhavanipuram', 368);
INSERT INTO village (id, name, panchayat_id) VALUES (9122, 'Vidhyadaharapuram', 368);
INSERT INTO village (id, name, panchayat_id) VALUES (9123, 'Vijayawada Town Portion (Part)', 368);
INSERT INTO village (id, name, panchayat_id) VALUES (9124, 'Vijayawada Village Portion (Part)', 368);
INSERT INTO mandal (id, name, constituency_id) VALUES (369, 'Vissannapeta', 16);
INSERT INTO panchayat (id, name, mandal_id) VALUES (369, 'Default Panchayat Vissannapeta', 369);
INSERT INTO village (id, name, panchayat_id) VALUES (9125, 'Chandrupatla', 369);
INSERT INTO village (id, name, panchayat_id) VALUES (9126, 'Kalagara', 369);
INSERT INTO village (id, name, panchayat_id) VALUES (9127, 'Kondaparva', 369);
INSERT INTO village (id, name, panchayat_id) VALUES (9128, 'Korlamanda', 369);
INSERT INTO village (id, name, panchayat_id) VALUES (9129, 'Narasapuram', 369);
INSERT INTO village (id, name, panchayat_id) VALUES (9130, 'Putrela', 369);
INSERT INTO village (id, name, panchayat_id) VALUES (9131, 'Tata Kuntla', 369);
INSERT INTO village (id, name, panchayat_id) VALUES (9132, 'Tella Devarapalle', 369);
INSERT INTO village (id, name, panchayat_id) VALUES (9133, 'Vemireddipalle', 369);
INSERT INTO village (id, name, panchayat_id) VALUES (9134, 'Vissannapet', 369);
INSERT INTO district (id, name, state_id) VALUES (17, 'Palnadu', 1);
INSERT INTO constituency (id, name, district_id, mla_name, mp_name) VALUES (17, 'Default Constituency Palnadu', 17, 'Pending MLA', 'Pending MP');
INSERT INTO mandal (id, name, constituency_id) VALUES (370, 'Amaravathi', 17);
INSERT INTO panchayat (id, name, mandal_id) VALUES (370, 'Default Panchayat Amaravathi', 370);
INSERT INTO village (id, name, panchayat_id) VALUES (9135, 'Amaravathi', 370);
INSERT INTO village (id, name, panchayat_id) VALUES (9136, 'Attalur', 370);
INSERT INTO village (id, name, panchayat_id) VALUES (9137, 'Dharanikota', 370);
INSERT INTO village (id, name, panchayat_id) VALUES (9138, 'Didugu', 370);
INSERT INTO village (id, name, panchayat_id) VALUES (9139, 'Endroyi', 370);
INSERT INTO village (id, name, panchayat_id) VALUES (9140, 'Jupudi', 370);
INSERT INTO village (id, name, panchayat_id) VALUES (9141, 'Karlapudi', 370);
INSERT INTO village (id, name, panchayat_id) VALUES (9142, 'Lingapuram', 370);
INSERT INTO village (id, name, panchayat_id) VALUES (9143, 'Malladi', 370);
INSERT INTO village (id, name, panchayat_id) VALUES (9144, 'Munugodu', 370);
INSERT INTO village (id, name, panchayat_id) VALUES (9145, 'Narukullapadu', 370);
INSERT INTO village (id, name, panchayat_id) VALUES (9146, 'Nemalikallu', 370);
INSERT INTO village (id, name, panchayat_id) VALUES (9147, 'Pedda Madduru', 370);
INSERT INTO village (id, name, panchayat_id) VALUES (9148, 'Pondugala', 370);
INSERT INTO village (id, name, panchayat_id) VALUES (9149, 'Puttipadu', 370);
INSERT INTO village (id, name, panchayat_id) VALUES (9150, 'Unguturu', 370);
INSERT INTO village (id, name, panchayat_id) VALUES (9151, 'Vykuntapuram', 370);
INSERT INTO mandal (id, name, constituency_id) VALUES (371, 'Atchampet', 17);
INSERT INTO panchayat (id, name, mandal_id) VALUES (371, 'Default Panchayat Atchampet', 371);
INSERT INTO village (id, name, panchayat_id) VALUES (9152, 'Ambadipudi', 371);
INSERT INTO village (id, name, panchayat_id) VALUES (9153, 'Challagariga', 371);
INSERT INTO village (id, name, panchayat_id) VALUES (9154, 'Chamarru', 371);
INSERT INTO village (id, name, panchayat_id) VALUES (9155, 'Chigurupadu', 371);
INSERT INTO village (id, name, panchayat_id) VALUES (9156, 'Chintapalle', 371);
INSERT INTO village (id, name, panchayat_id) VALUES (9157, 'Ginjupalle', 371);
INSERT INTO village (id, name, panchayat_id) VALUES (9158, 'Kastala Agraharam', 371);
INSERT INTO village (id, name, panchayat_id) VALUES (9159, 'Kogantivaripalem', 371);
INSERT INTO village (id, name, panchayat_id) VALUES (9160, 'Konduru', 371);
INSERT INTO village (id, name, panchayat_id) VALUES (9161, 'Konuru', 371);
INSERT INTO village (id, name, panchayat_id) VALUES (9162, 'Madipadu Agraharam', 371);
INSERT INTO village (id, name, panchayat_id) VALUES (9163, 'Madipadu Seri', 371);
INSERT INTO village (id, name, panchayat_id) VALUES (9164, 'Mittapalem', 371);
INSERT INTO village (id, name, panchayat_id) VALUES (9165, 'Orvakallu', 371);
INSERT INTO village (id, name, panchayat_id) VALUES (9166, 'Pedapalem', 371);
INSERT INTO village (id, name, panchayat_id) VALUES (9167, 'Taduvoy', 371);
INSERT INTO village (id, name, panchayat_id) VALUES (9168, 'Tallacheruvu', 371);
INSERT INTO village (id, name, panchayat_id) VALUES (9169, 'Velpuru', 371);
INSERT INTO mandal (id, name, constituency_id) VALUES (372, 'Bellamkonda', 17);
INSERT INTO panchayat (id, name, mandal_id) VALUES (372, 'Default Panchayat Bellamkonda', 372);
INSERT INTO village (id, name, panchayat_id) VALUES (9170, 'Bellamkonda', 372);
INSERT INTO village (id, name, panchayat_id) VALUES (9171, 'Bodanam', 372);
INSERT INTO village (id, name, panchayat_id) VALUES (9172, 'Chandrajupalem', 372);
INSERT INTO village (id, name, panchayat_id) VALUES (9173, 'Chityala', 372);
INSERT INTO village (id, name, panchayat_id) VALUES (9174, 'Emmajigudem', 372);
INSERT INTO village (id, name, panchayat_id) VALUES (9175, 'Kethavaram', 372);
INSERT INTO village (id, name, panchayat_id) VALUES (9176, 'Kolluru', 372);
INSERT INTO village (id, name, panchayat_id) VALUES (9177, 'Machayapalem', 372);
INSERT INTO village (id, name, panchayat_id) VALUES (9178, 'Mannesultanpalem', 372);
INSERT INTO village (id, name, panchayat_id) VALUES (9179, 'Papayapalem', 372);
INSERT INTO village (id, name, panchayat_id) VALUES (9180, 'Pulichinta', 372);
INSERT INTO village (id, name, panchayat_id) VALUES (9181, 'Vannayapalem', 372);
INSERT INTO village (id, name, panchayat_id) VALUES (9182, 'Venkatayapalem', 372);
INSERT INTO mandal (id, name, constituency_id) VALUES (373, 'Bollapalli', 17);
INSERT INTO panchayat (id, name, mandal_id) VALUES (373, 'Default Panchayat Bollapalli', 373);
INSERT INTO village (id, name, panchayat_id) VALUES (9183, 'Ayyannapalem', 373);
INSERT INTO village (id, name, panchayat_id) VALUES (9184, 'Bollapalle', 373);
INSERT INTO village (id, name, panchayat_id) VALUES (9185, 'Gandiganumala', 373);
INSERT INTO village (id, name, panchayat_id) VALUES (9186, 'Garikapadu', 373);
INSERT INTO village (id, name, panchayat_id) VALUES (9187, 'Gummanampadu', 373);
INSERT INTO village (id, name, panchayat_id) VALUES (9188, 'Gutlapalle', 373);
INSERT INTO village (id, name, panchayat_id) VALUES (9189, 'Kanumalacheruvu', 373);
INSERT INTO village (id, name, panchayat_id) VALUES (9190, 'Mellavagu', 373);
INSERT INTO village (id, name, panchayat_id) VALUES (9191, 'Perurupadu', 373);
INSERT INTO village (id, name, panchayat_id) VALUES (9192, 'Ravulapuram', 373);
INSERT INTO village (id, name, panchayat_id) VALUES (9193, 'Remidicherla', 373);
INSERT INTO village (id, name, panchayat_id) VALUES (9194, 'Sarikondapalem', 373);
INSERT INTO village (id, name, panchayat_id) VALUES (9195, 'Vaddemgunta', 373);
INSERT INTO village (id, name, panchayat_id) VALUES (9196, 'Vellatur', 373);
INSERT INTO mandal (id, name, constituency_id) VALUES (374, 'Chilakaluripet H/O.Purushotha Patnam', 17);
INSERT INTO panchayat (id, name, mandal_id) VALUES (374, 'Default Panchayat Chilakaluripet H/O.Purushotha Patnam', 374);
INSERT INTO village (id, name, panchayat_id) VALUES (9197, 'Boppudi', 374);
INSERT INTO village (id, name, panchayat_id) VALUES (9198, 'Chinna Pasumarru', 374);
INSERT INTO village (id, name, panchayat_id) VALUES (9199, 'Edavalli', 374);
INSERT INTO village (id, name, panchayat_id) VALUES (9200, 'Gottipadu', 374);
INSERT INTO village (id, name, panchayat_id) VALUES (9201, 'Govindapuram', 374);
INSERT INTO village (id, name, panchayat_id) VALUES (9202, 'Kanthetivari Khandrika', 374);
INSERT INTO village (id, name, panchayat_id) VALUES (9203, 'Kavuru', 374);
INSERT INTO village (id, name, panchayat_id) VALUES (9204, 'Kukkapallevaripalem', 374);
INSERT INTO village (id, name, panchayat_id) VALUES (9205, 'Manukondavaripalem', 374);
INSERT INTO village (id, name, panchayat_id) VALUES (9206, 'Murikipudi', 374);
INSERT INTO village (id, name, panchayat_id) VALUES (9207, 'Pasumarru (R)', 374);
INSERT INTO village (id, name, panchayat_id) VALUES (9208, 'Pothavaram', 374);
INSERT INTO village (id, name, panchayat_id) VALUES (9209, 'Purushothapatnam', 374);
INSERT INTO village (id, name, panchayat_id) VALUES (9210, 'Rajapeta', 374);
INSERT INTO village (id, name, panchayat_id) VALUES (9211, 'Thatapudi', 374);
INSERT INTO village (id, name, panchayat_id) VALUES (9212, 'Veluru', 374);
INSERT INTO mandal (id, name, constituency_id) VALUES (375, 'Dachepalli', 17);
INSERT INTO panchayat (id, name, mandal_id) VALUES (375, 'Default Panchayat Dachepalli', 375);
INSERT INTO village (id, name, panchayat_id) VALUES (9213, 'Alugumallipadu', 375);
INSERT INTO village (id, name, panchayat_id) VALUES (9214, 'Bhatrupalem', 375);
INSERT INTO village (id, name, panchayat_id) VALUES (9215, 'Dachepalle', 375);
INSERT INTO village (id, name, panchayat_id) VALUES (9216, 'Gamalapadu', 375);
INSERT INTO village (id, name, panchayat_id) VALUES (9217, 'Kesanapalle', 375);
INSERT INTO village (id, name, panchayat_id) VALUES (9218, 'Madinapadu', 375);
INSERT INTO village (id, name, panchayat_id) VALUES (9219, 'Mutyalampadu', 375);
INSERT INTO village (id, name, panchayat_id) VALUES (9220, 'Nadikudi', 375);
INSERT INTO village (id, name, panchayat_id) VALUES (9221, 'Pedagarlapadu', 375);
INSERT INTO village (id, name, panchayat_id) VALUES (9222, 'Pondugula', 375);
INSERT INTO village (id, name, panchayat_id) VALUES (9223, 'Ramapuram', 375);
INSERT INTO village (id, name, panchayat_id) VALUES (9224, 'Tangeda', 375);
INSERT INTO mandal (id, name, constituency_id) VALUES (376, 'Durgi', 17);
INSERT INTO panchayat (id, name, mandal_id) VALUES (376, 'Default Panchayat Durgi', 376);
INSERT INTO village (id, name, panchayat_id) VALUES (9225, 'Adigoppula', 376);
INSERT INTO village (id, name, panchayat_id) VALUES (9226, 'Atmakur', 376);
INSERT INTO village (id, name, panchayat_id) VALUES (9227, 'Darivemula', 376);
INSERT INTO village (id, name, panchayat_id) VALUES (9228, 'Dharmavaram', 376);
INSERT INTO village (id, name, panchayat_id) VALUES (9229, 'Durgi', 376);
INSERT INTO village (id, name, panchayat_id) VALUES (9230, 'Kolagutla', 376);
INSERT INTO village (id, name, panchayat_id) VALUES (9231, 'Mutukuru', 376);
INSERT INTO village (id, name, panchayat_id) VALUES (9232, 'Nidanampadu', 376);
INSERT INTO village (id, name, panchayat_id) VALUES (9233, 'Obulesunipalle', 376);
INSERT INTO village (id, name, panchayat_id) VALUES (9234, 'Polepalle', 376);
INSERT INTO mandal (id, name, constituency_id) VALUES (377, 'Edlapadu', 17);
INSERT INTO panchayat (id, name, mandal_id) VALUES (377, 'Default Panchayat Edlapadu', 377);
INSERT INTO village (id, name, panchayat_id) VALUES (9235, 'Edlapadu', 377);
INSERT INTO village (id, name, panchayat_id) VALUES (9236, 'Jaladi', 377);
INSERT INTO village (id, name, panchayat_id) VALUES (9237, 'Karuchola', 377);
INSERT INTO village (id, name, panchayat_id) VALUES (9238, 'Kondaveedu', 377);
INSERT INTO village (id, name, panchayat_id) VALUES (9239, 'Marripalem', 377);
INSERT INTO village (id, name, panchayat_id) VALUES (9240, 'Mydavolu', 377);
INSERT INTO village (id, name, panchayat_id) VALUES (9241, 'Sandepudi', 377);
INSERT INTO village (id, name, panchayat_id) VALUES (9242, 'Solasa', 377);
INSERT INTO village (id, name, panchayat_id) VALUES (9243, 'Thimmapuram', 377);
INSERT INTO village (id, name, panchayat_id) VALUES (9244, 'Thurlapadu', 377);
INSERT INTO village (id, name, panchayat_id) VALUES (9245, 'Unnava', 377);
INSERT INTO village (id, name, panchayat_id) VALUES (9246, 'Vankayalapadu', 377);
INSERT INTO village (id, name, panchayat_id) VALUES (9247, 'Viswanadhuni Khandrika', 377);
INSERT INTO mandal (id, name, constituency_id) VALUES (378, 'Gurajala', 17);
INSERT INTO panchayat (id, name, mandal_id) VALUES (378, 'Default Panchayat Gurajala', 378);
INSERT INTO village (id, name, panchayat_id) VALUES (9248, 'Cherlagudi Padu', 378);
INSERT INTO village (id, name, panchayat_id) VALUES (9249, 'Daida', 378);
INSERT INTO village (id, name, panchayat_id) VALUES (9250, 'Gangavaram', 378);
INSERT INTO village (id, name, panchayat_id) VALUES (9251, 'Gogulapadu', 378);
INSERT INTO village (id, name, panchayat_id) VALUES (9252, 'Gottimukkala', 378);
INSERT INTO village (id, name, panchayat_id) VALUES (9253, 'Gurazala', 378);
INSERT INTO village (id, name, panchayat_id) VALUES (9254, 'Madugula', 378);
INSERT INTO village (id, name, panchayat_id) VALUES (9255, 'Pallegunta', 378);
INSERT INTO village (id, name, panchayat_id) VALUES (9256, 'Pulipadu', 378);
INSERT INTO village (id, name, panchayat_id) VALUES (9257, 'Telukutla', 378);
INSERT INTO mandal (id, name, constituency_id) VALUES (379, 'Ipuru', 17);
INSERT INTO panchayat (id, name, mandal_id) VALUES (379, 'Default Panchayat Ipuru', 379);
INSERT INTO village (id, name, panchayat_id) VALUES (9258, 'Agnigundala', 379);
INSERT INTO village (id, name, panchayat_id) VALUES (9259, 'Angalur', 379);
INSERT INTO village (id, name, panchayat_id) VALUES (9260, 'Bommarajupalle', 379);
INSERT INTO village (id, name, panchayat_id) VALUES (9261, 'Chittapuram', 379);
INSERT INTO village (id, name, panchayat_id) VALUES (9262, 'Dasullapalle', 379);
INSERT INTO village (id, name, panchayat_id) VALUES (9263, 'Gundepalle', 379);
INSERT INTO village (id, name, panchayat_id) VALUES (9264, 'Inumella', 379);
INSERT INTO village (id, name, panchayat_id) VALUES (9265, 'Ipur', 379);
INSERT INTO village (id, name, panchayat_id) VALUES (9266, 'Kondayapalem', 379);
INSERT INTO village (id, name, panchayat_id) VALUES (9267, 'Kondramutla', 379);
INSERT INTO village (id, name, panchayat_id) VALUES (9268, 'Kotcherla', 379);
INSERT INTO village (id, name, panchayat_id) VALUES (9269, 'Muppalla', 379);
INSERT INTO village (id, name, panchayat_id) VALUES (9270, 'Vanikunta', 379);
INSERT INTO mandal (id, name, constituency_id) VALUES (380, 'Karempudi', 17);
INSERT INTO panchayat (id, name, mandal_id) VALUES (380, 'Default Panchayat Karempudi', 380);
INSERT INTO village (id, name, panchayat_id) VALUES (9271, 'Chinagarlapadu', 380);
INSERT INTO village (id, name, panchayat_id) VALUES (9272, 'China Kodamagundla', 380);
INSERT INTO village (id, name, panchayat_id) VALUES (9273, 'Chintapalle', 380);
INSERT INTO village (id, name, panchayat_id) VALUES (9274, 'Karempudi', 380);
INSERT INTO village (id, name, panchayat_id) VALUES (9275, 'Miriyala', 380);
INSERT INTO village (id, name, panchayat_id) VALUES (9276, 'Narmalapadu', 380);
INSERT INTO village (id, name, panchayat_id) VALUES (9277, 'Peda Kodamagundla', 380);
INSERT INTO village (id, name, panchayat_id) VALUES (9278, 'Petasannigandla', 380);
INSERT INTO village (id, name, panchayat_id) VALUES (9279, 'Sankarapuram Siddhayi', 380);
INSERT INTO village (id, name, panchayat_id) VALUES (9280, 'Singarutla', 380);
INSERT INTO village (id, name, panchayat_id) VALUES (9281, 'Veeralakshmi Puram', 380);
INSERT INTO village (id, name, panchayat_id) VALUES (9282, 'Voppicherla', 380);
INSERT INTO mandal (id, name, constituency_id) VALUES (381, 'Krosuru', 17);
INSERT INTO panchayat (id, name, mandal_id) VALUES (381, 'Default Panchayat Krosuru', 381);
INSERT INTO village (id, name, panchayat_id) VALUES (9283, 'Ananthavaram', 381);
INSERT INTO village (id, name, panchayat_id) VALUES (9284, 'Andukuru', 381);
INSERT INTO village (id, name, panchayat_id) VALUES (9285, 'Balemarru', 381);
INSERT INTO village (id, name, panchayat_id) VALUES (9286, 'Bayyavaram', 381);
INSERT INTO village (id, name, panchayat_id) VALUES (9287, 'Dodleru', 381);
INSERT INTO village (id, name, panchayat_id) VALUES (9288, 'Garikapadu', 381);
INSERT INTO village (id, name, panchayat_id) VALUES (9289, 'Gudipadu', 381);
INSERT INTO village (id, name, panchayat_id) VALUES (9290, 'Hassanbada', 381);
INSERT INTO village (id, name, panchayat_id) VALUES (9291, 'Krosuru', 381);
INSERT INTO village (id, name, panchayat_id) VALUES (9292, 'Parupalle', 381);
INSERT INTO village (id, name, panchayat_id) VALUES (9293, 'Peesapadu', 381);
INSERT INTO village (id, name, panchayat_id) VALUES (9294, 'Thalluru', 381);
INSERT INTO village (id, name, panchayat_id) VALUES (9295, 'Vipparla', 381);
INSERT INTO village (id, name, panchayat_id) VALUES (9296, 'Vutukuru', 381);
INSERT INTO village (id, name, panchayat_id) VALUES (9297, 'Vuyyandana', 381);
INSERT INTO mandal (id, name, constituency_id) VALUES (382, 'Machavaram', 17);
INSERT INTO panchayat (id, name, mandal_id) VALUES (382, 'Default Panchayat Machavaram', 382);
INSERT INTO village (id, name, panchayat_id) VALUES (9298, 'Akurajupalle', 382);
INSERT INTO village (id, name, panchayat_id) VALUES (9299, 'Chennayapalem', 382);
INSERT INTO village (id, name, panchayat_id) VALUES (9300, 'Machavaram', 382);
INSERT INTO village (id, name, panchayat_id) VALUES (9301, 'Mallavolu', 382);
INSERT INTO village (id, name, panchayat_id) VALUES (9302, 'Pillutla', 382);
INSERT INTO village (id, name, panchayat_id) VALUES (9303, 'Pinnelli', 382);
INSERT INTO village (id, name, panchayat_id) VALUES (9304, 'Srirukminipuram', 382);
INSERT INTO village (id, name, panchayat_id) VALUES (9305, 'Tadutla', 382);
INSERT INTO village (id, name, panchayat_id) VALUES (9306, 'Vemavaram', 382);
INSERT INTO mandal (id, name, constituency_id) VALUES (383, 'Macherla', 17);
INSERT INTO panchayat (id, name, mandal_id) VALUES (383, 'Default Panchayat Macherla', 383);
INSERT INTO village (id, name, panchayat_id) VALUES (9307, 'Amani Jammala Madaka', 383);
INSERT INTO village (id, name, panchayat_id) VALUES (9308, 'Kambhampadu', 383);
INSERT INTO village (id, name, panchayat_id) VALUES (9309, 'Koppunur', 383);
INSERT INTO village (id, name, panchayat_id) VALUES (9310, 'Kothapalle', 383);
INSERT INTO village (id, name, panchayat_id) VALUES (9311, 'Macherla (R)', 383);
INSERT INTO village (id, name, panchayat_id) VALUES (9312, 'Mutyalampadu', 383);
INSERT INTO village (id, name, panchayat_id) VALUES (9313, 'Nagulavaram', 383);
INSERT INTO village (id, name, panchayat_id) VALUES (9314, 'Pasuvemula', 383);
INSERT INTO village (id, name, panchayat_id) VALUES (9315, 'Rayavaram', 383);
INSERT INTO village (id, name, panchayat_id) VALUES (9316, 'Thallapalle', 383);
INSERT INTO mandal (id, name, constituency_id) VALUES (384, 'Muppalla', 17);
INSERT INTO panchayat (id, name, mandal_id) VALUES (384, 'Default Panchayat Muppalla', 384);
INSERT INTO village (id, name, panchayat_id) VALUES (9317, 'Bollavaram', 384);
INSERT INTO village (id, name, panchayat_id) VALUES (9318, 'Dammalapadu', 384);
INSERT INTO village (id, name, panchayat_id) VALUES (9319, 'Dechavarappadu', 384);
INSERT INTO village (id, name, panchayat_id) VALUES (9320, 'Gollapadu', 384);
INSERT INTO village (id, name, panchayat_id) VALUES (9321, 'Lankelakurapadu', 384);
INSERT INTO village (id, name, panchayat_id) VALUES (9322, 'Madala', 384);
INSERT INTO village (id, name, panchayat_id) VALUES (9323, 'Muppalla', 384);
INSERT INTO village (id, name, panchayat_id) VALUES (9324, 'Narnepadu', 384);
INSERT INTO village (id, name, panchayat_id) VALUES (9325, 'Palidevarlapadu', 384);
INSERT INTO village (id, name, panchayat_id) VALUES (9326, 'Thondapi', 384);
INSERT INTO mandal (id, name, constituency_id) VALUES (385, 'Nadendla', 17);
INSERT INTO panchayat (id, name, mandal_id) VALUES (385, 'Default Panchayat Nadendla', 385);
INSERT INTO village (id, name, panchayat_id) VALUES (9327, 'Chandavaram', 385);
INSERT INTO village (id, name, panchayat_id) VALUES (9328, 'Chirumamilla', 385);
INSERT INTO village (id, name, panchayat_id) VALUES (9329, 'Ganapavaram', 385);
INSERT INTO village (id, name, panchayat_id) VALUES (9330, 'Gorijavolu', 385);
INSERT INTO village (id, name, panchayat_id) VALUES (9331, 'Irlapadu', 385);
INSERT INTO village (id, name, panchayat_id) VALUES (9332, 'Kanuparru', 385);
INSERT INTO village (id, name, panchayat_id) VALUES (9333, 'Nadendla', 385);
INSERT INTO village (id, name, panchayat_id) VALUES (9334, 'Nuzellapalli Agraharam', 385);
INSERT INTO village (id, name, panchayat_id) VALUES (9335, 'Sankurathripadu', 385);
INSERT INTO village (id, name, panchayat_id) VALUES (9336, 'Satuluru', 385);
INSERT INTO village (id, name, panchayat_id) VALUES (9337, 'Tubadu', 385);
INSERT INTO mandal (id, name, constituency_id) VALUES (386, 'Narasaraopet', 17);
INSERT INTO panchayat (id, name, mandal_id) VALUES (386, 'Default Panchayat Narasaraopet', 386);
INSERT INTO village (id, name, panchayat_id) VALUES (9338, 'Dondapadu Agraharam', 386);
INSERT INTO village (id, name, panchayat_id) VALUES (9339, 'Ellamanda', 386);
INSERT INTO village (id, name, panchayat_id) VALUES (9340, 'Guntagarlapadu', 386);
INSERT INTO village (id, name, panchayat_id) VALUES (9341, 'Ikkurru', 386);
INSERT INTO village (id, name, panchayat_id) VALUES (9342, 'Jonnalagadda', 386);
INSERT INTO village (id, name, panchayat_id) VALUES (9343, 'Kakani', 386);
INSERT INTO village (id, name, panchayat_id) VALUES (9344, 'Kesanapalle', 386);
INSERT INTO village (id, name, panchayat_id) VALUES (9345, 'Kondakavuru', 386);
INSERT INTO village (id, name, panchayat_id) VALUES (9346, 'Lingamguntla Agraharam (Part)', 386);
INSERT INTO village (id, name, panchayat_id) VALUES (9347, 'Mulakalur', 386);
INSERT INTO village (id, name, panchayat_id) VALUES (9348, 'Narasaraopeta (R) (Part)', 386);
INSERT INTO village (id, name, panchayat_id) VALUES (9349, 'Palapadu', 386);
INSERT INTO village (id, name, panchayat_id) VALUES (9350, 'Pamidipadu Agraharam', 386);
INSERT INTO village (id, name, panchayat_id) VALUES (9351, 'Petlurivaripalem', 386);
INSERT INTO village (id, name, panchayat_id) VALUES (9352, 'Pothavarappadu', 386);
INSERT INTO village (id, name, panchayat_id) VALUES (9353, 'Ravipadu', 386);
INSERT INTO village (id, name, panchayat_id) VALUES (9354, 'Uppalapadu', 386);
INSERT INTO mandal (id, name, constituency_id) VALUES (387, 'Nekarikallu', 17);
INSERT INTO panchayat (id, name, mandal_id) VALUES (387, 'Default Panchayat Nekarikallu', 387);
INSERT INTO village (id, name, panchayat_id) VALUES (9355, 'Chagallu', 387);
INSERT INTO village (id, name, panchayat_id) VALUES (9356, 'Challagundla', 387);
INSERT INTO village (id, name, panchayat_id) VALUES (9357, 'Cheemalamarri', 387);
INSERT INTO village (id, name, panchayat_id) VALUES (9358, 'Chejerla', 387);
INSERT INTO village (id, name, panchayat_id) VALUES (9359, 'Gundlapalle', 387);
INSERT INTO village (id, name, panchayat_id) VALUES (9360, 'Kunkalagunta', 387);
INSERT INTO village (id, name, panchayat_id) VALUES (9361, 'Narasingapadu', 387);
INSERT INTO village (id, name, panchayat_id) VALUES (9362, 'Nekarikallu', 387);
INSERT INTO village (id, name, panchayat_id) VALUES (9363, 'Rupenaguntla', 387);
INSERT INTO village (id, name, panchayat_id) VALUES (9364, 'Tripurapuram', 387);
INSERT INTO mandal (id, name, constituency_id) VALUES (388, 'Nuzendla', 17);
INSERT INTO panchayat (id, name, mandal_id) VALUES (388, 'Default Panchayat Nuzendla', 388);
INSERT INTO village (id, name, panchayat_id) VALUES (9365, 'Chintala Cheruvu', 388);
INSERT INTO village (id, name, panchayat_id) VALUES (9366, 'Inavolu', 388);
INSERT INTO village (id, name, panchayat_id) VALUES (9367, 'Khambhampadu', 388);
INSERT INTO village (id, name, panchayat_id) VALUES (9368, 'Kondraprolu', 388);
INSERT INTO village (id, name, panchayat_id) VALUES (9369, 'Mukkellapadu', 388);
INSERT INTO village (id, name, panchayat_id) VALUES (9370, 'Mulakalur', 388);
INSERT INTO village (id, name, panchayat_id) VALUES (9371, 'Murthuzapuram', 388);
INSERT INTO village (id, name, panchayat_id) VALUES (9372, 'Nuzendla', 388);
INSERT INTO village (id, name, panchayat_id) VALUES (9373, 'Pamidipadu', 388);
INSERT INTO village (id, name, panchayat_id) VALUES (9374, 'Peddavaram', 388);
INSERT INTO village (id, name, panchayat_id) VALUES (9375, 'Putchanuthala', 388);
INSERT INTO village (id, name, panchayat_id) VALUES (9376, 'Puvvada', 388);
INSERT INTO village (id, name, panchayat_id) VALUES (9377, 'Talarlapalle', 388);
INSERT INTO village (id, name, panchayat_id) VALUES (9378, 'T.Annavaram', 388);
INSERT INTO village (id, name, panchayat_id) VALUES (9379, 'Tellabadu', 388);
INSERT INTO village (id, name, panchayat_id) VALUES (9380, 'Thangirala', 388);
INSERT INTO village (id, name, panchayat_id) VALUES (9381, 'Thimmapuram', 388);
INSERT INTO village (id, name, panchayat_id) VALUES (9382, 'Tripurapuram', 388);
INSERT INTO village (id, name, panchayat_id) VALUES (9383, 'Uppalapadu', 388);
INSERT INTO village (id, name, panchayat_id) VALUES (9384, 'V.Appapuram', 388);
INSERT INTO mandal (id, name, constituency_id) VALUES (389, 'Pedakurapadu', 17);
INSERT INTO panchayat (id, name, mandal_id) VALUES (389, 'Default Panchayat Pedakurapadu', 389);
INSERT INTO village (id, name, panchayat_id) VALUES (9385, '75-Tyallur', 389);
INSERT INTO village (id, name, panchayat_id) VALUES (9386, 'Balusupadu', 389);
INSERT INTO village (id, name, panchayat_id) VALUES (9387, 'Chinamakkena', 389);
INSERT INTO village (id, name, panchayat_id) VALUES (9388, 'Garapadu', 389);
INSERT INTO village (id, name, panchayat_id) VALUES (9389, 'Hussainnagaram', 389);
INSERT INTO village (id, name, panchayat_id) VALUES (9390, 'Jalalpuram', 389);
INSERT INTO village (id, name, panchayat_id) VALUES (9391, 'Kambhampadu', 389);
INSERT INTO village (id, name, panchayat_id) VALUES (9392, 'Kasipadu', 389);
INSERT INTO village (id, name, panchayat_id) VALUES (9393, 'Lagadapadu', 389);
INSERT INTO village (id, name, panchayat_id) VALUES (9394, 'Lingamguntla', 389);
INSERT INTO village (id, name, panchayat_id) VALUES (9395, 'Mussapuram', 389);
INSERT INTO village (id, name, panchayat_id) VALUES (9396, 'Patibandla', 389);
INSERT INTO village (id, name, panchayat_id) VALUES (9397, 'Pedakurapadu', 389);
INSERT INTO village (id, name, panchayat_id) VALUES (9398, 'Ramapuram', 389);
INSERT INTO mandal (id, name, constituency_id) VALUES (390, 'Piduguralla', 17);
INSERT INTO panchayat (id, name, mandal_id) VALUES (390, 'Default Panchayat Piduguralla', 390);
INSERT INTO village (id, name, panchayat_id) VALUES (9399, 'China Agraharam', 390);
INSERT INTO village (id, name, panchayat_id) VALUES (9400, 'Guttikonda', 390);
INSERT INTO village (id, name, panchayat_id) VALUES (9401, 'Janapadu', 390);
INSERT INTO village (id, name, panchayat_id) VALUES (9402, 'Julakallu', 390);
INSERT INTO village (id, name, panchayat_id) VALUES (9403, 'Kamepalle', 390);
INSERT INTO village (id, name, panchayat_id) VALUES (9404, 'Karalapadu', 390);
INSERT INTO village (id, name, panchayat_id) VALUES (9405, 'Konanki', 390);
INSERT INTO village (id, name, panchayat_id) VALUES (9406, 'Peda Agraharam', 390);
INSERT INTO village (id, name, panchayat_id) VALUES (9407, 'Piduguralla', 390);
INSERT INTO village (id, name, panchayat_id) VALUES (9408, 'Thummalacheruvu', 390);
INSERT INTO mandal (id, name, constituency_id) VALUES (391, 'Rajupalem', 17);
INSERT INTO panchayat (id, name, mandal_id) VALUES (391, 'Default Panchayat Rajupalem', 391);
INSERT INTO village (id, name, panchayat_id) VALUES (9409, 'Balijepalle', 391);
INSERT INTO village (id, name, panchayat_id) VALUES (9410, 'Chowtapapayapalem', 391);
INSERT INTO village (id, name, panchayat_id) VALUES (9411, 'Ganapavaram', 391);
INSERT INTO village (id, name, panchayat_id) VALUES (9412, 'Kubadpuram', 391);
INSERT INTO village (id, name, panchayat_id) VALUES (9413, 'Nemalipuri', 391);
INSERT INTO village (id, name, panchayat_id) VALUES (9414, 'Rajupalem', 391);
INSERT INTO village (id, name, panchayat_id) VALUES (9415, 'Reddigudem', 391);
INSERT INTO village (id, name, panchayat_id) VALUES (9416, 'Uppalapadu', 391);
INSERT INTO mandal (id, name, constituency_id) VALUES (392, 'Rentachintala', 17);
INSERT INTO panchayat (id, name, mandal_id) VALUES (392, 'Default Panchayat Rentachintala', 392);
INSERT INTO village (id, name, panchayat_id) VALUES (9417, 'Damarapadu', 392);
INSERT INTO village (id, name, panchayat_id) VALUES (9418, 'Goli', 392);
INSERT INTO village (id, name, panchayat_id) VALUES (9419, 'Mallavaram', 392);
INSERT INTO village (id, name, panchayat_id) VALUES (9420, 'Manchikallu', 392);
INSERT INTO village (id, name, panchayat_id) VALUES (9421, 'Mittagudipadu', 392);
INSERT INTO village (id, name, panchayat_id) VALUES (9422, 'Paluvoi', 392);
INSERT INTO village (id, name, panchayat_id) VALUES (9423, 'Pasarlapadu', 392);
INSERT INTO village (id, name, panchayat_id) VALUES (9424, 'Rentachintala', 392);
INSERT INTO village (id, name, panchayat_id) VALUES (9425, 'Rentala', 392);
INSERT INTO village (id, name, panchayat_id) VALUES (9426, 'Tummurkota', 392);
INSERT INTO mandal (id, name, constituency_id) VALUES (393, 'Rompicharla', 17);
INSERT INTO panchayat (id, name, mandal_id) VALUES (393, 'Default Panchayat Rompicharla', 393);
INSERT INTO village (id, name, panchayat_id) VALUES (9427, 'Alavala', 393);
INSERT INTO village (id, name, panchayat_id) VALUES (9428, 'Annavaram', 393);
INSERT INTO village (id, name, panchayat_id) VALUES (9429, 'Annavarappadu', 393);
INSERT INTO village (id, name, panchayat_id) VALUES (9430, 'Arepalli Agraharam', 393);
INSERT INTO village (id, name, panchayat_id) VALUES (9431, 'Dasaripalem', 393);
INSERT INTO village (id, name, panchayat_id) VALUES (9432, 'Gogulapadu', 393);
INSERT INTO village (id, name, panchayat_id) VALUES (9433, 'Machavaram', 393);
INSERT INTO village (id, name, panchayat_id) VALUES (9434, 'Muthanapalli', 393);
INSERT INTO village (id, name, panchayat_id) VALUES (9435, 'Nallagarlapadu', 393);
INSERT INTO village (id, name, panchayat_id) VALUES (9436, 'Rompicherla', 393);
INSERT INTO village (id, name, panchayat_id) VALUES (9437, 'Santhagudipadu', 393);
INSERT INTO village (id, name, panchayat_id) VALUES (9438, 'Thurumella', 393);
INSERT INTO village (id, name, panchayat_id) VALUES (9439, 'Vipparla', 393);
INSERT INTO village (id, name, panchayat_id) VALUES (9440, 'Vipparlapalle Agraharam', 393);
INSERT INTO mandal (id, name, constituency_id) VALUES (394, 'Sattenapalli', 17);
INSERT INTO panchayat (id, name, mandal_id) VALUES (394, 'Default Panchayat Sattenapalli', 394);
INSERT INTO village (id, name, panchayat_id) VALUES (9441, 'Abburu', 394);
INSERT INTO village (id, name, panchayat_id) VALUES (9442, 'Bhatlur', 394);
INSERT INTO village (id, name, panchayat_id) VALUES (9443, 'Bhimavaram', 394);
INSERT INTO village (id, name, panchayat_id) VALUES (9444, 'Bhrugubanda', 394);
INSERT INTO village (id, name, panchayat_id) VALUES (9445, 'Dhulipalla', 394);
INSERT INTO village (id, name, panchayat_id) VALUES (9446, 'Gorantla', 394);
INSERT INTO village (id, name, panchayat_id) VALUES (9447, 'Gudipudi', 394);
INSERT INTO village (id, name, panchayat_id) VALUES (9448, 'Kankanalapalle', 394);
INSERT INTO village (id, name, panchayat_id) VALUES (9449, 'Kantepudi', 394);
INSERT INTO village (id, name, panchayat_id) VALUES (9450, 'Kattamuru', 394);
INSERT INTO village (id, name, panchayat_id) VALUES (9451, 'Komerapudi', 394);
INSERT INTO village (id, name, panchayat_id) VALUES (9452, 'Lakkarajugarlapadu', 394);
INSERT INTO village (id, name, panchayat_id) VALUES (9453, 'Nandigama', 394);
INSERT INTO village (id, name, panchayat_id) VALUES (9454, 'Pakalapadu', 394);
INSERT INTO village (id, name, panchayat_id) VALUES (9455, 'Panidem', 394);
INSERT INTO village (id, name, panchayat_id) VALUES (9456, 'Pedamakkena', 394);
INSERT INTO village (id, name, panchayat_id) VALUES (9457, 'Rentapalla', 394);
INSERT INTO village (id, name, panchayat_id) VALUES (9458, 'Sattenapalle Urban', 394);
INSERT INTO village (id, name, panchayat_id) VALUES (9459, 'Vaddavalli', 394);
INSERT INTO mandal (id, name, constituency_id) VALUES (395, 'Savalyapuram H/O Kanamarlapudi', 17);
INSERT INTO panchayat (id, name, mandal_id) VALUES (395, 'Default Panchayat Savalyapuram H/O Kanamarlapudi', 395);
INSERT INTO village (id, name, panchayat_id) VALUES (9460, 'Kanumarlapudi', 395);
INSERT INTO village (id, name, panchayat_id) VALUES (9461, 'Karumanchi', 395);
INSERT INTO village (id, name, panchayat_id) VALUES (9462, 'Kothalur', 395);
INSERT INTO village (id, name, panchayat_id) VALUES (9463, 'Pitchikalapalem', 395);
INSERT INTO village (id, name, panchayat_id) VALUES (9464, 'Potluru', 395);
INSERT INTO village (id, name, panchayat_id) VALUES (9465, 'Sanampudi', 395);
INSERT INTO village (id, name, panchayat_id) VALUES (9466, 'Velupuru', 395);
INSERT INTO village (id, name, panchayat_id) VALUES (9467, 'Gottipalla', 298);
INSERT INTO village (id, name, panchayat_id) VALUES (9468, 'Gundlapadu', 298);
INSERT INTO village (id, name, panchayat_id) VALUES (9469, 'Kandlakunta', 298);
INSERT INTO village (id, name, panchayat_id) VALUES (9470, 'Mandadi', 298);
INSERT INTO village (id, name, panchayat_id) VALUES (9471, 'Patlaveedu', 298);
INSERT INTO village (id, name, panchayat_id) VALUES (9472, 'Rachamallipadu', 298);
INSERT INTO village (id, name, panchayat_id) VALUES (9473, 'Srigiripadu', 298);
INSERT INTO village (id, name, panchayat_id) VALUES (9474, 'Uppalapadu', 298);
INSERT INTO mandal (id, name, constituency_id) VALUES (396, 'Vinukonda', 17);
INSERT INTO panchayat (id, name, mandal_id) VALUES (396, 'Default Panchayat Vinukonda', 396);
INSERT INTO village (id, name, panchayat_id) VALUES (9475, 'Andugulapadu', 396);
INSERT INTO village (id, name, panchayat_id) VALUES (9476, 'Brahmanapalle (Part)', 396);
INSERT INTO village (id, name, panchayat_id) VALUES (9477, 'Chowtapalem', 396);
INSERT INTO village (id, name, panchayat_id) VALUES (9478, 'Dondapadu', 396);
INSERT INTO village (id, name, panchayat_id) VALUES (9479, 'Enugupalem', 396);
INSERT INTO village (id, name, panchayat_id) VALUES (9480, 'Gokanakonda', 396);
INSERT INTO village (id, name, panchayat_id) VALUES (9481, 'Koppukonda', 396);
INSERT INTO village (id, name, panchayat_id) VALUES (9482, 'Madamanchipadu', 396);
INSERT INTO village (id, name, panchayat_id) VALUES (9483, 'Nagulavaram', 396);
INSERT INTO village (id, name, panchayat_id) VALUES (9484, 'Naragayapalem', 396);
INSERT INTO village (id, name, panchayat_id) VALUES (9485, 'Narasarayanipalem', 396);
INSERT INTO village (id, name, panchayat_id) VALUES (9486, 'Nayanipalem', 396);
INSERT INTO village (id, name, panchayat_id) VALUES (9487, 'Neelagangavaram', 396);
INSERT INTO village (id, name, panchayat_id) VALUES (9488, 'Pedakancherla', 396);
INSERT INTO village (id, name, panchayat_id) VALUES (9489, 'Perumallapalle', 396);
INSERT INTO village (id, name, panchayat_id) VALUES (9490, 'Settupalle', 396);
INSERT INTO village (id, name, panchayat_id) VALUES (9491, 'Sivapuram', 396);
INSERT INTO village (id, name, panchayat_id) VALUES (9492, 'Surepalle', 396);
INSERT INTO village (id, name, panchayat_id) VALUES (9493, 'Thimmayapalem', 396);
INSERT INTO village (id, name, panchayat_id) VALUES (9494, 'Ummadivaram', 396);
INSERT INTO village (id, name, panchayat_id) VALUES (9495, 'Venkupalem', 396);
INSERT INTO village (id, name, panchayat_id) VALUES (9496, 'Vinukonda R', 396);
INSERT INTO village (id, name, panchayat_id) VALUES (9497, 'Vittamrajupalle', 396);
INSERT INTO district (id, name, state_id) VALUES (18, 'Parvathipuram Manyam', 1);
INSERT INTO constituency (id, name, district_id, mla_name, mp_name) VALUES (18, 'Default Constituency Parvathipuram Manyam', 18, 'Pending MLA', 'Pending MP');
INSERT INTO mandal (id, name, constituency_id) VALUES (397, 'Balijipeta', 18);
INSERT INTO panchayat (id, name, mandal_id) VALUES (397, 'Default Panchayat Balijipeta', 397);
INSERT INTO village (id, name, panchayat_id) VALUES (9498, 'Ajjada', 397);
INSERT INTO village (id, name, panchayat_id) VALUES (9499, 'Ampavilli', 397);
INSERT INTO village (id, name, panchayat_id) VALUES (9500, 'Arasada', 397);
INSERT INTO village (id, name, panchayat_id) VALUES (9501, 'Badevalasa', 397);
INSERT INTO village (id, name, panchayat_id) VALUES (9502, 'Barli', 397);
INSERT INTO village (id, name, panchayat_id) VALUES (9503, 'Bhairipuram', 397);
INSERT INTO village (id, name, panchayat_id) VALUES (9504, 'Chakarapalle', 397);
INSERT INTO village (id, name, panchayat_id) VALUES (9505, 'Chellimpeta', 397);
INSERT INTO village (id, name, panchayat_id) VALUES (9506, 'Chilkalapalle', 397);
INSERT INTO village (id, name, panchayat_id) VALUES (9507, 'Galavilli', 397);
INSERT INTO village (id, name, panchayat_id) VALUES (9508, 'Gangada', 397);
INSERT INTO village (id, name, panchayat_id) VALUES (9509, 'Gowripuram', 397);
INSERT INTO village (id, name, panchayat_id) VALUES (9510, 'Gudivada Agraharam', 397);
INSERT INTO village (id, name, panchayat_id) VALUES (9511, 'Janardhanapuram', 397);
INSERT INTO village (id, name, panchayat_id) VALUES (9512, 'Kondapuram', 397);
INSERT INTO village (id, name, panchayat_id) VALUES (9513, 'Kurmanadhapuram', 397);
INSERT INTO village (id, name, panchayat_id) VALUES (9514, 'Mirthivalasa', 397);
INSERT INTO village (id, name, panchayat_id) VALUES (9515, 'Muragadam', 397);
INSERT INTO village (id, name, panchayat_id) VALUES (9516, 'Narampeta', 397);
INSERT INTO village (id, name, panchayat_id) VALUES (9517, 'Narannaiduvalasa', 397);
INSERT INTO village (id, name, panchayat_id) VALUES (9518, 'Narayanapuram', 397);
INSERT INTO village (id, name, panchayat_id) VALUES (9519, 'Nookalavada', 397);
INSERT INTO village (id, name, panchayat_id) VALUES (9520, 'Padamayavalasa', 397);
INSERT INTO village (id, name, panchayat_id) VALUES (9521, 'Palagara', 397);
INSERT INTO village (id, name, panchayat_id) VALUES (9522, 'Panukuvalasa (Near) Arasada', 397);
INSERT INTO village (id, name, panchayat_id) VALUES (9523, 'Pedapenki', 397);
INSERT INTO village (id, name, panchayat_id) VALUES (9524, 'Peddimpeta', 397);
INSERT INTO village (id, name, panchayat_id) VALUES (9525, 'Rangasaipuram', 397);
INSERT INTO village (id, name, panchayat_id) VALUES (9526, 'Sivarampuram', 397);
INSERT INTO village (id, name, panchayat_id) VALUES (9527, 'Sri Rangaraja Puram', 397);
INSERT INTO village (id, name, panchayat_id) VALUES (9528, 'Subhadra', 397);
INSERT INTO village (id, name, panchayat_id) VALUES (9529, 'Tumarada', 397);
INSERT INTO village (id, name, panchayat_id) VALUES (9530, 'Vantaram', 397);
INSERT INTO village (id, name, panchayat_id) VALUES (9531, 'Vengalarayapuram', 397);
INSERT INTO village (id, name, panchayat_id) VALUES (9532, 'Vengapuram', 397);
INSERT INTO mandal (id, name, constituency_id) VALUES (398, 'Bhamini', 18);
INSERT INTO panchayat (id, name, mandal_id) VALUES (398, 'Default Panchayat Bhamini', 398);
INSERT INTO village (id, name, panchayat_id) VALUES (9533, 'Battili', 398);
INSERT INTO village (id, name, panchayat_id) VALUES (9534, 'Bhamini', 398);
INSERT INTO village (id, name, panchayat_id) VALUES (9535, 'Bommika', 398);
INSERT INTO village (id, name, panchayat_id) VALUES (9536, 'Burujola', 398);
INSERT INTO village (id, name, panchayat_id) VALUES (9537, 'Chinnadimili', 398);
INSERT INTO village (id, name, panchayat_id) VALUES (9538, 'Dimmidijola', 398);
INSERT INTO village (id, name, panchayat_id) VALUES (9539, 'Ghanasara', 398);
INSERT INTO village (id, name, panchayat_id) VALUES (9540, 'Gurandi', 398);
INSERT INTO village (id, name, panchayat_id) VALUES (9541, 'Kosali', 398);
INSERT INTO village (id, name, panchayat_id) VALUES (9542, 'Liviri', 398);
INSERT INTO village (id, name, panchayat_id) VALUES (9543, 'Loharijola', 398);
INSERT INTO village (id, name, panchayat_id) VALUES (9544, 'Maniga', 398);
INSERT INTO village (id, name, panchayat_id) VALUES (9545, 'Manumukonda', 398);
INSERT INTO village (id, name, panchayat_id) VALUES (9546, 'Neradi', 398);
INSERT INTO village (id, name, panchayat_id) VALUES (9547, 'Nulakajodu', 398);
INSERT INTO village (id, name, panchayat_id) VALUES (9548, 'Pakkudibhadra', 398);
INSERT INTO village (id, name, panchayat_id) VALUES (9549, 'Palavalasa', 398);
INSERT INTO village (id, name, panchayat_id) VALUES (9550, 'Pasukudi', 398);
INSERT INTO village (id, name, panchayat_id) VALUES (9551, 'Peddadimili', 398);
INSERT INTO village (id, name, panchayat_id) VALUES (9552, 'Singidi', 398);
INSERT INTO village (id, name, panchayat_id) VALUES (9553, 'Solikiri', 398);
INSERT INTO village (id, name, panchayat_id) VALUES (9554, 'Vaddangi', 398);
INSERT INTO mandal (id, name, constituency_id) VALUES (399, 'Garugubilli', 18);
INSERT INTO panchayat (id, name, mandal_id) VALUES (399, 'Default Panchayat Garugubilli', 399);
INSERT INTO village (id, name, panchayat_id) VALUES (9555, 'Burada Venkatapuram', 399);
INSERT INTO village (id, name, panchayat_id) VALUES (9556, 'Chilakam', 399);
INSERT INTO village (id, name, panchayat_id) VALUES (9557, 'Chinagudaba', 399);
INSERT INTO village (id, name, panchayat_id) VALUES (9558, 'Dalaivalasa', 399);
INSERT INTO village (id, name, panchayat_id) VALUES (9559, 'Gadabavalasa Gangarajapuram', 399);
INSERT INTO village (id, name, panchayat_id) VALUES (9560, 'Garugubilli', 399);
INSERT INTO village (id, name, panchayat_id) VALUES (9561, 'Gijaba', 399);
INSERT INTO village (id, name, panchayat_id) VALUES (9562, 'Gottivalasa', 399);
INSERT INTO village (id, name, panchayat_id) VALUES (9563, 'Hikkimvalasa', 399);
INSERT INTO village (id, name, panchayat_id) VALUES (9564, 'Konkadivaram', 399);
INSERT INTO village (id, name, panchayat_id) VALUES (9565, 'Kothapalle', 399);
INSERT INTO village (id, name, panchayat_id) VALUES (9566, 'Kothuru', 399);
INSERT INTO village (id, name, panchayat_id) VALUES (9567, 'Lakhanapuram', 399);
INSERT INTO village (id, name, panchayat_id) VALUES (9568, 'Markondaputti', 399);
INSERT INTO village (id, name, panchayat_id) VALUES (9569, 'Marupenta', 399);
INSERT INTO village (id, name, panchayat_id) VALUES (9570, 'Naguru', 399);
INSERT INTO village (id, name, panchayat_id) VALUES (9571, 'Naviri', 399);
INSERT INTO village (id, name, panchayat_id) VALUES (9572, 'Pedagudaba', 399);
INSERT INTO village (id, name, panchayat_id) VALUES (9573, 'Pedduru', 399);
INSERT INTO village (id, name, panchayat_id) VALUES (9574, 'Polinaiduvalasa', 399);
INSERT INTO village (id, name, panchayat_id) VALUES (9575, 'Ravupalle', 399);
INSERT INTO village (id, name, panchayat_id) VALUES (9576, 'Rayandoravalasa', 399);
INSERT INTO village (id, name, panchayat_id) VALUES (9577, 'Sambannavalasa', 399);
INSERT INTO village (id, name, panchayat_id) VALUES (9578, 'Santhoshapuram', 399);
INSERT INTO village (id, name, panchayat_id) VALUES (9579, 'Seetharampuram', 399);
INSERT INTO village (id, name, panchayat_id) VALUES (9580, 'Seetharampuram (Near) Sivvam', 399);
INSERT INTO village (id, name, panchayat_id) VALUES (9581, 'Sivarampuram (Near) Dalaivalasa', 399);
INSERT INTO village (id, name, panchayat_id) VALUES (9582, 'Sivaramrajapuram (Near) Pedduru', 399);
INSERT INTO village (id, name, panchayat_id) VALUES (9583, 'Sivvam', 399);
INSERT INTO village (id, name, panchayat_id) VALUES (9584, 'Sunki', 399);
INSERT INTO village (id, name, panchayat_id) VALUES (9585, 'Thotapalle', 399);
INSERT INTO village (id, name, panchayat_id) VALUES (9586, 'Uddavolu', 399);
INSERT INTO village (id, name, panchayat_id) VALUES (9587, 'Ullibhadra', 399);
INSERT INTO village (id, name, panchayat_id) VALUES (9588, 'Vallarigudaba', 399);
INSERT INTO mandal (id, name, constituency_id) VALUES (400, 'Gummalakshmipuram', 18);
INSERT INTO panchayat (id, name, mandal_id) VALUES (400, 'Default Panchayat Gummalakshmipuram', 400);
INSERT INTO village (id, name, panchayat_id) VALUES (9589, 'Addangijangidi Bhadra', 400);
INSERT INTO village (id, name, panchayat_id) VALUES (9590, 'Alavadda', 400);
INSERT INTO village (id, name, panchayat_id) VALUES (9591, 'Amiti', 400);
INSERT INTO village (id, name, panchayat_id) VALUES (9592, 'Atchaba', 400);
INSERT INTO village (id, name, panchayat_id) VALUES (9593, 'Babbidi', 400);
INSERT INTO village (id, name, panchayat_id) VALUES (9594, 'Balesu', 400);
INSERT INTO village (id, name, panchayat_id) VALUES (9595, 'Batugudaba', 400);
INSERT INTO village (id, name, panchayat_id) VALUES (9596, 'Bayyada', 400);
INSERT INTO village (id, name, panchayat_id) VALUES (9597, 'Beerupadu', 400);
INSERT INTO village (id, name, panchayat_id) VALUES (9598, 'Boddidi', 400);
INSERT INTO village (id, name, panchayat_id) VALUES (9599, 'Chaparayibinnidi', 400);
INSERT INTO village (id, name, panchayat_id) VALUES (9600, 'Chaparayi Jangidibhadra', 400);
INSERT INTO village (id, name, panchayat_id) VALUES (9601, 'Chappaguda', 400);
INSERT INTO village (id, name, panchayat_id) VALUES (9602, 'Chemuduguda', 400);
INSERT INTO village (id, name, panchayat_id) VALUES (9603, 'Chinageesada', 400);
INSERT INTO village (id, name, panchayat_id) VALUES (9604, 'Chinaravikona', 400);
INSERT INTO village (id, name, panchayat_id) VALUES (9605, 'Chinavankadhara', 400);
INSERT INTO village (id, name, panchayat_id) VALUES (9606, 'Chintalapadu', 400);
INSERT INTO village (id, name, panchayat_id) VALUES (9607, 'Chorupalle', 400);
INSERT INTO village (id, name, panchayat_id) VALUES (9608, 'Dabbaliguda', 400);
INSERT INTO village (id, name, panchayat_id) VALUES (9609, 'Diguvaderuvada', 400);
INSERT INTO village (id, name, panchayat_id) VALUES (9610, 'Dolukona', 400);
INSERT INTO village (id, name, panchayat_id) VALUES (9611, 'Dongurukikkuva', 400);
INSERT INTO village (id, name, panchayat_id) VALUES (9612, 'Duddukhallu', 400);
INSERT INTO village (id, name, panchayat_id) VALUES (9613, 'Dummangi', 400);
INSERT INTO village (id, name, panchayat_id) VALUES (9614, 'Gadivankadhara', 400);
INSERT INTO village (id, name, panchayat_id) VALUES (9615, 'Gandra', 400);
INSERT INTO village (id, name, panchayat_id) VALUES (9616, 'Gedrajola', 400);
INSERT INTO village (id, name, panchayat_id) VALUES (9617, 'Geesada (Pamula)', 400);
INSERT INTO village (id, name, panchayat_id) VALUES (9618, 'Goipaka', 400);
INSERT INTO village (id, name, panchayat_id) VALUES (9619, 'Gorada', 400);
INSERT INTO village (id, name, panchayat_id) VALUES (9620, 'Gorati', 400);
INSERT INTO village (id, name, panchayat_id) VALUES (9621, 'Gowduguda', 400);
INSERT INTO village (id, name, panchayat_id) VALUES (9622, 'Gullalanka', 400);
INSERT INTO village (id, name, panchayat_id) VALUES (9623, 'Gummalakshmipuram', 400);
INSERT INTO village (id, name, panchayat_id) VALUES (9624, 'Gunada', 400);
INSERT INTO village (id, name, panchayat_id) VALUES (9625, 'Ijjakai', 400);
INSERT INTO village (id, name, panchayat_id) VALUES (9626, 'Iridi', 400);
INSERT INTO village (id, name, panchayat_id) VALUES (9627, 'Jamitipadu', 400);
INSERT INTO village (id, name, panchayat_id) VALUES (9628, 'Japai', 400);
INSERT INTO village (id, name, panchayat_id) VALUES (9629, 'Jarna', 400);
INSERT INTO village (id, name, panchayat_id) VALUES (9630, 'Jogipuram', 400);
INSERT INTO village (id, name, panchayat_id) VALUES (9631, 'Kaligottu', 400);
INSERT INTO village (id, name, panchayat_id) VALUES (9632, 'Kalliti', 400);
INSERT INTO village (id, name, panchayat_id) VALUES (9633, 'Kanasingi', 400);
INSERT INTO village (id, name, panchayat_id) VALUES (9634, 'Kappakallu', 400);
INSERT INTO village (id, name, panchayat_id) VALUES (9635, 'Karlaguda', 400);
INSERT INTO village (id, name, panchayat_id) VALUES (9636, 'Kedaripuram', 400);
INSERT INTO village (id, name, panchayat_id) VALUES (9637, 'Keesari', 400);
INSERT INTO village (id, name, panchayat_id) VALUES (9638, 'Kithalamba', 400);
INSERT INTO village (id, name, panchayat_id) VALUES (9639, 'Kondabinnidi', 400);
INSERT INTO village (id, name, panchayat_id) VALUES (9640, 'Kondagudaba', 400);
INSERT INTO village (id, name, panchayat_id) VALUES (9641, 'Kondakuneru', 400);
INSERT INTO village (id, name, panchayat_id) VALUES (9642, 'Kondavada', 400);
INSERT INTO village (id, name, panchayat_id) VALUES (9643, 'Kondrukuppa', 400);
INSERT INTO village (id, name, panchayat_id) VALUES (9644, 'Kontesu', 400);
INSERT INTO village (id, name, panchayat_id) VALUES (9645, 'Kosangibhadra', 400);
INSERT INTO village (id, name, panchayat_id) VALUES (9646, 'Kothaguda @ Dabbaliguda', 400);
INSERT INTO village (id, name, panchayat_id) VALUES (9647, 'Kothalikkidi', 400);
INSERT INTO village (id, name, panchayat_id) VALUES (9648, 'Kudda', 400);
INSERT INTO village (id, name, panchayat_id) VALUES (9649, 'Kuddapalavalasa', 400);
INSERT INTO village (id, name, panchayat_id) VALUES (9650, 'Kukkidi', 400);
INSERT INTO village (id, name, panchayat_id) VALUES (9651, 'Kurasingi', 400);
INSERT INTO village (id, name, panchayat_id) VALUES (9652, 'Kusa @ Yadakhallu', 400);
INSERT INTO village (id, name, panchayat_id) VALUES (9653, 'Lada', 400);
INSERT INTO village (id, name, panchayat_id) VALUES (9654, 'Lakkaguda', 400);
INSERT INTO village (id, name, panchayat_id) VALUES (9655, 'Lappiti', 400);
INSERT INTO village (id, name, panchayat_id) VALUES (9656, 'Lovalakshmipuram', 400);
INSERT INTO village (id, name, panchayat_id) VALUES (9657, 'Lumbesu', 400);
INSERT INTO village (id, name, panchayat_id) VALUES (9658, 'Manda @ Diguva Manda', 400);
INSERT INTO village (id, name, panchayat_id) VALUES (9659, 'Mangalapuram', 400);
INSERT INTO village (id, name, panchayat_id) VALUES (9660, 'Mantrajola', 400);
INSERT INTO village (id, name, panchayat_id) VALUES (9661, 'Mulabinnidi @ Mulalikkidi', 400);
INSERT INTO village (id, name, panchayat_id) VALUES (9662, 'Mulajammu', 400);
INSERT INTO village (id, name, panchayat_id) VALUES (9663, 'Muliguda', 400);
INSERT INTO village (id, name, panchayat_id) VALUES (9664, 'Murada', 400);
INSERT INTO village (id, name, panchayat_id) VALUES (9665, 'Nellikikkuva', 400);
INSERT INTO village (id, name, panchayat_id) VALUES (9666, 'Nigaram', 400);
INSERT INTO village (id, name, panchayat_id) VALUES (9667, 'Nondrukona', 400);
INSERT INTO village (id, name, panchayat_id) VALUES (9668, 'Pedakharja', 400);
INSERT INTO village (id, name, panchayat_id) VALUES (9669, 'Pedaravikona', 400);
INSERT INTO village (id, name, panchayat_id) VALUES (9670, 'Penguva', 400);
INSERT INTO village (id, name, panchayat_id) VALUES (9671, 'Pirthani @ Elwinpeta', 400);
INSERT INTO village (id, name, panchayat_id) VALUES (9672, 'Pusabadi', 400);
INSERT INTO village (id, name, panchayat_id) VALUES (9673, 'Puthikavalasa', 400);
INSERT INTO village (id, name, panchayat_id) VALUES (9674, 'Puttajammu', 400);
INSERT INTO village (id, name, panchayat_id) VALUES (9675, 'Ranasingi', 400);
INSERT INTO village (id, name, panchayat_id) VALUES (9676, 'Rayaganda', 400);
INSERT INTO village (id, name, panchayat_id) VALUES (9677, 'Rayaghadajammu', 400);
INSERT INTO village (id, name, panchayat_id) VALUES (9678, 'Regidi', 400);
INSERT INTO village (id, name, panchayat_id) VALUES (9679, 'Regulapadu', 400);
INSERT INTO village (id, name, panchayat_id) VALUES (9680, 'Rella', 400);
INSERT INTO village (id, name, panchayat_id) VALUES (9681, 'Sadunuguda', 400);
INSERT INTO village (id, name, panchayat_id) VALUES (9682, 'Sambuguda', 400);
INSERT INTO village (id, name, panchayat_id) VALUES (9683, 'Savarakotapadu', 400);
INSERT INTO village (id, name, panchayat_id) VALUES (9684, 'Sikalabai', 400);
INSERT INTO village (id, name, panchayat_id) VALUES (9685, 'Sikharapai', 400);
INSERT INTO village (id, name, panchayat_id) VALUES (9686, 'Sirasaram', 400);
INSERT INTO village (id, name, panchayat_id) VALUES (9687, 'Sivada Near Kukkidi', 400);
INSERT INTO village (id, name, panchayat_id) VALUES (9688, 'Srirangapadu', 400);
INSERT INTO village (id, name, panchayat_id) VALUES (9689, 'Tadikonda', 400);
INSERT INTO village (id, name, panchayat_id) VALUES (9690, 'Tanku', 400);
INSERT INTO village (id, name, panchayat_id) VALUES (9691, 'Tenkasingi', 400);
INSERT INTO village (id, name, panchayat_id) VALUES (9692, 'Thatiseela', 400);
INSERT INTO village (id, name, panchayat_id) VALUES (9693, 'Tholukharja', 400);
INSERT INTO village (id, name, panchayat_id) VALUES (9694, 'Thota', 400);
INSERT INTO village (id, name, panchayat_id) VALUES (9695, 'Tikkabai', 400);
INSERT INTO village (id, name, panchayat_id) VALUES (9696, 'Tummiguda', 400);
INSERT INTO village (id, name, panchayat_id) VALUES (9697, 'Uriti', 400);
INSERT INTO village (id, name, panchayat_id) VALUES (9698, 'Vadabai', 400);
INSERT INTO village (id, name, panchayat_id) VALUES (9699, 'Vadajangi', 400);
INSERT INTO village (id, name, panchayat_id) VALUES (9700, 'Vadaputti', 400);
INSERT INTO village (id, name, panchayat_id) VALUES (9701, 'Vallada', 400);
INSERT INTO village (id, name, panchayat_id) VALUES (9702, 'Vamasi', 400);
INSERT INTO village (id, name, panchayat_id) VALUES (9703, 'Vanakabadi (L.M.)', 400);
INSERT INTO village (id, name, panchayat_id) VALUES (9704, 'Vandidi', 400);
INSERT INTO village (id, name, panchayat_id) VALUES (9705, 'Vangara', 400);
INSERT INTO village (id, name, panchayat_id) VALUES (9706, 'Vappangi', 400);
INSERT INTO village (id, name, panchayat_id) VALUES (9707, 'Vathada', 400);
INSERT INTO village (id, name, panchayat_id) VALUES (9708, 'Vondrubhangi', 400);
INSERT INTO village (id, name, panchayat_id) VALUES (9709, 'Yeguvamanda', 400);
INSERT INTO mandal (id, name, constituency_id) VALUES (401, 'Jiyyammavalasa', 18);
INSERT INTO panchayat (id, name, mandal_id) VALUES (401, 'Default Panchayat Jiyyammavalasa', 401);
INSERT INTO village (id, name, panchayat_id) VALUES (9710, 'Akkandoravalasa', 401);
INSERT INTO village (id, name, panchayat_id) VALUES (9711, 'Alamanda', 401);
INSERT INTO village (id, name, panchayat_id) VALUES (9712, 'Ankavaram', 401);
INSERT INTO village (id, name, panchayat_id) VALUES (9713, 'Arnada', 401);
INSERT INTO village (id, name, panchayat_id) VALUES (9714, 'Balleru', 401);
INSERT INTO village (id, name, panchayat_id) VALUES (9715, 'Basangi', 401);
INSERT INTO village (id, name, panchayat_id) VALUES (9716, 'Batlabhadra', 401);
INSERT INTO village (id, name, panchayat_id) VALUES (9717, 'Bitrapadu', 401);
INSERT INTO village (id, name, panchayat_id) VALUES (9718, 'Bommika', 401);
INSERT INTO village (id, name, panchayat_id) VALUES (9719, 'Bommika Jagannadhapuram', 401);
INSERT INTO village (id, name, panchayat_id) VALUES (9720, 'Chandrasekharajapuram', 401);
INSERT INTO village (id, name, panchayat_id) VALUES (9721, 'Chinabuddidi', 401);
INSERT INTO village (id, name, panchayat_id) VALUES (9722, 'Chinadodija', 401);
INSERT INTO village (id, name, panchayat_id) VALUES (9723, 'Chinamerangi', 401);
INSERT INTO village (id, name, panchayat_id) VALUES (9724, 'Chintalabelagam', 401);
INSERT INTO village (id, name, panchayat_id) VALUES (9725, 'Dakshini', 401);
INSERT INTO village (id, name, panchayat_id) VALUES (9726, 'Dangabadra (Near) Arnada', 401);
INSERT INTO village (id, name, panchayat_id) VALUES (9727, 'Gadabavalasa', 401);
INSERT INTO village (id, name, panchayat_id) VALUES (9728, 'Gadisingupuram', 401);
INSERT INTO village (id, name, panchayat_id) VALUES (9729, 'Gangammavalasa', 401);
INSERT INTO village (id, name, panchayat_id) VALUES (9730, 'Gavarampeta', 401);
INSERT INTO village (id, name, panchayat_id) VALUES (9731, 'Geddatiruvada', 401);
INSERT INTO village (id, name, panchayat_id) VALUES (9732, 'Gorli', 401);
INSERT INTO village (id, name, panchayat_id) VALUES (9733, 'Gowripuram', 401);
INSERT INTO village (id, name, panchayat_id) VALUES (9734, 'Itika', 401);
INSERT INTO village (id, name, panchayat_id) VALUES (9735, 'Jiyyammavalasa', 401);
INSERT INTO village (id, name, panchayat_id) VALUES (9736, 'Jogirajupeta', 401);
INSERT INTO village (id, name, panchayat_id) VALUES (9737, 'Joguladumma', 401);
INSERT INTO village (id, name, panchayat_id) VALUES (9738, 'Kannapudora Valasa', 401);
INSERT INTO village (id, name, panchayat_id) VALUES (9739, 'Kidigesu', 401);
INSERT INTO village (id, name, panchayat_id) VALUES (9740, 'Kondachilakam', 401);
INSERT INTO village (id, name, panchayat_id) VALUES (9741, 'Kondanidagallu', 401);
INSERT INTO village (id, name, panchayat_id) VALUES (9742, 'Kudama', 401);
INSERT INTO village (id, name, panchayat_id) VALUES (9743, 'Kundaratiruvada', 401);
INSERT INTO village (id, name, panchayat_id) VALUES (9744, 'Kutampandrasingi', 401);
INSERT INTO village (id, name, panchayat_id) VALUES (9745, 'Lakshmipuram (Near) Parajapadu', 401);
INSERT INTO village (id, name, panchayat_id) VALUES (9746, 'Lovagangarajapuram', 401);
INSERT INTO village (id, name, panchayat_id) VALUES (9747, 'Maruwada', 401);
INSERT INTO village (id, name, panchayat_id) VALUES (9748, 'Mokasualluwada', 401);
INSERT INTO village (id, name, panchayat_id) VALUES (9749, 'Mokhasaharipuram', 401);
INSERT INTO village (id, name, panchayat_id) VALUES (9750, 'Parajapadu', 401);
INSERT INTO village (id, name, panchayat_id) VALUES (9751, 'Pedabuddidi', 401);
INSERT INTO village (id, name, panchayat_id) VALUES (9752, 'Pedadodija', 401);
INSERT INTO village (id, name, panchayat_id) VALUES (9753, 'Pedamerangi', 401);
INSERT INTO village (id, name, panchayat_id) VALUES (9754, 'Pedatolumanda', 401);
INSERT INTO village (id, name, panchayat_id) VALUES (9755, 'Pippalabadra', 401);
INSERT INTO village (id, name, panchayat_id) VALUES (9756, 'Rajayyapeta', 401);
INSERT INTO village (id, name, panchayat_id) VALUES (9757, 'Ravada', 401);
INSERT INTO village (id, name, panchayat_id) VALUES (9758, 'Sikhabadi', 401);
INSERT INTO village (id, name, panchayat_id) VALUES (9759, 'Singanapuram', 401);
INSERT INTO village (id, name, panchayat_id) VALUES (9760, 'Sivaramarajapuram', 401);
INSERT INTO village (id, name, panchayat_id) VALUES (9761, 'Subadramma Valasa', 401);
INSERT INTO village (id, name, panchayat_id) VALUES (9762, 'Surapudoravalasa', 401);
INSERT INTO village (id, name, panchayat_id) VALUES (9763, 'Talladumma', 401);
INSERT INTO village (id, name, panchayat_id) VALUES (9764, 'Tamarikandijammu', 401);
INSERT INTO village (id, name, panchayat_id) VALUES (9765, 'Tumbali', 401);
INSERT INTO village (id, name, panchayat_id) VALUES (9766, 'Tummalavalasa', 401);
INSERT INTO village (id, name, panchayat_id) VALUES (9767, 'Turakanaiduvalasa', 401);
INSERT INTO mandal (id, name, constituency_id) VALUES (402, 'Komarada', 18);
INSERT INTO panchayat (id, name, mandal_id) VALUES (402, 'Default Panchayat Komarada', 402);
INSERT INTO village (id, name, panchayat_id) VALUES (9768, 'Alluwada', 402);
INSERT INTO village (id, name, panchayat_id) VALUES (9769, 'Ankullavalasa', 402);
INSERT INTO village (id, name, panchayat_id) VALUES (9770, 'Artham', 402);
INSERT INTO village (id, name, panchayat_id) VALUES (9771, 'Baddidi', 402);
INSERT INTO village (id, name, panchayat_id) VALUES (9772, 'Banjukuppa', 402);
INSERT INTO village (id, name, panchayat_id) VALUES (9773, 'Bedda', 402);
INSERT INTO village (id, name, panchayat_id) VALUES (9774, 'Binnidi', 402);
INSERT INTO village (id, name, panchayat_id) VALUES (9775, 'Cheedipalle', 402);
INSERT INTO village (id, name, panchayat_id) VALUES (9776, 'Chekkavalasa', 402);
INSERT INTO village (id, name, panchayat_id) VALUES (9777, 'Chinakherjala', 402);
INSERT INTO village (id, name, panchayat_id) VALUES (9778, 'Chinamantikona', 402);
INSERT INTO village (id, name, panchayat_id) VALUES (9779, 'Chinapanukuvalasa', 402);
INSERT INTO village (id, name, panchayat_id) VALUES (9780, 'Chinasekha', 402);
INSERT INTO village (id, name, panchayat_id) VALUES (9781, 'Chollapadam', 402);
INSERT INTO village (id, name, panchayat_id) VALUES (9782, 'Dalaipeta', 402);
INSERT INTO village (id, name, panchayat_id) VALUES (9783, 'Dangabhadra', 402);
INSERT INTO village (id, name, panchayat_id) VALUES (9784, 'Darsingi', 402);
INSERT INTO village (id, name, panchayat_id) VALUES (9785, 'Derupadu', 402);
INSERT INTO village (id, name, panchayat_id) VALUES (9786, 'Devukona', 402);
INSERT INTO village (id, name, panchayat_id) VALUES (9787, 'Devunigumpa', 402);
INSERT INTO village (id, name, panchayat_id) VALUES (9788, 'Duggi', 402);
INSERT INTO village (id, name, panchayat_id) VALUES (9789, 'Gangareguvalasa', 402);
INSERT INTO village (id, name, panchayat_id) VALUES (9790, 'Gorlemma', 402);
INSERT INTO village (id, name, panchayat_id) VALUES (9791, 'Guddam', 402);
INSERT INTO village (id, name, panchayat_id) VALUES (9792, 'Gujjabadi', 402);
INSERT INTO village (id, name, panchayat_id) VALUES (9793, 'Gumada', 402);
INSERT INTO village (id, name, panchayat_id) VALUES (9794, 'Gumadangi', 402);
INSERT INTO village (id, name, panchayat_id) VALUES (9795, 'Gunadateelesu', 402);
INSERT INTO village (id, name, panchayat_id) VALUES (9796, 'Gunanupuram', 402);
INSERT INTO village (id, name, panchayat_id) VALUES (9797, 'Jakuru', 402);
INSERT INTO village (id, name, panchayat_id) VALUES (9798, 'Jala', 402);
INSERT INTO village (id, name, panchayat_id) VALUES (9799, 'Jeemesu', 402);
INSERT INTO village (id, name, panchayat_id) VALUES (9800, 'Joppangi', 402);
INSERT INTO village (id, name, panchayat_id) VALUES (9801, 'Kallikota', 402);
INSERT INTO village (id, name, panchayat_id) VALUES (9802, 'Kambavalasa', 402);
INSERT INTO village (id, name, panchayat_id) VALUES (9803, 'Kandivalasa', 402);
INSERT INTO village (id, name, panchayat_id) VALUES (9804, 'Kemiseela', 402);
INSERT INTO village (id, name, panchayat_id) VALUES (9805, 'Kodulagumpa', 402);
INSERT INTO village (id, name, panchayat_id) VALUES (9806, 'Komarada', 402);
INSERT INTO village (id, name, panchayat_id) VALUES (9807, 'Komatlapeta', 402);
INSERT INTO village (id, name, panchayat_id) VALUES (9808, 'Kona', 402);
INSERT INTO village (id, name, panchayat_id) VALUES (9809, 'Konavalasa', 402);
INSERT INTO village (id, name, panchayat_id) VALUES (9810, 'Koriseela', 402);
INSERT INTO village (id, name, panchayat_id) VALUES (9811, 'Kosu', 402);
INSERT INTO village (id, name, panchayat_id) VALUES (9812, 'Kotipam', 402);
INSERT INTO village (id, name, panchayat_id) VALUES (9813, 'Kottu', 402);
INSERT INTO village (id, name, panchayat_id) VALUES (9814, 'Kummarigunta', 402);
INSERT INTO village (id, name, panchayat_id) VALUES (9815, 'Kuneru', 402);
INSERT INTO village (id, name, panchayat_id) VALUES (9816, 'Kuntesu', 402);
INSERT INTO village (id, name, panchayat_id) VALUES (9817, 'Labasu', 402);
INSERT INTO village (id, name, panchayat_id) VALUES (9818, 'Ladda', 402);
INSERT INTO village (id, name, panchayat_id) VALUES (9819, 'Lanja', 402);
INSERT INTO village (id, name, panchayat_id) VALUES (9820, 'Madalangi', 402);
INSERT INTO village (id, name, panchayat_id) VALUES (9821, 'Marriguda', 402);
INSERT INTO village (id, name, panchayat_id) VALUES (9822, 'Masanandi', 402);
INSERT INTO village (id, name, panchayat_id) VALUES (9823, 'Masimanda', 402);
INSERT INTO village (id, name, panchayat_id) VALUES (9824, 'Nandapuram', 402);
INSERT INTO village (id, name, panchayat_id) VALUES (9825, 'Naya', 402);
INSERT INTO village (id, name, panchayat_id) VALUES (9826, 'Nimmalapadu', 402);
INSERT INTO village (id, name, panchayat_id) VALUES (9827, 'Palem', 402);
INSERT INTO village (id, name, panchayat_id) VALUES (9828, 'Parasurampuram', 402);
INSERT INTO village (id, name, panchayat_id) VALUES (9829, 'Pedakherjala', 402);
INSERT INTO village (id, name, panchayat_id) VALUES (9830, 'Pedamantikona', 402);
INSERT INTO village (id, name, panchayat_id) VALUES (9831, 'Pedanissankapuram', 402);
INSERT INTO village (id, name, panchayat_id) VALUES (9832, 'Pedasekha', 402);
INSERT INTO village (id, name, panchayat_id) VALUES (9833, 'Poornapadu', 402);
INSERT INTO village (id, name, panchayat_id) VALUES (9834, 'Pudesu', 402);
INSERT INTO village (id, name, panchayat_id) VALUES (9835, 'Pujariguda', 402);
INSERT INTO village (id, name, panchayat_id) VALUES (9836, 'Puligummi', 402);
INSERT INTO village (id, name, panchayat_id) VALUES (9837, 'Pusanandi', 402);
INSERT INTO village (id, name, panchayat_id) VALUES (9838, 'Ravikona', 402);
INSERT INTO village (id, name, panchayat_id) VALUES (9839, 'Rayapuram', 402);
INSERT INTO village (id, name, panchayat_id) VALUES (9840, 'Rebba', 402);
INSERT INTO village (id, name, panchayat_id) VALUES (9841, 'Regulapadu', 402);
INSERT INTO village (id, name, panchayat_id) VALUES (9842, 'Sankesu', 402);
INSERT INTO village (id, name, panchayat_id) VALUES (9843, 'Saruguduguda', 402);
INSERT INTO village (id, name, panchayat_id) VALUES (9844, 'Sarvapadu', 402);
INSERT INTO village (id, name, panchayat_id) VALUES (9845, 'Sikhavaram', 402);
INSERT INTO village (id, name, panchayat_id) VALUES (9846, 'Sitamambapuram (Near Gumada)', 402);
INSERT INTO village (id, name, panchayat_id) VALUES (9847, 'Sitamambapuram (Near Komarada)', 402);
INSERT INTO village (id, name, panchayat_id) VALUES (9848, 'Sivarampuram', 402);
INSERT INTO village (id, name, panchayat_id) VALUES (9849, 'Sivini', 402);
INSERT INTO village (id, name, panchayat_id) VALUES (9850, 'Somalingapuram', 402);
INSERT INTO village (id, name, panchayat_id) VALUES (9851, 'Sominaiduvalasa', 402);
INSERT INTO village (id, name, panchayat_id) VALUES (9852, 'Sundarapuram', 402);
INSERT INTO village (id, name, panchayat_id) VALUES (9853, 'Teelesu', 402);
INSERT INTO village (id, name, panchayat_id) VALUES (9854, 'Thodumu', 402);
INSERT INTO village (id, name, panchayat_id) VALUES (9855, 'Tinuku', 402);
INSERT INTO village (id, name, panchayat_id) VALUES (9856, 'Uligesu', 402);
INSERT INTO village (id, name, panchayat_id) VALUES (9857, 'Ulindri', 402);
INSERT INTO village (id, name, panchayat_id) VALUES (9858, 'Ulipiri', 402);
INSERT INTO village (id, name, panchayat_id) VALUES (9859, 'Vanabadi', 402);
INSERT INTO village (id, name, panchayat_id) VALUES (9860, 'Vanadara', 402);
INSERT INTO village (id, name, panchayat_id) VALUES (9861, 'Vanakabadi', 402);
INSERT INTO village (id, name, panchayat_id) VALUES (9862, 'Vannam', 402);
INSERT INTO village (id, name, panchayat_id) VALUES (9863, 'Vikrampuram', 402);
INSERT INTO village (id, name, panchayat_id) VALUES (9864, 'Vutakosu', 402);
INSERT INTO village (id, name, panchayat_id) VALUES (9865, 'Yendabhadra', 402);
INSERT INTO mandal (id, name, constituency_id) VALUES (403, 'Kurupam', 18);
INSERT INTO panchayat (id, name, mandal_id) VALUES (403, 'Default Panchayat Kurupam', 403);
INSERT INTO village (id, name, panchayat_id) VALUES (9866, 'Abiri', 403);
INSERT INTO village (id, name, panchayat_id) VALUES (9867, 'Antijola', 403);
INSERT INTO village (id, name, panchayat_id) VALUES (9868, 'Arikakoridi', 403);
INSERT INTO village (id, name, panchayat_id) VALUES (9869, 'Barthangi', 403);
INSERT INTO village (id, name, panchayat_id) VALUES (9870, 'Bhallukota', 403);
INSERT INTO village (id, name, panchayat_id) VALUES (9871, 'Bheempuram', 403);
INSERT INTO village (id, name, panchayat_id) VALUES (9872, 'Biyyalavalasa', 403);
INSERT INTO village (id, name, panchayat_id) VALUES (9873, 'Bore', 403);
INSERT INTO village (id, name, panchayat_id) VALUES (9874, 'Bothili', 403);
INSERT INTO village (id, name, panchayat_id) VALUES (9875, 'Chandanakota', 403);
INSERT INTO village (id, name, panchayat_id) VALUES (9876, 'Chappagottili', 403);
INSERT INTO village (id, name, panchayat_id) VALUES (9877, 'Chinarayudupeta @ Dabbaliguda', 403);
INSERT INTO village (id, name, panchayat_id) VALUES (9878, 'Chinavanija', 403);
INSERT INTO village (id, name, panchayat_id) VALUES (9879, 'Chinthalakoridi', 403);
INSERT INTO village (id, name, panchayat_id) VALUES (9880, 'Dandusura', 403);
INSERT INTO village (id, name, panchayat_id) VALUES (9881, 'Dandusura (Near Kurupam )', 403);
INSERT INTO village (id, name, panchayat_id) VALUES (9882, 'Dharmalalaxmipuram', 403);
INSERT INTO village (id, name, panchayat_id) VALUES (9883, 'Dhulikuppa', 403);
INSERT INTO village (id, name, panchayat_id) VALUES (9884, 'Dimitiguda', 403);
INSERT INTO village (id, name, panchayat_id) VALUES (9885, 'Dokulaguda', 403);
INSERT INTO village (id, name, panchayat_id) VALUES (9886, 'Dommidi', 403);
INSERT INTO village (id, name, panchayat_id) VALUES (9887, 'Dongalabaramani', 403);
INSERT INTO village (id, name, panchayat_id) VALUES (9888, 'Durubili', 403);
INSERT INTO village (id, name, panchayat_id) VALUES (9889, 'Gadali', 403);
INSERT INTO village (id, name, panchayat_id) VALUES (9890, 'Gangannadora Valasa', 403);
INSERT INTO village (id, name, panchayat_id) VALUES (9891, 'Gollavalasa', 403);
INSERT INTO village (id, name, panchayat_id) VALUES (9892, 'Gorjapadu', 403);
INSERT INTO village (id, name, panchayat_id) VALUES (9893, 'Gotikuppa', 403);
INSERT INTO village (id, name, panchayat_id) VALUES (9894, 'Gotivada', 403);
INSERT INTO village (id, name, panchayat_id) VALUES (9895, 'Gujjuvai', 403);
INSERT INTO village (id, name, panchayat_id) VALUES (9896, 'Gumma', 403);
INSERT INTO village (id, name, panchayat_id) VALUES (9897, 'Gummidiguda', 403);
INSERT INTO village (id, name, panchayat_id) VALUES (9898, 'Ichapuram', 403);
INSERT INTO village (id, name, panchayat_id) VALUES (9899, 'Jarada', 403);
INSERT INTO village (id, name, panchayat_id) VALUES (9900, 'Jumbiri', 403);
INSERT INTO village (id, name, panchayat_id) VALUES (9901, 'Kairada', 403);
INSERT INTO village (id, name, panchayat_id) VALUES (9902, 'Kakili (Near ) Neelakantapuram', 403);
INSERT INTO village (id, name, panchayat_id) VALUES (9903, 'Kakithada', 403);
INSERT INTO village (id, name, panchayat_id) VALUES (9904, 'Keedavai', 403);
INSERT INTO village (id, name, panchayat_id) VALUES (9905, 'Kirisingi @ Pellivalasa', 403);
INSERT INTO village (id, name, panchayat_id) VALUES (9906, 'Kitchada', 403);
INSERT INTO village (id, name, panchayat_id) VALUES (9907, 'Kolisa', 403);
INSERT INTO village (id, name, panchayat_id) VALUES (9908, 'Konaguda', 403);
INSERT INTO village (id, name, panchayat_id) VALUES (9909, 'Kondabaridi', 403);
INSERT INTO village (id, name, panchayat_id) VALUES (9910, 'Kothaguda (Near) Udayapuram', 403);
INSERT INTO village (id, name, panchayat_id) VALUES (9911, 'Kurupam', 403);
INSERT INTO village (id, name, panchayat_id) VALUES (9912, 'Landagorli', 403);
INSERT INTO village (id, name, panchayat_id) VALUES (9913, 'Lankajodu', 403);
INSERT INTO village (id, name, panchayat_id) VALUES (9914, 'Levidi', 403);
INSERT INTO village (id, name, panchayat_id) VALUES (9915, 'Likkidi', 403);
INSERT INTO village (id, name, panchayat_id) VALUES (9916, 'Mantikonda', 403);
INSERT INTO village (id, name, panchayat_id) VALUES (9917, 'Maripalle (Near) Mondemkhallu', 403);
INSERT INTO village (id, name, panchayat_id) VALUES (9918, 'Maripalle (Near) Rajjali', 403);
INSERT INTO village (id, name, panchayat_id) VALUES (9919, 'Megada', 403);
INSERT INTO village (id, name, panchayat_id) VALUES (9920, 'Mondemkhallu', 403);
INSERT INTO village (id, name, panchayat_id) VALUES (9921, 'Nagara', 403);
INSERT INTO village (id, name, panchayat_id) VALUES (9922, 'Nagarakuntubai', 403);
INSERT INTO village (id, name, panchayat_id) VALUES (9923, 'Neelakantapuram', 403);
INSERT INTO village (id, name, panchayat_id) VALUES (9924, 'Panasabhadra', 403);
INSERT INTO village (id, name, panchayat_id) VALUES (9925, 'Pedabaramani @ Gundubaramani', 403);
INSERT INTO village (id, name, panchayat_id) VALUES (9926, 'Pedagottili', 403);
INSERT INTO village (id, name, panchayat_id) VALUES (9927, 'Pedavanija', 403);
INSERT INTO village (id, name, panchayat_id) VALUES (9928, 'Podi', 403);
INSERT INTO village (id, name, panchayat_id) VALUES (9929, 'Podisa', 403);
INSERT INTO village (id, name, panchayat_id) VALUES (9930, 'Potivada', 403);
INSERT INTO village (id, name, panchayat_id) VALUES (9931, 'Puliputti', 403);
INSERT INTO village (id, name, panchayat_id) VALUES (9932, 'Rajjali', 403);
INSERT INTO village (id, name, panchayat_id) VALUES (9933, 'Ramuduguda', 403);
INSERT INTO village (id, name, panchayat_id) VALUES (9934, 'Rangupuram', 403);
INSERT INTO village (id, name, panchayat_id) VALUES (9935, 'Rastakuntubai', 403);
INSERT INTO village (id, name, panchayat_id) VALUES (9936, 'Relliguda @ Malliguda', 403);
INSERT INTO village (id, name, panchayat_id) VALUES (9937, 'Saki', 403);
INSERT INTO village (id, name, panchayat_id) VALUES (9938, 'Sanjuvai', 403);
INSERT INTO village (id, name, panchayat_id) VALUES (9939, 'Santhoshapuram', 403);
INSERT INTO village (id, name, panchayat_id) VALUES (9940, 'Seediguda', 403);
INSERT INTO village (id, name, panchayat_id) VALUES (9941, 'Sekupadu', 403);
INSERT INTO village (id, name, panchayat_id) VALUES (9942, 'Sivada (Near) Gujjuvai', 403);
INSERT INTO village (id, name, panchayat_id) VALUES (9943, 'Sivannapeta', 403);
INSERT INTO village (id, name, panchayat_id) VALUES (9944, 'Sobba', 403);
INSERT INTO village (id, name, panchayat_id) VALUES (9945, 'Somidavalasa', 403);
INSERT INTO village (id, name, panchayat_id) VALUES (9946, 'Tatchidi (Tuttidi)', 403);
INSERT INTO village (id, name, panchayat_id) VALUES (9947, 'Tekharakhandi', 403);
INSERT INTO village (id, name, panchayat_id) VALUES (9948, 'Thennukharja', 403);
INSERT INTO village (id, name, panchayat_id) VALUES (9949, 'Tittiri', 403);
INSERT INTO village (id, name, panchayat_id) VALUES (9950, 'Tiyyali', 403);
INSERT INTO village (id, name, panchayat_id) VALUES (9951, 'Tulasi', 403);
INSERT INTO village (id, name, panchayat_id) VALUES (9952, 'Udayapuram', 403);
INSERT INTO village (id, name, panchayat_id) VALUES (9953, 'Uridi @ Uridinivide', 403);
INSERT INTO village (id, name, panchayat_id) VALUES (9954, 'Valasaballeru', 403);
INSERT INTO village (id, name, panchayat_id) VALUES (9955, 'Vobbangi', 403);
INSERT INTO village (id, name, panchayat_id) VALUES (9956, 'Voosakonda', 403);
INSERT INTO village (id, name, panchayat_id) VALUES (9957, 'Voppangi', 403);
INSERT INTO village (id, name, panchayat_id) VALUES (9958, 'Yegulavada', 403);
INSERT INTO village (id, name, panchayat_id) VALUES (9959, 'Yeguvaballeru', 403);
INSERT INTO mandal (id, name, constituency_id) VALUES (404, 'Makkuva', 18);
INSERT INTO panchayat (id, name, mandal_id) VALUES (404, 'Default Panchayat Makkuva', 404);
INSERT INTO village (id, name, panchayat_id) VALUES (9960, 'Alagaruvu', 404);
INSERT INTO village (id, name, panchayat_id) VALUES (9961, 'Anasabhadra', 404);
INSERT INTO village (id, name, panchayat_id) VALUES (9962, 'Bangaruvalasa', 404);
INSERT INTO village (id, name, panchayat_id) VALUES (9963, 'Bantumakkuva', 404);
INSERT INTO village (id, name, panchayat_id) VALUES (9964, 'Battivalasa', 404);
INSERT INTO village (id, name, panchayat_id) VALUES (9965, 'Belugonda', 404);
INSERT INTO village (id, name, panchayat_id) VALUES (9966, 'Biramasi', 404);
INSERT INTO village (id, name, panchayat_id) VALUES (9967, 'Chandrayyapeta', 404);
INSERT INTO village (id, name, panchayat_id) VALUES (9968, 'Chappabutcham Peta', 404);
INSERT INTO village (id, name, panchayat_id) VALUES (9969, 'Chemudu', 404);
INSERT INTO village (id, name, panchayat_id) VALUES (9970, 'Chinamrajuvalasa', 404);
INSERT INTO village (id, name, panchayat_id) VALUES (9971, 'Dabbagadda', 404);
INSERT INTO village (id, name, panchayat_id) VALUES (9972, 'Duggeru', 404);
INSERT INTO village (id, name, panchayat_id) VALUES (9973, 'Gopalapuram', 404);
INSERT INTO village (id, name, panchayat_id) VALUES (9974, 'Guntabhadra', 404);
INSERT INTO village (id, name, panchayat_id) VALUES (9975, 'Kannampeta', 404);
INSERT INTO village (id, name, panchayat_id) VALUES (9976, 'Kasipatnam', 404);
INSERT INTO village (id, name, panchayat_id) VALUES (9977, 'Khaviripalle', 404);
INSERT INTO village (id, name, panchayat_id) VALUES (9978, 'Khavirivalasa', 404);
INSERT INTO village (id, name, panchayat_id) VALUES (9979, 'Kona', 404);
INSERT INTO village (id, name, panchayat_id) VALUES (9980, 'Kondabutcham Peta', 404);
INSERT INTO village (id, name, panchayat_id) VALUES (9981, 'Kondapallivalasa', 404);
INSERT INTO village (id, name, panchayat_id) VALUES (9982, 'Kondarejeru', 404);
INSERT INTO village (id, name, panchayat_id) VALUES (9983, 'Koyyanapeta', 404);
INSERT INTO village (id, name, panchayat_id) VALUES (9984, 'Lovarkhandi', 404);
INSERT INTO village (id, name, panchayat_id) VALUES (9985, 'Makkuva', 404);
INSERT INTO village (id, name, panchayat_id) VALUES (9986, 'Markondaputti', 404);
INSERT INTO village (id, name, panchayat_id) VALUES (9987, 'Mendangi', 404);
INSERT INTO village (id, name, panchayat_id) VALUES (9988, 'Mukavalasa', 404);
INSERT INTO village (id, name, panchayat_id) VALUES (9989, 'Mulakkayavalasa', 404);
INSERT INTO village (id, name, panchayat_id) VALUES (9990, 'Mulavalasa', 404);
INSERT INTO village (id, name, panchayat_id) VALUES (9991, 'Nagulladabba Gadda', 404);
INSERT INTO village (id, name, panchayat_id) VALUES (9992, 'Nanda', 404);
INSERT INTO village (id, name, panchayat_id) VALUES (9993, 'Nandakottula Ghasila', 404);
INSERT INTO village (id, name, panchayat_id) VALUES (9994, 'Narayanarama Chan Draraju Puram', 404);
INSERT INTO village (id, name, panchayat_id) VALUES (9995, 'Panasabhadra', 404);
INSERT INTO village (id, name, panchayat_id) VALUES (9996, 'Papayyavalasa', 404);
INSERT INTO village (id, name, panchayat_id) VALUES (9997, 'Payakapadu', 404);
INSERT INTO village (id, name, panchayat_id) VALUES (9998, 'Pedaghasila', 404);
INSERT INTO village (id, name, panchayat_id) VALUES (9999, 'Pedavootagadda', 404);
INSERT INTO village (id, name, panchayat_id) VALUES (10000, 'Peetalavalasa', 404);
INSERT INTO village (id, name, panchayat_id) VALUES (10001, 'Sambara', 404);
INSERT INTO village (id, name, panchayat_id) VALUES (10002, 'Santeswaram', 404);
INSERT INTO village (id, name, panchayat_id) VALUES (10003, 'Sanyasirajupuram @ Maripivalasa', 404);
INSERT INTO village (id, name, panchayat_id) VALUES (10004, 'Saraivalasa', 404);
INSERT INTO village (id, name, panchayat_id) VALUES (10005, 'Seebillipedavalasa', 404);
INSERT INTO village (id, name, panchayat_id) VALUES (10006, 'Singamdoravalasa', 404);
INSERT INTO village (id, name, panchayat_id) VALUES (10007, 'Sirlam', 404);
INSERT INTO village (id, name, panchayat_id) VALUES (10008, 'Thotavalasa', 404);
INSERT INTO village (id, name, panchayat_id) VALUES (10009, 'Turumamidi', 404);
INSERT INTO village (id, name, panchayat_id) VALUES (10010, 'Venkampeta', 404);
INSERT INTO village (id, name, panchayat_id) VALUES (10011, 'Venkatabhyripuram', 404);
INSERT INTO village (id, name, panchayat_id) VALUES (10012, 'Vijayarampuram', 404);
INSERT INTO village (id, name, panchayat_id) VALUES (10013, 'Yerrasamanthula Valasa', 404);
INSERT INTO mandal (id, name, constituency_id) VALUES (405, 'Pachipenta', 18);
INSERT INTO panchayat (id, name, mandal_id) VALUES (405, 'Default Panchayat Pachipenta', 405);
INSERT INTO village (id, name, panchayat_id) VALUES (10014, 'Adaripadu', 405);
INSERT INTO village (id, name, panchayat_id) VALUES (10015, 'Ajuru', 405);
INSERT INTO village (id, name, panchayat_id) VALUES (10016, 'Aluru', 405);
INSERT INTO village (id, name, panchayat_id) VALUES (10017, 'Bobbilivalasa', 405);
INSERT INTO village (id, name, panchayat_id) VALUES (10018, 'Borramamidi', 405);
INSERT INTO village (id, name, panchayat_id) VALUES (10019, 'Chakirevuvalasa', 405);
INSERT INTO village (id, name, panchayat_id) VALUES (10020, 'Cherukupalle', 405);
INSERT INTO village (id, name, panchayat_id) VALUES (10021, 'Chittelaba', 405);
INSERT INTO village (id, name, panchayat_id) VALUES (10022, 'Chittipuram', 405);
INSERT INTO village (id, name, panchayat_id) VALUES (10023, 'Garellavalasa', 405);
INSERT INTO village (id, name, panchayat_id) VALUES (10024, 'Garlavalasa', 405);
INSERT INTO village (id, name, panchayat_id) VALUES (10025, 'Gavarampeta', 405);
INSERT INTO village (id, name, panchayat_id) VALUES (10026, 'Gotturu', 405);
INSERT INTO village (id, name, panchayat_id) VALUES (10027, 'Guruvinaidupeta', 405);
INSERT INTO village (id, name, panchayat_id) VALUES (10028, 'Kankanapalle', 405);
INSERT INTO village (id, name, panchayat_id) VALUES (10029, 'Karrivalasa', 405);
INSERT INTO village (id, name, panchayat_id) VALUES (10030, 'Katarikota', 405);
INSERT INTO village (id, name, panchayat_id) VALUES (10031, 'Kerangi', 405);
INSERT INTO village (id, name, panchayat_id) VALUES (10032, 'Kesali', 405);
INSERT INTO village (id, name, panchayat_id) VALUES (10033, 'Kondaluddandi', 405);
INSERT INTO village (id, name, panchayat_id) VALUES (10034, 'Kondamosuru', 405);
INSERT INTO village (id, name, panchayat_id) VALUES (10035, 'Kondataduru', 405);
INSERT INTO village (id, name, panchayat_id) VALUES (10036, 'Kotikipenta', 405);
INSERT INTO village (id, name, panchayat_id) VALUES (10037, 'Kottavalasa', 405);
INSERT INTO village (id, name, panchayat_id) VALUES (10038, 'Kudumuru', 405);
INSERT INTO village (id, name, panchayat_id) VALUES (10039, 'Kumbivalasa', 405);
INSERT INTO village (id, name, panchayat_id) VALUES (10040, 'Kunambandavalasa', 405);
INSERT INTO village (id, name, panchayat_id) VALUES (10041, 'Kuntambadevalasa', 405);
INSERT INTO village (id, name, panchayat_id) VALUES (10042, 'Mallapurajupeta', 405);
INSERT INTO village (id, name, panchayat_id) VALUES (10043, 'Mathumuru', 405);
INSERT INTO village (id, name, panchayat_id) VALUES (10044, 'Meliakanchuru', 405);
INSERT INTO village (id, name, panchayat_id) VALUES (10045, 'Mirthivalasa', 405);
INSERT INTO village (id, name, panchayat_id) VALUES (10046, 'Moduga', 405);
INSERT INTO village (id, name, panchayat_id) VALUES (10047, 'Mosuru', 405);
INSERT INTO village (id, name, panchayat_id) VALUES (10048, 'Mulakkayavalasa', 405);
INSERT INTO village (id, name, panchayat_id) VALUES (10049, 'Nanda', 405);
INSERT INTO village (id, name, panchayat_id) VALUES (10050, 'Pachipenta', 405);
INSERT INTO village (id, name, panchayat_id) VALUES (10051, 'Padmapuram', 405);
INSERT INTO village (id, name, panchayat_id) VALUES (10052, 'Panasapeddikona Valasa', 405);
INSERT INTO village (id, name, panchayat_id) VALUES (10053, 'Panchali', 405);
INSERT INTO village (id, name, panchayat_id) VALUES (10054, 'Panukuvalasa', 405);
INSERT INTO village (id, name, panchayat_id) VALUES (10055, 'Parthapuram', 405);
INSERT INTO village (id, name, panchayat_id) VALUES (10056, 'Pedakanchuru', 405);
INSERT INTO village (id, name, panchayat_id) VALUES (10057, 'Peddavalasa', 405);
INSERT INTO village (id, name, panchayat_id) VALUES (10058, 'Pudi', 405);
INSERT INTO village (id, name, panchayat_id) VALUES (10059, 'Saraivalasa', 405);
INSERT INTO village (id, name, panchayat_id) VALUES (10060, 'Sathabi', 405);
INSERT INTO village (id, name, panchayat_id) VALUES (10061, 'Taduru', 405);
INSERT INTO village (id, name, panchayat_id) VALUES (10062, 'Tangalam', 405);
INSERT INTO village (id, name, panchayat_id) VALUES (10063, 'Thotavalasa', 405);
INSERT INTO village (id, name, panchayat_id) VALUES (10064, 'Tumaravilli', 405);
INSERT INTO village (id, name, panchayat_id) VALUES (10065, 'Turaipadu', 405);
INSERT INTO village (id, name, panchayat_id) VALUES (10066, 'Vetaganivalasa', 405);
INSERT INTO village (id, name, panchayat_id) VALUES (10067, 'Viswanadhapuram', 405);
INSERT INTO mandal (id, name, constituency_id) VALUES (406, 'Palakonda', 18);
INSERT INTO panchayat (id, name, mandal_id) VALUES (406, 'Default Panchayat Palakonda', 406);
INSERT INTO village (id, name, panchayat_id) VALUES (10068, 'Ampili', 406);
INSERT INTO village (id, name, panchayat_id) VALUES (10069, 'Annavaram', 406);
INSERT INTO village (id, name, panchayat_id) VALUES (10070, 'Aradala', 406);
INSERT INTO village (id, name, panchayat_id) VALUES (10071, 'Attali', 406);
INSERT INTO village (id, name, panchayat_id) VALUES (10072, 'Avalangi', 406);
INSERT INTO village (id, name, panchayat_id) VALUES (10073, 'Bejji', 406);
INSERT INTO village (id, name, panchayat_id) VALUES (10074, 'Bhasuru', 406);
INSERT INTO village (id, name, panchayat_id) VALUES (10075, 'Bukkuru', 406);
INSERT INTO village (id, name, panchayat_id) VALUES (10076, 'Chinakotipalle', 406);
INSERT INTO village (id, name, panchayat_id) VALUES (10077, 'Chinamangala Puram', 406);
INSERT INTO village (id, name, panchayat_id) VALUES (10078, 'Chintada', 406);
INSERT INTO village (id, name, panchayat_id) VALUES (10079, 'Dolamada', 406);
INSERT INTO village (id, name, panchayat_id) VALUES (10080, 'Duggi', 406);
INSERT INTO village (id, name, panchayat_id) VALUES (10081, 'Garugubilli', 406);
INSERT INTO village (id, name, panchayat_id) VALUES (10082, 'Gopalapuram', 406);
INSERT INTO village (id, name, panchayat_id) VALUES (10083, 'Gopalavenkata Puram', 406);
INSERT INTO village (id, name, panchayat_id) VALUES (10084, 'Gottamangala Puram', 406);
INSERT INTO village (id, name, panchayat_id) VALUES (10085, 'Gudivada', 406);
INSERT INTO village (id, name, panchayat_id) VALUES (10086, 'Jamparakota', 406);
INSERT INTO village (id, name, panchayat_id) VALUES (10087, 'Kondapuram', 406);
INSERT INTO village (id, name, panchayat_id) VALUES (10088, 'Loveedulakshmi Puram', 406);
INSERT INTO village (id, name, panchayat_id) VALUES (10089, 'Lumburu', 406);
INSERT INTO village (id, name, panchayat_id) VALUES (10090, 'Malliveedu', 406);
INSERT INTO village (id, name, panchayat_id) VALUES (10091, 'Nakkapetaparapuram', 406);
INSERT INTO village (id, name, panchayat_id) VALUES (10092, 'Nandivada Kurmarajapuram', 406);
INSERT INTO village (id, name, panchayat_id) VALUES (10093, 'Navagam', 406);
INSERT INTO village (id, name, panchayat_id) VALUES (10094, 'Padmapuram', 406);
INSERT INTO village (id, name, panchayat_id) VALUES (10095, 'Palakonda (Ct)', 406);
INSERT INTO village (id, name, panchayat_id) VALUES (10096, 'Panukuvalasa', 406);
INSERT INTO village (id, name, panchayat_id) VALUES (10097, 'Parasurampuram', 406);
INSERT INTO village (id, name, panchayat_id) VALUES (10098, 'Pedakotipalle', 406);
INSERT INTO village (id, name, panchayat_id) VALUES (10099, 'Pendyalaramabhadrarajupeta', 406);
INSERT INTO village (id, name, panchayat_id) VALUES (10100, 'Potli', 406);
INSERT INTO village (id, name, panchayat_id) VALUES (10101, 'Singannavalasa', 406);
INSERT INTO village (id, name, panchayat_id) VALUES (10102, 'Singupuram', 406);
INSERT INTO village (id, name, panchayat_id) VALUES (10103, 'Sirikonda', 406);
INSERT INTO village (id, name, panchayat_id) VALUES (10104, 'Tampatapalle', 406);
INSERT INTO village (id, name, panchayat_id) VALUES (10105, 'T.D.Parapuram', 406);
INSERT INTO village (id, name, panchayat_id) VALUES (10106, 'T.K.Rajapuram', 406);
INSERT INTO village (id, name, panchayat_id) VALUES (10107, 'Tumarada', 406);
INSERT INTO village (id, name, panchayat_id) VALUES (10108, 'Vadama', 406);
INSERT INTO village (id, name, panchayat_id) VALUES (10109, 'Vatapagu', 406);
INSERT INTO village (id, name, panchayat_id) VALUES (10110, 'Velagavada', 406);
INSERT INTO village (id, name, panchayat_id) VALUES (10111, 'Voni', 406);
INSERT INTO village (id, name, panchayat_id) VALUES (10112, 'Yerakarayapuram', 406);
INSERT INTO mandal (id, name, constituency_id) VALUES (407, 'Parvathipuram', 18);
INSERT INTO panchayat (id, name, mandal_id) VALUES (407, 'Default Panchayat Parvathipuram', 407);
INSERT INTO village (id, name, panchayat_id) VALUES (10113, 'Adaru', 407);
INSERT INTO village (id, name, panchayat_id) VALUES (10114, 'Addapuseela', 407);
INSERT INTO village (id, name, panchayat_id) VALUES (10115, 'Adduruvalasa', 407);
INSERT INTO village (id, name, panchayat_id) VALUES (10116, 'Antivalasa', 407);
INSERT INTO village (id, name, panchayat_id) VALUES (10117, 'Appandoravalasa', 407);
INSERT INTO village (id, name, panchayat_id) VALUES (10118, 'Balagudaba', 407);
INSERT INTO village (id, name, panchayat_id) VALUES (10119, 'Bandaluppi', 407);
INSERT INTO village (id, name, panchayat_id) VALUES (10120, 'Belagam', 407);
INSERT INTO village (id, name, panchayat_id) VALUES (10121, 'Buduruvada', 407);
INSERT INTO village (id, name, panchayat_id) VALUES (10122, 'Chalamvalasa', 407);
INSERT INTO village (id, name, panchayat_id) VALUES (10123, 'Chandalangi', 407);
INSERT INTO village (id, name, panchayat_id) VALUES (10124, 'Chinabondapalle', 407);
INSERT INTO village (id, name, panchayat_id) VALUES (10125, 'Dhanunjayapuram', 407);
INSERT INTO village (id, name, panchayat_id) VALUES (10126, 'Doggavanimulaga', 407);
INSERT INTO village (id, name, panchayat_id) VALUES (10127, 'Dokiseela', 407);
INSERT INTO village (id, name, panchayat_id) VALUES (10128, 'Donkalakotha Patnam', 407);
INSERT INTO village (id, name, panchayat_id) VALUES (10129, 'Gangamambapuram', 407);
INSERT INTO village (id, name, panchayat_id) VALUES (10130, 'Gangapuram', 407);
INSERT INTO village (id, name, panchayat_id) VALUES (10131, 'Gangarajapuram', 407);
INSERT INTO village (id, name, panchayat_id) VALUES (10132, 'Gochekka', 407);
INSERT INTO village (id, name, panchayat_id) VALUES (10133, 'Gopalapuram', 407);
INSERT INTO village (id, name, panchayat_id) VALUES (10134, 'Haripuram Karadavalasa', 407);
INSERT INTO village (id, name, panchayat_id) VALUES (10135, 'Jagannadhapuram', 407);
INSERT INTO village (id, name, panchayat_id) VALUES (10136, 'Jagannadharaja Puram', 407);
INSERT INTO village (id, name, panchayat_id) VALUES (10137, 'Jamadala', 407);
INSERT INTO village (id, name, panchayat_id) VALUES (10138, 'Jammadivalasa', 407);
INSERT INTO village (id, name, panchayat_id) VALUES (10139, 'Kavitibhadra', 407);
INSERT INTO village (id, name, panchayat_id) VALUES (10140, 'Kore', 407);
INSERT INTO village (id, name, panchayat_id) VALUES (10141, 'Kothavalasa', 407);
INSERT INTO village (id, name, panchayat_id) VALUES (10142, 'Krishnapalle', 407);
INSERT INTO village (id, name, panchayat_id) VALUES (10143, 'Lakshminarayanapuram', 407);
INSERT INTO village (id, name, panchayat_id) VALUES (10144, 'Lakshmipuram', 407);
INSERT INTO village (id, name, panchayat_id) VALUES (10145, 'Latchirajupeta', 407);
INSERT INTO village (id, name, panchayat_id) VALUES (10146, 'Mulaga', 407);
INSERT INTO village (id, name, panchayat_id) VALUES (10147, 'Narsipuram', 407);
INSERT INTO village (id, name, panchayat_id) VALUES (10148, 'Nissankapuram', 407);
INSERT INTO village (id, name, panchayat_id) VALUES (10149, 'Parvathipuram Village', 407);
INSERT INTO village (id, name, panchayat_id) VALUES (10150, 'Pedabondapalle', 407);
INSERT INTO village (id, name, panchayat_id) VALUES (10151, 'Pedamariki', 407);
INSERT INTO village (id, name, panchayat_id) VALUES (10152, 'Puligummi', 407);
INSERT INTO village (id, name, panchayat_id) VALUES (10153, 'Putturu', 407);
INSERT INTO village (id, name, panchayat_id) VALUES (10154, 'Radhampeta', 407);
INSERT INTO village (id, name, panchayat_id) VALUES (10155, 'Ravikonabatti Valasa', 407);
INSERT INTO village (id, name, panchayat_id) VALUES (10156, 'Sangamvalasa', 407);
INSERT INTO village (id, name, panchayat_id) VALUES (10157, 'Srirangarajapuram', 407);
INSERT INTO village (id, name, panchayat_id) VALUES (10158, 'Sudigam', 407);
INSERT INTO village (id, name, panchayat_id) VALUES (10159, 'Sundaranarayanapuram', 407);
INSERT INTO village (id, name, panchayat_id) VALUES (10160, 'Tadangivalasa', 407);
INSERT INTO village (id, name, panchayat_id) VALUES (10161, 'Tallaburidi', 407);
INSERT INTO village (id, name, panchayat_id) VALUES (10162, 'Tonki', 407);
INSERT INTO village (id, name, panchayat_id) VALUES (10163, 'Venkampeta', 407);
INSERT INTO village (id, name, panchayat_id) VALUES (10164, 'Venkatanissankapuram', 407);
INSERT INTO village (id, name, panchayat_id) VALUES (10165, 'Venkataraidupeta', 407);
INSERT INTO village (id, name, panchayat_id) VALUES (10166, 'Viswambarapuram', 407);
INSERT INTO mandal (id, name, constituency_id) VALUES (408, 'Salur', 18);
INSERT INTO panchayat (id, name, mandal_id) VALUES (408, 'Default Panchayat Salur', 408);
INSERT INTO village (id, name, panchayat_id) VALUES (10167, 'Annamrajuvalasa', 408);
INSERT INTO village (id, name, panchayat_id) VALUES (10168, 'Antivalasa', 408);
INSERT INTO village (id, name, panchayat_id) VALUES (10169, 'Baguvalasa', 408);
INSERT INTO village (id, name, panchayat_id) VALUES (10170, 'Bandapai', 408);
INSERT INTO village (id, name, panchayat_id) VALUES (10171, 'Bangarammapeta', 408);
INSERT INTO village (id, name, panchayat_id) VALUES (10172, 'Barnaguda', 408);
INSERT INTO village (id, name, panchayat_id) VALUES (10173, 'Bhavanipuram', 408);
INSERT INTO village (id, name, panchayat_id) VALUES (10174, 'Borabanda', 408);
INSERT INTO village (id, name, panchayat_id) VALUES (10175, 'Butalakarrivalasa', 408);
INSERT INTO village (id, name, panchayat_id) VALUES (10176, 'Chandrappavalasa', 408);
INSERT INTO village (id, name, panchayat_id) VALUES (10177, 'Chemidipatipolam', 408);
INSERT INTO village (id, name, panchayat_id) VALUES (10178, 'Chinavootagedda', 408);
INSERT INTO village (id, name, panchayat_id) VALUES (10179, 'Chintamala', 408);
INSERT INTO village (id, name, panchayat_id) VALUES (10180, 'Chora', 408);
INSERT INTO village (id, name, panchayat_id) VALUES (10181, 'Dagaravalasa', 408);
INSERT INTO village (id, name, panchayat_id) VALUES (10182, 'Dattivalasa', 408);
INSERT INTO village (id, name, panchayat_id) VALUES (10183, 'Devubutchamma Peta', 408);
INSERT INTO village (id, name, panchayat_id) VALUES (10184, 'Diguvamendangi', 408);
INSERT INTO village (id, name, panchayat_id) VALUES (10185, 'Diguvasembi', 408);
INSERT INTO village (id, name, panchayat_id) VALUES (10186, 'Doliyamba', 408);
INSERT INTO village (id, name, panchayat_id) VALUES (10187, 'Donkalavelaga Valasa', 408);
INSERT INTO village (id, name, panchayat_id) VALUES (10188, 'Dugdasagaram', 408);
INSERT INTO village (id, name, panchayat_id) VALUES (10189, 'Dulibhadra', 408);
INSERT INTO village (id, name, panchayat_id) VALUES (10190, 'Eduladandigam', 408);
INSERT INTO village (id, name, panchayat_id) VALUES (10191, 'Gadilavalasa', 408);
INSERT INTO village (id, name, panchayat_id) VALUES (10192, 'Ganjaibhadra', 408);
INSERT INTO village (id, name, panchayat_id) VALUES (10193, 'Gumadam', 408);
INSERT INTO village (id, name, panchayat_id) VALUES (10194, 'Gunjari', 408);
INSERT INTO village (id, name, panchayat_id) VALUES (10195, 'Gurrapuvalasa', 408);
INSERT INTO village (id, name, panchayat_id) VALUES (10196, 'Guruvinayuni Pedavalasa', 408);
INSERT INTO village (id, name, panchayat_id) VALUES (10197, 'Jaggudoravalasa', 408);
INSERT INTO village (id, name, panchayat_id) VALUES (10198, 'Jeegiram', 408);
INSERT INTO village (id, name, panchayat_id) VALUES (10199, 'Jilleduvalasa', 408);
INSERT INTO village (id, name, panchayat_id) VALUES (10200, 'Kanapalabanda', 408);
INSERT INTO village (id, name, panchayat_id) VALUES (10201, 'Kandulapadam', 408);
INSERT INTO village (id, name, panchayat_id) VALUES (10202, 'Karadavalasa', 408);
INSERT INTO village (id, name, panchayat_id) VALUES (10203, 'Karasuvalasa', 408);
INSERT INTO village (id, name, panchayat_id) VALUES (10204, 'Keerapadu', 408);
INSERT INTO village (id, name, panchayat_id) VALUES (10205, 'Kodama', 408);
INSERT INTO village (id, name, panchayat_id) VALUES (10206, 'Kodukarakavalasa', 408);
INSERT INTO village (id, name, panchayat_id) VALUES (10207, 'Kondakaraka Valasa @ Janavarivalasa', 408);
INSERT INTO village (id, name, panchayat_id) VALUES (10208, 'Kothavalasa', 408);
INSERT INTO village (id, name, panchayat_id) VALUES (10209, 'Kotiya', 408);
INSERT INTO village (id, name, panchayat_id) VALUES (10210, 'Kottuparuvu', 408);
INSERT INTO village (id, name, panchayat_id) VALUES (10211, 'Kudakaru', 408);
INSERT INTO village (id, name, panchayat_id) VALUES (10212, 'Kuddadivalasa', 408);
INSERT INTO village (id, name, panchayat_id) VALUES (10213, 'Kurmarajupeta', 408);
INSERT INTO village (id, name, panchayat_id) VALUES (10214, 'Kurukutti', 408);
INSERT INTO village (id, name, panchayat_id) VALUES (10215, 'Laxmipuram', 408);
INSERT INTO village (id, name, panchayat_id) VALUES (10216, 'Lolingabhadra', 408);
INSERT INTO village (id, name, panchayat_id) VALUES (10217, 'Maipalle', 408);
INSERT INTO village (id, name, panchayat_id) VALUES (10218, 'Maripalle', 408);
INSERT INTO village (id, name, panchayat_id) VALUES (10219, 'Masikachintala Valasa', 408);
INSERT INTO village (id, name, panchayat_id) VALUES (10220, 'Mavudi', 408);
INSERT INTO village (id, name, panchayat_id) VALUES (10221, 'Mirtivalasa', 408);
INSERT INTO village (id, name, panchayat_id) VALUES (10222, 'Mokhasadandigam', 408);
INSERT INTO village (id, name, panchayat_id) VALUES (10223, 'Mokhasamamidi Palle', 408);
INSERT INTO village (id, name, panchayat_id) VALUES (10224, 'Mucherlavalasa', 408);
INSERT INTO village (id, name, panchayat_id) VALUES (10225, 'Mudakaru', 408);
INSERT INTO village (id, name, panchayat_id) VALUES (10226, 'Mudangi', 408);
INSERT INTO village (id, name, panchayat_id) VALUES (10227, 'Mugadavalasa', 408);
INSERT INTO village (id, name, panchayat_id) VALUES (10228, 'Mulakkayavalasa', 408);
INSERT INTO village (id, name, panchayat_id) VALUES (10229, 'Narlavalasa', 408);
INSERT INTO village (id, name, panchayat_id) VALUES (10230, 'Neliparti', 408);
INSERT INTO village (id, name, panchayat_id) VALUES (10231, 'Nimmalapadu', 408);
INSERT INTO village (id, name, panchayat_id) VALUES (10232, 'Pagulachennuru', 408);
INSERT INTO village (id, name, panchayat_id) VALUES (10233, 'Pakeerunayuni Boddavalasa', 408);
INSERT INTO village (id, name, panchayat_id) VALUES (10234, 'Panasalavalasa', 408);
INSERT INTO village (id, name, panchayat_id) VALUES (10235, 'Pandirimamidi Valasa', 408);
INSERT INTO village (id, name, panchayat_id) VALUES (10236, 'Parannavalasa', 408);
INSERT INTO village (id, name, panchayat_id) VALUES (10237, 'Pattuchennuru', 408);
INSERT INTO village (id, name, panchayat_id) VALUES (10238, 'Pedapadam', 408);
INSERT INTO village (id, name, panchayat_id) VALUES (10239, 'Pedapadammutta', 408);
INSERT INTO village (id, name, panchayat_id) VALUES (10240, 'Poyimala', 408);
INSERT INTO village (id, name, panchayat_id) VALUES (10241, 'Purohitunivalasa', 408);
INSERT INTO village (id, name, panchayat_id) VALUES (10242, 'Saluru Village', 408);
INSERT INTO village (id, name, panchayat_id) VALUES (10243, 'Sariki', 408);
INSERT INTO village (id, name, panchayat_id) VALUES (10244, 'Sikhaparuva', 408);
INSERT INTO village (id, name, panchayat_id) VALUES (10245, 'Sirivara', 408);
INSERT INTO village (id, name, panchayat_id) VALUES (10246, 'Sivarampuram', 408);
INSERT INTO village (id, name, panchayat_id) VALUES (10247, 'Solipiguda', 408);
INSERT INTO village (id, name, panchayat_id) VALUES (10248, 'Surapadu @ Kanjupaka', 408);
INSERT INTO village (id, name, panchayat_id) VALUES (10249, 'Teenusamantha Valasa', 408);
INSERT INTO village (id, name, panchayat_id) VALUES (10250, 'Tentuboddavalasa', 408);
INSERT INTO village (id, name, panchayat_id) VALUES (10251, 'Thonam', 408);
INSERT INTO village (id, name, panchayat_id) VALUES (10252, 'Thunda', 408);
INSERT INTO village (id, name, panchayat_id) VALUES (10253, 'Tupakivalasa', 408);
INSERT INTO village (id, name, panchayat_id) VALUES (10254, 'Vallapuram', 408);
INSERT INTO village (id, name, panchayat_id) VALUES (10255, 'Yeguvamendangi', 408);
INSERT INTO village (id, name, panchayat_id) VALUES (10256, 'Yeguvasembi', 408);
INSERT INTO mandal (id, name, constituency_id) VALUES (409, 'Seethampeta', 18);
INSERT INTO panchayat (id, name, mandal_id) VALUES (409, 'Default Panchayat Seethampeta', 409);
INSERT INTO village (id, name, panchayat_id) VALUES (10257, 'Adali', 409);
INSERT INTO village (id, name, panchayat_id) VALUES (10258, 'Addakulaguda', 409);
INSERT INTO village (id, name, panchayat_id) VALUES (10259, 'Antikonda', 409);
INSERT INTO village (id, name, panchayat_id) VALUES (10260, 'Atchaba', 409);
INSERT INTO village (id, name, panchayat_id) VALUES (10261, 'Barna', 409);
INSERT INTO village (id, name, panchayat_id) VALUES (10262, 'Benarai', 409);
INSERT INTO village (id, name, panchayat_id) VALUES (10263, 'Bethupuram', 409);
INSERT INTO village (id, name, panchayat_id) VALUES (10264, 'Bhuchendri', 409);
INSERT INTO village (id, name, panchayat_id) VALUES (10265, 'Bhuthalaguda', 409);
INSERT INTO village (id, name, panchayat_id) VALUES (10266, 'Billumada', 409);
INSERT INTO village (id, name, panchayat_id) VALUES (10267, 'Budagarai', 409);
INSERT INTO village (id, name, panchayat_id) VALUES (10268, 'Chekkapuram', 409);
INSERT INTO village (id, name, panchayat_id) VALUES (10269, 'Chinakamba', 409);
INSERT INTO village (id, name, panchayat_id) VALUES (10270, 'Chinapallanki', 409);
INSERT INTO village (id, name, panchayat_id) VALUES (10271, 'Chinapolla', 409);
INSERT INTO village (id, name, panchayat_id) VALUES (10272, 'Chinarama', 409);
INSERT INTO village (id, name, panchayat_id) VALUES (10273, 'Chinatankidi', 409);
INSERT INTO village (id, name, panchayat_id) VALUES (10274, 'Chinavangara', 409);
INSERT INTO village (id, name, panchayat_id) VALUES (10275, 'Chintada', 409);
INSERT INTO village (id, name, panchayat_id) VALUES (10276, 'Dabara', 409);
INSERT INTO village (id, name, panchayat_id) VALUES (10277, 'Dabara @ Geddaguda', 409);
INSERT INTO village (id, name, panchayat_id) VALUES (10278, 'Danjupai', 409);
INSERT INTO village (id, name, panchayat_id) VALUES (10279, 'Daraba', 409);
INSERT INTO village (id, name, panchayat_id) VALUES (10280, 'Darapadu', 409);
INSERT INTO village (id, name, panchayat_id) VALUES (10281, 'Dasugumada', 409);
INSERT INTO village (id, name, panchayat_id) VALUES (10282, 'Devagiri', 409);
INSERT INTO village (id, name, panchayat_id) VALUES (10283, 'Devanapuram', 409);
INSERT INTO village (id, name, panchayat_id) VALUES (10284, 'Donubai', 409);
INSERT INTO village (id, name, panchayat_id) VALUES (10285, 'Duggi', 409);
INSERT INTO village (id, name, panchayat_id) VALUES (10286, 'Egulada', 409);
INSERT INTO village (id, name, panchayat_id) VALUES (10287, 'Gadidapai', 409);
INSERT INTO village (id, name, panchayat_id) VALUES (10288, 'Gadiguddi', 409);
INSERT INTO village (id, name, panchayat_id) VALUES (10289, 'Gadigujji', 409);
INSERT INTO village (id, name, panchayat_id) VALUES (10290, 'Gadikaram', 409);
INSERT INTO village (id, name, panchayat_id) VALUES (10291, 'Gajali', 409);
INSERT INTO village (id, name, panchayat_id) VALUES (10292, 'Geddakola', 409);
INSERT INTO village (id, name, panchayat_id) VALUES (10293, 'Golukuppa', 409);
INSERT INTO village (id, name, panchayat_id) VALUES (10294, 'Gondi', 409);
INSERT INTO village (id, name, panchayat_id) VALUES (10295, 'Gudangi', 409);
INSERT INTO village (id, name, panchayat_id) VALUES (10296, 'Gujji', 409);
INSERT INTO village (id, name, panchayat_id) VALUES (10297, 'Gulumuru', 409);
INSERT INTO village (id, name, panchayat_id) VALUES (10298, 'Gumada', 409);
INSERT INTO village (id, name, panchayat_id) VALUES (10299, 'Haddubhangi', 409);
INSERT INTO village (id, name, panchayat_id) VALUES (10300, 'Jagathipalle', 409);
INSERT INTO village (id, name, panchayat_id) VALUES (10301, 'Jajjuva', 409);
INSERT INTO village (id, name, panchayat_id) VALUES (10302, 'Jallara', 409);
INSERT INTO village (id, name, panchayat_id) VALUES (10303, 'Jayapuram', 409);
INSERT INTO village (id, name, panchayat_id) VALUES (10304, 'Jilledupadu', 409);
INSERT INTO village (id, name, panchayat_id) VALUES (10305, 'Jonaga', 409);
INSERT INTO village (id, name, panchayat_id) VALUES (10306, 'Kadagandi', 409);
INSERT INTO village (id, name, panchayat_id) VALUES (10307, 'Kandisa', 409);
INSERT INTO village (id, name, panchayat_id) VALUES (10308, 'Karem', 409);
INSERT INTO village (id, name, panchayat_id) VALUES (10309, 'Keesaraijodu', 409);
INSERT INTO village (id, name, panchayat_id) VALUES (10310, 'Killada', 409);
INSERT INTO village (id, name, panchayat_id) VALUES (10311, 'Kindangi', 409);
INSERT INTO village (id, name, panchayat_id) VALUES (10312, 'Kirapa', 409);
INSERT INTO village (id, name, panchayat_id) VALUES (10313, 'Kodisa', 409);
INSERT INTO village (id, name, panchayat_id) VALUES (10314, 'Kodula Veeraghattam', 409);
INSERT INTO village (id, name, panchayat_id) VALUES (10315, 'Kondachorlangi', 409);
INSERT INTO village (id, name, panchayat_id) VALUES (10316, 'Kondapeta', 409);
INSERT INTO village (id, name, panchayat_id) VALUES (10317, 'Kopuvalasa', 409);
INSERT INTO village (id, name, panchayat_id) VALUES (10318, 'Kosangi', 409);
INSERT INTO village (id, name, panchayat_id) VALUES (10319, 'Kothakota', 409);
INSERT INTO village (id, name, panchayat_id) VALUES (10320, 'Kotham', 409);
INSERT INTO village (id, name, panchayat_id) VALUES (10321, 'Kuddapalle', 409);
INSERT INTO village (id, name, panchayat_id) VALUES (10322, 'Kumbhi', 409);
INSERT INTO village (id, name, panchayat_id) VALUES (10323, 'Kurusingi', 409);
INSERT INTO village (id, name, panchayat_id) VALUES (10324, 'Kusimi', 409);
INSERT INTO village (id, name, panchayat_id) VALUES (10325, 'Kusumuru', 409);
INSERT INTO village (id, name, panchayat_id) VALUES (10326, 'Lokothavalasa', 409);
INSERT INTO village (id, name, panchayat_id) VALUES (10327, 'Manapuram', 409);
INSERT INTO village (id, name, panchayat_id) VALUES (10328, 'Manda', 409);
INSERT INTO village (id, name, panchayat_id) VALUES (10329, 'Marripadu', 409);
INSERT INTO village (id, name, panchayat_id) VALUES (10330, 'Meenakota', 409);
INSERT INTO village (id, name, panchayat_id) VALUES (10331, 'Mekava', 409);
INSERT INTO village (id, name, panchayat_id) VALUES (10332, 'Mutyalu', 409);
INSERT INTO village (id, name, panchayat_id) VALUES (10333, 'Narandasupeta', 409);
INSERT INTO village (id, name, panchayat_id) VALUES (10334, 'Nowgada', 409);
INSERT INTO village (id, name, panchayat_id) VALUES (10335, 'Panukuvalasa', 409);
INSERT INTO village (id, name, panchayat_id) VALUES (10336, 'Pedakamba', 409);
INSERT INTO village (id, name, panchayat_id) VALUES (10337, 'Pedapallanki', 409);
INSERT INTO village (id, name, panchayat_id) VALUES (10338, 'Pedapolla', 409);
INSERT INTO village (id, name, panchayat_id) VALUES (10339, 'Pedarama', 409);
INSERT INTO village (id, name, panchayat_id) VALUES (10340, 'Pedatankidi', 409);
INSERT INTO village (id, name, panchayat_id) VALUES (10341, 'Pedavangara', 409);
INSERT INTO village (id, name, panchayat_id) VALUES (10342, 'Pedduru', 409);
INSERT INTO village (id, name, panchayat_id) VALUES (10343, 'Ponjada', 409);
INSERT INTO village (id, name, panchayat_id) VALUES (10344, 'Pubbada', 409);
INSERT INTO village (id, name, panchayat_id) VALUES (10345, 'Puliputti', 409);
INSERT INTO village (id, name, panchayat_id) VALUES (10346, 'Raikurudu', 409);
INSERT INTO village (id, name, panchayat_id) VALUES (10347, 'Ramanagaram', 409);
INSERT INTO village (id, name, panchayat_id) VALUES (10348, 'Rasoolpeta', 409);
INSERT INTO village (id, name, panchayat_id) VALUES (10349, 'Rupai', 409);
INSERT INTO village (id, name, panchayat_id) VALUES (10350, 'Samarelli', 409);
INSERT INTO village (id, name, panchayat_id) VALUES (10351, 'Sambham', 409);
INSERT INTO village (id, name, panchayat_id) VALUES (10352, 'Santhamalli @ Pedamalli', 409);
INSERT INTO village (id, name, panchayat_id) VALUES (10353, 'Sara', 409);
INSERT INTO village (id, name, panchayat_id) VALUES (10354, 'Sarangi', 409);
INSERT INTO village (id, name, panchayat_id) VALUES (10355, 'Savaragondi', 409);
INSERT INTO village (id, name, panchayat_id) VALUES (10356, 'Seedhi', 409);
INSERT INTO village (id, name, panchayat_id) VALUES (10357, 'Seethampeta', 409);
INSERT INTO village (id, name, panchayat_id) VALUES (10358, 'Silagam', 409);
INSERT INTO village (id, name, panchayat_id) VALUES (10359, 'Somagandi', 409);
INSERT INTO village (id, name, panchayat_id) VALUES (10360, 'Tadipai', 409);
INSERT INTO village (id, name, panchayat_id) VALUES (10361, 'Talada', 409);
INSERT INTO village (id, name, panchayat_id) VALUES (10362, 'Tanginibhadra', 409);
INSERT INTO village (id, name, panchayat_id) VALUES (10363, 'Thottadi', 409);
INSERT INTO village (id, name, panchayat_id) VALUES (10364, 'Titukupai', 409);
INSERT INTO village (id, name, panchayat_id) VALUES (10365, 'Tumbakonda', 409);
INSERT INTO village (id, name, panchayat_id) VALUES (10366, 'Tumbali', 409);
INSERT INTO village (id, name, panchayat_id) VALUES (10367, 'Turaipuvalasa', 409);
INSERT INTO village (id, name, panchayat_id) VALUES (10368, 'Vajjaiguda', 409);
INSERT INTO village (id, name, panchayat_id) VALUES (10369, 'Valagedda', 409);
INSERT INTO village (id, name, panchayat_id) VALUES (10370, 'Vambarilli', 409);
INSERT INTO village (id, name, panchayat_id) VALUES (10371, 'Vandrajola', 409);
INSERT INTO village (id, name, panchayat_id) VALUES (10372, 'Velagapuram', 409);
INSERT INTO village (id, name, panchayat_id) VALUES (10373, 'Waba', 409);
INSERT INTO village (id, name, panchayat_id) VALUES (10374, 'Yenugupeta', 409);
INSERT INTO village (id, name, panchayat_id) VALUES (10375, 'Antipeta', 179);
INSERT INTO village (id, name, panchayat_id) VALUES (10376, 'Baggamdhoravalasa', 179);
INSERT INTO village (id, name, panchayat_id) VALUES (10377, 'Bakkupeta', 179);
INSERT INTO village (id, name, panchayat_id) VALUES (10378, 'Ballakrishnapuram', 179);
INSERT INTO village (id, name, panchayat_id) VALUES (10379, 'Buddipeta', 179);
INSERT INTO village (id, name, panchayat_id) VALUES (10380, 'Burja', 179);
INSERT INTO village (id, name, panchayat_id) VALUES (10381, 'Chinabhogila', 179);
INSERT INTO village (id, name, panchayat_id) VALUES (10382, 'Chinankalam', 179);
INSERT INTO village (id, name, panchayat_id) VALUES (10383, 'Chinnarayudupeta', 179);
INSERT INTO village (id, name, panchayat_id) VALUES (10384, 'Dayanidhipuram', 179);
INSERT INTO village (id, name, panchayat_id) VALUES (10385, 'Gadelavalasa', 179);
INSERT INTO village (id, name, panchayat_id) VALUES (10386, 'Gangarajapuram', 179);
INSERT INTO village (id, name, panchayat_id) VALUES (10387, 'Geddaluppi', 179);
INSERT INTO village (id, name, panchayat_id) VALUES (10388, 'Gutchimi', 179);
INSERT INTO village (id, name, panchayat_id) VALUES (10389, 'Ippalavalasa', 179);
INSERT INTO village (id, name, panchayat_id) VALUES (10390, 'Jagannadhapuram', 179);
INSERT INTO village (id, name, panchayat_id) VALUES (10391, 'Janthirayapuram', 179);
INSERT INTO village (id, name, panchayat_id) VALUES (10392, 'Janumulluvalasa', 179);
INSERT INTO village (id, name, panchayat_id) VALUES (10393, 'Jogimpeta', 179);
INSERT INTO village (id, name, panchayat_id) VALUES (10394, 'Kasapeta', 179);
INSERT INTO village (id, name, panchayat_id) VALUES (10395, 'Kothavalasa', 179);
INSERT INTO village (id, name, panchayat_id) VALUES (10396, 'Krishnarayapuram', 179);
INSERT INTO village (id, name, panchayat_id) VALUES (10397, 'K.Seetharampuram', 179);
INSERT INTO village (id, name, panchayat_id) VALUES (10398, 'Lakshmipuram', 179);
INSERT INTO village (id, name, panchayat_id) VALUES (10399, 'Latchayyapeta', 179);
INSERT INTO village (id, name, panchayat_id) VALUES (10400, 'Maripivalasa', 179);
INSERT INTO village (id, name, panchayat_id) VALUES (10401, 'Neelakantapuram', 179);
INSERT INTO village (id, name, panchayat_id) VALUES (10402, 'Nidagallu', 179);
INSERT INTO village (id, name, panchayat_id) VALUES (10403, 'Panukupeta', 179);
INSERT INTO village (id, name, panchayat_id) VALUES (10404, 'Papammavalasa', 179);
INSERT INTO village (id, name, panchayat_id) VALUES (10405, 'Pedabhogila', 179);
INSERT INTO village (id, name, panchayat_id) VALUES (10406, 'Pedankalam', 179);
INSERT INTO village (id, name, panchayat_id) VALUES (10407, 'Punubutchampeta', 179);
INSERT INTO village (id, name, panchayat_id) VALUES (10408, 'Ramavaram', 179);
INSERT INTO village (id, name, panchayat_id) VALUES (10409, 'Rangampeta', 179);
INSERT INTO village (id, name, panchayat_id) VALUES (10410, 'Repativalasa', 179);
INSERT INTO village (id, name, panchayat_id) VALUES (10411, 'R.Venkampeta', 179);
INSERT INTO village (id, name, panchayat_id) VALUES (10412, 'Seetharampuram (Near) Subhadra', 179);
INSERT INTO village (id, name, panchayat_id) VALUES (10413, 'Sumitrapuram', 179);
INSERT INTO village (id, name, panchayat_id) VALUES (10414, 'Surammapeta', 179);
INSERT INTO village (id, name, panchayat_id) VALUES (10415, 'Thamarakhandi', 179);
INSERT INTO village (id, name, panchayat_id) VALUES (10416, 'Venkatapuram', 179);
INSERT INTO village (id, name, panchayat_id) VALUES (10417, 'Vennelabutchampeta', 179);
INSERT INTO mandal (id, name, constituency_id) VALUES (410, 'Veeraghattam', 18);
INSERT INTO panchayat (id, name, mandal_id) VALUES (410, 'Default Panchayat Veeraghattam', 410);
INSERT INTO village (id, name, panchayat_id) VALUES (10418, 'Adaru', 410);
INSERT INTO village (id, name, panchayat_id) VALUES (10419, 'Bitiwada', 410);
INSERT INTO village (id, name, panchayat_id) VALUES (10420, 'Bodlapadu', 410);
INSERT INTO village (id, name, panchayat_id) VALUES (10421, 'Buruga', 410);
INSERT INTO village (id, name, panchayat_id) VALUES (10422, 'Chalivendri', 410);
INSERT INTO village (id, name, panchayat_id) VALUES (10423, 'Chebiyyam Valasa', 410);
INSERT INTO village (id, name, panchayat_id) VALUES (10424, 'Chidimi', 410);
INSERT INTO village (id, name, panchayat_id) VALUES (10425, 'Chidimidari Seetharamarajupeta', 410);
INSERT INTO village (id, name, panchayat_id) VALUES (10426, 'Chinagora', 410);
INSERT INTO village (id, name, panchayat_id) VALUES (10427, 'Chittipudivalasa', 410);
INSERT INTO village (id, name, panchayat_id) VALUES (10428, 'Dasumantha Puram', 410);
INSERT INTO village (id, name, panchayat_id) VALUES (10429, 'Deppivalasa', 410);
INSERT INTO village (id, name, panchayat_id) VALUES (10430, 'Gadagamma', 410);
INSERT INTO village (id, name, panchayat_id) VALUES (10431, 'Hussain Puram', 410);
INSERT INTO village (id, name, panchayat_id) VALUES (10432, 'Jirayathi Gopalapuram', 410);
INSERT INTO village (id, name, panchayat_id) VALUES (10433, 'Kadakella', 410);
INSERT INTO village (id, name, panchayat_id) VALUES (10434, 'Kambara', 410);
INSERT INTO village (id, name, panchayat_id) VALUES (10435, 'Kattulakaviti', 410);
INSERT INTO village (id, name, panchayat_id) VALUES (10436, 'Kimmi', 410);
INSERT INTO village (id, name, panchayat_id) VALUES (10437, 'Koncha', 410);
INSERT INTO village (id, name, panchayat_id) VALUES (10438, 'Kottugumada', 410);
INSERT INTO village (id, name, panchayat_id) VALUES (10439, 'Kumbidi Ichapuram', 410);
INSERT INTO village (id, name, panchayat_id) VALUES (10440, 'Kummarigunta', 410);
INSERT INTO village (id, name, panchayat_id) VALUES (10441, 'Modatikella', 410);
INSERT INTO village (id, name, panchayat_id) VALUES (10442, 'Mokasharajapuram', 410);
INSERT INTO village (id, name, panchayat_id) VALUES (10443, 'Nadimikella', 410);
INSERT INTO village (id, name, panchayat_id) VALUES (10444, 'Nadukuru', 410);
INSERT INTO village (id, name, panchayat_id) VALUES (10445, 'Narsipuram', 410);
INSERT INTO village (id, name, panchayat_id) VALUES (10446, 'Neelanagaram', 410);
INSERT INTO village (id, name, panchayat_id) VALUES (10447, 'Palametta Viziaramapuram', 410);
INSERT INTO village (id, name, panchayat_id) VALUES (10448, 'Panasanandivada', 410);
INSERT INTO village (id, name, panchayat_id) VALUES (10449, 'Pedduru', 410);
INSERT INTO village (id, name, panchayat_id) VALUES (10450, 'Regulapadu', 410);
INSERT INTO village (id, name, panchayat_id) VALUES (10451, 'Srihari Puram', 410);
INSERT INTO village (id, name, panchayat_id) VALUES (10452, 'Talavaram', 410);
INSERT INTO village (id, name, panchayat_id) VALUES (10453, 'Tettangi', 410);
INSERT INTO village (id, name, panchayat_id) VALUES (10454, 'Tudi', 410);
INSERT INTO village (id, name, panchayat_id) VALUES (10455, 'Vanduva', 410);
INSERT INTO village (id, name, panchayat_id) VALUES (10456, 'Veeraghattam', 410);
INSERT INTO village (id, name, panchayat_id) VALUES (10457, 'Vikrampuram', 410);
INSERT INTO village (id, name, panchayat_id) VALUES (10458, 'V. Venkampeta', 410);
INSERT INTO district (id, name, state_id) VALUES (19, 'Polavaram', 1);
INSERT INTO constituency (id, name, district_id, mla_name, mp_name) VALUES (19, 'Default Constituency Polavaram', 19, 'Pending MLA', 'Pending MP');
INSERT INTO mandal (id, name, constituency_id) VALUES (411, 'Addateegala', 19);
INSERT INTO panchayat (id, name, mandal_id) VALUES (411, 'Default Panchayat Addateegala', 411);
INSERT INTO village (id, name, panchayat_id) VALUES (10459, 'Addateegala', 411);
INSERT INTO village (id, name, panchayat_id) VALUES (10460, 'Anigeru', 411);
INSERT INTO village (id, name, panchayat_id) VALUES (10461, 'Annampalem', 411);
INSERT INTO village (id, name, panchayat_id) VALUES (10462, 'Anukulapalem', 411);
INSERT INTO village (id, name, panchayat_id) VALUES (10463, 'Atchiyyapeta', 411);
INSERT INTO village (id, name, panchayat_id) VALUES (10464, 'Badadam', 411);
INSERT INTO village (id, name, panchayat_id) VALUES (10465, 'Bandakonda', 411);
INSERT INTO village (id, name, panchayat_id) VALUES (10466, 'Bandamamillu', 411);
INSERT INTO village (id, name, panchayat_id) VALUES (10467, 'Bhimavaram', 411);
INSERT INTO village (id, name, panchayat_id) VALUES (10468, 'Bhimudupakalu', 411);
INSERT INTO village (id, name, panchayat_id) VALUES (10469, 'Bodlanka', 411);
INSERT INTO village (id, name, panchayat_id) VALUES (10470, 'Chakirevula', 411);
INSERT INTO village (id, name, panchayat_id) VALUES (10471, 'Chaparatipalem', 411);
INSERT INTO village (id, name, panchayat_id) VALUES (10472, 'Chikkapugedda', 411);
INSERT INTO village (id, name, panchayat_id) VALUES (10473, 'Chinamunakanagedda', 411);
INSERT INTO village (id, name, panchayat_id) VALUES (10474, 'Chinavadisakarra', 411);
INSERT INTO village (id, name, panchayat_id) VALUES (10475, 'Chinna Addateegala', 411);
INSERT INTO village (id, name, panchayat_id) VALUES (10476, 'Chinnampadu', 411);
INSERT INTO village (id, name, panchayat_id) VALUES (10477, 'Chodavaram', 411);
INSERT INTO village (id, name, panchayat_id) VALUES (10478, 'Choppanagadda', 411);
INSERT INTO village (id, name, panchayat_id) VALUES (10479, 'Dabbapalem', 411);
INSERT INTO village (id, name, panchayat_id) VALUES (10480, 'Dakodu', 411);
INSERT INTO village (id, name, panchayat_id) VALUES (10481, 'D. Ammapeta', 411);
INSERT INTO village (id, name, panchayat_id) VALUES (10482, 'Darsinuthula @ Regulapadu', 411);
INSERT INTO village (id, name, panchayat_id) VALUES (10483, 'Dhanayampalem', 411);
INSERT INTO village (id, name, panchayat_id) VALUES (10484, 'D. Kothuru', 411);
INSERT INTO village (id, name, panchayat_id) VALUES (10485, 'D. Krishnavaram', 411);
INSERT INTO village (id, name, panchayat_id) VALUES (10486, 'Doddivaka', 411);
INSERT INTO village (id, name, panchayat_id) VALUES (10487, 'Dokkapalem', 411);
INSERT INTO village (id, name, panchayat_id) VALUES (10488, 'Doramamidi', 411);
INSERT INTO village (id, name, panchayat_id) VALUES (10489, 'D. Pinjarikonda', 411);
INSERT INTO village (id, name, panchayat_id) VALUES (10490, 'D. Ramavaram', 411);
INSERT INTO village (id, name, panchayat_id) VALUES (10491, 'Ducherthi', 411);
INSERT INTO village (id, name, panchayat_id) VALUES (10492, 'Duppalapalem', 411);
INSERT INTO village (id, name, panchayat_id) VALUES (10493, 'Gadichinnampalem', 411);
INSERT INTO village (id, name, panchayat_id) VALUES (10494, 'Gangampalem', 411);
INSERT INTO village (id, name, panchayat_id) VALUES (10495, 'Gavarayyapeta', 411);
INSERT INTO village (id, name, panchayat_id) VALUES (10496, 'Gondolu', 411);
INSERT INTO village (id, name, panchayat_id) VALUES (10497, 'Gontuvanipalem', 411);
INSERT INTO village (id, name, panchayat_id) VALUES (10498, 'Gottilapadu', 411);
INSERT INTO village (id, name, panchayat_id) VALUES (10499, 'Jajipalem', 411);
INSERT INTO village (id, name, panchayat_id) VALUES (10500, 'Jalluru', 411);
INSERT INTO village (id, name, panchayat_id) VALUES (10501, 'Jayachintalapalem', 411);
INSERT INTO village (id, name, panchayat_id) VALUES (10502, 'Kalimamidi', 411);
INSERT INTO village (id, name, panchayat_id) VALUES (10503, 'Kimmuru', 411);
INSERT INTO village (id, name, panchayat_id) VALUES (10504, 'Kinaparti', 411);
INSERT INTO village (id, name, panchayat_id) VALUES (10505, 'Konalova', 411);
INSERT INTO village (id, name, panchayat_id) VALUES (10506, 'Kothurupadu', 411);
INSERT INTO village (id, name, panchayat_id) VALUES (10507, 'Kottampalem', 411);
INSERT INTO village (id, name, panchayat_id) VALUES (10508, 'Kovelapalem', 411);
INSERT INTO village (id, name, panchayat_id) VALUES (10509, 'Languparti', 411);
INSERT INTO village (id, name, panchayat_id) VALUES (10510, 'Latchireddipalem', 411);
INSERT INTO village (id, name, panchayat_id) VALUES (10511, 'Makaram', 411);
INSERT INTO village (id, name, panchayat_id) VALUES (10512, 'Mallavaram Mamillu', 411);
INSERT INTO village (id, name, panchayat_id) VALUES (10513, 'Mamidipalem', 411);
INSERT INTO village (id, name, panchayat_id) VALUES (10514, 'Matlapadu', 411);
INSERT INTO village (id, name, panchayat_id) VALUES (10515, 'Mitlapalem', 411);
INSERT INTO village (id, name, panchayat_id) VALUES (10516, 'Mulakayala Bhimavaram', 411);
INSERT INTO village (id, name, panchayat_id) VALUES (10517, 'Nadimpalem', 411);
INSERT INTO village (id, name, panchayat_id) VALUES (10518, 'Nimmalapalem', 411);
INSERT INTO village (id, name, panchayat_id) VALUES (10519, 'Nukarai', 411);
INSERT INTO village (id, name, panchayat_id) VALUES (10520, 'Paidiputtapadu', 411);
INSERT INTO village (id, name, panchayat_id) VALUES (10521, 'Panasaloddi', 411);
INSERT INTO village (id, name, panchayat_id) VALUES (10522, 'Panukuratipalem', 411);
INSERT INTO village (id, name, panchayat_id) VALUES (10523, 'Papampeta', 411);
INSERT INTO village (id, name, panchayat_id) VALUES (10524, 'Pedamunakanagedda', 411);
INSERT INTO village (id, name, panchayat_id) VALUES (10525, 'Peddavadisakarra', 411);
INSERT INTO village (id, name, panchayat_id) VALUES (10526, 'Penikelapadu', 411);
INSERT INTO village (id, name, panchayat_id) VALUES (10527, 'Pothuluru', 411);
INSERT INTO village (id, name, panchayat_id) VALUES (10528, 'Puligogulapadu', 411);
INSERT INTO village (id, name, panchayat_id) VALUES (10529, 'Rajanagaram', 411);
INSERT INTO village (id, name, panchayat_id) VALUES (10530, 'Rajavaram', 411);
INSERT INTO village (id, name, panchayat_id) VALUES (10531, 'Ratnampalem', 411);
INSERT INTO village (id, name, panchayat_id) VALUES (10532, 'Ravigudem', 411);
INSERT INTO village (id, name, panchayat_id) VALUES (10533, 'Ravulapalem', 411);
INSERT INTO village (id, name, panchayat_id) VALUES (10534, 'Rayapalle', 411);
INSERT INTO village (id, name, panchayat_id) VALUES (10535, 'Rollagedda', 411);
INSERT INTO village (id, name, panchayat_id) VALUES (10536, 'Sarampeta', 411);
INSERT INTO village (id, name, panchayat_id) VALUES (10537, 'Sarampetapadu', 411);
INSERT INTO village (id, name, panchayat_id) VALUES (10538, 'Seetharam', 411);
INSERT INTO village (id, name, panchayat_id) VALUES (10539, 'Settipalle', 411);
INSERT INTO village (id, name, panchayat_id) VALUES (10540, 'Somannapalem', 411);
INSERT INTO village (id, name, panchayat_id) VALUES (10541, 'Thimmapuram', 411);
INSERT INTO village (id, name, panchayat_id) VALUES (10542, 'Thungamadugula', 411);
INSERT INTO village (id, name, panchayat_id) VALUES (10543, 'Tirumalawada', 411);
INSERT INTO village (id, name, panchayat_id) VALUES (10544, 'Tiyyamamidi', 411);
INSERT INTO village (id, name, panchayat_id) VALUES (10545, 'Uligogula', 411);
INSERT INTO village (id, name, panchayat_id) VALUES (10546, 'Uppalapadu', 411);
INSERT INTO village (id, name, panchayat_id) VALUES (10547, 'Vangalamadugu', 411);
INSERT INTO village (id, name, panchayat_id) VALUES (10548, 'Vedullakonda', 411);
INSERT INTO village (id, name, panchayat_id) VALUES (10549, 'Veerabhadrapuram', 411);
INSERT INTO village (id, name, panchayat_id) VALUES (10550, 'Veeravaram', 411);
INSERT INTO village (id, name, panchayat_id) VALUES (10551, 'Venkatanagaram', 411);
INSERT INTO village (id, name, panchayat_id) VALUES (10552, 'Vetamamidi', 411);
INSERT INTO village (id, name, panchayat_id) VALUES (10553, 'Vutlapalem', 411);
INSERT INTO village (id, name, panchayat_id) VALUES (10554, 'Yellapuram', 411);
INSERT INTO village (id, name, panchayat_id) VALUES (10555, 'Yellavaram', 411);
INSERT INTO mandal (id, name, constituency_id) VALUES (412, 'Chinturu', 19);
INSERT INTO panchayat (id, name, mandal_id) VALUES (412, 'Default Panchayat Chinturu', 412);
INSERT INTO village (id, name, panchayat_id) VALUES (10556, 'Agraharapu Koderu', 412);
INSERT INTO village (id, name, panchayat_id) VALUES (10557, 'Ahmmadalipeta', 412);
INSERT INTO village (id, name, panchayat_id) VALUES (10558, 'Alligudem', 412);
INSERT INTO village (id, name, panchayat_id) VALUES (10559, 'Balimela', 412);
INSERT INTO village (id, name, panchayat_id) VALUES (10560, 'Bandigumpu', 412);
INSERT INTO village (id, name, panchayat_id) VALUES (10561, 'Boddugudem', 412);
INSERT INTO village (id, name, panchayat_id) VALUES (10562, 'Burakanakota', 412);
INSERT INTO village (id, name, panchayat_id) VALUES (10563, 'Chadalavada', 412);
INSERT INTO village (id, name, panchayat_id) VALUES (10564, 'Chatti', 412);
INSERT INTO village (id, name, panchayat_id) VALUES (10565, 'Chidumurum', 412);
INSERT INTO village (id, name, panchayat_id) VALUES (10566, 'Chinna Seethannapalle', 412);
INSERT INTO village (id, name, panchayat_id) VALUES (10567, 'Chintur', 412);
INSERT INTO village (id, name, panchayat_id) VALUES (10568, 'Choppumamide', 412);
INSERT INTO village (id, name, panchayat_id) VALUES (10569, 'Chowluru', 412);
INSERT INTO village (id, name, panchayat_id) VALUES (10570, 'Chutur', 412);
INSERT INTO village (id, name, panchayat_id) VALUES (10571, 'Devarapalle', 412);
INSERT INTO village (id, name, panchayat_id) VALUES (10572, 'Dondagudem', 412);
INSERT INTO village (id, name, panchayat_id) VALUES (10573, 'Dongala Jaggaram', 412);
INSERT INTO village (id, name, panchayat_id) VALUES (10574, 'Gamallakota', 412);
INSERT INTO village (id, name, panchayat_id) VALUES (10575, 'Ganganametta', 412);
INSERT INTO village (id, name, panchayat_id) VALUES (10576, 'Gondigudem', 412);
INSERT INTO village (id, name, panchayat_id) VALUES (10577, 'Gopanapalle', 412);
INSERT INTO village (id, name, panchayat_id) VALUES (10578, 'Guduru', 412);
INSERT INTO village (id, name, panchayat_id) VALUES (10579, 'Irkampeta', 412);
INSERT INTO village (id, name, panchayat_id) VALUES (10580, 'Jalliwada', 412);
INSERT INTO village (id, name, panchayat_id) VALUES (10581, 'Kalleru', 412);
INSERT INTO village (id, name, panchayat_id) VALUES (10582, 'Kannapuram', 412);
INSERT INTO village (id, name, panchayat_id) VALUES (10583, 'Kannayagudem', 412);
INSERT INTO village (id, name, panchayat_id) VALUES (10584, 'Kansuluru', 412);
INSERT INTO village (id, name, panchayat_id) VALUES (10585, 'Katukapalle', 412);
INSERT INTO village (id, name, panchayat_id) VALUES (10586, 'Kesaram', 412);
INSERT INTO village (id, name, panchayat_id) VALUES (10587, 'Kolthuru', 412);
INSERT INTO village (id, name, panchayat_id) VALUES (10588, 'Kondapalle', 412);
INSERT INTO village (id, name, panchayat_id) VALUES (10589, 'Kothapalle', 412);
INSERT INTO village (id, name, panchayat_id) VALUES (10590, 'Kothuru', 412);
INSERT INTO village (id, name, panchayat_id) VALUES (10591, 'Kummuru', 412);
INSERT INTO village (id, name, panchayat_id) VALUES (10592, 'Kuyuguru', 412);
INSERT INTO village (id, name, panchayat_id) VALUES (10593, 'Lachigudem', 412);
INSERT INTO village (id, name, panchayat_id) VALUES (10594, 'Lakkagudem', 412);
INSERT INTO village (id, name, panchayat_id) VALUES (10595, 'Lakkavaram', 412);
INSERT INTO village (id, name, panchayat_id) VALUES (10596, 'Lakshmipuram', 412);
INSERT INTO village (id, name, panchayat_id) VALUES (10597, 'Maddigudem', 412);
INSERT INTO village (id, name, panchayat_id) VALUES (10598, 'Maddilameda', 412);
INSERT INTO village (id, name, panchayat_id) VALUES (10599, 'Madugur', 412);
INSERT INTO village (id, name, panchayat_id) VALUES (10600, 'Mallampeta', 412);
INSERT INTO village (id, name, panchayat_id) VALUES (10601, 'Mallethota', 412);
INSERT INTO village (id, name, panchayat_id) VALUES (10602, 'Markandeyula Peta', 412);
INSERT INTO village (id, name, panchayat_id) VALUES (10603, 'Marrimaddi', 412);
INSERT INTO village (id, name, panchayat_id) VALUES (10604, 'Mittavada', 412);
INSERT INTO village (id, name, panchayat_id) VALUES (10605, 'Mothugudem', 412);
INSERT INTO village (id, name, panchayat_id) VALUES (10606, 'Mukkunuru', 412);
INSERT INTO village (id, name, panchayat_id) VALUES (10607, 'Narakonda', 412);
INSERT INTO village (id, name, panchayat_id) VALUES (10608, 'Narayanapuram', 412);
INSERT INTO village (id, name, panchayat_id) VALUES (10609, 'Narsimhapuram', 412);
INSERT INTO village (id, name, panchayat_id) VALUES (10610, 'Narsingapeta', 412);
INSERT INTO village (id, name, panchayat_id) VALUES (10611, 'Nelakota', 412);
INSERT INTO village (id, name, panchayat_id) VALUES (10612, 'Palagudem', 412);
INSERT INTO village (id, name, panchayat_id) VALUES (10613, 'Pedda Seetanapalle', 412);
INSERT INTO village (id, name, panchayat_id) VALUES (10614, 'Pega', 412);
INSERT INTO village (id, name, panchayat_id) VALUES (10615, 'Pothanapalle', 412);
INSERT INTO village (id, name, panchayat_id) VALUES (10616, 'Ramannapalem', 412);
INSERT INTO village (id, name, panchayat_id) VALUES (10617, 'Ratnapuram', 412);
INSERT INTO village (id, name, panchayat_id) VALUES (10618, 'Sarivela', 412);
INSERT INTO village (id, name, panchayat_id) VALUES (10619, 'Sigannagudem', 412);
INSERT INTO village (id, name, panchayat_id) VALUES (10620, 'Sirasanapalle', 412);
INSERT INTO village (id, name, panchayat_id) VALUES (10621, 'Stafordpeta', 412);
INSERT INTO village (id, name, panchayat_id) VALUES (10622, 'Suddagudem', 412);
INSERT INTO village (id, name, panchayat_id) VALUES (10623, 'Surakunta', 412);
INSERT INTO village (id, name, panchayat_id) VALUES (10624, 'Surannagandi', 412);
INSERT INTO village (id, name, panchayat_id) VALUES (10625, 'Suravada', 412);
INSERT INTO village (id, name, panchayat_id) VALUES (10626, 'Tatilanka', 412);
INSERT INTO village (id, name, panchayat_id) VALUES (10627, 'Tatiyakulagudem', 412);
INSERT INTO village (id, name, panchayat_id) VALUES (10628, 'Thulasipakalu', 412);
INSERT INTO village (id, name, panchayat_id) VALUES (10629, 'Thummargudem', 412);
INSERT INTO village (id, name, panchayat_id) VALUES (10630, 'Tulugonda', 412);
INSERT INTO village (id, name, panchayat_id) VALUES (10631, 'Tummala', 412);
INSERT INTO village (id, name, panchayat_id) VALUES (10632, 'Tustigudem', 412);
INSERT INTO village (id, name, panchayat_id) VALUES (10633, 'Ulumuru', 412);
INSERT INTO village (id, name, panchayat_id) VALUES (10634, 'Uppanapalle', 412);
INSERT INTO village (id, name, panchayat_id) VALUES (10635, 'Uppanapalle Gattu', 412);
INSERT INTO village (id, name, panchayat_id) VALUES (10636, 'Vegithota', 412);
INSERT INTO village (id, name, panchayat_id) VALUES (10637, 'Vemulrai', 412);
INSERT INTO village (id, name, panchayat_id) VALUES (10638, 'Venkagudem', 412);
INSERT INTO village (id, name, panchayat_id) VALUES (10639, 'Venkatrampuram', 412);
INSERT INTO village (id, name, panchayat_id) VALUES (10640, 'Vepala Padu', 412);
INSERT INTO village (id, name, panchayat_id) VALUES (10641, 'Vinayakapuram', 412);
INSERT INTO village (id, name, panchayat_id) VALUES (10642, 'Yedugurallapalle', 412);
INSERT INTO village (id, name, panchayat_id) VALUES (10643, 'Yerrakondapakalu', 412);
INSERT INTO village (id, name, panchayat_id) VALUES (10644, 'Yerrampeta', 412);
INSERT INTO village (id, name, panchayat_id) VALUES (10645, 'Yeruvada', 412);
INSERT INTO mandal (id, name, constituency_id) VALUES (413, 'Devipatnam', 19);
INSERT INTO panchayat (id, name, mandal_id) VALUES (413, 'Default Panchayat Devipatnam', 413);
INSERT INTO village (id, name, panchayat_id) VALUES (10646, 'Anguluru', 413);
INSERT INTO village (id, name, panchayat_id) VALUES (10647, 'A. Veeravaram', 413);
INSERT INTO village (id, name, panchayat_id) VALUES (10648, 'China Ramanayyapeta', 413);
INSERT INTO village (id, name, panchayat_id) VALUES (10649, 'Chintalagudem', 413);
INSERT INTO village (id, name, panchayat_id) VALUES (10650, 'Choppakonda', 413);
INSERT INTO village (id, name, panchayat_id) VALUES (10651, 'Damanapalle', 413);
INSERT INTO village (id, name, panchayat_id) VALUES (10652, 'Dandangi', 413);
INSERT INTO village (id, name, panchayat_id) VALUES (10653, 'Devaram', 413);
INSERT INTO village (id, name, panchayat_id) VALUES (10654, 'Devipatnam', 413);
INSERT INTO village (id, name, panchayat_id) VALUES (10655, 'Donalanka', 413);
INSERT INTO village (id, name, panchayat_id) VALUES (10656, 'Gangavaram', 413);
INSERT INTO village (id, name, panchayat_id) VALUES (10657, 'Ganugulagondi', 413);
INSERT INTO village (id, name, panchayat_id) VALUES (10658, 'Gonduru', 413);
INSERT INTO village (id, name, panchayat_id) VALUES (10659, 'Gumpanapalle', 413);
INSERT INTO village (id, name, panchayat_id) VALUES (10660, 'Indukuru', 413);
INSERT INTO village (id, name, panchayat_id) VALUES (10661, 'Indukurupeta', 413);
INSERT INTO village (id, name, panchayat_id) VALUES (10662, 'Katchuluru', 413);
INSERT INTO village (id, name, panchayat_id) VALUES (10663, 'Kondamodalu', 413);
INSERT INTO village (id, name, panchayat_id) VALUES (10664, 'Kothagudem', 413);
INSERT INTO village (id, name, panchayat_id) VALUES (10665, 'Kothapalle', 413);
INSERT INTO village (id, name, panchayat_id) VALUES (10666, 'Kudakarayi', 413);
INSERT INTO village (id, name, panchayat_id) VALUES (10667, 'Lakshmipuram', 413);
INSERT INTO village (id, name, panchayat_id) VALUES (10668, 'Lingavaram', 413);
INSERT INTO village (id, name, panchayat_id) VALUES (10669, 'Lothupalem', 413);
INSERT INTO village (id, name, panchayat_id) VALUES (10670, 'Maddirathigudem', 413);
INSERT INTO village (id, name, panchayat_id) VALUES (10671, 'Mamidivalasa', 413);
INSERT INTO village (id, name, panchayat_id) VALUES (10672, 'Manturu', 413);
INSERT INTO village (id, name, panchayat_id) VALUES (10673, 'Mulagalagudem', 413);
INSERT INTO village (id, name, panchayat_id) VALUES (10674, 'Nelakota', 413);
INSERT INTO village (id, name, panchayat_id) VALUES (10675, 'Nereduvalasa', 413);
INSERT INTO village (id, name, panchayat_id) VALUES (10676, 'Paluru', 413);
INSERT INTO village (id, name, panchayat_id) VALUES (10677, 'Pamugandi', 413);
INSERT INTO village (id, name, panchayat_id) VALUES (10678, 'Peda Bheempalle', 413);
INSERT INTO village (id, name, panchayat_id) VALUES (10679, 'Peddanuthulu', 413);
INSERT INTO village (id, name, panchayat_id) VALUES (10680, 'Pedduru', 413);
INSERT INTO village (id, name, panchayat_id) VALUES (10681, 'Pothavaram', 413);
INSERT INTO village (id, name, panchayat_id) VALUES (10682, 'Pudipalle', 413);
INSERT INTO village (id, name, panchayat_id) VALUES (10683, 'Ravilanka', 413);
INSERT INTO village (id, name, panchayat_id) VALUES (10684, 'Rayavaram', 413);
INSERT INTO village (id, name, panchayat_id) VALUES (10685, 'Sarabhavaram', 413);
INSERT INTO village (id, name, panchayat_id) VALUES (10686, 'Thatiwada', 413);
INSERT INTO village (id, name, panchayat_id) VALUES (10687, 'Thoyyeru', 413);
INSERT INTO village (id, name, panchayat_id) VALUES (10688, 'Thummuru', 413);
INSERT INTO village (id, name, panchayat_id) VALUES (10689, 'Velagapalle', 413);
INSERT INTO village (id, name, panchayat_id) VALUES (10690, 'V. Ramannapalem', 413);
INSERT INTO village (id, name, panchayat_id) VALUES (10691, 'Yerrametla', 413);
INSERT INTO village (id, name, panchayat_id) VALUES (10692, 'Amudalabanda', 118);
INSERT INTO village (id, name, panchayat_id) VALUES (10693, 'Barrimamidi', 118);
INSERT INTO village (id, name, panchayat_id) VALUES (10694, 'Bayyanapalle', 118);
INSERT INTO village (id, name, panchayat_id) VALUES (10695, 'B.Sivaramapatnam', 118);
INSERT INTO village (id, name, panchayat_id) VALUES (10696, 'Cheedipalem', 118);
INSERT INTO village (id, name, panchayat_id) VALUES (10697, 'China Addapalle', 118);
INSERT INTO village (id, name, panchayat_id) VALUES (10698, 'Chinagarlapadu', 118);
INSERT INTO village (id, name, panchayat_id) VALUES (10699, 'Chodavaram', 118);
INSERT INTO village (id, name, panchayat_id) VALUES (10700, 'Donelapalle', 118);
INSERT INTO village (id, name, panchayat_id) VALUES (10701, 'Doramamidi', 118);
INSERT INTO village (id, name, panchayat_id) VALUES (10702, 'E. Ramavaram', 118);
INSERT INTO village (id, name, panchayat_id) VALUES (10703, 'Gangavaram', 118);
INSERT INTO village (id, name, panchayat_id) VALUES (10704, 'Goragommi', 118);
INSERT INTO village (id, name, panchayat_id) VALUES (10705, 'Jaggampalem', 118);
INSERT INTO village (id, name, panchayat_id) VALUES (10706, 'Jiyyampalem', 118);
INSERT INTO village (id, name, panchayat_id) VALUES (10707, 'Kamavarappadu', 118);
INSERT INTO village (id, name, panchayat_id) VALUES (10708, 'Karakapadu', 118);
INSERT INTO village (id, name, panchayat_id) VALUES (10709, 'Kattumilli', 118);
INSERT INTO village (id, name, panchayat_id) VALUES (10710, 'Komaravaram', 118);
INSERT INTO village (id, name, panchayat_id) VALUES (10711, 'Kondalampalem', 118);
INSERT INTO village (id, name, panchayat_id) VALUES (10712, 'Kothada', 118);
INSERT INTO village (id, name, panchayat_id) VALUES (10713, 'Kotharamavaram', 118);
INSERT INTO village (id, name, panchayat_id) VALUES (10714, 'Kuramgondi', 118);
INSERT INTO village (id, name, panchayat_id) VALUES (10715, 'Kusumarai', 118);
INSERT INTO village (id, name, panchayat_id) VALUES (10716, 'Lakkonda', 118);
INSERT INTO village (id, name, panchayat_id) VALUES (10717, 'Lakshmipuram', 118);
INSERT INTO village (id, name, panchayat_id) VALUES (10718, 'Lingavaram', 118);
INSERT INTO village (id, name, panchayat_id) VALUES (10719, 'Loddipalem', 118);
INSERT INTO village (id, name, panchayat_id) VALUES (10720, 'Marripalem', 118);
INSERT INTO village (id, name, panchayat_id) VALUES (10721, 'Mohanapuram', 118);
INSERT INTO village (id, name, panchayat_id) VALUES (10722, 'Molleru', 118);
INSERT INTO village (id, name, panchayat_id) VALUES (10723, 'Neeladonelapadu', 118);
INSERT INTO village (id, name, panchayat_id) VALUES (10724, 'Neelavaram', 118);
INSERT INTO village (id, name, panchayat_id) VALUES (10725, 'Nellipudi', 118);
INSERT INTO village (id, name, panchayat_id) VALUES (10726, 'Nuvvumamidi', 118);
INSERT INTO village (id, name, panchayat_id) VALUES (10727, 'Ojubanda', 118);
INSERT INTO village (id, name, panchayat_id) VALUES (10728, 'Padagarlapadu', 118);
INSERT INTO village (id, name, panchayat_id) VALUES (10729, 'Pandrapottipalem', 118);
INSERT INTO village (id, name, panchayat_id) VALUES (10730, 'Pandraprolu', 118);
INSERT INTO village (id, name, panchayat_id) VALUES (10731, 'Patharamavaram', 118);
INSERT INTO village (id, name, panchayat_id) VALUES (10732, 'Peda Addapalle', 118);
INSERT INTO village (id, name, panchayat_id) VALUES (10733, 'Pidathamamidi', 118);
INSERT INTO village (id, name, panchayat_id) VALUES (10734, 'Pothandorapalem', 118);
INSERT INTO village (id, name, panchayat_id) VALUES (10735, 'Rajampalem', 118);
INSERT INTO village (id, name, panchayat_id) VALUES (10736, 'Rajavaram', 118);
INSERT INTO village (id, name, panchayat_id) VALUES (10737, 'Rajupetaloddi', 118);
INSERT INTO village (id, name, panchayat_id) VALUES (10738, 'Ramuldevapuram', 118);
INSERT INTO village (id, name, panchayat_id) VALUES (10739, 'Sarabhavaram', 118);
INSERT INTO village (id, name, panchayat_id) VALUES (10740, 'Seetharampadu', 118);
INSERT INTO village (id, name, panchayat_id) VALUES (10741, 'Surampalem', 118);
INSERT INTO village (id, name, panchayat_id) VALUES (10742, 'Ummetha', 118);
INSERT INTO village (id, name, panchayat_id) VALUES (10743, 'Vemulova', 118);
INSERT INTO village (id, name, panchayat_id) VALUES (10744, 'Vuyyalamadugu', 118);
INSERT INTO village (id, name, panchayat_id) VALUES (10745, 'Yamanapalle', 118);
INSERT INTO village (id, name, panchayat_id) VALUES (10746, 'Yellapuram', 118);
INSERT INTO village (id, name, panchayat_id) VALUES (10747, 'Yendapalle', 118);
INSERT INTO village (id, name, panchayat_id) VALUES (10748, 'Yerrampalem', 118);
INSERT INTO village (id, name, panchayat_id) VALUES (10749, 'Yetipalle', 118);
INSERT INTO village (id, name, panchayat_id) VALUES (10750, 'Zaderu', 118);
INSERT INTO mandal (id, name, constituency_id) VALUES (414, 'Gurthedu', 19);
INSERT INTO panchayat (id, name, mandal_id) VALUES (414, 'Default Panchayat Gurthedu', 414);
INSERT INTO village (id, name, panchayat_id) VALUES (10751, 'Adupulametta', 414);
INSERT INTO village (id, name, panchayat_id) VALUES (10752, 'Allurigedda', 414);
INSERT INTO village (id, name, panchayat_id) VALUES (10753, 'Antilova', 414);
INSERT INTO village (id, name, panchayat_id) VALUES (10754, 'Babbilova', 414);
INSERT INTO village (id, name, panchayat_id) VALUES (10755, 'Bachaluru', 414);
INSERT INTO village (id, name, panchayat_id) VALUES (10756, 'Boddagondi', 414);
INSERT INTO village (id, name, panchayat_id) VALUES (10757, 'Boddumamidi', 414);
INSERT INTO village (id, name, panchayat_id) VALUES (10758, 'Buradavalasa', 414);
INSERT INTO village (id, name, panchayat_id) VALUES (10759, 'Busikota', 414);
INSERT INTO village (id, name, panchayat_id) VALUES (10760, 'Chanaganuru', 414);
INSERT INTO village (id, name, panchayat_id) VALUES (10761, 'Chaparai', 414);
INSERT INTO village (id, name, panchayat_id) VALUES (10762, 'Chilakaveedhilanka', 414);
INSERT INTO village (id, name, panchayat_id) VALUES (10763, 'Daragedda', 414);
INSERT INTO village (id, name, panchayat_id) VALUES (10764, 'D. Mamidivada', 414);
INSERT INTO village (id, name, panchayat_id) VALUES (10765, 'Donkarai', 414);
INSERT INTO village (id, name, panchayat_id) VALUES (10766, 'Doragondi', 414);
INSERT INTO village (id, name, panchayat_id) VALUES (10767, 'Dubela', 414);
INSERT INTO village (id, name, panchayat_id) VALUES (10768, 'Dumpavalasa', 414);
INSERT INTO village (id, name, panchayat_id) VALUES (10769, 'Edlakonda', 414);
INSERT INTO village (id, name, panchayat_id) VALUES (10770, 'Ganganuru', 414);
INSERT INTO village (id, name, panchayat_id) VALUES (10771, 'Gellavada', 414);
INSERT INTO village (id, name, panchayat_id) VALUES (10772, 'Gondikota', 414);
INSERT INTO village (id, name, panchayat_id) VALUES (10773, 'Goppulathotamamidi', 414);
INSERT INTO village (id, name, panchayat_id) VALUES (10774, 'Gurtedu', 414);
INSERT INTO village (id, name, panchayat_id) VALUES (10775, 'G.Vattigedda', 414);
INSERT INTO village (id, name, panchayat_id) VALUES (10776, 'Irlavada', 414);
INSERT INTO village (id, name, panchayat_id) VALUES (10777, 'Jajivalasa', 414);
INSERT INTO village (id, name, panchayat_id) VALUES (10778, 'Jalagalova', 414);
INSERT INTO village (id, name, panchayat_id) VALUES (10779, 'Kadarikota', 414);
INSERT INTO village (id, name, panchayat_id) VALUES (10780, 'Kakkonda', 414);
INSERT INTO village (id, name, panchayat_id) VALUES (10781, 'Kallepugonda', 414);
INSERT INTO village (id, name, panchayat_id) VALUES (10782, 'Kanivada', 414);
INSERT INTO village (id, name, panchayat_id) VALUES (10783, 'Karnikota', 414);
INSERT INTO village (id, name, panchayat_id) VALUES (10784, 'Koppulakota', 414);
INSERT INTO village (id, name, panchayat_id) VALUES (10785, 'Koramatigondi', 414);
INSERT INTO village (id, name, panchayat_id) VALUES (10786, 'Kothakota', 414);
INSERT INTO village (id, name, panchayat_id) VALUES (10787, 'Kothapakalu', 414);
INSERT INTO village (id, name, panchayat_id) VALUES (10788, 'Lingavaram', 414);
INSERT INTO village (id, name, panchayat_id) VALUES (10789, 'Mangampadu', 414);
INSERT INTO village (id, name, panchayat_id) VALUES (10790, 'Marriguda', 414);
INSERT INTO village (id, name, panchayat_id) VALUES (10791, 'Nagalova', 414);
INSERT INTO village (id, name, panchayat_id) VALUES (10792, 'Neelapalem', 414);
INSERT INTO village (id, name, panchayat_id) VALUES (10793, 'Palagondi', 414);
INSERT INTO village (id, name, panchayat_id) VALUES (10794, 'Panasalova', 414);
INSERT INTO village (id, name, panchayat_id) VALUES (10795, 'Pathakota', 414);
INSERT INTO village (id, name, panchayat_id) VALUES (10796, 'Polamanugondi', 414);
INSERT INTO village (id, name, panchayat_id) VALUES (10797, 'Poolova', 414);
INSERT INTO village (id, name, panchayat_id) VALUES (10798, 'Pulimetala', 414);
INSERT INTO village (id, name, panchayat_id) VALUES (10799, 'Rakota', 414);
INSERT INTO village (id, name, panchayat_id) VALUES (10800, 'Revadikota', 414);
INSERT INTO village (id, name, panchayat_id) VALUES (10801, 'Singanakota', 414);
INSERT INTO village (id, name, panchayat_id) VALUES (10802, 'Thangedukota', 414);
INSERT INTO village (id, name, panchayat_id) VALUES (10803, 'Tulusuru', 414);
INSERT INTO village (id, name, panchayat_id) VALUES (10804, 'Vadisalova', 414);
INSERT INTO village (id, name, panchayat_id) VALUES (10805, 'Veerampalem', 414);
INSERT INTO village (id, name, panchayat_id) VALUES (10806, 'Vejuvada', 414);
INSERT INTO village (id, name, panchayat_id) VALUES (10807, 'Villarti', 414);
INSERT INTO village (id, name, panchayat_id) VALUES (10808, 'Vootlabanda', 414);
INSERT INTO village (id, name, panchayat_id) VALUES (10809, 'Yerragoppula', 414);
INSERT INTO mandal (id, name, constituency_id) VALUES (415, 'Kunavaram', 19);
INSERT INTO panchayat (id, name, mandal_id) VALUES (415, 'Default Panchayat Kunavaram', 415);
INSERT INTO village (id, name, panchayat_id) VALUES (10810, 'Abicherla', 415);
INSERT INTO village (id, name, panchayat_id) VALUES (10811, 'Ayyavarigudem', 415);
INSERT INTO village (id, name, panchayat_id) VALUES (10812, 'Bhagavanpuram', 415);
INSERT INTO village (id, name, panchayat_id) VALUES (10813, 'Bodunuru', 415);
INSERT INTO village (id, name, panchayat_id) VALUES (10814, 'Bojjaraigudem', 415);
INSERT INTO village (id, name, panchayat_id) VALUES (10815, 'Byravapatnam', 415);
INSERT INTO village (id, name, panchayat_id) VALUES (10816, 'Chinarkur', 415);
INSERT INTO village (id, name, panchayat_id) VALUES (10817, 'Chinnapolipaka', 415);
INSERT INTO village (id, name, panchayat_id) VALUES (10818, 'Chinnarukur', 415);
INSERT INTO village (id, name, panchayat_id) VALUES (10819, 'Chuchirevula', 415);
INSERT INTO village (id, name, panchayat_id) VALUES (10820, 'Chuchirevula Gudem', 415);
INSERT INTO village (id, name, panchayat_id) VALUES (10821, 'Dugutta', 415);
INSERT INTO village (id, name, panchayat_id) VALUES (10822, 'Gandi Kothagudem', 415);
INSERT INTO village (id, name, panchayat_id) VALUES (10823, 'Gommu Ayyavarigudem', 415);
INSERT INTO village (id, name, panchayat_id) VALUES (10824, 'Gommugudem', 415);
INSERT INTO village (id, name, panchayat_id) VALUES (10825, 'Gunduvarigudem', 415);
INSERT INTO village (id, name, panchayat_id) VALUES (10826, 'Harvegudem', 415);
INSERT INTO village (id, name, panchayat_id) VALUES (10827, 'Jaggavaram', 415);
INSERT INTO village (id, name, panchayat_id) VALUES (10828, 'Kachavaram', 415);
INSERT INTO village (id, name, panchayat_id) VALUES (10829, 'Karakagudem', 415);
INSERT INTO village (id, name, panchayat_id) VALUES (10830, 'Koderu', 415);
INSERT INTO village (id, name, panchayat_id) VALUES (10831, 'Kondaigudem', 415);
INSERT INTO village (id, name, panchayat_id) VALUES (10832, 'Kondarajupeta', 415);
INSERT INTO village (id, name, panchayat_id) VALUES (10833, 'Kothuru', 415);
INSERT INTO village (id, name, panchayat_id) VALUES (10834, 'Kudalipadu', 415);
INSERT INTO village (id, name, panchayat_id) VALUES (10835, 'Kumaraswamigudem', 415);
INSERT INTO village (id, name, panchayat_id) VALUES (10836, 'Kunavaram', 415);
INSERT INTO village (id, name, panchayat_id) VALUES (10837, 'Kuturu', 415);
INSERT INTO village (id, name, panchayat_id) VALUES (10838, 'Kuturugattu', 415);
INSERT INTO village (id, name, panchayat_id) VALUES (10839, 'Laxmipuram', 415);
INSERT INTO village (id, name, panchayat_id) VALUES (10840, 'Lellavai', 415);
INSERT INTO village (id, name, panchayat_id) VALUES (10841, 'Lingapuram', 415);
INSERT INTO village (id, name, panchayat_id) VALUES (10842, 'Marrigudem', 415);
INSERT INTO village (id, name, panchayat_id) VALUES (10843, 'Metta Ramavaram', 415);
INSERT INTO village (id, name, panchayat_id) VALUES (10844, 'Mulluru', 415);
INSERT INTO village (id, name, panchayat_id) VALUES (10845, 'Narasingapeta', 415);
INSERT INTO village (id, name, panchayat_id) VALUES (10846, 'Paidigudem', 415);
INSERT INTO village (id, name, panchayat_id) VALUES (10847, 'Palluru', 415);
INSERT INTO village (id, name, panchayat_id) VALUES (10848, 'Pandirajupalle', 415);
INSERT INTO village (id, name, panchayat_id) VALUES (10849, 'Pedda Polipaka', 415);
INSERT INTO village (id, name, panchayat_id) VALUES (10850, 'Peddarukur', 415);
INSERT INTO village (id, name, panchayat_id) VALUES (10851, 'Pochavaram', 415);
INSERT INTO village (id, name, panchayat_id) VALUES (10852, 'Potlavai', 415);
INSERT INTO village (id, name, panchayat_id) VALUES (10853, 'Potlavarigudem', 415);
INSERT INTO village (id, name, panchayat_id) VALUES (10854, 'Regulapadu', 415);
INSERT INTO village (id, name, panchayat_id) VALUES (10855, 'Repaka', 415);
INSERT INTO village (id, name, panchayat_id) VALUES (10856, 'Seetarampuram', 415);
INSERT INTO village (id, name, panchayat_id) VALUES (10857, 'S.Kothagudem', 415);
INSERT INTO village (id, name, panchayat_id) VALUES (10858, 'Srirampuram', 415);
INSERT INTO village (id, name, panchayat_id) VALUES (10859, 'Tallagudem', 415);
INSERT INTO village (id, name, panchayat_id) VALUES (10860, 'Tekubaka', 415);
INSERT INTO village (id, name, panchayat_id) VALUES (10861, 'Tekuloddi', 415);
INSERT INTO village (id, name, panchayat_id) VALUES (10862, 'Turakalagudem', 415);
INSERT INTO village (id, name, panchayat_id) VALUES (10863, 'Venkannagudem', 415);
INSERT INTO village (id, name, panchayat_id) VALUES (10864, 'Venkatayapalem', 415);
INSERT INTO village (id, name, panchayat_id) VALUES (10865, 'Venkatrayapalem', 415);
INSERT INTO village (id, name, panchayat_id) VALUES (10866, 'Walfordpeta', 415);
INSERT INTO mandal (id, name, constituency_id) VALUES (416, 'Maredumilli', 19);
INSERT INTO panchayat (id, name, mandal_id) VALUES (416, 'Default Panchayat Maredumilli', 416);
INSERT INTO village (id, name, panchayat_id) VALUES (10867, 'Addarivalasa', 416);
INSERT INTO village (id, name, panchayat_id) VALUES (10868, 'Akumamidikota', 416);
INSERT INTO village (id, name, panchayat_id) VALUES (10869, 'Arjunalova', 416);
INSERT INTO village (id, name, panchayat_id) VALUES (10870, 'Banda', 416);
INSERT INTO village (id, name, panchayat_id) VALUES (10871, 'Bhimavaram', 416);
INSERT INTO village (id, name, panchayat_id) VALUES (10872, 'Bodlanka', 416);
INSERT INTO village (id, name, panchayat_id) VALUES (10873, 'Boduluru', 416);
INSERT INTO village (id, name, panchayat_id) VALUES (10874, 'Busigandi', 416);
INSERT INTO village (id, name, panchayat_id) VALUES (10875, 'Chakkavada', 416);
INSERT INTO village (id, name, panchayat_id) VALUES (10876, 'Chatlavada', 416);
INSERT INTO village (id, name, panchayat_id) VALUES (10877, 'Chavidikota', 416);
INSERT INTO village (id, name, panchayat_id) VALUES (10878, 'Daravada', 416);
INSERT INTO village (id, name, panchayat_id) VALUES (10879, 'Denduluru', 416);
INSERT INTO village (id, name, panchayat_id) VALUES (10880, 'Devarapalle', 416);
INSERT INTO village (id, name, panchayat_id) VALUES (10881, 'Dorachintalapalem', 416);
INSERT INTO village (id, name, panchayat_id) VALUES (10882, 'Doramamidi', 416);
INSERT INTO village (id, name, panchayat_id) VALUES (10883, 'D. Velamalakota', 416);
INSERT INTO village (id, name, panchayat_id) VALUES (10884, 'Egavalasa', 416);
INSERT INTO village (id, name, panchayat_id) VALUES (10885, 'Elivada', 416);
INSERT INTO village (id, name, panchayat_id) VALUES (10886, 'Goguvalasa', 416);
INSERT INTO village (id, name, panchayat_id) VALUES (10887, 'Gondivada', 416);
INSERT INTO village (id, name, panchayat_id) VALUES (10888, 'Goramamidi', 416);
INSERT INTO village (id, name, panchayat_id) VALUES (10889, 'Gudisa', 416);
INSERT INTO village (id, name, panchayat_id) VALUES (10890, 'Gujjumamidivalasa', 416);
INSERT INTO village (id, name, panchayat_id) VALUES (10891, 'Gumpenagandi', 416);
INSERT INTO village (id, name, panchayat_id) VALUES (10892, 'Gundrathi', 416);
INSERT INTO village (id, name, panchayat_id) VALUES (10893, 'Ijjaluru', 416);
INSERT INTO village (id, name, panchayat_id) VALUES (10894, 'Ivampalle', 416);
INSERT INTO village (id, name, panchayat_id) VALUES (10895, 'Kadumuru', 416);
INSERT INTO village (id, name, panchayat_id) VALUES (10896, 'Kakuru', 416);
INSERT INTO village (id, name, panchayat_id) VALUES (10897, 'Katchalavada', 416);
INSERT INTO village (id, name, panchayat_id) VALUES (10898, 'Kondavada', 416);
INSERT INTO village (id, name, panchayat_id) VALUES (10899, 'Kuduru', 416);
INSERT INTO village (id, name, panchayat_id) VALUES (10900, 'Kundada', 416);
INSERT INTO village (id, name, panchayat_id) VALUES (10901, 'Kutravada', 416);
INSERT INTO village (id, name, panchayat_id) VALUES (10902, 'Maddiveedu', 416);
INSERT INTO village (id, name, panchayat_id) VALUES (10903, 'Madduluru', 416);
INSERT INTO village (id, name, panchayat_id) VALUES (10904, 'Mallavaram', 416);
INSERT INTO village (id, name, panchayat_id) VALUES (10905, 'Maredumilli', 416);
INSERT INTO village (id, name, panchayat_id) VALUES (10906, 'Muchilivada', 416);
INSERT INTO village (id, name, panchayat_id) VALUES (10907, 'Munjamamidi', 416);
INSERT INTO village (id, name, panchayat_id) VALUES (10908, 'Munthamamidi', 416);
INSERT INTO village (id, name, panchayat_id) VALUES (10909, 'Musuru', 416);
INSERT INTO village (id, name, panchayat_id) VALUES (10910, 'Narsapuram', 416);
INSERT INTO village (id, name, panchayat_id) VALUES (10911, 'Nellore', 416);
INSERT INTO village (id, name, panchayat_id) VALUES (10912, 'Nukaletivada', 416);
INSERT INTO village (id, name, panchayat_id) VALUES (10913, 'Nurupudi', 416);
INSERT INTO village (id, name, panchayat_id) VALUES (10914, 'Pamulamamidi', 416);
INSERT INTO village (id, name, panchayat_id) VALUES (10915, 'Pamuleru', 416);
INSERT INTO village (id, name, panchayat_id) VALUES (10916, 'Pandirimamidikota', 416);
INSERT INTO village (id, name, panchayat_id) VALUES (10917, 'Pedamallupadu', 416);
INSERT INTO village (id, name, panchayat_id) VALUES (10918, 'Peddamarri', 416);
INSERT INTO village (id, name, panchayat_id) VALUES (10919, 'Pedduru', 416);
INSERT INTO village (id, name, panchayat_id) VALUES (10920, 'Potlavada', 416);
INSERT INTO village (id, name, panchayat_id) VALUES (10921, 'Pujaripakalu', 416);
INSERT INTO village (id, name, panchayat_id) VALUES (10922, 'Pullangi', 416);
INSERT INTO village (id, name, panchayat_id) VALUES (10923, 'Pusiwada', 416);
INSERT INTO village (id, name, panchayat_id) VALUES (10924, 'Puttagondilanka', 416);
INSERT INTO village (id, name, panchayat_id) VALUES (10925, 'Ramannavalasa', 416);
INSERT INTO village (id, name, panchayat_id) VALUES (10926, 'Siripanlova', 416);
INSERT INTO village (id, name, panchayat_id) VALUES (10927, 'Sripuram', 416);
INSERT INTO village (id, name, panchayat_id) VALUES (10928, 'Sunnampadu', 416);
INSERT INTO village (id, name, panchayat_id) VALUES (10929, 'Thadepalle', 416);
INSERT INTO village (id, name, panchayat_id) VALUES (10930, 'Thurruru', 416);
INSERT INTO village (id, name, panchayat_id) VALUES (10931, 'Thurumamidi', 416);
INSERT INTO village (id, name, panchayat_id) VALUES (10932, 'Vakkuluru', 416);
INSERT INTO village (id, name, panchayat_id) VALUES (10933, 'Valamuru', 416);
INSERT INTO village (id, name, panchayat_id) VALUES (10934, 'Vetukuru', 416);
INSERT INTO village (id, name, panchayat_id) VALUES (10935, 'Vuthaluru', 416);
INSERT INTO village (id, name, panchayat_id) VALUES (10936, 'Vyadapudi', 416);
INSERT INTO mandal (id, name, constituency_id) VALUES (417, 'Rajavommangi', 19);
INSERT INTO panchayat (id, name, mandal_id) VALUES (417, 'Default Panchayat Rajavommangi', 417);
INSERT INTO village (id, name, panchayat_id) VALUES (10937, 'Aminabada', 417);
INSERT INTO village (id, name, panchayat_id) VALUES (10938, 'Ammirekala', 417);
INSERT INTO village (id, name, panchayat_id) VALUES (10939, 'Ananthagiri', 417);
INSERT INTO village (id, name, panchayat_id) VALUES (10940, 'Appannapalem', 417);
INSERT INTO village (id, name, panchayat_id) VALUES (10941, 'Badadanampalle', 417);
INSERT INTO village (id, name, panchayat_id) VALUES (10942, 'Balijapadu', 417);
INSERT INTO village (id, name, panchayat_id) VALUES (10943, 'Bodlagondi', 417);
INSERT INTO village (id, name, panchayat_id) VALUES (10944, 'Bonangipalem', 417);
INSERT INTO village (id, name, panchayat_id) VALUES (10945, 'Bornagudem', 417);
INSERT INTO village (id, name, panchayat_id) VALUES (10946, 'Boyapadu', 417);
INSERT INTO village (id, name, panchayat_id) VALUES (10947, 'Chervukommupalem', 417);
INSERT INTO village (id, name, panchayat_id) VALUES (10948, 'Chikilinta', 417);
INSERT INTO village (id, name, panchayat_id) VALUES (10949, 'Chinarellangipadu', 417);
INSERT INTO village (id, name, panchayat_id) VALUES (10950, 'Dakarayi', 417);
INSERT INTO village (id, name, panchayat_id) VALUES (10951, 'Damanapalem', 417);
INSERT INTO village (id, name, panchayat_id) VALUES (10952, 'Donelapalem', 417);
INSERT INTO village (id, name, panchayat_id) VALUES (10953, 'Dongala Mallavaram', 417);
INSERT INTO village (id, name, panchayat_id) VALUES (10954, 'Dusaripamu', 417);
INSERT INTO village (id, name, panchayat_id) VALUES (10955, 'Gaduvakurthi', 417);
INSERT INTO village (id, name, panchayat_id) VALUES (10956, 'Ginjerthi', 417);
INSERT INTO village (id, name, panchayat_id) VALUES (10957, 'Gobbilamadugu', 417);
INSERT INTO village (id, name, panchayat_id) VALUES (10958, 'G. Sarabhavaram', 417);
INSERT INTO village (id, name, panchayat_id) VALUES (10959, 'Jaddangi', 417);
INSERT INTO village (id, name, panchayat_id) VALUES (10960, 'Jeelugulapadu', 417);
INSERT INTO village (id, name, panchayat_id) VALUES (10961, 'Karudevipalem', 417);
INSERT INTO village (id, name, panchayat_id) VALUES (10962, 'Kesavaram', 417);
INSERT INTO village (id, name, panchayat_id) VALUES (10963, 'Kimiligedda', 417);
INSERT INTO village (id, name, panchayat_id) VALUES (10964, 'Kindra', 417);
INSERT INTO village (id, name, panchayat_id) VALUES (10965, 'Kirrabu', 417);
INSERT INTO village (id, name, panchayat_id) VALUES (10966, 'Komarapuram', 417);
INSERT INTO village (id, name, panchayat_id) VALUES (10967, 'Kondalingamparthi', 417);
INSERT INTO village (id, name, panchayat_id) VALUES (10968, 'Kondapalle', 417);
INSERT INTO village (id, name, panchayat_id) VALUES (10969, 'Kothapalle', 417);
INSERT INTO village (id, name, panchayat_id) VALUES (10970, 'Labbarthi', 417);
INSERT INTO village (id, name, panchayat_id) VALUES (10971, 'Lagarayi', 417);
INSERT INTO village (id, name, panchayat_id) VALUES (10972, 'Lododdi', 417);
INSERT INTO village (id, name, panchayat_id) VALUES (10973, 'Maredubaka', 417);
INSERT INTO village (id, name, panchayat_id) VALUES (10974, 'Marripalem', 417);
INSERT INTO village (id, name, panchayat_id) VALUES (10975, 'Munjavarappadu', 417);
INSERT INTO village (id, name, panchayat_id) VALUES (10976, 'Murlavanipalem', 417);
INSERT INTO village (id, name, panchayat_id) VALUES (10977, 'Nellimetla', 417);
INSERT INTO village (id, name, panchayat_id) VALUES (10978, 'Pakavelthi', 417);
INSERT INTO village (id, name, panchayat_id) VALUES (10979, 'Pedagarrangi', 417);
INSERT INTO village (id, name, panchayat_id) VALUES (10980, 'Pedarellangipadu', 417);
INSERT INTO village (id, name, panchayat_id) VALUES (10981, 'Pudedu', 417);
INSERT INTO village (id, name, panchayat_id) VALUES (10982, 'Rajavommangi', 417);
INSERT INTO village (id, name, panchayat_id) VALUES (10983, 'Revatipalem', 417);
INSERT INTO village (id, name, panchayat_id) VALUES (10984, 'Sarabhavaram', 417);
INSERT INTO village (id, name, panchayat_id) VALUES (10985, 'Singampalle', 417);
INSERT INTO village (id, name, panchayat_id) VALUES (10986, 'Subbampadu', 417);
INSERT INTO village (id, name, panchayat_id) VALUES (10987, 'Surampalem', 417);
INSERT INTO village (id, name, panchayat_id) VALUES (10988, 'Tallapalem', 417);
INSERT INTO village (id, name, panchayat_id) VALUES (10989, 'Thantikonda', 417);
INSERT INTO village (id, name, panchayat_id) VALUES (10990, 'Urlakulapadu', 417);
INSERT INTO village (id, name, panchayat_id) VALUES (10991, 'Vanakarayi', 417);
INSERT INTO village (id, name, panchayat_id) VALUES (10992, 'Vanchangi', 417);
INSERT INTO village (id, name, panchayat_id) VALUES (10993, 'Vatangi', 417);
INSERT INTO village (id, name, panchayat_id) VALUES (10994, 'Velagalapalem', 417);
INSERT INTO village (id, name, panchayat_id) VALUES (10995, 'Vogipalem', 417);
INSERT INTO village (id, name, panchayat_id) VALUES (10996, 'Vokurthi', 417);
INSERT INTO village (id, name, panchayat_id) VALUES (10997, 'Voyyedu', 417);
INSERT INTO village (id, name, panchayat_id) VALUES (10998, 'Yerrampadu', 417);
INSERT INTO mandal (id, name, constituency_id) VALUES (418, 'Rampachodavaram', 19);
INSERT INTO panchayat (id, name, mandal_id) VALUES (418, 'Default Panchayat Rampachodavaram', 418);
INSERT INTO village (id, name, panchayat_id) VALUES (10999, 'Akuru', 418);
INSERT INTO village (id, name, panchayat_id) VALUES (11000, 'Bandapalle', 418);
INSERT INTO village (id, name, panchayat_id) VALUES (11001, 'Beerampalle', 418);
INSERT INTO village (id, name, panchayat_id) VALUES (11002, 'Bheemavaram', 418);
INSERT INTO village (id, name, panchayat_id) VALUES (11003, 'Bhupathipalem', 418);
INSERT INTO village (id, name, panchayat_id) VALUES (11004, 'Bolagonda', 418);
INSERT INTO village (id, name, panchayat_id) VALUES (11005, 'Bornagudem', 418);
INSERT INTO village (id, name, panchayat_id) VALUES (11006, 'B.Ramannapalem', 418);
INSERT INTO village (id, name, panchayat_id) VALUES (11007, 'Busigudem', 418);
INSERT INTO village (id, name, panchayat_id) VALUES (11008, 'B. Velamalakota', 418);
INSERT INTO village (id, name, panchayat_id) VALUES (11009, 'Chelakaveedhi', 418);
INSERT INTO village (id, name, panchayat_id) VALUES (11010, 'Cheruvupalem', 418);
INSERT INTO village (id, name, panchayat_id) VALUES (11011, 'Cheruvuru', 418);
INSERT INTO village (id, name, panchayat_id) VALUES (11012, 'Chilakamamidi', 418);
INSERT INTO village (id, name, panchayat_id) VALUES (11013, 'China Barangi', 418);
INSERT INTO village (id, name, panchayat_id) VALUES (11014, 'Chinageddada', 418);
INSERT INTO village (id, name, panchayat_id) VALUES (11015, 'Chupparipalem', 418);
INSERT INTO village (id, name, panchayat_id) VALUES (11016, 'Dabbavalasa', 418);
INSERT INTO village (id, name, panchayat_id) VALUES (11017, 'Daragudem', 418);
INSERT INTO village (id, name, panchayat_id) VALUES (11018, 'Daramadugula', 418);
INSERT INTO village (id, name, panchayat_id) VALUES (11019, 'Devarathigudem', 418);
INSERT INTO village (id, name, panchayat_id) VALUES (11020, 'Dirisinapalle', 418);
INSERT INTO village (id, name, panchayat_id) VALUES (11021, 'Dokulapadu', 418);
INSERT INTO village (id, name, panchayat_id) VALUES (11022, 'Eethapalle', 418);
INSERT INTO village (id, name, panchayat_id) VALUES (11023, 'Foulkspeta', 418);
INSERT INTO village (id, name, panchayat_id) VALUES (11024, 'Gandhinagaram', 418);
INSERT INTO village (id, name, panchayat_id) VALUES (11025, 'Ginnepalle', 418);
INSERT INTO village (id, name, panchayat_id) VALUES (11026, 'Gogumilli', 418);
INSERT INTO village (id, name, panchayat_id) VALUES (11027, 'Gopavaram', 418);
INSERT INTO village (id, name, panchayat_id) VALUES (11028, 'Gotlagudem', 418);
INSERT INTO village (id, name, panchayat_id) VALUES (11029, 'Gunjugudem', 418);
INSERT INTO village (id, name, panchayat_id) VALUES (11030, 'Immidivaram', 418);
INSERT INTO village (id, name, panchayat_id) VALUES (11031, 'I. Polavaram', 418);
INSERT INTO village (id, name, panchayat_id) VALUES (11032, 'Irlapalle', 418);
INSERT INTO village (id, name, panchayat_id) VALUES (11033, 'Isukapatla', 418);
INSERT INTO village (id, name, panchayat_id) VALUES (11034, 'Jagametlapalem', 418);
INSERT INTO village (id, name, panchayat_id) VALUES (11035, 'Jagarampalle', 418);
INSERT INTO village (id, name, panchayat_id) VALUES (11036, 'Kakavada', 418);
INSERT INTO village (id, name, panchayat_id) VALUES (11037, 'Kannavaram', 418);
INSERT INTO village (id, name, panchayat_id) VALUES (11038, 'Kintukuru', 418);
INSERT INTO village (id, name, panchayat_id) VALUES (11039, 'Komaravaram', 418);
INSERT INTO village (id, name, panchayat_id) VALUES (11040, 'Korumilli', 418);
INSERT INTO village (id, name, panchayat_id) VALUES (11041, 'Kothapakalu', 418);
INSERT INTO village (id, name, panchayat_id) VALUES (11042, 'Koyyalagudem', 418);
INSERT INTO village (id, name, panchayat_id) VALUES (11043, 'Kunjamveedhi', 418);
INSERT INTO village (id, name, panchayat_id) VALUES (11044, 'K.Yerrampalem', 418);
INSERT INTO village (id, name, panchayat_id) VALUES (11045, 'Lankapakalu', 418);
INSERT INTO village (id, name, panchayat_id) VALUES (11046, 'Madicherla', 418);
INSERT INTO village (id, name, panchayat_id) VALUES (11047, 'Marrivada', 418);
INSERT INTO village (id, name, panchayat_id) VALUES (11048, 'M. Burugubanda', 418);
INSERT INTO village (id, name, panchayat_id) VALUES (11049, 'Musurumilli', 418);
INSERT INTO village (id, name, panchayat_id) VALUES (11050, 'Nallagonda', 418);
INSERT INTO village (id, name, panchayat_id) VALUES (11051, 'Narasapuram', 418);
INSERT INTO village (id, name, panchayat_id) VALUES (11052, 'Neenepalle', 418);
INSERT INTO village (id, name, panchayat_id) VALUES (11053, 'Nimmalapalem', 418);
INSERT INTO village (id, name, panchayat_id) VALUES (11054, 'Pandirimamidi', 418);
INSERT INTO village (id, name, panchayat_id) VALUES (11055, 'Peda Barangi', 418);
INSERT INTO village (id, name, panchayat_id) VALUES (11056, 'Pedageddada', 418);
INSERT INTO village (id, name, panchayat_id) VALUES (11057, 'Peddakonda', 418);
INSERT INTO village (id, name, panchayat_id) VALUES (11058, 'Peddapadu', 418);
INSERT INTO village (id, name, panchayat_id) VALUES (11059, 'Penikalapadu', 418);
INSERT INTO village (id, name, panchayat_id) VALUES (11060, 'Rampa', 418);
INSERT INTO village (id, name, panchayat_id) VALUES (11061, 'Rampachodavaram (Ct)', 418);
INSERT INTO village (id, name, panchayat_id) VALUES (11062, 'Seethapalle', 418);
INSERT INTO village (id, name, panchayat_id) VALUES (11063, 'Sirigindalapadu', 418);
INSERT INTO village (id, name, panchayat_id) VALUES (11064, 'Sokulagudem', 418);
INSERT INTO village (id, name, panchayat_id) VALUES (11065, 'Suvarlavada', 418);
INSERT INTO village (id, name, panchayat_id) VALUES (11066, 'Tamarapalle', 418);
INSERT INTO village (id, name, panchayat_id) VALUES (11067, 'T.Burugubanda', 418);
INSERT INTO village (id, name, panchayat_id) VALUES (11068, 'Thativada', 418);
INSERT INTO village (id, name, panchayat_id) VALUES (11069, 'Tirugatirallu', 418);
INSERT INTO village (id, name, panchayat_id) VALUES (11070, 'Usirikajonalu', 418);
INSERT INTO village (id, name, panchayat_id) VALUES (11071, 'Utla', 418);
INSERT INTO village (id, name, panchayat_id) VALUES (11072, 'Vadapalle', 418);
INSERT INTO village (id, name, panchayat_id) VALUES (11073, 'Vattichelakaku', 418);
INSERT INTO village (id, name, panchayat_id) VALUES (11074, 'Veerlamamidi', 418);
INSERT INTO village (id, name, panchayat_id) VALUES (11075, 'Vemulakonda', 418);
INSERT INTO mandal (id, name, constituency_id) VALUES (419, 'Vararamachandrapuram', 19);
INSERT INTO panchayat (id, name, mandal_id) VALUES (419, 'Default Panchayat Vararamachandrapuram', 419);
INSERT INTO village (id, name, panchayat_id) VALUES (11076, 'Annavaram', 419);
INSERT INTO village (id, name, panchayat_id) VALUES (11077, 'Bhimavaram', 419);
INSERT INTO village (id, name, panchayat_id) VALUES (11078, 'Buruguwada', 419);
INSERT INTO village (id, name, panchayat_id) VALUES (11079, 'Chilakalapalle', 419);
INSERT INTO village (id, name, panchayat_id) VALUES (11080, 'Chinnamattapalle', 419);
INSERT INTO village (id, name, panchayat_id) VALUES (11081, 'Chintharajupalle', 419);
INSERT INTO village (id, name, panchayat_id) VALUES (11082, 'Chokkanapalle', 419);
INSERT INTO village (id, name, panchayat_id) VALUES (11083, 'Choppalle', 419);
INSERT INTO village (id, name, panchayat_id) VALUES (11084, 'Darapalle', 419);
INSERT INTO village (id, name, panchayat_id) VALUES (11085, 'Gollagudem', 419);
INSERT INTO village (id, name, panchayat_id) VALUES (11086, 'Gulletiwada', 419);
INSERT INTO village (id, name, panchayat_id) VALUES (11087, 'Gundugudem', 419);
INSERT INTO village (id, name, panchayat_id) VALUES (11088, 'Gurrampeta', 419);
INSERT INTO village (id, name, panchayat_id) VALUES (11089, 'Ippuru', 419);
INSERT INTO village (id, name, panchayat_id) VALUES (11090, 'Isunuru', 419);
INSERT INTO village (id, name, panchayat_id) VALUES (11091, 'Jallivari Gudem', 419);
INSERT INTO village (id, name, panchayat_id) VALUES (11092, 'Jediguppa', 419);
INSERT INTO village (id, name, panchayat_id) VALUES (11093, 'Kachavarapu Padu', 419);
INSERT INTO village (id, name, panchayat_id) VALUES (11094, 'Kalthunuru', 419);
INSERT INTO village (id, name, panchayat_id) VALUES (11095, 'Kannampeta', 419);
INSERT INTO village (id, name, panchayat_id) VALUES (11096, 'Kannayagudem', 419);
INSERT INTO village (id, name, panchayat_id) VALUES (11097, 'Kokkiragudem', 419);
INSERT INTO village (id, name, panchayat_id) VALUES (11098, 'Kollerupadu', 419);
INSERT INTO village (id, name, panchayat_id) VALUES (11099, 'Kolluru', 419);
INSERT INTO village (id, name, panchayat_id) VALUES (11100, 'Kondepudi', 419);
INSERT INTO village (id, name, panchayat_id) VALUES (11101, 'Koppalle', 419);
INSERT INTO village (id, name, panchayat_id) VALUES (11102, 'Kothagudem', 419);
INSERT INTO village (id, name, panchayat_id) VALUES (11103, 'Kothapeta', 419);
INSERT INTO village (id, name, panchayat_id) VALUES (11104, 'Kothuru', 419);
INSERT INTO village (id, name, panchayat_id) VALUES (11105, 'Kottarugommu', 419);
INSERT INTO village (id, name, panchayat_id) VALUES (11106, 'Kunduluru', 419);
INSERT INTO village (id, name, panchayat_id) VALUES (11107, 'Kunjavari Gudem', 419);
INSERT INTO village (id, name, panchayat_id) VALUES (11108, 'Maredupudi', 419);
INSERT INTO village (id, name, panchayat_id) VALUES (11109, 'Mulakanapalle', 419);
INSERT INTO village (id, name, panchayat_id) VALUES (11110, 'Mulkapalle', 419);
INSERT INTO village (id, name, panchayat_id) VALUES (11111, 'Narayanapuram', 419);
INSERT INTO village (id, name, panchayat_id) VALUES (11112, 'Nuthigudem', 419);
INSERT INTO village (id, name, panchayat_id) VALUES (11113, 'Peddamattapalle', 419);
INSERT INTO village (id, name, panchayat_id) VALUES (11114, 'Pochavaram', 419);
INSERT INTO village (id, name, panchayat_id) VALUES (11115, 'Prathipaka', 419);
INSERT INTO village (id, name, panchayat_id) VALUES (11116, 'Pulusumamidi', 419);
INSERT INTO village (id, name, panchayat_id) VALUES (11117, 'Rajupeta', 419);
INSERT INTO village (id, name, panchayat_id) VALUES (11118, 'Ramavaram', 419);
INSERT INTO village (id, name, panchayat_id) VALUES (11119, 'Ravigudem', 419);
INSERT INTO village (id, name, panchayat_id) VALUES (11120, 'Rekapalle', 419);
INSERT INTO village (id, name, panchayat_id) VALUES (11121, 'Seethampeta', 419);
INSERT INTO village (id, name, panchayat_id) VALUES (11122, 'Somanamallu', 419);
INSERT INTO village (id, name, panchayat_id) VALUES (11123, 'Somulagudem', 419);
INSERT INTO village (id, name, panchayat_id) VALUES (11124, 'Sriramgiri', 419);
INSERT INTO village (id, name, panchayat_id) VALUES (11125, 'Suddagudem', 419);
INSERT INTO village (id, name, panchayat_id) VALUES (11126, 'Tekuluru', 419);
INSERT INTO village (id, name, panchayat_id) VALUES (11127, 'Tellamvari Gudem', 419);
INSERT INTO village (id, name, panchayat_id) VALUES (11128, 'Thammayyapeta', 419);
INSERT INTO village (id, name, panchayat_id) VALUES (11129, 'Thotapalle', 419);
INSERT INTO village (id, name, panchayat_id) VALUES (11130, 'Tummileru', 419);
INSERT INTO village (id, name, panchayat_id) VALUES (11131, 'Ummadivaram', 419);
INSERT INTO village (id, name, panchayat_id) VALUES (11132, 'Venkampalem', 419);
INSERT INTO village (id, name, panchayat_id) VALUES (11133, 'Venkannagudem', 419);
INSERT INTO village (id, name, panchayat_id) VALUES (11134, 'Venkata Narasimhapuram', 419);
INSERT INTO village (id, name, panchayat_id) VALUES (11135, 'Venkuturu', 419);
INSERT INTO village (id, name, panchayat_id) VALUES (11136, 'Verapapanikunta', 419);
INSERT INTO village (id, name, panchayat_id) VALUES (11137, 'Waddegudem', 419);
INSERT INTO mandal (id, name, constituency_id) VALUES (420, 'Yetapaka', 19);
INSERT INTO panchayat (id, name, mandal_id) VALUES (420, 'Default Panchayat Yetapaka', 420);
INSERT INTO village (id, name, panchayat_id) VALUES (11138, 'Achuthapuram', 420);
INSERT INTO village (id, name, panchayat_id) VALUES (11139, 'Ayyavaripeta', 420);
INSERT INTO village (id, name, panchayat_id) VALUES (11140, 'Bandirevu', 420);
INSERT INTO village (id, name, panchayat_id) VALUES (11141, 'Boddugudem', 420);
INSERT INTO village (id, name, panchayat_id) VALUES (11142, 'Buruguvai', 420);
INSERT INTO village (id, name, panchayat_id) VALUES (11143, 'Buttaigudem', 420);
INSERT INTO village (id, name, panchayat_id) VALUES (11144, 'Chandrampalem', 420);
INSERT INTO village (id, name, panchayat_id) VALUES (11145, 'Chelempalem', 420);
INSERT INTO village (id, name, panchayat_id) VALUES (11146, 'Chinna Bandirevu', 420);
INSERT INTO village (id, name, panchayat_id) VALUES (11147, 'Chinna Nallakunta', 420);
INSERT INTO village (id, name, panchayat_id) VALUES (11148, 'Chinthalagudem', 420);
INSERT INTO village (id, name, panchayat_id) VALUES (11149, 'Chowdavaram', 420);
INSERT INTO village (id, name, panchayat_id) VALUES (11150, 'Dammapeta', 420);
INSERT INTO village (id, name, panchayat_id) VALUES (11151, 'Devarapalle', 420);
INSERT INTO village (id, name, panchayat_id) VALUES (11152, 'Doramitta', 420);
INSERT INTO village (id, name, panchayat_id) VALUES (11153, 'Fergusanpeta', 420);
INSERT INTO village (id, name, panchayat_id) VALUES (11154, 'Gannavaram', 420);
INSERT INTO village (id, name, panchayat_id) VALUES (11155, 'Gogubaka', 420);
INSERT INTO village (id, name, panchayat_id) VALUES (11156, 'Gollagudem', 420);
INSERT INTO village (id, name, panchayat_id) VALUES (11157, 'Gollaguppa', 420);
INSERT INTO village (id, name, panchayat_id) VALUES (11158, 'Gommu Koyagudem', 420);
INSERT INTO village (id, name, panchayat_id) VALUES (11159, 'Gottugudem', 420);
INSERT INTO village (id, name, panchayat_id) VALUES (11160, 'Gowridevi Peta', 420);
INSERT INTO village (id, name, panchayat_id) VALUES (11161, 'Gundala', 420);
INSERT INTO village (id, name, panchayat_id) VALUES (11162, 'Kannaigudem', 420);
INSERT INTO village (id, name, panchayat_id) VALUES (11163, 'Kannapuram', 420);
INSERT INTO village (id, name, panchayat_id) VALUES (11164, 'Kapavaram', 420);
INSERT INTO village (id, name, panchayat_id) VALUES (11165, 'Kapugampalle', 420);
INSERT INTO village (id, name, panchayat_id) VALUES (11166, 'Kistaram', 420);
INSERT INTO village (id, name, panchayat_id) VALUES (11167, 'K. Narayanapuram', 420);
INSERT INTO village (id, name, panchayat_id) VALUES (11168, 'Kolanugudem', 420);
INSERT INTO village (id, name, panchayat_id) VALUES (11169, 'Kondaigudem', 420);
INSERT INTO village (id, name, panchayat_id) VALUES (11170, 'Kothagudem', 420);
INSERT INTO village (id, name, panchayat_id) VALUES (11171, 'Kusumanapalle', 420);
INSERT INTO village (id, name, panchayat_id) VALUES (11172, 'Lakshmidevipeta', 420);
INSERT INTO village (id, name, panchayat_id) VALUES (11173, 'Laxmipuram', 420);
INSERT INTO village (id, name, panchayat_id) VALUES (11174, 'Lingalapalle', 420);
INSERT INTO village (id, name, panchayat_id) VALUES (11175, 'Madhavaraopeta', 420);
INSERT INTO village (id, name, panchayat_id) VALUES (11176, 'Madimeru', 420);
INSERT INTO village (id, name, panchayat_id) VALUES (11177, 'Midfordpeta', 420);
INSERT INTO village (id, name, panchayat_id) VALUES (11178, 'Mummadivaru', 420);
INSERT INTO village (id, name, panchayat_id) VALUES (11179, 'Murumoor', 420);
INSERT INTO village (id, name, panchayat_id) VALUES (11180, 'Nallakunta', 420);
INSERT INTO village (id, name, panchayat_id) VALUES (11181, 'Nandigama', 420);
INSERT INTO village (id, name, panchayat_id) VALUES (11182, 'Narasingapeta', 420);
INSERT INTO village (id, name, panchayat_id) VALUES (11183, 'Nellipaka', 420);
INSERT INTO village (id, name, panchayat_id) VALUES (11184, 'Pandurangapuram', 420);
INSERT INTO village (id, name, panchayat_id) VALUES (11185, 'Pattucheera', 420);
INSERT INTO village (id, name, panchayat_id) VALUES (11186, 'Penuballe', 420);
INSERT INTO village (id, name, panchayat_id) VALUES (11187, 'Pinapalle', 420);
INSERT INTO village (id, name, panchayat_id) VALUES (11188, 'Pitchikalapadu', 420);
INSERT INTO village (id, name, panchayat_id) VALUES (11189, 'Purushothapatnam', 420);
INSERT INTO village (id, name, panchayat_id) VALUES (11190, 'Rachagampalle', 420);
INSERT INTO village (id, name, panchayat_id) VALUES (11191, 'Raghavapuram', 420);
INSERT INTO village (id, name, panchayat_id) VALUES (11192, 'Rajupeta', 420);
INSERT INTO village (id, name, panchayat_id) VALUES (11193, 'Ramagopalapuram', 420);
INSERT INTO village (id, name, panchayat_id) VALUES (11194, 'Rangapuram', 420);
INSERT INTO village (id, name, panchayat_id) VALUES (11195, 'Rayanapeta', 420);
INSERT INTO village (id, name, panchayat_id) VALUES (11196, 'Seetaramapuram', 420);
INSERT INTO village (id, name, panchayat_id) VALUES (11197, 'Seethampeta', 420);
INSERT INTO village (id, name, panchayat_id) VALUES (11198, 'Sreenivasapuram', 420);
INSERT INTO village (id, name, panchayat_id) VALUES (11199, 'Thallagudem', 420);
INSERT INTO village (id, name, panchayat_id) VALUES (11200, 'Thotapalle', 420);
INSERT INTO village (id, name, panchayat_id) VALUES (11201, 'Thottimadugu', 420);
INSERT INTO village (id, name, panchayat_id) VALUES (11202, 'Thunikicheruvu', 420);
INSERT INTO village (id, name, panchayat_id) VALUES (11203, 'Tripura Penta Veedu', 420);
INSERT INTO village (id, name, panchayat_id) VALUES (11204, 'Viswapuram', 420);
INSERT INTO village (id, name, panchayat_id) VALUES (11205, 'Yerraboru', 420);
INSERT INTO village (id, name, panchayat_id) VALUES (11206, 'Yerragunta', 420);
INSERT INTO village (id, name, panchayat_id) VALUES (11207, 'Yetapaka', 420);
INSERT INTO mandal (id, name, constituency_id) VALUES (421, 'Y. Ramavaram', 19);
INSERT INTO panchayat (id, name, mandal_id) VALUES (421, 'Default Panchayat Y. Ramavaram', 421);
INSERT INTO village (id, name, panchayat_id) VALUES (11208, 'Ammapeta', 421);
INSERT INTO village (id, name, panchayat_id) VALUES (11209, 'Annampalem', 421);
INSERT INTO village (id, name, panchayat_id) VALUES (11210, 'Bandigedda', 421);
INSERT INTO village (id, name, panchayat_id) VALUES (11211, 'Bheemudugadda', 421);
INSERT INTO village (id, name, panchayat_id) VALUES (11212, 'Boddagunta', 421);
INSERT INTO village (id, name, panchayat_id) VALUES (11213, 'Boddapalle', 421);
INSERT INTO village (id, name, panchayat_id) VALUES (11214, 'Bonangipalem', 421);
INSERT INTO village (id, name, panchayat_id) VALUES (11215, 'Bullojupalem', 421);
INSERT INTO village (id, name, panchayat_id) VALUES (11216, 'Buradakota', 421);
INSERT INTO village (id, name, panchayat_id) VALUES (11217, 'Buruguwada', 421);
INSERT INTO village (id, name, panchayat_id) VALUES (11218, 'Chamagedda', 421);
INSERT INTO village (id, name, panchayat_id) VALUES (11219, 'Chavitidibbalu', 421);
INSERT INTO village (id, name, panchayat_id) VALUES (11220, 'Chendurthi', 421);
INSERT INTO village (id, name, panchayat_id) VALUES (11221, 'Chinavulempadu', 421);
INSERT INTO village (id, name, panchayat_id) VALUES (11222, 'Chinta Koyya', 421);
INSERT INTO village (id, name, panchayat_id) VALUES (11223, 'Chinthakarrapalem', 421);
INSERT INTO village (id, name, panchayat_id) VALUES (11224, 'Chinthalapudi', 421);
INSERT INTO village (id, name, panchayat_id) VALUES (11225, 'Dabbamamidi', 421);
INSERT INTO village (id, name, panchayat_id) VALUES (11226, 'Dadalikavada', 421);
INSERT INTO village (id, name, panchayat_id) VALUES (11227, 'Dalipadu', 421);
INSERT INTO village (id, name, panchayat_id) VALUES (11228, 'Daralova', 421);
INSERT INTO village (id, name, panchayat_id) VALUES (11229, 'Devaramadugula', 421);
INSERT INTO village (id, name, panchayat_id) VALUES (11230, 'Donarai', 421);
INSERT INTO village (id, name, panchayat_id) VALUES (11231, 'Dorawada', 421);
INSERT INTO village (id, name, panchayat_id) VALUES (11232, 'Gandempalle', 421);
INSERT INTO village (id, name, panchayat_id) VALUES (11233, 'Gannavaram', 421);
INSERT INTO village (id, name, panchayat_id) VALUES (11234, 'Gobbilapanukulu', 421);
INSERT INTO village (id, name, panchayat_id) VALUES (11235, 'Godugurayi', 421);
INSERT INTO village (id, name, panchayat_id) VALUES (11236, 'Goramanda', 421);
INSERT INTO village (id, name, panchayat_id) VALUES (11237, 'Gummarapalem', 421);
INSERT INTO village (id, name, panchayat_id) VALUES (11238, 'Jajigedda', 421);
INSERT INTO village (id, name, panchayat_id) VALUES (11239, 'Jangalathota', 421);
INSERT INTO village (id, name, panchayat_id) VALUES (11240, 'Kanatalabanda', 421);
INSERT INTO village (id, name, panchayat_id) VALUES (11241, 'Kappalabanda', 421);
INSERT INTO village (id, name, panchayat_id) VALUES (11242, 'Kathirala', 421);
INSERT INTO village (id, name, panchayat_id) VALUES (11243, 'Kokitagondi', 421);
INSERT INTO village (id, name, panchayat_id) VALUES (11244, 'Komaravaram', 421);
INSERT INTO village (id, name, panchayat_id) VALUES (11245, 'Kota', 421);
INSERT INTO village (id, name, panchayat_id) VALUES (11246, 'Kotabandichippalamamidi', 421);
INSERT INTO village (id, name, panchayat_id) VALUES (11247, 'Kunkumamidi', 421);
INSERT INTO village (id, name, panchayat_id) VALUES (11248, 'K. Yerragonda', 421);
INSERT INTO village (id, name, panchayat_id) VALUES (11249, 'Mulasalapalem', 421);
INSERT INTO village (id, name, panchayat_id) VALUES (11250, 'Munagalapudi', 421);
INSERT INTO village (id, name, panchayat_id) VALUES (11251, 'Muvvalavada', 421);
INSERT INTO village (id, name, panchayat_id) VALUES (11252, 'Nakkalapadu', 421);
INSERT INTO village (id, name, panchayat_id) VALUES (11253, 'Nakkarathipalem', 421);
INSERT INTO village (id, name, panchayat_id) VALUES (11254, 'Nellikota', 421);
INSERT INTO village (id, name, panchayat_id) VALUES (11255, 'Nulakamamidi', 421);
INSERT INTO village (id, name, panchayat_id) VALUES (11256, 'Nuvvugantipalem', 421);
INSERT INTO village (id, name, panchayat_id) VALUES (11257, 'Paidiputta', 421);
INSERT INTO village (id, name, panchayat_id) VALUES (11258, 'Panasalapalem', 421);
INSERT INTO village (id, name, panchayat_id) VALUES (11259, 'Panchadaralanka', 421);
INSERT INTO village (id, name, panchayat_id) VALUES (11260, 'Pasaruginne', 421);
INSERT INTO village (id, name, panchayat_id) VALUES (11261, 'Pedavulempadu', 421);
INSERT INTO village (id, name, panchayat_id) VALUES (11262, 'Perikivalasa', 421);
INSERT INTO village (id, name, panchayat_id) VALUES (11263, 'Pulusumamidi', 421);
INSERT INTO village (id, name, panchayat_id) VALUES (11264, 'Putikunta', 421);
INSERT INTO village (id, name, panchayat_id) VALUES (11265, 'Puttagandi', 421);
INSERT INTO village (id, name, panchayat_id) VALUES (11266, 'Puttapalle', 421);
INSERT INTO village (id, name, panchayat_id) VALUES (11267, 'P. Yerragonda', 421);
INSERT INTO village (id, name, panchayat_id) VALUES (11268, 'Rachapalem', 421);
INSERT INTO village (id, name, panchayat_id) VALUES (11269, 'Ramulakonda', 421);
INSERT INTO village (id, name, panchayat_id) VALUES (11270, 'Ratsavalasa', 421);
INSERT INTO village (id, name, panchayat_id) VALUES (11271, 'Ravvagadda', 421);
INSERT INTO village (id, name, panchayat_id) VALUES (11272, 'Regadipalem', 421);
INSERT INTO village (id, name, panchayat_id) VALUES (11273, 'Sesharai', 421);
INSERT INTO village (id, name, panchayat_id) VALUES (11274, 'Simhadripalem', 421);
INSERT INTO village (id, name, panchayat_id) VALUES (11275, 'Singavaram', 421);
INSERT INTO village (id, name, panchayat_id) VALUES (11276, 'Sirimetla', 421);
INSERT INTO village (id, name, panchayat_id) VALUES (11277, 'Thadikota', 421);
INSERT INTO village (id, name, panchayat_id) VALUES (11278, 'Totakurapalem', 421);
INSERT INTO village (id, name, panchayat_id) VALUES (11279, 'Tumikelapadu', 421);
INSERT INTO village (id, name, panchayat_id) VALUES (11280, 'Vanamamidigondi', 421);
INSERT INTO village (id, name, panchayat_id) VALUES (11281, 'Vattigedda', 421);
INSERT INTO village (id, name, panchayat_id) VALUES (11282, 'Vedullapalle', 421);
INSERT INTO village (id, name, panchayat_id) VALUES (11283, 'Yarlagadda', 421);
INSERT INTO village (id, name, panchayat_id) VALUES (11284, 'Yerramreddipalem', 421);
INSERT INTO village (id, name, panchayat_id) VALUES (11285, 'Y. Ramavaram', 421);
INSERT INTO district (id, name, state_id) VALUES (20, 'Prakasam', 1);
INSERT INTO constituency (id, name, district_id, mla_name, mp_name) VALUES (20, 'Default Constituency Prakasam', 20, 'Pending MLA', 'Pending MP');
INSERT INTO mandal (id, name, constituency_id) VALUES (422, 'Addanki', 20);
INSERT INTO panchayat (id, name, mandal_id) VALUES (422, 'Default Panchayat Addanki', 422);
INSERT INTO village (id, name, panchayat_id) VALUES (11286, 'Addanki (North) (U)', 422);
INSERT INTO village (id, name, panchayat_id) VALUES (11287, 'Addanki (South) (U)', 422);
INSERT INTO village (id, name, panchayat_id) VALUES (11288, 'Bommanampadu', 422);
INSERT INTO village (id, name, panchayat_id) VALUES (11289, 'Chakraya Palem', 422);
INSERT INTO village (id, name, panchayat_id) VALUES (11290, 'Chinakotha Palle', 422);
INSERT INTO village (id, name, panchayat_id) VALUES (11291, 'Dharmavaram', 422);
INSERT INTO village (id, name, panchayat_id) VALUES (11292, 'Dhenuva Konda', 422);
INSERT INTO village (id, name, panchayat_id) VALUES (11293, 'Gopalapuram', 422);
INSERT INTO village (id, name, panchayat_id) VALUES (11294, 'Kalavakuru', 422);
INSERT INTO village (id, name, panchayat_id) VALUES (11295, 'Kotikalapudi', 422);
INSERT INTO village (id, name, panchayat_id) VALUES (11296, 'Kunkupadu', 422);
INSERT INTO village (id, name, panchayat_id) VALUES (11297, 'Mani Keswaram', 422);
INSERT INTO village (id, name, panchayat_id) VALUES (11298, 'Modepalle', 422);
INSERT INTO village (id, name, panchayat_id) VALUES (11299, 'Mylavaram', 422);
INSERT INTO village (id, name, panchayat_id) VALUES (11300, 'Nannurupadu', 422);
INSERT INTO village (id, name, panchayat_id) VALUES (11301, 'Narasimha Puram', 422);
INSERT INTO village (id, name, panchayat_id) VALUES (11302, 'Ramayapalem (U)', 422);
INSERT INTO village (id, name, panchayat_id) VALUES (11303, 'Uppalapadu', 422);
INSERT INTO village (id, name, panchayat_id) VALUES (11304, 'Vemparala', 422);
INSERT INTO mandal (id, name, constituency_id) VALUES (423, 'Ballikurava', 20);
INSERT INTO panchayat (id, name, mandal_id) VALUES (423, 'Default Panchayat Ballikurava', 423);
INSERT INTO village (id, name, panchayat_id) VALUES (11305, 'Ballikurava', 423);
INSERT INTO village (id, name, panchayat_id) VALUES (11306, 'Chennupalle', 423);
INSERT INTO village (id, name, panchayat_id) VALUES (11307, 'Gorre Padu', 423);
INSERT INTO village (id, name, panchayat_id) VALUES (11308, 'Guntupalle', 423);
INSERT INTO village (id, name, panchayat_id) VALUES (11309, 'Konidena', 423);
INSERT INTO village (id, name, panchayat_id) VALUES (11310, 'Koppera Padu', 423);
INSERT INTO village (id, name, panchayat_id) VALUES (11311, 'Koppera Palem', 423);
INSERT INTO village (id, name, panchayat_id) VALUES (11312, 'Kukatla Palle', 423);
INSERT INTO village (id, name, panchayat_id) VALUES (11313, 'Mukteswaram', 423);
INSERT INTO village (id, name, panchayat_id) VALUES (11314, 'Sankaralingam Gudipadu', 423);
INSERT INTO village (id, name, panchayat_id) VALUES (11315, 'Uppumaguluru', 423);
INSERT INTO village (id, name, panchayat_id) VALUES (11316, 'Vaidana', 423);
INSERT INTO village (id, name, panchayat_id) VALUES (11317, 'Valla Palle', 423);
INSERT INTO village (id, name, panchayat_id) VALUES (11318, 'Vemavaram', 423);
INSERT INTO mandal (id, name, constituency_id) VALUES (424, 'Chimakurthy', 20);
INSERT INTO panchayat (id, name, mandal_id) VALUES (424, 'Default Panchayat Chimakurthy', 424);
INSERT INTO village (id, name, panchayat_id) VALUES (11319, 'Bandlamudi', 424);
INSERT INTO village (id, name, panchayat_id) VALUES (11320, 'Bhusura Palle', 424);
INSERT INTO village (id, name, panchayat_id) VALUES (11321, 'Budavada', 424);
INSERT INTO village (id, name, panchayat_id) VALUES (11322, 'Chandrapadu', 424);
INSERT INTO village (id, name, panchayat_id) VALUES (11323, 'Chimakurthi', 424);
INSERT INTO village (id, name, panchayat_id) VALUES (11324, 'China Ravipadu', 424);
INSERT INTO village (id, name, panchayat_id) VALUES (11325, 'Devarapalem', 424);
INSERT INTO village (id, name, panchayat_id) VALUES (11326, 'Gonugunta', 424);
INSERT INTO village (id, name, panchayat_id) VALUES (11327, 'Gunduvari Laxmipuram', 424);
INSERT INTO village (id, name, panchayat_id) VALUES (11328, 'Ilapavuluru', 424);
INSERT INTO village (id, name, panchayat_id) VALUES (11329, 'Kandurivari Agraharam', 424);
INSERT INTO village (id, name, panchayat_id) VALUES (11330, 'Manchikalapadu', 424);
INSERT INTO village (id, name, panchayat_id) VALUES (11331, 'Mylavaram', 424);
INSERT INTO village (id, name, panchayat_id) VALUES (11332, 'Nekunambadu', 424);
INSERT INTO village (id, name, panchayat_id) VALUES (11333, 'Nippatlapadu', 424);
INSERT INTO village (id, name, panchayat_id) VALUES (11334, 'Padamatinaidupalem', 424);
INSERT INTO village (id, name, panchayat_id) VALUES (11335, 'Palla Malli', 424);
INSERT INTO village (id, name, panchayat_id) VALUES (11336, 'Pidathalapudi', 424);
INSERT INTO village (id, name, panchayat_id) VALUES (11337, 'Pulikonda', 424);
INSERT INTO village (id, name, panchayat_id) VALUES (11338, 'Rajupalem - Laxmipuram', 424);
INSERT INTO village (id, name, panchayat_id) VALUES (11339, 'Ramachandra Puram', 424);
INSERT INTO village (id, name, panchayat_id) VALUES (11340, 'Rangasai Puram', 424);
INSERT INTO village (id, name, panchayat_id) VALUES (11341, 'Torragudi Padu', 424);
INSERT INTO village (id, name, panchayat_id) VALUES (11342, 'Yerragudipadu', 424);
INSERT INTO mandal (id, name, constituency_id) VALUES (425, 'Darsi', 20);
INSERT INTO panchayat (id, name, mandal_id) VALUES (425, 'Default Panchayat Darsi', 425);
INSERT INTO village (id, name, panchayat_id) VALUES (11343, 'Abbaya Palem', 425);
INSERT INTO village (id, name, panchayat_id) VALUES (11344, 'Akkamamba Puram', 425);
INSERT INTO village (id, name, panchayat_id) VALUES (11345, 'Anna Varam', 425);
INSERT INTO village (id, name, panchayat_id) VALUES (11346, 'Bala Puram', 425);
INSERT INTO village (id, name, panchayat_id) VALUES (11347, 'Bandellapaya', 425);
INSERT INTO village (id, name, panchayat_id) VALUES (11348, 'Bandiveligandla', 425);
INSERT INTO village (id, name, panchayat_id) VALUES (11349, 'Bukka Puram', 425);
INSERT INTO village (id, name, panchayat_id) VALUES (11350, 'Chalivendra', 425);
INSERT INTO village (id, name, panchayat_id) VALUES (11351, 'Chandaluru', 425);
INSERT INTO village (id, name, panchayat_id) VALUES (11352, 'Cheruvu Komma Palem', 425);
INSERT INTO village (id, name, panchayat_id) VALUES (11353, 'China Uyyalawada', 425);
INSERT INTO village (id, name, panchayat_id) VALUES (11354, 'Darsi', 425);
INSERT INTO village (id, name, panchayat_id) VALUES (11355, 'Devavaram', 425);
INSERT INTO village (id, name, panchayat_id) VALUES (11356, 'East Choutapalem', 425);
INSERT INTO village (id, name, panchayat_id) VALUES (11357, 'East Veeraya Palem', 425);
INSERT INTO village (id, name, panchayat_id) VALUES (11358, 'East Venkata Puram', 425);
INSERT INTO village (id, name, panchayat_id) VALUES (11359, 'Ganeswara Puram', 425);
INSERT INTO village (id, name, panchayat_id) VALUES (11360, 'Jammigumpala @ K.S.Palem', 425);
INSERT INTO village (id, name, panchayat_id) VALUES (11361, 'Jamukuladinne', 425);
INSERT INTO village (id, name, panchayat_id) VALUES (11362, 'Korlamadugu', 425);
INSERT INTO village (id, name, panchayat_id) VALUES (11363, 'Kothapalle', 425);
INSERT INTO village (id, name, panchayat_id) VALUES (11364, 'Krishna Puram', 425);
INSERT INTO village (id, name, panchayat_id) VALUES (11365, 'Lakshmi Narayana Puram', 425);
INSERT INTO village (id, name, panchayat_id) VALUES (11366, 'Lankojana Palle', 425);
INSERT INTO village (id, name, panchayat_id) VALUES (11367, 'Mohiddin Puram', 425);
INSERT INTO village (id, name, panchayat_id) VALUES (11368, 'Pedauyyalawada', 425);
INSERT INTO village (id, name, panchayat_id) VALUES (11369, 'Potha Kamuru', 425);
INSERT INTO village (id, name, panchayat_id) VALUES (11370, 'Potha Varam', 425);
INSERT INTO village (id, name, panchayat_id) VALUES (11371, 'Rajam Palle', 425);
INSERT INTO village (id, name, panchayat_id) VALUES (11372, 'Ramachandra Puram', 425);
INSERT INTO village (id, name, panchayat_id) VALUES (11373, 'Samanthapudi', 425);
INSERT INTO village (id, name, panchayat_id) VALUES (11374, 'Seetha Sagaram', 425);
INSERT INTO village (id, name, panchayat_id) VALUES (11375, 'Thanam Chinthala', 425);
INSERT INTO village (id, name, panchayat_id) VALUES (11376, 'Thimmaya Palem', 425);
INSERT INTO village (id, name, panchayat_id) VALUES (11377, 'Thripura Sundari Puram', 425);
INSERT INTO village (id, name, panchayat_id) VALUES (11378, 'Thummedalapadu', 425);
INSERT INTO village (id, name, panchayat_id) VALUES (11379, 'Venkatachalam Palle', 425);
INSERT INTO village (id, name, panchayat_id) VALUES (11380, 'Yerrobana Palle', 425);
INSERT INTO mandal (id, name, constituency_id) VALUES (426, 'Donakonda', 20);
INSERT INTO panchayat (id, name, mandal_id) VALUES (426, 'Default Panchayat Donakonda', 426);
INSERT INTO village (id, name, panchayat_id) VALUES (11381, 'Ananthavaram', 426);
INSERT INTO village (id, name, panchayat_id) VALUES (11382, 'Aravallipadu', 426);
INSERT INTO village (id, name, panchayat_id) VALUES (11383, 'Bada Puram', 426);
INSERT INTO village (id, name, panchayat_id) VALUES (11384, 'Battepadu', 426);
INSERT INTO village (id, name, panchayat_id) VALUES (11385, 'Bhumanapalle', 426);
INSERT INTO village (id, name, panchayat_id) VALUES (11386, 'Chandavaram', 426);
INSERT INTO village (id, name, panchayat_id) VALUES (11387, 'Gudipadu', 426);
INSERT INTO village (id, name, panchayat_id) VALUES (11388, 'Indla Cheruvu', 426);
INSERT INTO village (id, name, panchayat_id) VALUES (11389, 'Kalavala Palle', 426);
INSERT INTO village (id, name, panchayat_id) VALUES (11390, 'Kotcherla Kota', 426);
INSERT INTO village (id, name, panchayat_id) VALUES (11391, 'Lakshmi Narayana Puram', 426);
INSERT INTO village (id, name, panchayat_id) VALUES (11392, 'Mallam Peta', 426);
INSERT INTO village (id, name, panchayat_id) VALUES (11393, 'Manginapudi', 426);
INSERT INTO village (id, name, panchayat_id) VALUES (11394, 'Narasimhanayuni Palem', 426);
INSERT INTO village (id, name, panchayat_id) VALUES (11395, 'Padamara Lakshmipuram', 426);
INSERT INTO village (id, name, panchayat_id) VALUES (11396, 'Padamati Venkata Puram', 426);
INSERT INTO village (id, name, panchayat_id) VALUES (11397, 'Peddanna Palem', 426);
INSERT INTO village (id, name, panchayat_id) VALUES (11398, 'Pochamakka Palle', 426);
INSERT INTO village (id, name, panchayat_id) VALUES (11399, 'Pole Palle', 426);
INSERT INTO village (id, name, panchayat_id) VALUES (11400, 'Ragamakka Palle', 426);
INSERT INTO village (id, name, panchayat_id) VALUES (11401, 'Ramapuram', 426);
INSERT INTO village (id, name, panchayat_id) VALUES (11402, 'Rudra Samudram', 426);
INSERT INTO village (id, name, panchayat_id) VALUES (11403, 'Sangapuram', 426);
INSERT INTO village (id, name, panchayat_id) VALUES (11404, 'Siddayapalem', 426);
INSERT INTO village (id, name, panchayat_id) VALUES (11405, 'Tella Padu', 426);
INSERT INTO village (id, name, panchayat_id) VALUES (11406, 'Vabbapuram', 426);
INSERT INTO village (id, name, panchayat_id) VALUES (11407, 'Vaddipadu', 426);
INSERT INTO village (id, name, panchayat_id) VALUES (11408, 'Veera Venkata Puram', 426);
INSERT INTO village (id, name, panchayat_id) VALUES (11409, 'West Kambhampadu', 426);
INSERT INTO village (id, name, panchayat_id) VALUES (11410, 'Yerrabalem', 426);
INSERT INTO mandal (id, name, constituency_id) VALUES (427, 'Gudluru', 20);
INSERT INTO panchayat (id, name, mandal_id) VALUES (427, 'Default Panchayat Gudluru', 427);
INSERT INTO village (id, name, panchayat_id) VALUES (11411, 'Ammavari Palem', 427);
INSERT INTO village (id, name, panchayat_id) VALUES (11412, 'Basireddy Palem', 427);
INSERT INTO village (id, name, panchayat_id) VALUES (11413, 'Chevuru', 427);
INSERT INTO village (id, name, panchayat_id) VALUES (11414, 'Chinala Trapi', 427);
INSERT INTO village (id, name, panchayat_id) VALUES (11415, 'Dappalampadu', 427);
INSERT INTO village (id, name, panchayat_id) VALUES (11416, 'Darakanipadu', 427);
INSERT INTO village (id, name, panchayat_id) VALUES (11417, 'Gudluru', 427);
INSERT INTO village (id, name, panchayat_id) VALUES (11418, 'Gundlapalem', 427);
INSERT INTO village (id, name, panchayat_id) VALUES (11419, 'Kothapeta', 427);
INSERT INTO village (id, name, panchayat_id) VALUES (11420, 'Mocherla', 427);
INSERT INTO village (id, name, panchayat_id) VALUES (11421, 'Nayudupalem', 427);
INSERT INTO village (id, name, panchayat_id) VALUES (11422, 'Parakondapadu', 427);
INSERT INTO village (id, name, panchayat_id) VALUES (11423, 'Parakonda Paduagraharam', 427);
INSERT INTO village (id, name, panchayat_id) VALUES (11424, 'Potluru', 427);
INSERT INTO village (id, name, panchayat_id) VALUES (11425, 'Puretipalle', 427);
INSERT INTO village (id, name, panchayat_id) VALUES (11426, 'Ravur', 427);
INSERT INTO village (id, name, panchayat_id) VALUES (11427, 'Swarnajipuram', 427);
INSERT INTO village (id, name, panchayat_id) VALUES (11428, 'Venkam Peta', 427);
INSERT INTO mandal (id, name, constituency_id) VALUES (428, 'J.Pangulur', 20);
INSERT INTO panchayat (id, name, mandal_id) VALUES (428, 'Default Panchayat J.Pangulur', 428);
INSERT INTO village (id, name, panchayat_id) VALUES (11429, 'Alavalapadu', 428);
INSERT INTO village (id, name, panchayat_id) VALUES (11430, 'Budavada', 428);
INSERT INTO village (id, name, panchayat_id) VALUES (11431, 'Bytamanjulur', 428);
INSERT INTO village (id, name, panchayat_id) VALUES (11432, 'Chandalur', 428);
INSERT INTO village (id, name, panchayat_id) VALUES (11433, 'Janakavaram Panguluru', 428);
INSERT INTO village (id, name, panchayat_id) VALUES (11434, 'Kasyapuram', 428);
INSERT INTO village (id, name, panchayat_id) VALUES (11435, 'Konda Manjulur', 428);
INSERT INTO village (id, name, panchayat_id) VALUES (11436, 'Kondamur', 428);
INSERT INTO village (id, name, panchayat_id) VALUES (11437, 'Kotapadu', 428);
INSERT INTO village (id, name, panchayat_id) VALUES (11438, 'Muppavaram', 428);
INSERT INTO village (id, name, panchayat_id) VALUES (11439, 'Nuzendla Palle', 428);
INSERT INTO village (id, name, panchayat_id) VALUES (11440, 'Ramakuru', 428);
INSERT INTO village (id, name, panchayat_id) VALUES (11441, 'Reningavaram', 428);
INSERT INTO village (id, name, panchayat_id) VALUES (11442, 'Thurpu Koppera Padu', 428);
INSERT INTO village (id, name, panchayat_id) VALUES (11443, 'Thurpu Thakkella Padu', 428);
INSERT INTO mandal (id, name, constituency_id) VALUES (429, 'Kandukuru', 20);
INSERT INTO panchayat (id, name, mandal_id) VALUES (429, 'Default Panchayat Kandukuru', 429);
INSERT INTO village (id, name, panchayat_id) VALUES (11444, 'Anandapuram', 429);
INSERT INTO village (id, name, panchayat_id) VALUES (11445, 'Anantha Sagaram', 429);
INSERT INTO village (id, name, panchayat_id) VALUES (11446, 'Divvivaripalem', 429);
INSERT INTO village (id, name, panchayat_id) VALUES (11447, 'Donda Padu', 429);
INSERT INTO village (id, name, panchayat_id) VALUES (11448, 'G.Meka Padu', 429);
INSERT INTO village (id, name, panchayat_id) VALUES (11449, 'Jillelamudi', 429);
INSERT INTO village (id, name, panchayat_id) VALUES (11450, 'Kancharagunta', 429);
INSERT INTO village (id, name, panchayat_id) VALUES (11451, 'Kandukur', 429);
INSERT INTO village (id, name, panchayat_id) VALUES (11452, 'Kondamudusu Palem', 429);
INSERT INTO village (id, name, panchayat_id) VALUES (11453, 'Kondikandukur', 429);
INSERT INTO village (id, name, panchayat_id) VALUES (11454, 'Kovur', 429);
INSERT INTO village (id, name, panchayat_id) VALUES (11455, 'Machavaram', 429);
INSERT INTO village (id, name, panchayat_id) VALUES (11456, 'Madanagopalapuram', 429);
INSERT INTO village (id, name, panchayat_id) VALUES (11457, 'Mahadevapuram (R)', 429);
INSERT INTO village (id, name, panchayat_id) VALUES (11458, 'Mopadu', 429);
INSERT INTO village (id, name, panchayat_id) VALUES (11459, 'Muppalakesaramvarikandrika', 429);
INSERT INTO village (id, name, panchayat_id) VALUES (11460, 'Ogur', 429);
INSERT INTO village (id, name, panchayat_id) VALUES (11461, 'Palukur', 429);
INSERT INTO village (id, name, panchayat_id) VALUES (11462, 'Palur', 429);
INSERT INTO village (id, name, panchayat_id) VALUES (11463, 'Pandalapadu', 429);
INSERT INTO village (id, name, panchayat_id) VALUES (11464, 'Vikkiralapeta', 429);
INSERT INTO mandal (id, name, constituency_id) VALUES (430, 'Kondapi', 20);
INSERT INTO panchayat (id, name, mandal_id) VALUES (430, 'Default Panchayat Kondapi', 430);
INSERT INTO village (id, name, panchayat_id) VALUES (11465, 'Anakarlapudi', 430);
INSERT INTO village (id, name, panchayat_id) VALUES (11466, 'C G Anantha Bhotla Vari Khandrika', 430);
INSERT INTO village (id, name, panchayat_id) VALUES (11467, 'C G Chamarthivarikhandrika', 430);
INSERT INTO village (id, name, panchayat_id) VALUES (11468, 'C G Mamidalavarikhandrika', 430);
INSERT INTO village (id, name, panchayat_id) VALUES (11469, 'Chinakandla Gunta', 430);
INSERT INTO village (id, name, panchayat_id) VALUES (11470, 'China Venkana Palem', 430);
INSERT INTO village (id, name, panchayat_id) VALUES (11471, 'Chodavaram', 430);
INSERT INTO village (id, name, panchayat_id) VALUES (11472, 'G Dharbakulavarikhandrika', 430);
INSERT INTO village (id, name, panchayat_id) VALUES (11473, 'Gurrappadia', 430);
INSERT INTO village (id, name, panchayat_id) VALUES (11474, 'Ilavera', 430);
INSERT INTO village (id, name, panchayat_id) VALUES (11475, 'Kondapi', 430);
INSERT INTO village (id, name, panchayat_id) VALUES (11476, 'Kondapi Gadiyaram Vari Khandrika', 430);
INSERT INTO village (id, name, panchayat_id) VALUES (11477, 'K.Uppalapadu', 430);
INSERT INTO village (id, name, panchayat_id) VALUES (11478, 'Mugachintala', 430);
INSERT INTO village (id, name, panchayat_id) VALUES (11479, 'Muppavaram', 430);
INSERT INTO village (id, name, panchayat_id) VALUES (11480, 'Nennurupadu', 430);
INSERT INTO village (id, name, panchayat_id) VALUES (11481, 'Pedakandlagunta', 430);
INSERT INTO village (id, name, panchayat_id) VALUES (11482, 'Peridepi', 430);
INSERT INTO village (id, name, panchayat_id) VALUES (11483, 'Petluru', 430);
INSERT INTO village (id, name, panchayat_id) VALUES (11484, 'Petlurukurugantivarikhandrika', 430);
INSERT INTO village (id, name, panchayat_id) VALUES (11485, 'Petlurumocharlavari Khandrika', 430);
INSERT INTO village (id, name, panchayat_id) VALUES (11486, 'Vennuru', 430);
INSERT INTO mandal (id, name, constituency_id) VALUES (431, 'Korisapadu', 20);
INSERT INTO panchayat (id, name, mandal_id) VALUES (431, 'Default Panchayat Korisapadu', 431);
INSERT INTO village (id, name, panchayat_id) VALUES (11487, 'Anamanamur', 431);
INSERT INTO village (id, name, panchayat_id) VALUES (11488, 'Bodduvani Palem', 431);
INSERT INTO village (id, name, panchayat_id) VALUES (11489, 'Dyvala Ravuru', 431);
INSERT INTO village (id, name, panchayat_id) VALUES (11490, 'Korisapadu', 431);
INSERT INTO village (id, name, panchayat_id) VALUES (11491, 'Pamidi Padu', 431);
INSERT INTO village (id, name, panchayat_id) VALUES (11492, 'Pichikalagudipadu', 431);
INSERT INTO village (id, name, panchayat_id) VALUES (11493, 'Prasangula Padu', 431);
INSERT INTO village (id, name, panchayat_id) VALUES (11494, 'Rachapudi', 431);
INSERT INTO village (id, name, panchayat_id) VALUES (11495, 'Ravinuthala', 431);
INSERT INTO village (id, name, panchayat_id) VALUES (11496, 'Somavarappadu', 431);
INSERT INTO mandal (id, name, constituency_id) VALUES (432, 'Kotha Patnam', 20);
INSERT INTO panchayat (id, name, mandal_id) VALUES (432, 'Default Panchayat Kotha Patnam', 432);
INSERT INTO village (id, name, panchayat_id) VALUES (11497, 'Aaluru', 432);
INSERT INTO village (id, name, panchayat_id) VALUES (11498, 'Allur', 432);
INSERT INTO village (id, name, panchayat_id) VALUES (11499, 'Alluru Kotha Patnam', 432);
INSERT INTO village (id, name, panchayat_id) VALUES (11500, 'Ethamukkala', 432);
INSERT INTO village (id, name, panchayat_id) VALUES (11501, 'Madanur', 432);
INSERT INTO village (id, name, panchayat_id) VALUES (11502, 'Padarthi', 432);
INSERT INTO village (id, name, panchayat_id) VALUES (11503, 'Payakari Khandrika', 432);
INSERT INTO village (id, name, panchayat_id) VALUES (11504, 'Raju Palem', 432);
INSERT INTO mandal (id, name, constituency_id) VALUES (433, 'Kurichedu', 20);
INSERT INTO panchayat (id, name, mandal_id) VALUES (433, 'Default Panchayat Kurichedu', 433);
INSERT INTO village (id, name, panchayat_id) VALUES (11505, 'Alavalapadu', 433);
INSERT INTO village (id, name, panchayat_id) VALUES (11506, 'Avulamanda', 433);
INSERT INTO village (id, name, panchayat_id) VALUES (11507, 'Bayya Varam', 433);
INSERT INTO village (id, name, panchayat_id) VALUES (11508, 'Bodanampadu', 433);
INSERT INTO village (id, name, panchayat_id) VALUES (11509, 'Dekanakonda', 433);
INSERT INTO village (id, name, panchayat_id) VALUES (11510, 'Gangadona Konda', 433);
INSERT INTO village (id, name, panchayat_id) VALUES (11511, 'Jagannadhapuram', 433);
INSERT INTO village (id, name, panchayat_id) VALUES (11512, 'Kallur', 433);
INSERT INTO village (id, name, panchayat_id) VALUES (11513, 'Kurichedu', 433);
INSERT INTO village (id, name, panchayat_id) VALUES (11514, 'Mallaya Palem', 433);
INSERT INTO village (id, name, panchayat_id) VALUES (11515, 'Mustla Gangavaram', 433);
INSERT INTO village (id, name, panchayat_id) VALUES (11516, 'Namassivaya Puram', 433);
INSERT INTO village (id, name, panchayat_id) VALUES (11517, 'Peddavaram', 433);
INSERT INTO village (id, name, panchayat_id) VALUES (11518, 'Perambotla Palem', 433);
INSERT INTO village (id, name, panchayat_id) VALUES (11519, 'Potlapadu', 433);
INSERT INTO village (id, name, panchayat_id) VALUES (11520, 'West Gangavaram', 433);
INSERT INTO village (id, name, panchayat_id) VALUES (11521, 'West Kasipuram', 433);
INSERT INTO village (id, name, panchayat_id) VALUES (11522, 'West Naidupalem', 433);
INSERT INTO village (id, name, panchayat_id) VALUES (11523, 'West Veeraya Palem', 433);
INSERT INTO mandal (id, name, constituency_id) VALUES (434, 'Lingasamudram', 20);
INSERT INTO panchayat (id, name, mandal_id) VALUES (434, 'Default Panchayat Lingasamudram', 434);
INSERT INTO village (id, name, panchayat_id) VALUES (11524, 'Anneboinapalle', 434);
INSERT INTO village (id, name, panchayat_id) VALUES (11525, 'Cheemalapenta', 434);
INSERT INTO village (id, name, panchayat_id) VALUES (11526, 'Chinapavani', 434);
INSERT INTO village (id, name, panchayat_id) VALUES (11527, 'Gangapalem', 434);
INSERT INTO village (id, name, panchayat_id) VALUES (11528, 'Jagamreddi Khandrika', 434);
INSERT INTO village (id, name, panchayat_id) VALUES (11529, 'Lingasamudram', 434);
INSERT INTO village (id, name, panchayat_id) VALUES (11530, 'Mala Konda Rayunipalem', 434);
INSERT INTO village (id, name, panchayat_id) VALUES (11531, 'Mogilicherla', 434);
INSERT INTO village (id, name, panchayat_id) VALUES (11532, 'Mukteswaram', 434);
INSERT INTO village (id, name, panchayat_id) VALUES (11533, 'Mutyalapadu', 434);
INSERT INTO village (id, name, panchayat_id) VALUES (11534, 'Narasimhapuram', 434);
INSERT INTO village (id, name, panchayat_id) VALUES (11535, 'Pentrala', 434);
INSERT INTO village (id, name, panchayat_id) VALUES (11536, 'Racheruvurajupalem', 434);
INSERT INTO village (id, name, panchayat_id) VALUES (11537, 'Rallapadu', 434);
INSERT INTO village (id, name, panchayat_id) VALUES (11538, 'Thimmareddy Palem', 434);
INSERT INTO village (id, name, panchayat_id) VALUES (11539, 'Thunugunta', 434);
INSERT INTO village (id, name, panchayat_id) VALUES (11540, 'Thurpurajupalem', 434);
INSERT INTO village (id, name, panchayat_id) VALUES (11541, 'Veera Raghavuni Kota', 434);
INSERT INTO village (id, name, panchayat_id) VALUES (11542, 'Vengalapuram', 434);
INSERT INTO village (id, name, panchayat_id) VALUES (11543, 'Viswanadhapuram', 434);
INSERT INTO mandal (id, name, constituency_id) VALUES (435, 'Maddipadu', 20);
INSERT INTO panchayat (id, name, mandal_id) VALUES (435, 'Default Panchayat Maddipadu', 435);
INSERT INTO village (id, name, panchayat_id) VALUES (11544, 'Annangi', 435);
INSERT INTO village (id, name, panchayat_id) VALUES (11545, 'Doddavaram', 435);
INSERT INTO village (id, name, panchayat_id) VALUES (11546, 'Doddavarappadu', 435);
INSERT INTO village (id, name, panchayat_id) VALUES (11547, 'Edugundlapadu', 435);
INSERT INTO village (id, name, panchayat_id) VALUES (11548, 'Gadiyapudi', 435);
INSERT INTO village (id, name, panchayat_id) VALUES (11549, 'Garlapadu', 435);
INSERT INTO village (id, name, panchayat_id) VALUES (11550, 'Gundla Palle', 435);
INSERT INTO village (id, name, panchayat_id) VALUES (11551, 'Inamanamellur', 435);
INSERT INTO village (id, name, panchayat_id) VALUES (11552, 'Keerthi Padu', 435);
INSERT INTO village (id, name, panchayat_id) VALUES (11553, 'Kolachanakota', 435);
INSERT INTO village (id, name, panchayat_id) VALUES (11554, 'Lingamgunta', 435);
INSERT INTO village (id, name, panchayat_id) VALUES (11555, 'Maddipadu', 435);
INSERT INTO village (id, name, panchayat_id) VALUES (11556, 'Mallavaram', 435);
INSERT INTO village (id, name, panchayat_id) VALUES (11557, 'Nandipadu', 435);
INSERT INTO village (id, name, panchayat_id) VALUES (11558, 'Nelatur', 435);
INSERT INTO village (id, name, panchayat_id) VALUES (11559, 'Peda Kotha Palle', 435);
INSERT INTO village (id, name, panchayat_id) VALUES (11560, 'Rachavari Palem', 435);
INSERT INTO village (id, name, panchayat_id) VALUES (11561, 'Seetharampuram', 435);
INSERT INTO village (id, name, panchayat_id) VALUES (11562, 'Vellam Palle', 435);
INSERT INTO village (id, name, panchayat_id) VALUES (11563, 'Venkateswarapuram', 435);
INSERT INTO mandal (id, name, constituency_id) VALUES (436, 'Marripudi', 20);
INSERT INTO panchayat (id, name, mandal_id) VALUES (436, 'Default Panchayat Marripudi', 436);
INSERT INTO village (id, name, panchayat_id) VALUES (11564, 'Ankepalle', 436);
INSERT INTO village (id, name, panchayat_id) VALUES (11565, 'Ayyaparaju Palem', 436);
INSERT INTO village (id, name, panchayat_id) VALUES (11566, 'Chilamkuru', 436);
INSERT INTO village (id, name, panchayat_id) VALUES (11567, 'Chimata', 436);
INSERT INTO village (id, name, panchayat_id) VALUES (11568, 'Dharamavaram', 436);
INSERT INTO village (id, name, panchayat_id) VALUES (11569, 'Ganjipalem', 436);
INSERT INTO village (id, name, panchayat_id) VALUES (11570, 'Garla Peta', 436);
INSERT INTO village (id, name, panchayat_id) VALUES (11571, 'Gosukonda Agraharam', 436);
INSERT INTO village (id, name, panchayat_id) VALUES (11572, 'Gundla Samudram', 436);
INSERT INTO village (id, name, panchayat_id) VALUES (11573, 'Juvvi Gunta', 436);
INSERT INTO village (id, name, panchayat_id) VALUES (11574, 'Kakarla', 436);
INSERT INTO village (id, name, panchayat_id) VALUES (11575, 'Kellam Palle', 436);
INSERT INTO village (id, name, panchayat_id) VALUES (11576, 'Kuchipudi', 436);
INSERT INTO village (id, name, panchayat_id) VALUES (11577, 'Marripudi', 436);
INSERT INTO village (id, name, panchayat_id) VALUES (11578, 'Nirmanapuram', 436);
INSERT INTO village (id, name, panchayat_id) VALUES (11579, 'Pannuru', 436);
INSERT INTO village (id, name, panchayat_id) VALUES (11580, 'Raju Palem', 436);
INSERT INTO village (id, name, panchayat_id) VALUES (11581, 'Ramachandrapuram', 436);
INSERT INTO village (id, name, panchayat_id) VALUES (11582, 'Ramayapalem', 436);
INSERT INTO village (id, name, panchayat_id) VALUES (11583, 'Sannamur', 436);
INSERT INTO village (id, name, panchayat_id) VALUES (11584, 'Thangella', 436);
INSERT INTO village (id, name, panchayat_id) VALUES (11585, 'Thippala Devi Palle', 436);
INSERT INTO village (id, name, panchayat_id) VALUES (11586, 'Vallaya Palem', 436);
INSERT INTO village (id, name, panchayat_id) VALUES (11587, 'Vankamarri Palem', 436);
INSERT INTO village (id, name, panchayat_id) VALUES (11588, 'Vema Varam', 436);
INSERT INTO village (id, name, panchayat_id) VALUES (11589, 'Venkata Krishna Puram', 436);
INSERT INTO mandal (id, name, constituency_id) VALUES (437, 'Mundlamuru', 20);
INSERT INTO panchayat (id, name, mandal_id) VALUES (437, 'Default Panchayat Mundlamuru', 437);
INSERT INTO village (id, name, panchayat_id) VALUES (11590, 'Avisanavaripalem', 437);
INSERT INTO village (id, name, panchayat_id) VALUES (11591, 'Basava Puram', 437);
INSERT INTO village (id, name, panchayat_id) VALUES (11592, 'Bhatla Palle', 437);
INSERT INTO village (id, name, panchayat_id) VALUES (11593, 'Bheemavaram', 437);
INSERT INTO village (id, name, panchayat_id) VALUES (11594, 'Brundavanam', 437);
INSERT INTO village (id, name, panchayat_id) VALUES (11595, 'Chinnavullagallu', 437);
INSERT INTO village (id, name, panchayat_id) VALUES (11596, 'Chintalapudi', 437);
INSERT INTO village (id, name, panchayat_id) VALUES (11597, 'Edara', 437);
INSERT INTO village (id, name, panchayat_id) VALUES (11598, 'Jammalamadaka', 437);
INSERT INTO village (id, name, panchayat_id) VALUES (11599, 'Kellam Palle', 437);
INSERT INTO village (id, name, panchayat_id) VALUES (11600, 'Khambham Padu (East)', 437);
INSERT INTO village (id, name, panchayat_id) VALUES (11601, 'Kommavaram', 437);
INSERT INTO village (id, name, panchayat_id) VALUES (11602, 'Marella', 437);
INSERT INTO village (id, name, panchayat_id) VALUES (11603, 'Mundlamuru', 437);
INSERT INTO village (id, name, panchayat_id) VALUES (11604, 'Nadimpallivari Khandrika', 437);
INSERT INTO village (id, name, panchayat_id) VALUES (11605, 'Nuzella Palle', 437);
INSERT INTO village (id, name, panchayat_id) VALUES (11606, 'Pasupugallu', 437);
INSERT INTO village (id, name, panchayat_id) VALUES (11607, 'Pedavullagallu', 437);
INSERT INTO village (id, name, panchayat_id) VALUES (11608, 'Peddaravipadu', 437);
INSERT INTO village (id, name, panchayat_id) VALUES (11609, 'Polavaram', 437);
INSERT INTO village (id, name, panchayat_id) VALUES (11610, 'Pulipadu', 437);
INSERT INTO village (id, name, panchayat_id) VALUES (11611, 'Purimetla', 437);
INSERT INTO village (id, name, panchayat_id) VALUES (11612, 'Sankarapuram', 437);
INSERT INTO village (id, name, panchayat_id) VALUES (11613, 'Singana Palem', 437);
INSERT INTO village (id, name, panchayat_id) VALUES (11614, 'Thammaluru', 437);
INSERT INTO village (id, name, panchayat_id) VALUES (11615, 'Umamaheswarapuram', 437);
INSERT INTO village (id, name, panchayat_id) VALUES (11616, 'Vempadu', 437);
INSERT INTO village (id, name, panchayat_id) VALUES (11617, 'Vemula', 437);
INSERT INTO village (id, name, panchayat_id) VALUES (11618, 'Vemulabanda', 437);
INSERT INTO mandal (id, name, constituency_id) VALUES (438, 'Naguluppala Padu', 20);
INSERT INTO panchayat (id, name, mandal_id) VALUES (438, 'Default Panchayat Naguluppala Padu', 438);
INSERT INTO village (id, name, panchayat_id) VALUES (11619, 'Ammana Brolu', 438);
INSERT INTO village (id, name, panchayat_id) VALUES (11620, 'Chadalawada', 438);
INSERT INTO village (id, name, panchayat_id) VALUES (11621, 'Cheervanuppala Padu', 438);
INSERT INTO village (id, name, panchayat_id) VALUES (11622, 'Chekura Padu', 438);
INSERT INTO village (id, name, panchayat_id) VALUES (11623, 'Edumudi', 438);
INSERT INTO village (id, name, panchayat_id) VALUES (11624, 'Kandlagunta', 438);
INSERT INTO village (id, name, panchayat_id) VALUES (11625, 'Kanuparthi', 438);
INSERT INTO village (id, name, panchayat_id) VALUES (11626, 'Kothakota', 438);
INSERT INTO village (id, name, panchayat_id) VALUES (11627, 'Machavaram', 438);
INSERT INTO village (id, name, panchayat_id) VALUES (11628, 'Maddirala Muppalla', 438);
INSERT INTO village (id, name, panchayat_id) VALUES (11629, 'Maddirala Padu', 438);
INSERT INTO village (id, name, panchayat_id) VALUES (11630, 'Mattigunta', 438);
INSERT INTO village (id, name, panchayat_id) VALUES (11631, 'Naguluppala Padu', 438);
INSERT INTO village (id, name, panchayat_id) VALUES (11632, 'Nidamanur', 438);
INSERT INTO village (id, name, panchayat_id) VALUES (11633, 'Pothavaram', 438);
INSERT INTO village (id, name, panchayat_id) VALUES (11634, 'Raparla', 438);
INSERT INTO village (id, name, panchayat_id) VALUES (11635, 'Thimmasamudram', 438);
INSERT INTO village (id, name, panchayat_id) VALUES (11636, 'Uppugundur', 438);
INSERT INTO mandal (id, name, constituency_id) VALUES (439, 'Ongole Rural', 20);
INSERT INTO panchayat (id, name, mandal_id) VALUES (439, 'Default Panchayat Ongole Rural', 439);
INSERT INTO village (id, name, panchayat_id) VALUES (11637, 'Chejerla', 439);
INSERT INTO village (id, name, panchayat_id) VALUES (11638, 'Devaram Padu', 439);
INSERT INTO village (id, name, panchayat_id) VALUES (11639, 'Karavadi', 439);
INSERT INTO village (id, name, panchayat_id) VALUES (11640, 'Mangaladri Puram', 439);
INSERT INTO village (id, name, panchayat_id) VALUES (11641, 'Sarvereddy Palem', 439);
INSERT INTO village (id, name, panchayat_id) VALUES (11642, 'Ulichi', 439);
INSERT INTO village (id, name, panchayat_id) VALUES (11643, 'Yerajerla', 439);
INSERT INTO mandal (id, name, constituency_id) VALUES (440, 'Ongole Urban', 20);
INSERT INTO panchayat (id, name, mandal_id) VALUES (440, 'Default Panchayat Ongole Urban', 440);
INSERT INTO village (id, name, panchayat_id) VALUES (11644, 'Annavarappadu', 440);
INSERT INTO village (id, name, panchayat_id) VALUES (11645, 'Cheruvu Kommu Palem', 440);
INSERT INTO village (id, name, panchayat_id) VALUES (11646, 'Gudimella Padu', 440);
INSERT INTO village (id, name, panchayat_id) VALUES (11647, 'Koppolu (R)', 440);
INSERT INTO village (id, name, panchayat_id) VALUES (11648, 'Kothamamidipalem (R)', 440);
INSERT INTO village (id, name, panchayat_id) VALUES (11649, 'Malleshwarapuram', 440);
INSERT INTO village (id, name, panchayat_id) VALUES (11650, 'Mukthinutala Padu (R)', 440);
INSERT INTO village (id, name, panchayat_id) VALUES (11651, 'Narasa Puram', 440);
INSERT INTO village (id, name, panchayat_id) VALUES (11652, 'Ongole', 440);
INSERT INTO village (id, name, panchayat_id) VALUES (11653, 'Pelluru (R)', 440);
INSERT INTO village (id, name, panchayat_id) VALUES (11654, 'Throvagunta', 440);
INSERT INTO village (id, name, panchayat_id) VALUES (11655, 'Vengamukka Palem', 440);
INSERT INTO mandal (id, name, constituency_id) VALUES (441, 'Ponnaluru', 20);
INSERT INTO panchayat (id, name, mandal_id) VALUES (441, 'Default Panchayat Ponnaluru', 441);
INSERT INTO village (id, name, panchayat_id) VALUES (11656, 'Boganampadu', 441);
INSERT INTO village (id, name, panchayat_id) VALUES (11657, 'Chennipadu', 441);
INSERT INTO village (id, name, panchayat_id) VALUES (11658, 'Cherukuru', 441);
INSERT INTO village (id, name, panchayat_id) VALUES (11659, 'Chouta Palem', 441);
INSERT INTO village (id, name, panchayat_id) VALUES (11660, 'Ippagunta', 441);
INSERT INTO village (id, name, panchayat_id) VALUES (11661, 'Kotapadu', 441);
INSERT INTO village (id, name, panchayat_id) VALUES (11662, 'Lingam Gunta', 441);
INSERT INTO village (id, name, panchayat_id) VALUES (11663, 'Malepadu', 441);
INSERT INTO village (id, name, panchayat_id) VALUES (11664, 'Manginapadu', 441);
INSERT INTO village (id, name, panchayat_id) VALUES (11665, 'Mekapadu (Z)', 441);
INSERT INTO village (id, name, panchayat_id) VALUES (11666, 'Muppalla', 441);
INSERT INTO village (id, name, panchayat_id) VALUES (11667, 'Pachavabala Gopalapuram', 441);
INSERT INTO village (id, name, panchayat_id) VALUES (11668, 'Pedavenkanna Palem', 441);
INSERT INTO village (id, name, panchayat_id) VALUES (11669, 'Ponnaluru', 441);
INSERT INTO village (id, name, panchayat_id) VALUES (11670, 'Ponnaluru Gudavari Khandrika', 441);
INSERT INTO village (id, name, panchayat_id) VALUES (11671, 'Rajolupadu', 441);
INSERT INTO village (id, name, panchayat_id) VALUES (11672, 'Ravula Kollu', 441);
INSERT INTO village (id, name, panchayat_id) VALUES (11673, 'Singara Botla Palem', 441);
INSERT INTO village (id, name, panchayat_id) VALUES (11674, 'Uppala Dinne', 441);
INSERT INTO village (id, name, panchayat_id) VALUES (11675, 'Vellaturikalidasuvarikhandrika', 441);
INSERT INTO village (id, name, panchayat_id) VALUES (11676, 'Vellaturu', 441);
INSERT INTO village (id, name, panchayat_id) VALUES (11677, 'Vempadu', 441);
INSERT INTO mandal (id, name, constituency_id) VALUES (442, 'Santhamaguluru', 20);
INSERT INTO panchayat (id, name, mandal_id) VALUES (442, 'Default Panchayat Santhamaguluru', 442);
INSERT INTO village (id, name, panchayat_id) VALUES (11678, 'Elchur', 442);
INSERT INTO village (id, name, panchayat_id) VALUES (11679, 'Gopapuram', 442);
INSERT INTO village (id, name, panchayat_id) VALUES (11680, 'Gurijepalle', 442);
INSERT INTO village (id, name, panchayat_id) VALUES (11681, 'Kamepalle', 442);
INSERT INTO village (id, name, panchayat_id) VALUES (11682, 'Kommala Padu', 442);
INSERT INTO village (id, name, panchayat_id) VALUES (11683, 'Kopparam', 442);
INSERT INTO village (id, name, panchayat_id) VALUES (11684, 'Kunduru (East)', 442);
INSERT INTO village (id, name, panchayat_id) VALUES (11685, 'Kunduru (West)', 442);
INSERT INTO village (id, name, panchayat_id) VALUES (11686, 'Santhamaguluru', 442);
INSERT INTO village (id, name, panchayat_id) VALUES (11687, 'Tangedu Malli', 442);
INSERT INTO village (id, name, panchayat_id) VALUES (11688, 'Vellala Cheruvu', 442);
INSERT INTO mandal (id, name, constituency_id) VALUES (443, 'Santhanuthala Padu', 20);
INSERT INTO panchayat (id, name, mandal_id) VALUES (443, 'Default Panchayat Santhanuthala Padu', 443);
INSERT INTO village (id, name, panchayat_id) VALUES (11689, 'Bhatla Machavaram', 443);
INSERT INTO village (id, name, panchayat_id) VALUES (11690, 'Chilakapadu', 443);
INSERT INTO village (id, name, panchayat_id) VALUES (11691, 'Endluru', 443);
INSERT INTO village (id, name, panchayat_id) VALUES (11692, 'Gangavaram', 443);
INSERT INTO village (id, name, panchayat_id) VALUES (11693, 'Gummalam Padu', 443);
INSERT INTO village (id, name, panchayat_id) VALUES (11694, 'Guruvareddy Palem', 443);
INSERT INTO village (id, name, panchayat_id) VALUES (11695, 'Konagani Vari Palem', 443);
INSERT INTO village (id, name, panchayat_id) VALUES (11696, 'Lakshmi Puram', 443);
INSERT INTO village (id, name, panchayat_id) VALUES (11697, 'Mangamuru', 443);
INSERT INTO village (id, name, panchayat_id) VALUES (11698, 'Matti Padu', 443);
INSERT INTO village (id, name, panchayat_id) VALUES (11699, 'Mynampadu', 443);
INSERT INTO village (id, name, panchayat_id) VALUES (11700, 'Padamati Thakkella Padu', 443);
INSERT INTO village (id, name, panchayat_id) VALUES (11701, 'Pernametta (Part)', 443);
INSERT INTO village (id, name, panchayat_id) VALUES (11702, 'Pidathalagudi Padu', 443);
INSERT INTO village (id, name, panchayat_id) VALUES (11703, 'Rudravaram', 443);
INSERT INTO village (id, name, panchayat_id) VALUES (11704, 'Yenikapadu', 443);
INSERT INTO mandal (id, name, constituency_id) VALUES (444, 'Singarayakonda', 20);
INSERT INTO panchayat (id, name, mandal_id) VALUES (444, 'Default Panchayat Singarayakonda', 444);
INSERT INTO village (id, name, panchayat_id) VALUES (11705, 'Bingini Palle', 444);
INSERT INTO village (id, name, panchayat_id) VALUES (11706, 'Kalikivaya', 444);
INSERT INTO village (id, name, panchayat_id) VALUES (11707, 'Kanumalla', 444);
INSERT INTO village (id, name, panchayat_id) VALUES (11708, 'Mulaguntapadu (Ct)', 444);
INSERT INTO village (id, name, panchayat_id) VALUES (11709, 'Pakala', 444);
INSERT INTO village (id, name, panchayat_id) VALUES (11710, 'Sanampudi', 444);
INSERT INTO village (id, name, panchayat_id) VALUES (11711, 'Singarayakonda', 444);
INSERT INTO village (id, name, panchayat_id) VALUES (11712, 'Singarayakonda (Rs) (Ct)', 444);
INSERT INTO village (id, name, panchayat_id) VALUES (11713, 'Somarajupalle', 444);
INSERT INTO mandal (id, name, constituency_id) VALUES (445, 'Tangutur', 20);
INSERT INTO panchayat (id, name, mandal_id) VALUES (445, 'Default Panchayat Tangutur', 445);
INSERT INTO village (id, name, panchayat_id) VALUES (11714, 'Ananthavaram', 445);
INSERT INTO village (id, name, panchayat_id) VALUES (11715, 'Gosuvandla Kattubadi', 445);
INSERT INTO village (id, name, panchayat_id) VALUES (11716, 'Jayavaram', 445);
INSERT INTO village (id, name, panchayat_id) VALUES (11717, 'Kandukur', 445);
INSERT INTO village (id, name, panchayat_id) VALUES (11718, 'Karumanchi', 445);
INSERT INTO village (id, name, panchayat_id) VALUES (11719, 'Konijedu', 445);
INSERT INTO village (id, name, panchayat_id) VALUES (11720, 'Mallavar Padu', 445);
INSERT INTO village (id, name, panchayat_id) VALUES (11721, 'Marlapadu', 445);
INSERT INTO village (id, name, panchayat_id) VALUES (11722, 'M.Nidamalur', 445);
INSERT INTO village (id, name, panchayat_id) VALUES (11723, 'Ponduru', 445);
INSERT INTO village (id, name, panchayat_id) VALUES (11724, 'Somavarappadu', 445);
INSERT INTO village (id, name, panchayat_id) VALUES (11725, 'Tangutur', 445);
INSERT INTO village (id, name, panchayat_id) VALUES (11726, 'Turupunaidupalem', 445);
INSERT INTO village (id, name, panchayat_id) VALUES (11727, 'Valluru', 445);
INSERT INTO village (id, name, panchayat_id) VALUES (11728, 'Valluru Kavalimanyam', 445);
INSERT INTO village (id, name, panchayat_id) VALUES (11729, 'Vasepallepadu', 445);
INSERT INTO village (id, name, panchayat_id) VALUES (11730, 'Velagapudi', 445);
INSERT INTO mandal (id, name, constituency_id) VALUES (446, 'Thallur', 20);
INSERT INTO panchayat (id, name, mandal_id) VALUES (446, 'Default Panchayat Thallur', 446);
INSERT INTO village (id, name, panchayat_id) VALUES (11731, 'Bellamkondavari Palem', 446);
INSERT INTO village (id, name, panchayat_id) VALUES (11732, 'Boddikura Padu', 446);
INSERT INTO village (id, name, panchayat_id) VALUES (11733, 'Dosakayalapadu', 446);
INSERT INTO village (id, name, panchayat_id) VALUES (11734, 'Lakkavaram', 446);
INSERT INTO village (id, name, panchayat_id) VALUES (11735, 'Madhavaram', 446);
INSERT INTO village (id, name, panchayat_id) VALUES (11736, 'Malkapuram', 446);
INSERT INTO village (id, name, panchayat_id) VALUES (11737, 'Mannepalle', 446);
INSERT INTO village (id, name, panchayat_id) VALUES (11738, 'Nagambhotla Palem', 446);
INSERT INTO village (id, name, panchayat_id) VALUES (11739, 'Ramabhadrapuram', 446);
INSERT INTO village (id, name, panchayat_id) VALUES (11740, 'Sankaranarayanapuram', 446);
INSERT INTO village (id, name, panchayat_id) VALUES (11741, 'Sarvamitta', 446);
INSERT INTO village (id, name, panchayat_id) VALUES (11742, 'Sivarampuram', 446);
INSERT INTO village (id, name, panchayat_id) VALUES (11743, 'Somavrappadu', 446);
INSERT INTO village (id, name, panchayat_id) VALUES (11744, 'Suraya Palem', 446);
INSERT INTO village (id, name, panchayat_id) VALUES (11745, 'Tallur', 446);
INSERT INTO village (id, name, panchayat_id) VALUES (11746, 'Vithalapuram', 446);
INSERT INTO mandal (id, name, constituency_id) VALUES (447, 'Ulavapadu', 20);
INSERT INTO panchayat (id, name, mandal_id) VALUES (447, 'Default Panchayat Ulavapadu', 447);
INSERT INTO village (id, name, panchayat_id) VALUES (11747, 'Atmakur', 447);
INSERT INTO village (id, name, panchayat_id) VALUES (11748, 'Baddepudi', 447);
INSERT INTO village (id, name, panchayat_id) VALUES (11749, 'Bheemavaram', 447);
INSERT INTO village (id, name, panchayat_id) VALUES (11750, 'Chagallu', 447);
INSERT INTO village (id, name, panchayat_id) VALUES (11751, 'Chaki Cherla', 447);
INSERT INTO village (id, name, panchayat_id) VALUES (11752, 'Karedu', 447);
INSERT INTO village (id, name, panchayat_id) VALUES (11753, 'Kollurupadu', 447);
INSERT INTO village (id, name, panchayat_id) VALUES (11754, 'K.Rajupalem', 447);
INSERT INTO village (id, name, panchayat_id) VALUES (11755, 'Krishnapuram', 447);
INSERT INTO village (id, name, panchayat_id) VALUES (11756, 'Manneti Kota', 447);
INSERT INTO village (id, name, panchayat_id) VALUES (11757, 'Ramayapatnam', 447);
INSERT INTO village (id, name, panchayat_id) VALUES (11758, 'Veerepalle', 447);
INSERT INTO mandal (id, name, constituency_id) VALUES (448, 'Voletivaripalem', 20);
INSERT INTO panchayat (id, name, mandal_id) VALUES (448, 'Default Panchayat Voletivaripalem', 448);
INSERT INTO village (id, name, panchayat_id) VALUES (11759, 'Ayyavaripalle', 448);
INSERT INTO village (id, name, panchayat_id) VALUES (11760, 'Chundi', 448);
INSERT INTO village (id, name, panchayat_id) VALUES (11761, 'East Polineni Palem', 448);
INSERT INTO village (id, name, panchayat_id) VALUES (11762, 'Kakutur', 448);
INSERT INTO village (id, name, panchayat_id) VALUES (11763, 'Kalavalla', 448);
INSERT INTO village (id, name, panchayat_id) VALUES (11764, 'Kalidasuvari Kandrika', 448);
INSERT INTO village (id, name, panchayat_id) VALUES (11765, 'Kondareddipalem', 448);
INSERT INTO village (id, name, panchayat_id) VALUES (11766, 'Kondasamudram', 448);
INSERT INTO village (id, name, panchayat_id) VALUES (11767, 'Naladalapur', 448);
INSERT INTO village (id, name, panchayat_id) VALUES (11768, 'Nawabpalem', 448);
INSERT INTO village (id, name, panchayat_id) VALUES (11769, 'Nekunam Puram K.Kandrika', 448);
INSERT INTO village (id, name, panchayat_id) VALUES (11770, 'Nekunampuram @ Pokur', 448);
INSERT INTO village (id, name, panchayat_id) VALUES (11771, 'Nukavaram', 448);
INSERT INTO village (id, name, panchayat_id) VALUES (11772, 'Polineni Cheruvu', 448);
INSERT INTO village (id, name, panchayat_id) VALUES (11773, 'Ramachandrapuram', 448);
INSERT INTO village (id, name, panchayat_id) VALUES (11774, 'Ramalingapuram', 448);
INSERT INTO village (id, name, panchayat_id) VALUES (11775, 'Sakhavaram', 448);
INSERT INTO village (id, name, panchayat_id) VALUES (11776, 'Sameerapalem', 448);
INSERT INTO village (id, name, panchayat_id) VALUES (11777, 'Singamnenipalle', 448);
INSERT INTO village (id, name, panchayat_id) VALUES (11778, 'Veeranna Palem', 448);
INSERT INTO village (id, name, panchayat_id) VALUES (11779, 'Voletivaripalem', 448);
INSERT INTO village (id, name, panchayat_id) VALUES (11780, 'Z.Uppalapadu', 448);
INSERT INTO mandal (id, name, constituency_id) VALUES (449, 'Zarugumalli', 20);
INSERT INTO panchayat (id, name, mandal_id) VALUES (449, 'Default Panchayat Zarugumalli', 449);
INSERT INTO village (id, name, panchayat_id) VALUES (11781, 'Chatukupadu', 449);
INSERT INTO village (id, name, panchayat_id) VALUES (11782, 'Chirrikura Padu', 449);
INSERT INTO village (id, name, panchayat_id) VALUES (11783, 'Davagudur', 449);
INSERT INTO village (id, name, panchayat_id) VALUES (11784, 'Ilavaram Mamidala Vari Khandrika', 449);
INSERT INTO village (id, name, panchayat_id) VALUES (11785, 'J.G.Khandrika', 449);
INSERT INTO village (id, name, panchayat_id) VALUES (11786, 'Kame Palle', 449);
INSERT INTO village (id, name, panchayat_id) VALUES (11787, 'Kamepalle Agraharam', 449);
INSERT INTO village (id, name, panchayat_id) VALUES (11788, 'K.Bitragunta', 449);
INSERT INTO village (id, name, panchayat_id) VALUES (11789, 'Nandanavanam', 449);
INSERT INTO village (id, name, panchayat_id) VALUES (11790, 'Narasimhanayani Khandrika', 449);
INSERT INTO village (id, name, panchayat_id) VALUES (11791, 'Narasingolu', 449);
INSERT INTO village (id, name, panchayat_id) VALUES (11792, 'N.M.V. Khandrika', 449);
INSERT INTO village (id, name, panchayat_id) VALUES (11793, 'N V V Khandrika', 449);
INSERT INTO village (id, name, panchayat_id) VALUES (11794, 'Paidi Padu', 449);
INSERT INTO village (id, name, panchayat_id) VALUES (11795, 'Paleti Padu', 449);
INSERT INTO village (id, name, panchayat_id) VALUES (11796, 'Paleti Padumacharlavari Khandrika', 449);
INSERT INTO village (id, name, panchayat_id) VALUES (11797, 'Patcheva', 449);
INSERT INTO village (id, name, panchayat_id) VALUES (11798, 'P.G. Khandrika', 449);
INSERT INTO village (id, name, panchayat_id) VALUES (11799, 'P.Mamidalavari Khandrika', 449);
INSERT INTO village (id, name, panchayat_id) VALUES (11800, 'Ramachandrapuram', 449);
INSERT INTO village (id, name, panchayat_id) VALUES (11801, 'Thumadu', 449);
INSERT INTO village (id, name, panchayat_id) VALUES (11802, 'Vardhineni Palem', 449);
INSERT INTO village (id, name, panchayat_id) VALUES (11803, 'Vavileti Padu', 449);
INSERT INTO village (id, name, panchayat_id) VALUES (11804, 'Yeduluru Padu', 449);
INSERT INTO village (id, name, panchayat_id) VALUES (11805, 'Zarugumilli', 449);
INSERT INTO district (id, name, state_id) VALUES (21, 'Srikakulam', 1);
INSERT INTO constituency (id, name, district_id, mla_name, mp_name) VALUES (21, 'Default Constituency Srikakulam', 21, 'Pending MLA', 'Pending MP');
INSERT INTO mandal (id, name, constituency_id) VALUES (450, 'Amadalavalasa', 21);
INSERT INTO panchayat (id, name, mandal_id) VALUES (450, 'Default Panchayat Amadalavalasa', 450);
INSERT INTO village (id, name, panchayat_id) VALUES (11806, 'Akkivalasa', 450);
INSERT INTO village (id, name, panchayat_id) VALUES (11807, 'Akkivaram', 450);
INSERT INTO village (id, name, panchayat_id) VALUES (11808, 'Akkulapeta', 450);
INSERT INTO village (id, name, panchayat_id) VALUES (11809, 'Amadalavalasa', 450);
INSERT INTO village (id, name, panchayat_id) VALUES (11810, 'Amadalavalasapeta', 450);
INSERT INTO village (id, name, panchayat_id) VALUES (11811, 'Anandapuram', 450);
INSERT INTO village (id, name, panchayat_id) VALUES (11812, 'Atchannapeta', 450);
INSERT INTO village (id, name, panchayat_id) VALUES (11813, 'Belamam', 450);
INSERT INTO village (id, name, panchayat_id) VALUES (11814, 'Bharisasthrulapeta', 450);
INSERT INTO village (id, name, panchayat_id) VALUES (11815, 'Bobbilipeta', 450);
INSERT INTO village (id, name, panchayat_id) VALUES (11816, 'Chinnajonnavalasa', 450);
INSERT INTO village (id, name, panchayat_id) VALUES (11817, 'Chintalapeta', 450);
INSERT INTO village (id, name, panchayat_id) VALUES (11818, 'Chittivalasa', 450);
INSERT INTO village (id, name, panchayat_id) VALUES (11819, 'Dandemvalasa', 450);
INSERT INTO village (id, name, panchayat_id) VALUES (11820, 'Dusi', 450);
INSERT INTO village (id, name, panchayat_id) VALUES (11821, 'Garimellakotha Valasa', 450);
INSERT INTO village (id, name, panchayat_id) VALUES (11822, 'Hanumanthapuram', 450);
INSERT INTO village (id, name, panchayat_id) VALUES (11823, 'Jaggusastrulapeta', 450);
INSERT INTO village (id, name, panchayat_id) VALUES (11824, 'Kalivaram', 450);
INSERT INTO village (id, name, panchayat_id) VALUES (11825, 'Kanugulavalasa', 450);
INSERT INTO village (id, name, panchayat_id) VALUES (11826, 'Kasimvalasapeta', 450);
INSERT INTO village (id, name, panchayat_id) VALUES (11827, 'Katyacharyulapeta', 450);
INSERT INTO village (id, name, panchayat_id) VALUES (11828, 'Korapam', 450);
INSERT INTO village (id, name, panchayat_id) VALUES (11829, 'Korlakota', 450);
INSERT INTO village (id, name, panchayat_id) VALUES (11830, 'Kothavalasa', 450);
INSERT INTO village (id, name, panchayat_id) VALUES (11831, 'Krishnapuram', 450);
INSERT INTO village (id, name, panchayat_id) VALUES (11832, 'Kuddiram', 450);
INSERT INTO village (id, name, panchayat_id) VALUES (11833, 'Mallusastrula Peta', 450);
INSERT INTO village (id, name, panchayat_id) VALUES (11834, 'Mandadi', 450);
INSERT INTO village (id, name, panchayat_id) VALUES (11835, 'Marrikothavalasa', 450);
INSERT INTO village (id, name, panchayat_id) VALUES (11836, 'Munagavalasa', 450);
INSERT INTO village (id, name, panchayat_id) VALUES (11837, 'Nelliparthi', 450);
INSERT INTO village (id, name, panchayat_id) VALUES (11838, 'Nimmathorlavada', 450);
INSERT INTO village (id, name, panchayat_id) VALUES (11839, 'Parvatheeswarunipeta', 450);
INSERT INTO village (id, name, panchayat_id) VALUES (11840, 'Peddajonnavalasa', 450);
INSERT INTO village (id, name, panchayat_id) VALUES (11841, 'Ponnampeta', 450);
INSERT INTO village (id, name, panchayat_id) VALUES (11842, 'Ramachandrapuram', 450);
INSERT INTO village (id, name, panchayat_id) VALUES (11843, 'Ravikanthipeta', 450);
INSERT INTO village (id, name, panchayat_id) VALUES (11844, 'Santha Kothavalasa', 450);
INSERT INTO village (id, name, panchayat_id) VALUES (11845, 'Srinivasacharyulu Peta', 450);
INSERT INTO village (id, name, panchayat_id) VALUES (11846, 'Sriramvalasa', 450);
INSERT INTO village (id, name, panchayat_id) VALUES (11847, 'Sylada', 450);
INSERT INTO village (id, name, panchayat_id) VALUES (11848, 'Thallavalasa', 450);
INSERT INTO village (id, name, panchayat_id) VALUES (11849, 'Thimmapuram', 450);
INSERT INTO village (id, name, panchayat_id) VALUES (11850, 'Thogaragam', 450);
INSERT INTO village (id, name, panchayat_id) VALUES (11851, 'Thotada', 450);
INSERT INTO village (id, name, panchayat_id) VALUES (11852, 'Turakapeta', 450);
INSERT INTO village (id, name, panchayat_id) VALUES (11853, 'Vanjangi', 450);
INSERT INTO village (id, name, panchayat_id) VALUES (11854, 'Vanjangipeta', 450);
INSERT INTO village (id, name, panchayat_id) VALUES (11855, 'Vedullavalasa', 450);
INSERT INTO village (id, name, panchayat_id) VALUES (11856, 'Venkayyapeta', 450);
INSERT INTO mandal (id, name, constituency_id) VALUES (451, 'Burja', 21);
INSERT INTO panchayat (id, name, mandal_id) VALUES (451, 'Default Panchayat Burja', 451);
INSERT INTO village (id, name, panchayat_id) VALUES (11857, 'Adduripeta', 451);
INSERT INTO village (id, name, panchayat_id) VALUES (11858, 'Ahobalacharyula Peta', 451);
INSERT INTO village (id, name, panchayat_id) VALUES (11859, 'Allena', 451);
INSERT INTO village (id, name, panchayat_id) VALUES (11860, 'Annampeta', 451);
INSERT INTO village (id, name, panchayat_id) VALUES (11861, 'Appalapatnayakuni Peta', 451);
INSERT INTO village (id, name, panchayat_id) VALUES (11862, 'Boddapadu', 451);
INSERT INTO village (id, name, panchayat_id) VALUES (11863, 'Bodlapadu', 451);
INSERT INTO village (id, name, panchayat_id) VALUES (11864, 'Boragavalasa', 451);
INSERT INTO village (id, name, panchayat_id) VALUES (11865, 'Burja', 451);
INSERT INTO village (id, name, panchayat_id) VALUES (11866, 'Chalikam', 451);
INSERT INTO village (id, name, panchayat_id) VALUES (11867, 'Cheedivalasa', 451);
INSERT INTO village (id, name, panchayat_id) VALUES (11868, 'Devanapuram', 451);
INSERT INTO village (id, name, panchayat_id) VALUES (11869, 'Donkalapartha', 451);
INSERT INTO village (id, name, panchayat_id) VALUES (11870, 'Gangabhagiradhi Puram', 451);
INSERT INTO village (id, name, panchayat_id) VALUES (11871, 'Gangampeta', 451);
INSERT INTO village (id, name, panchayat_id) VALUES (11872, 'Gopalakrishnarangarayapuram', 451);
INSERT INTO village (id, name, panchayat_id) VALUES (11873, 'Gopidevipeta', 451);
INSERT INTO village (id, name, panchayat_id) VALUES (11874, 'Gudigeddavenkata Puram', 451);
INSERT INTO village (id, name, panchayat_id) VALUES (11875, 'Guttavalli', 451);
INSERT INTO village (id, name, panchayat_id) VALUES (11876, 'Haripurampallapuram', 451);
INSERT INTO village (id, name, panchayat_id) VALUES (11877, 'Issadivalasa', 451);
INSERT INTO village (id, name, panchayat_id) VALUES (11878, 'Jagannadhapuram', 451);
INSERT INTO village (id, name, panchayat_id) VALUES (11879, 'Jangalapadu', 451);
INSERT INTO village (id, name, panchayat_id) VALUES (11880, 'Jogipaduvenkata Puram', 451);
INSERT INTO village (id, name, panchayat_id) VALUES (11881, 'Kakandyam', 451);
INSERT INTO village (id, name, panchayat_id) VALUES (11882, 'Kalaparthi', 451);
INSERT INTO village (id, name, panchayat_id) VALUES (11883, 'Kantlam', 451);
INSERT INTO village (id, name, panchayat_id) VALUES (11884, 'Katakamayyapeta', 451);
INSERT INTO village (id, name, panchayat_id) VALUES (11885, 'Kilantra', 451);
INSERT INTO village (id, name, panchayat_id) VALUES (11886, 'Kollivalasa', 451);
INSERT INTO village (id, name, panchayat_id) VALUES (11887, 'Kondapeta', 451);
INSERT INTO village (id, name, panchayat_id) VALUES (11888, 'Koragam', 451);
INSERT INTO village (id, name, panchayat_id) VALUES (11889, 'Korikanakurmiraja Puram', 451);
INSERT INTO village (id, name, panchayat_id) VALUES (11890, 'Kothavalasa', 451);
INSERT INTO village (id, name, panchayat_id) VALUES (11891, 'Labham', 451);
INSERT INTO village (id, name, panchayat_id) VALUES (11892, 'Lakkupuram', 451);
INSERT INTO village (id, name, panchayat_id) VALUES (11893, 'Lankam', 451);
INSERT INTO village (id, name, panchayat_id) VALUES (11894, 'Latchayyapeta', 451);
INSERT INTO village (id, name, panchayat_id) VALUES (11895, 'Mahajanamvaripeta', 451);
INSERT INTO village (id, name, panchayat_id) VALUES (11896, 'Mamidivalasa', 451);
INSERT INTO village (id, name, panchayat_id) VALUES (11897, 'Marripadu', 451);
INSERT INTO village (id, name, panchayat_id) VALUES (11898, 'Masenaputhi', 451);
INSERT INTO village (id, name, panchayat_id) VALUES (11899, 'Narendrapuram', 451);
INSERT INTO village (id, name, panchayat_id) VALUES (11900, 'Neeladevipuram', 451);
INSERT INTO village (id, name, panchayat_id) VALUES (11901, 'Neelakantapuram', 451);
INSERT INTO village (id, name, panchayat_id) VALUES (11902, 'Neelapuram', 451);
INSERT INTO village (id, name, panchayat_id) VALUES (11903, 'Palavalasa', 451);
INSERT INTO village (id, name, panchayat_id) VALUES (11904, 'Paravasturamanna Peta', 451);
INSERT INTO village (id, name, panchayat_id) VALUES (11905, 'Peddapeta', 451);
INSERT INTO village (id, name, panchayat_id) VALUES (11906, 'Pendyalalakshimidevipeta', 451);
INSERT INTO village (id, name, panchayat_id) VALUES (11907, 'Sankurada', 451);
INSERT INTO village (id, name, panchayat_id) VALUES (11908, 'Singannapalem', 451);
INSERT INTO village (id, name, panchayat_id) VALUES (11909, 'Somidavalasa', 451);
INSERT INTO village (id, name, panchayat_id) VALUES (11910, 'Sundarayyapeta', 451);
INSERT INTO village (id, name, panchayat_id) VALUES (11911, 'Thamminaidupeta', 451);
INSERT INTO village (id, name, panchayat_id) VALUES (11912, 'Thimadam', 451);
INSERT INTO village (id, name, panchayat_id) VALUES (11913, 'Thotavada', 451);
INSERT INTO village (id, name, panchayat_id) VALUES (11914, 'Thuddali', 451);
INSERT INTO village (id, name, panchayat_id) VALUES (11915, 'Turupuramabhadrarajupeta', 451);
INSERT INTO village (id, name, panchayat_id) VALUES (11916, 'T.V. Ramabhadra Raju Peta', 451);
INSERT INTO village (id, name, panchayat_id) VALUES (11917, 'Uppinivalasa', 451);
INSERT INTO village (id, name, panchayat_id) VALUES (11918, 'Vandra', 451);
INSERT INTO village (id, name, panchayat_id) VALUES (11919, 'Vavam', 451);
INSERT INTO village (id, name, panchayat_id) VALUES (11920, 'Vopivadavenkam Peta', 451);
INSERT INTO village (id, name, panchayat_id) VALUES (11921, 'Vykuntapuram', 451);
INSERT INTO village (id, name, panchayat_id) VALUES (11922, 'Yetivoddupartha', 451);
INSERT INTO mandal (id, name, constituency_id) VALUES (452, 'Etcherla', 21);
INSERT INTO panchayat (id, name, mandal_id) VALUES (452, 'Default Panchayat Etcherla', 452);
INSERT INTO village (id, name, panchayat_id) VALUES (11923, 'Ajjaram', 452);
INSERT INTO village (id, name, panchayat_id) VALUES (11924, 'Arinam Akkivalasa', 452);
INSERT INTO village (id, name, panchayat_id) VALUES (11925, 'Bhagiradhipuram', 452);
INSERT INTO village (id, name, panchayat_id) VALUES (11926, 'Bontalakoduru', 452);
INSERT INTO village (id, name, panchayat_id) VALUES (11927, 'Chilakalapalem', 452);
INSERT INTO village (id, name, panchayat_id) VALUES (11928, 'Chinaraopalle', 452);
INSERT INTO village (id, name, panchayat_id) VALUES (11929, 'Dharmavaram', 452);
INSERT INTO village (id, name, panchayat_id) VALUES (11930, 'Domam', 452);
INSERT INTO village (id, name, panchayat_id) VALUES (11931, 'Duppalavalasa', 452);
INSERT INTO village (id, name, panchayat_id) VALUES (11932, 'Etcherla', 452);
INSERT INTO village (id, name, panchayat_id) VALUES (11933, 'Ibrahimbad', 452);
INSERT INTO village (id, name, panchayat_id) VALUES (11934, 'Jarajam', 452);
INSERT INTO village (id, name, panchayat_id) VALUES (11935, 'Jarapinaidupeta', 452);
INSERT INTO village (id, name, panchayat_id) VALUES (11936, 'Kaluri Acharyula Agraharam', 452);
INSERT INTO village (id, name, panchayat_id) VALUES (11937, 'Kongaram', 452);
INSERT INTO village (id, name, panchayat_id) VALUES (11938, 'Koyyam', 452);
INSERT INTO village (id, name, panchayat_id) VALUES (11939, 'Kuppili', 452);
INSERT INTO village (id, name, panchayat_id) VALUES (11940, 'Kusalapuram (Part)', 452);
INSERT INTO village (id, name, panchayat_id) VALUES (11941, 'Maseedagraharam', 452);
INSERT INTO village (id, name, panchayat_id) VALUES (11942, 'Muddada', 452);
INSERT INTO village (id, name, panchayat_id) VALUES (11943, 'Nandigam', 452);
INSERT INTO village (id, name, panchayat_id) VALUES (11944, 'Narayanapuram', 452);
INSERT INTO village (id, name, panchayat_id) VALUES (11945, 'Polagraharam', 452);
INSERT INTO village (id, name, panchayat_id) VALUES (11946, 'Ponnada', 452);
INSERT INTO village (id, name, panchayat_id) VALUES (11947, 'Pudivalasa', 452);
INSERT INTO village (id, name, panchayat_id) VALUES (11948, 'Santhaseetharampuram', 452);
INSERT INTO village (id, name, panchayat_id) VALUES (11949, 'Shermahammadpuram', 452);
INSERT INTO village (id, name, panchayat_id) VALUES (11950, 'Shermahammadpurampeta', 452);
INSERT INTO village (id, name, panchayat_id) VALUES (11951, 'Thammunaidupeta', 452);
INSERT INTO village (id, name, panchayat_id) VALUES (11952, 'Thotapalem (Part)', 452);
INSERT INTO village (id, name, panchayat_id) VALUES (11953, 'Voleti Atchanna Agraharam', 452);
INSERT INTO mandal (id, name, constituency_id) VALUES (453, 'Ganguvarisigadam', 21);
INSERT INTO panchayat (id, name, mandal_id) VALUES (453, 'Default Panchayat Ganguvarisigadam', 453);
INSERT INTO village (id, name, panchayat_id) VALUES (11954, 'Abothulapeta', 453);
INSERT INTO village (id, name, panchayat_id) VALUES (11955, 'Anandapuram', 453);
INSERT INTO village (id, name, panchayat_id) VALUES (11956, 'Bathuva', 453);
INSERT INTO village (id, name, panchayat_id) VALUES (11957, 'Chandrayyapeta', 453);
INSERT INTO village (id, name, panchayat_id) VALUES (11958, 'Chettupodilam', 453);
INSERT INTO village (id, name, panchayat_id) VALUES (11959, 'Dalemrajuvalasa', 453);
INSERT INTO village (id, name, panchayat_id) VALUES (11960, 'Devaravalasa', 453);
INSERT INTO village (id, name, panchayat_id) VALUES (11961, 'Gangannadora Palem', 453);
INSERT INTO village (id, name, panchayat_id) VALUES (11962, 'Ganguvarisigadam', 453);
INSERT INTO village (id, name, panchayat_id) VALUES (11963, 'Geddakancharam', 453);
INSERT INTO village (id, name, panchayat_id) VALUES (11964, 'Gedelapeta', 453);
INSERT INTO village (id, name, panchayat_id) VALUES (11965, 'Gobburu', 453);
INSERT INTO village (id, name, panchayat_id) VALUES (11966, 'Jada', 453);
INSERT INTO village (id, name, panchayat_id) VALUES (11967, 'Jagannadhapuram', 453);
INSERT INTO village (id, name, panchayat_id) VALUES (11968, 'Jagannadhavalasa', 453);
INSERT INTO village (id, name, panchayat_id) VALUES (11969, 'Kapparam', 453);
INSERT INTO village (id, name, panchayat_id) VALUES (11970, 'Madhupam', 453);
INSERT INTO village (id, name, panchayat_id) VALUES (11971, 'Marrivalasa', 453);
INSERT INTO village (id, name, panchayat_id) VALUES (11972, 'Mettavalasa', 453);
INSERT INTO village (id, name, panchayat_id) VALUES (11973, 'Mushinivalasa', 453);
INSERT INTO village (id, name, panchayat_id) VALUES (11974, 'Nadimivalasa', 453);
INSERT INTO village (id, name, panchayat_id) VALUES (11975, 'Nagulavalasa', 453);
INSERT INTO village (id, name, panchayat_id) VALUES (11976, 'Naiduvalasa', 453);
INSERT INTO village (id, name, panchayat_id) VALUES (11977, 'Nakkapeta', 453);
INSERT INTO village (id, name, panchayat_id) VALUES (11978, 'Narasimhapuram', 453);
INSERT INTO village (id, name, panchayat_id) VALUES (11979, 'Narayanagajapathirajupuram', 453);
INSERT INTO village (id, name, panchayat_id) VALUES (11980, 'Niddam', 453);
INSERT INTO village (id, name, panchayat_id) VALUES (11981, 'Palakhandyam', 453);
INSERT INTO village (id, name, panchayat_id) VALUES (11982, 'Penasam', 453);
INSERT INTO village (id, name, panchayat_id) VALUES (11983, 'Penta', 453);
INSERT INTO village (id, name, panchayat_id) VALUES (11984, 'Punnam', 453);
INSERT INTO village (id, name, panchayat_id) VALUES (11985, 'Santhavurity', 453);
INSERT INTO village (id, name, panchayat_id) VALUES (11986, 'Sarveswarapuram', 453);
INSERT INTO village (id, name, panchayat_id) VALUES (11987, 'Seetharampuram', 453);
INSERT INTO village (id, name, panchayat_id) VALUES (11988, 'Seethubhimavaram', 453);
INSERT INTO village (id, name, panchayat_id) VALUES (11989, 'S.P. Ramachandra Puram', 453);
INSERT INTO village (id, name, panchayat_id) VALUES (11990, 'Tankaladuggivalasa', 453);
INSERT INTO village (id, name, panchayat_id) VALUES (11991, 'Ullivalasa', 453);
INSERT INTO village (id, name, panchayat_id) VALUES (11992, 'Vandrangi', 453);
INSERT INTO village (id, name, panchayat_id) VALUES (11993, 'Velagada', 453);
INSERT INTO village (id, name, panchayat_id) VALUES (11994, 'Venkayyapeta', 453);
INSERT INTO village (id, name, panchayat_id) VALUES (11995, 'Yenduva', 453);
INSERT INTO village (id, name, panchayat_id) VALUES (11996, 'Yenduvapeta', 453);
INSERT INTO mandal (id, name, constituency_id) VALUES (454, 'Gara', 21);
INSERT INTO panchayat (id, name, mandal_id) VALUES (454, 'Default Panchayat Gara', 454);
INSERT INTO village (id, name, panchayat_id) VALUES (11997, 'Ambalavalasa', 454);
INSERT INTO village (id, name, panchayat_id) VALUES (11998, 'Ampolu', 454);
INSERT INTO village (id, name, panchayat_id) VALUES (11999, 'Buravalli', 454);
INSERT INTO village (id, name, panchayat_id) VALUES (12000, 'Calingapatnam', 454);
INSERT INTO village (id, name, panchayat_id) VALUES (12001, 'Deepavali', 454);
INSERT INTO village (id, name, panchayat_id) VALUES (12002, 'Fakeertakya', 454);
INSERT INTO village (id, name, panchayat_id) VALUES (12003, 'Gara', 454);
INSERT INTO village (id, name, panchayat_id) VALUES (12004, 'Gonti', 454);
INSERT INTO village (id, name, panchayat_id) VALUES (12005, 'Jafrabad', 454);
INSERT INTO village (id, name, panchayat_id) VALUES (12006, 'Jalluvalasa', 454);
INSERT INTO village (id, name, panchayat_id) VALUES (12007, 'Korlam', 454);
INSERT INTO village (id, name, panchayat_id) VALUES (12008, 'Korni', 454);
INSERT INTO village (id, name, panchayat_id) VALUES (12009, 'Kothurusyrigam', 454);
INSERT INTO village (id, name, panchayat_id) VALUES (12010, 'Nizamabad', 454);
INSERT INTO village (id, name, panchayat_id) VALUES (12011, 'Raghavapuram', 454);
INSERT INTO village (id, name, panchayat_id) VALUES (12012, 'Ramachandra Puram', 454);
INSERT INTO village (id, name, panchayat_id) VALUES (12013, 'Salihundam', 454);
INSERT INTO village (id, name, panchayat_id) VALUES (12014, 'Sativada', 454);
INSERT INTO village (id, name, panchayat_id) VALUES (12015, 'Seetharamapuram', 454);
INSERT INTO village (id, name, panchayat_id) VALUES (12016, 'Srikurmam', 454);
INSERT INTO village (id, name, panchayat_id) VALUES (12017, 'Thonangi', 454);
INSERT INTO village (id, name, panchayat_id) VALUES (12018, 'Thulugu', 454);
INSERT INTO village (id, name, panchayat_id) VALUES (12019, 'Vadada', 454);
INSERT INTO village (id, name, panchayat_id) VALUES (12020, 'Vatsavalasa', 454);
INSERT INTO village (id, name, panchayat_id) VALUES (12021, 'Vomaravalli', 454);
INSERT INTO mandal (id, name, constituency_id) VALUES (455, 'Hiramandalam', 21);
INSERT INTO panchayat (id, name, mandal_id) VALUES (455, 'Default Panchayat Hiramandalam', 455);
INSERT INTO village (id, name, panchayat_id) VALUES (12022, 'Ambavalli', 455);
INSERT INTO village (id, name, panchayat_id) VALUES (12023, 'Anthakapalle', 455);
INSERT INTO village (id, name, panchayat_id) VALUES (12024, 'Anthili', 455);
INSERT INTO village (id, name, panchayat_id) VALUES (12025, 'Bhagiradhipuram', 455);
INSERT INTO village (id, name, panchayat_id) VALUES (12026, 'Bommika', 455);
INSERT INTO village (id, name, panchayat_id) VALUES (12027, 'Chinnakollivalasa', 455);
INSERT INTO village (id, name, panchayat_id) VALUES (12028, 'Chorlangi', 455);
INSERT INTO village (id, name, panchayat_id) VALUES (12029, 'Dugarajapuram', 455);
INSERT INTO village (id, name, panchayat_id) VALUES (12030, 'Duggupuram', 455);
INSERT INTO village (id, name, panchayat_id) VALUES (12031, 'Durbalapuram', 455);
INSERT INTO village (id, name, panchayat_id) VALUES (12032, 'Garlapadu', 455);
INSERT INTO village (id, name, panchayat_id) VALUES (12033, 'Godiapadu', 455);
INSERT INTO village (id, name, panchayat_id) VALUES (12034, 'Gotta', 455);
INSERT INTO village (id, name, panchayat_id) VALUES (12035, 'Gulumuru', 455);
INSERT INTO village (id, name, panchayat_id) VALUES (12036, 'Hiramandalam (Ct)', 455);
INSERT INTO village (id, name, panchayat_id) VALUES (12037, 'Jagannadhapuram', 455);
INSERT INTO village (id, name, panchayat_id) VALUES (12038, 'Kallata', 455);
INSERT INTO village (id, name, panchayat_id) VALUES (12039, 'Kittalapadu', 455);
INSERT INTO village (id, name, panchayat_id) VALUES (12040, 'Komanapalle', 455);
INSERT INTO village (id, name, panchayat_id) VALUES (12041, 'Kondakorada', 455);
INSERT INTO village (id, name, panchayat_id) VALUES (12042, 'Kondaragolu', 455);
INSERT INTO village (id, name, panchayat_id) VALUES (12043, 'Korada', 455);
INSERT INTO village (id, name, panchayat_id) VALUES (12044, 'Koradamanyam', 455);
INSERT INTO village (id, name, panchayat_id) VALUES (12045, 'Lingupuram', 455);
INSERT INTO village (id, name, panchayat_id) VALUES (12046, 'Lokonda', 455);
INSERT INTO village (id, name, panchayat_id) VALUES (12047, 'Mahalakshimipuram', 455);
INSERT INTO village (id, name, panchayat_id) VALUES (12048, 'Majjigudem', 455);
INSERT INTO village (id, name, panchayat_id) VALUES (12049, 'Mamidijola', 455);
INSERT INTO village (id, name, panchayat_id) VALUES (12050, 'Mokhasa Avalangi', 455);
INSERT INTO village (id, name, panchayat_id) VALUES (12051, 'Neeladevipuram', 455);
INSERT INTO village (id, name, panchayat_id) VALUES (12052, 'Padali', 455);
INSERT INTO village (id, name, panchayat_id) VALUES (12053, 'Peddasankili', 455);
INSERT INTO village (id, name, panchayat_id) VALUES (12054, 'Pindruvada', 455);
INSERT INTO village (id, name, panchayat_id) VALUES (12055, 'Rellivalasa', 455);
INSERT INTO village (id, name, panchayat_id) VALUES (12056, 'Satyajagannadha Puram', 455);
INSERT INTO village (id, name, panchayat_id) VALUES (12057, 'Seedhi', 455);
INSERT INTO village (id, name, panchayat_id) VALUES (12058, 'Tallapadu', 455);
INSERT INTO village (id, name, panchayat_id) VALUES (12059, 'Tampa', 455);
INSERT INTO village (id, name, panchayat_id) VALUES (12060, 'Tulagam', 455);
INSERT INTO village (id, name, panchayat_id) VALUES (12061, 'Tungatampara', 455);
INSERT INTO mandal (id, name, constituency_id) VALUES (456, 'Ichchapuram', 21);
INSERT INTO panchayat (id, name, mandal_id) VALUES (456, 'Default Panchayat Ichchapuram', 456);
INSERT INTO village (id, name, panchayat_id) VALUES (12062, 'Aminsahebpeta', 456);
INSERT INTO village (id, name, panchayat_id) VALUES (12063, 'Arakabhadra', 456);
INSERT INTO village (id, name, panchayat_id) VALUES (12064, 'Balakrishnapuram', 456);
INSERT INTO village (id, name, panchayat_id) VALUES (12065, 'Bellupada', 456);
INSERT INTO village (id, name, panchayat_id) VALUES (12066, 'Birlangi', 456);
INSERT INTO village (id, name, panchayat_id) VALUES (12067, 'Boddabada', 456);
INSERT INTO village (id, name, panchayat_id) VALUES (12068, 'Boddakali', 456);
INSERT INTO village (id, name, panchayat_id) VALUES (12069, 'Burjapadu', 456);
INSERT INTO village (id, name, panchayat_id) VALUES (12070, 'Dharmapuram', 456);
INSERT INTO village (id, name, panchayat_id) VALUES (12071, 'Edupuram', 456);
INSERT INTO village (id, name, panchayat_id) VALUES (12072, 'Haripuram', 456);
INSERT INTO village (id, name, panchayat_id) VALUES (12073, 'Kedaripuram', 456);
INSERT INTO village (id, name, panchayat_id) VALUES (12074, 'Kesapuram', 456);
INSERT INTO village (id, name, panchayat_id) VALUES (12075, 'Koligam', 456);
INSERT INTO village (id, name, panchayat_id) VALUES (12076, 'Kotari', 456);
INSERT INTO village (id, name, panchayat_id) VALUES (12077, 'Loddaputti', 456);
INSERT INTO village (id, name, panchayat_id) VALUES (12078, 'Mandapalle', 456);
INSERT INTO village (id, name, panchayat_id) VALUES (12079, 'Masakapuram', 456);
INSERT INTO village (id, name, panchayat_id) VALUES (12080, 'Muchindra', 456);
INSERT INTO village (id, name, panchayat_id) VALUES (12081, 'Munibhadra', 456);
INSERT INTO village (id, name, panchayat_id) VALUES (12082, 'Paitharikeerthipuram', 456);
INSERT INTO village (id, name, panchayat_id) VALUES (12083, 'Purnatakam', 456);
INSERT INTO village (id, name, panchayat_id) VALUES (12084, 'Purushothapuram', 456);
INSERT INTO village (id, name, panchayat_id) VALUES (12085, 'Rattakanna', 456);
INSERT INTO village (id, name, panchayat_id) VALUES (12086, 'Sasanam', 456);
INSERT INTO village (id, name, panchayat_id) VALUES (12087, 'Takatlabarampuram', 456);
INSERT INTO village (id, name, panchayat_id) VALUES (12088, 'Telukunchi', 456);
INSERT INTO village (id, name, panchayat_id) VALUES (12089, 'Tulasigam', 456);
INSERT INTO mandal (id, name, constituency_id) VALUES (457, 'Jalumuru', 21);
INSERT INTO panchayat (id, name, mandal_id) VALUES (457, 'Default Panchayat Jalumuru', 457);
INSERT INTO village (id, name, panchayat_id) VALUES (12090, 'Akkurada', 457);
INSERT INTO village (id, name, panchayat_id) VALUES (12091, 'Allada', 457);
INSERT INTO village (id, name, panchayat_id) VALUES (12092, 'Alladapeta', 457);
INSERT INTO village (id, name, panchayat_id) VALUES (12093, 'Andhavaram', 457);
INSERT INTO village (id, name, panchayat_id) VALUES (12094, 'Annupuram', 457);
INSERT INTO village (id, name, panchayat_id) VALUES (12095, 'Atchutapuram', 457);
INSERT INTO village (id, name, panchayat_id) VALUES (12096, 'Basivada', 457);
INSERT INTO village (id, name, panchayat_id) VALUES (12097, 'Boddapadu', 457);
INSERT INTO village (id, name, panchayat_id) VALUES (12098, 'Chennayavalasa', 457);
INSERT INTO village (id, name, panchayat_id) VALUES (12099, 'Chinadugam', 457);
INSERT INTO village (id, name, panchayat_id) VALUES (12100, 'Darivada', 457);
INSERT INTO village (id, name, panchayat_id) VALUES (12101, 'Domalapalle', 457);
INSERT INTO village (id, name, panchayat_id) VALUES (12102, 'Dompaka', 457);
INSERT INTO village (id, name, panchayat_id) VALUES (12103, 'Edulavalasa', 457);
INSERT INTO village (id, name, panchayat_id) VALUES (12104, 'Garinivalasa', 457);
INSERT INTO village (id, name, panchayat_id) VALUES (12105, 'Goliyaputti', 457);
INSERT INTO village (id, name, panchayat_id) VALUES (12106, 'Gotivada', 457);
INSERT INTO village (id, name, panchayat_id) VALUES (12107, 'Guggili', 457);
INSERT INTO village (id, name, panchayat_id) VALUES (12108, 'Gunduvalasa', 457);
INSERT INTO village (id, name, panchayat_id) VALUES (12109, 'Jalumuru', 457);
INSERT INTO village (id, name, panchayat_id) VALUES (12110, 'Jaminivalasa', 457);
INSERT INTO village (id, name, panchayat_id) VALUES (12111, 'Jonanki', 457);
INSERT INTO village (id, name, panchayat_id) VALUES (12112, 'Karakavalasa', 457);
INSERT INTO village (id, name, panchayat_id) VALUES (12113, 'Karavanja', 457);
INSERT INTO village (id, name, panchayat_id) VALUES (12114, 'Komanapalle', 457);
INSERT INTO village (id, name, panchayat_id) VALUES (12115, 'Kondapolavalasa', 457);
INSERT INTO village (id, name, panchayat_id) VALUES (12116, 'Kotturu', 457);
INSERT INTO village (id, name, panchayat_id) VALUES (12117, 'Kurmanadhapuram', 457);
INSERT INTO village (id, name, panchayat_id) VALUES (12118, 'Lingalavalasa', 457);
INSERT INTO village (id, name, panchayat_id) VALUES (12119, 'Mahammadpuram', 457);
INSERT INTO village (id, name, panchayat_id) VALUES (12120, 'Makivalasa', 457);
INSERT INTO village (id, name, panchayat_id) VALUES (12121, 'Marrivalasa', 457);
INSERT INTO village (id, name, panchayat_id) VALUES (12122, 'Mohiddinpuram', 457);
INSERT INTO village (id, name, panchayat_id) VALUES (12123, 'Mukhalingam', 457);
INSERT INTO village (id, name, panchayat_id) VALUES (12124, 'Nagarikatakam', 457);
INSERT INTO village (id, name, panchayat_id) VALUES (12125, 'Pagodu', 457);
INSERT INTO village (id, name, panchayat_id) VALUES (12126, 'Parlam', 457);
INSERT INTO village (id, name, panchayat_id) VALUES (12127, 'Peddadugam', 457);
INSERT INTO village (id, name, panchayat_id) VALUES (12128, 'Ramayyavalasa', 457);
INSERT INTO village (id, name, panchayat_id) VALUES (12129, 'Rana', 457);
INSERT INTO village (id, name, panchayat_id) VALUES (12130, 'Ravipadu', 457);
INSERT INTO village (id, name, panchayat_id) VALUES (12131, 'Srimannarayana Puram', 457);
INSERT INTO village (id, name, panchayat_id) VALUES (12132, 'Subrahamanya Puram', 457);
INSERT INTO village (id, name, panchayat_id) VALUES (12133, 'Suravaram', 457);
INSERT INTO village (id, name, panchayat_id) VALUES (12134, 'Syrigam', 457);
INSERT INTO village (id, name, panchayat_id) VALUES (12135, 'Talatariya', 457);
INSERT INTO village (id, name, panchayat_id) VALUES (12136, 'Tallavalasa', 457);
INSERT INTO village (id, name, panchayat_id) VALUES (12137, 'Tekkalipadu', 457);
INSERT INTO village (id, name, panchayat_id) VALUES (12138, 'Timadam', 457);
INSERT INTO village (id, name, panchayat_id) VALUES (12139, 'Velusoda', 457);
INSERT INTO village (id, name, panchayat_id) VALUES (12140, 'Venkatapuram', 457);
INSERT INTO village (id, name, panchayat_id) VALUES (12141, 'Yelamanchili', 457);
INSERT INTO village (id, name, panchayat_id) VALUES (12142, 'Yenetikothuru', 457);
INSERT INTO mandal (id, name, constituency_id) VALUES (458, 'Kanchili', 21);
INSERT INTO panchayat (id, name, mandal_id) VALUES (458, 'Default Panchayat Kanchili', 458);
INSERT INTO village (id, name, panchayat_id) VALUES (12143, 'Amaravati', 458);
INSERT INTO village (id, name, panchayat_id) VALUES (12144, 'Ammavariputtuga', 458);
INSERT INTO village (id, name, panchayat_id) VALUES (12145, 'Ampuram', 458);
INSERT INTO village (id, name, panchayat_id) VALUES (12146, 'Aravasariapalle', 458);
INSERT INTO village (id, name, panchayat_id) VALUES (12147, 'Baliyaputtuga', 458);
INSERT INTO village (id, name, panchayat_id) VALUES (12148, 'Bellupada', 458);
INSERT INTO village (id, name, panchayat_id) VALUES (12149, 'Bhinnala', 458);
INSERT INTO village (id, name, panchayat_id) VALUES (12150, 'Bhinnala Kothuru', 458);
INSERT INTO village (id, name, panchayat_id) VALUES (12151, 'Bhogabeni', 458);
INSERT INTO village (id, name, panchayat_id) VALUES (12152, 'Bhyripuram', 458);
INSERT INTO village (id, name, panchayat_id) VALUES (12153, 'Bonamali', 458);
INSERT INTO village (id, name, panchayat_id) VALUES (12154, 'Buragam', 458);
INSERT INTO village (id, name, panchayat_id) VALUES (12155, 'Chinnakhojiria', 458);
INSERT INTO village (id, name, panchayat_id) VALUES (12156, 'Daleswaram', 458);
INSERT INTO village (id, name, panchayat_id) VALUES (12157, 'Deppipada', 458);
INSERT INTO village (id, name, panchayat_id) VALUES (12158, 'Dolagovindapuram', 458);
INSERT INTO village (id, name, panchayat_id) VALUES (12159, 'Ghatimukundapuram', 458);
INSERT INTO village (id, name, panchayat_id) VALUES (12160, 'Gokarnapuram', 458);
INSERT INTO village (id, name, panchayat_id) VALUES (12161, 'Gopakeli', 458);
INSERT INTO village (id, name, panchayat_id) VALUES (12162, 'Gundam', 458);
INSERT INTO village (id, name, panchayat_id) VALUES (12163, 'Jadupudi', 458);
INSERT INTO village (id, name, panchayat_id) VALUES (12164, 'Jalantrakota', 458);
INSERT INTO village (id, name, panchayat_id) VALUES (12165, 'Janardhanapuram', 458);
INSERT INTO village (id, name, panchayat_id) VALUES (12166, 'Jennaghai', 458);
INSERT INTO village (id, name, panchayat_id) VALUES (12167, 'Jillunda', 458);
INSERT INTO village (id, name, panchayat_id) VALUES (12168, 'Kanchili', 458);
INSERT INTO village (id, name, panchayat_id) VALUES (12169, 'Karthali', 458);
INSERT INTO village (id, name, panchayat_id) VALUES (12170, 'Kattivaram', 458);
INSERT INTO village (id, name, panchayat_id) VALUES (12171, 'Kesaripada', 458);
INSERT INTO village (id, name, panchayat_id) VALUES (12172, 'Kokkiliputtuga', 458);
INSERT INTO village (id, name, panchayat_id) VALUES (12173, 'Kolluru', 458);
INSERT INTO village (id, name, panchayat_id) VALUES (12174, 'Kumbarinowgam', 458);
INSERT INTO village (id, name, panchayat_id) VALUES (12175, 'Kuttuma', 458);
INSERT INTO village (id, name, panchayat_id) VALUES (12176, 'Laxmipuram', 458);
INSERT INTO village (id, name, panchayat_id) VALUES (12177, 'Mahalpada', 458);
INSERT INTO village (id, name, panchayat_id) VALUES (12178, 'Makarampuram', 458);
INSERT INTO village (id, name, panchayat_id) VALUES (12179, 'Mandapalle', 458);
INSERT INTO village (id, name, panchayat_id) VALUES (12180, 'Mathamsariapalle', 458);
INSERT INTO village (id, name, panchayat_id) VALUES (12181, 'Mundala', 458);
INSERT INTO village (id, name, panchayat_id) VALUES (12182, 'Narasannamukundapuram', 458);
INSERT INTO village (id, name, panchayat_id) VALUES (12183, 'Nuvagada', 458);
INSERT INTO village (id, name, panchayat_id) VALUES (12184, 'Padmatula', 458);
INSERT INTO village (id, name, panchayat_id) VALUES (12185, 'Pathrapada', 458);
INSERT INTO village (id, name, panchayat_id) VALUES (12186, 'Peddakhojiria', 458);
INSERT INTO village (id, name, panchayat_id) VALUES (12187, 'Poleru', 458);
INSERT INTO village (id, name, panchayat_id) VALUES (12188, 'Pudabhadra', 458);
INSERT INTO village (id, name, panchayat_id) VALUES (12189, 'Purushothapuram', 458);
INSERT INTO village (id, name, panchayat_id) VALUES (12190, 'Ragapuram', 458);
INSERT INTO village (id, name, panchayat_id) VALUES (12191, 'Rangumatia', 458);
INSERT INTO village (id, name, panchayat_id) VALUES (12192, 'Rekhadevipuram', 458);
INSERT INTO village (id, name, panchayat_id) VALUES (12193, 'Samantha Ramachandrapuram', 458);
INSERT INTO village (id, name, panchayat_id) VALUES (12194, 'Sasanam', 458);
INSERT INTO village (id, name, panchayat_id) VALUES (12195, 'Sirthali', 458);
INSERT INTO village (id, name, panchayat_id) VALUES (12196, 'Talatampara', 458);
INSERT INTO village (id, name, panchayat_id) VALUES (12197, 'Timmalanji', 458);
INSERT INTO village (id, name, panchayat_id) VALUES (12198, 'Veeranarayana Puram', 458);
INSERT INTO village (id, name, panchayat_id) VALUES (12199, 'Veera Ramachan Dra Puram', 458);
INSERT INTO village (id, name, panchayat_id) VALUES (12200, 'Yekkala', 458);
INSERT INTO mandal (id, name, constituency_id) VALUES (459, 'Kaviti', 21);
INSERT INTO panchayat (id, name, mandal_id) VALUES (459, 'Default Panchayat Kaviti', 459);
INSERT INTO village (id, name, panchayat_id) VALUES (12201, 'Balliputtuga', 459);
INSERT INTO village (id, name, panchayat_id) VALUES (12202, 'Bejjiputtuga', 459);
INSERT INTO village (id, name, panchayat_id) VALUES (12203, 'Belagam', 459);
INSERT INTO village (id, name, panchayat_id) VALUES (12204, 'Bhyripuram', 459);
INSERT INTO village (id, name, panchayat_id) VALUES (12205, 'Borivanka', 459);
INSERT INTO village (id, name, panchayat_id) VALUES (12206, 'Chandiputtuga', 459);
INSERT INTO village (id, name, panchayat_id) VALUES (12207, 'Deppili Gonapaputtuga', 459);
INSERT INTO village (id, name, panchayat_id) VALUES (12208, 'Jagathi', 459);
INSERT INTO village (id, name, panchayat_id) VALUES (12209, 'Kapasakuddi', 459);
INSERT INTO village (id, name, panchayat_id) VALUES (12210, 'Karapadu', 459);
INSERT INTO village (id, name, panchayat_id) VALUES (12211, 'Kaviti', 459);
INSERT INTO village (id, name, panchayat_id) VALUES (12212, 'Kojjiria', 459);
INSERT INTO village (id, name, panchayat_id) VALUES (12213, 'Kusumpuram', 459);
INSERT INTO village (id, name, panchayat_id) VALUES (12214, 'Manikyapuram', 459);
INSERT INTO village (id, name, panchayat_id) VALUES (12215, 'Nelavanka', 459);
INSERT INTO village (id, name, panchayat_id) VALUES (12216, 'Putiyadala', 459);
INSERT INTO village (id, name, panchayat_id) VALUES (12217, 'Raghunadhapuram', 459);
INSERT INTO village (id, name, panchayat_id) VALUES (12218, 'Rajapuram', 459);
INSERT INTO village (id, name, panchayat_id) VALUES (12219, 'Silagam', 459);
INSERT INTO village (id, name, panchayat_id) VALUES (12220, 'Varakha', 459);
INSERT INTO village (id, name, panchayat_id) VALUES (12221, 'Vinjagiri', 459);
INSERT INTO mandal (id, name, constituency_id) VALUES (460, 'Kotabommali', 21);
INSERT INTO panchayat (id, name, mandal_id) VALUES (460, 'Default Panchayat Kotabommali', 460);
INSERT INTO village (id, name, panchayat_id) VALUES (12222, 'Akkayyavalasa', 460);
INSERT INTO village (id, name, panchayat_id) VALUES (12223, 'Anandapuram', 460);
INSERT INTO village (id, name, panchayat_id) VALUES (12224, 'Cheepurlapadu', 460);
INSERT INTO village (id, name, panchayat_id) VALUES (12225, 'Chinasana', 460);
INSERT INTO village (id, name, panchayat_id) VALUES (12226, 'Chinavenkatapuram', 460);
INSERT INTO village (id, name, panchayat_id) VALUES (12227, 'Chinnabammidi', 460);
INSERT INTO village (id, name, panchayat_id) VALUES (12228, 'Chittivalasa', 460);
INSERT INTO village (id, name, panchayat_id) VALUES (12229, 'Dantha', 460);
INSERT INTO village (id, name, panchayat_id) VALUES (12230, 'Duppalapadu', 460);
INSERT INTO village (id, name, panchayat_id) VALUES (12231, 'Gangaram', 460);
INSERT INTO village (id, name, panchayat_id) VALUES (12232, 'Gudivada', 460);
INSERT INTO village (id, name, panchayat_id) VALUES (12233, 'Gunjilova', 460);
INSERT INTO village (id, name, panchayat_id) VALUES (12234, 'Harichandrapuram', 460);
INSERT INTO village (id, name, panchayat_id) VALUES (12235, 'Jarjangi', 460);
INSERT INTO village (id, name, panchayat_id) VALUES (12236, 'Jiyyannapeta', 460);
INSERT INTO village (id, name, panchayat_id) VALUES (12237, 'Kannevalasa', 460);
INSERT INTO village (id, name, panchayat_id) VALUES (12238, 'Kasturipadu', 460);
INSERT INTO village (id, name, panchayat_id) VALUES (12239, 'Kistupuram', 460);
INSERT INTO village (id, name, panchayat_id) VALUES (12240, 'Kotabommali', 460);
INSERT INTO village (id, name, panchayat_id) VALUES (12241, 'Kothapalle', 460);
INSERT INTO village (id, name, panchayat_id) VALUES (12242, 'Kothapeta', 460);
INSERT INTO village (id, name, panchayat_id) VALUES (12243, 'Kurudu', 460);
INSERT INTO village (id, name, panchayat_id) VALUES (12244, 'Lakkamdiddi', 460);
INSERT INTO village (id, name, panchayat_id) VALUES (12245, 'Masahebpeta', 460);
INSERT INTO village (id, name, panchayat_id) VALUES (12246, 'Narasingupalle', 460);
INSERT INTO village (id, name, panchayat_id) VALUES (12247, 'Narayanavalasa', 460);
INSERT INTO village (id, name, panchayat_id) VALUES (12248, 'Nimmada', 460);
INSERT INTO village (id, name, panchayat_id) VALUES (12249, 'Pakivalasa', 460);
INSERT INTO village (id, name, panchayat_id) VALUES (12250, 'Pattupuram', 460);
INSERT INTO village (id, name, panchayat_id) VALUES (12251, 'Peddabammidi', 460);
INSERT INTO village (id, name, panchayat_id) VALUES (12252, 'Regulapadu', 460);
INSERT INTO village (id, name, panchayat_id) VALUES (12253, 'Sariaboddapadu', 460);
INSERT INTO village (id, name, panchayat_id) VALUES (12254, 'Sariapalle', 460);
INSERT INTO village (id, name, panchayat_id) VALUES (12255, 'Simhadripuram', 460);
INSERT INTO village (id, name, panchayat_id) VALUES (12256, 'Sowdam', 460);
INSERT INTO village (id, name, panchayat_id) VALUES (12257, 'Srijagannadha Puram', 460);
INSERT INTO village (id, name, panchayat_id) VALUES (12258, 'Tatiparthi', 460);
INSERT INTO village (id, name, panchayat_id) VALUES (12259, 'Tharlipeta', 460);
INSERT INTO village (id, name, panchayat_id) VALUES (12260, 'Tilaru', 460);
INSERT INTO village (id, name, panchayat_id) VALUES (12261, 'Vandrada', 460);
INSERT INTO village (id, name, panchayat_id) VALUES (12262, 'Viswanadhapuram', 460);
INSERT INTO village (id, name, panchayat_id) VALUES (12263, 'Yelamanchili', 460);
INSERT INTO village (id, name, panchayat_id) VALUES (12264, 'Yetturallapadu', 460);
INSERT INTO mandal (id, name, constituency_id) VALUES (461, 'Kothuru', 21);
INSERT INTO panchayat (id, name, mandal_id) VALUES (461, 'Default Panchayat Kothuru', 461);
INSERT INTO village (id, name, panchayat_id) VALUES (12265, 'Addangi', 461);
INSERT INTO village (id, name, panchayat_id) VALUES (12266, 'Akulatampara', 461);
INSERT INTO village (id, name, panchayat_id) VALUES (12267, 'Althi', 461);
INSERT INTO village (id, name, panchayat_id) VALUES (12268, 'Anguru', 461);
INSERT INTO village (id, name, panchayat_id) VALUES (12269, 'Balada', 461);
INSERT INTO village (id, name, panchayat_id) VALUES (12270, 'Bammidi', 461);
INSERT INTO village (id, name, panchayat_id) VALUES (12271, 'Boddaguda', 461);
INSERT INTO village (id, name, panchayat_id) VALUES (12272, 'Chompa', 461);
INSERT INTO village (id, name, panchayat_id) VALUES (12273, 'Dimili', 461);
INSERT INTO village (id, name, panchayat_id) VALUES (12274, 'Gurandi', 461);
INSERT INTO village (id, name, panchayat_id) VALUES (12275, 'Irapadu', 461);
INSERT INTO village (id, name, panchayat_id) VALUES (12276, 'Kadumu', 461);
INSERT INTO village (id, name, panchayat_id) VALUES (12277, 'Kakaraguda', 461);
INSERT INTO village (id, name, panchayat_id) VALUES (12278, 'Kaligam', 461);
INSERT INTO village (id, name, panchayat_id) VALUES (12279, 'Karlemma', 461);
INSERT INTO village (id, name, panchayat_id) VALUES (12280, 'Kothuru', 461);
INSERT INTO village (id, name, panchayat_id) VALUES (12281, 'Kousalyapuram', 461);
INSERT INTO village (id, name, panchayat_id) VALUES (12282, 'Kuddigam', 461);
INSERT INTO village (id, name, panchayat_id) VALUES (12283, 'Kurigam', 461);
INSERT INTO village (id, name, panchayat_id) VALUES (12284, 'Labba', 461);
INSERT INTO village (id, name, panchayat_id) VALUES (12285, 'Maharthapuram', 461);
INSERT INTO village (id, name, panchayat_id) VALUES (12286, 'Mathala', 461);
INSERT INTO village (id, name, panchayat_id) VALUES (12287, 'Neradi', 461);
INSERT INTO village (id, name, panchayat_id) VALUES (12288, 'Nivagam', 461);
INSERT INTO village (id, name, panchayat_id) VALUES (12289, 'Parapuram', 461);
INSERT INTO village (id, name, panchayat_id) VALUES (12290, 'Pathapadu', 461);
INSERT INTO village (id, name, panchayat_id) VALUES (12291, 'Peddamadi', 461);
INSERT INTO village (id, name, panchayat_id) VALUES (12292, 'Ponnuturu', 461);
INSERT INTO village (id, name, panchayat_id) VALUES (12293, 'Rayala', 461);
INSERT INTO village (id, name, panchayat_id) VALUES (12294, 'Sandipolam', 461);
INSERT INTO village (id, name, panchayat_id) VALUES (12295, 'Shobhanapuram', 461);
INSERT INTO village (id, name, panchayat_id) VALUES (12296, 'Sirusuvada', 461);
INSERT INTO village (id, name, panchayat_id) VALUES (12297, 'Vasapa', 461);
INSERT INTO village (id, name, panchayat_id) VALUES (12298, 'Veeranarayanapuram', 461);
INSERT INTO village (id, name, panchayat_id) VALUES (12299, 'Venkatapuram', 461);
INSERT INTO village (id, name, panchayat_id) VALUES (12300, 'Vondrujola', 461);
INSERT INTO mandal (id, name, constituency_id) VALUES (462, 'Laveru', 21);
INSERT INTO panchayat (id, name, mandal_id) VALUES (462, 'Default Panchayat Laveru', 462);
INSERT INTO village (id, name, panchayat_id) VALUES (12301, 'Adapaka', 462);
INSERT INTO village (id, name, panchayat_id) VALUES (12302, 'Appapuram', 462);
INSERT INTO village (id, name, panchayat_id) VALUES (12303, 'Bejjipuram', 462);
INSERT INTO village (id, name, panchayat_id) VALUES (12304, 'Bharanikam', 462);
INSERT INTO village (id, name, panchayat_id) VALUES (12305, 'Budathavalasa', 462);
INSERT INTO village (id, name, panchayat_id) VALUES (12306, 'Budumuru', 462);
INSERT INTO village (id, name, panchayat_id) VALUES (12307, 'Chellayamma Agraharam', 462);
INSERT INTO village (id, name, panchayat_id) VALUES (12308, 'Govindapuram', 462);
INSERT INTO village (id, name, panchayat_id) VALUES (12309, 'Gudemgolugula Valasa', 462);
INSERT INTO village (id, name, panchayat_id) VALUES (12310, 'Gumadam', 462);
INSERT INTO village (id, name, panchayat_id) VALUES (12311, 'Gurugubilli', 462);
INSERT INTO village (id, name, panchayat_id) VALUES (12312, 'Hanumanthapuram', 462);
INSERT INTO village (id, name, panchayat_id) VALUES (12313, 'Kesavarayapuram', 462);
INSERT INTO village (id, name, panchayat_id) VALUES (12314, 'Kesavarayuni Palem', 462);
INSERT INTO village (id, name, panchayat_id) VALUES (12315, 'Kondakunkam', 462);
INSERT INTO village (id, name, panchayat_id) VALUES (12316, 'Kothakota', 462);
INSERT INTO village (id, name, panchayat_id) VALUES (12317, 'Kothakunkam', 462);
INSERT INTO village (id, name, panchayat_id) VALUES (12318, 'Lakshmipuram', 462);
INSERT INTO village (id, name, panchayat_id) VALUES (12319, 'Laveru', 462);
INSERT INTO village (id, name, panchayat_id) VALUES (12320, 'Lopenta', 462);
INSERT INTO village (id, name, panchayat_id) VALUES (12321, 'Murapaka', 462);
INSERT INTO village (id, name, panchayat_id) VALUES (12322, 'Nagampalem', 462);
INSERT INTO village (id, name, panchayat_id) VALUES (12323, 'Neelapuram', 462);
INSERT INTO village (id, name, panchayat_id) VALUES (12324, 'Netheru', 462);
INSERT INTO village (id, name, panchayat_id) VALUES (12325, 'Patha Kunkam', 462);
INSERT INTO village (id, name, panchayat_id) VALUES (12326, 'Pedda Kothapalle', 462);
INSERT INTO village (id, name, panchayat_id) VALUES (12327, 'Peddalingala Valasa', 462);
INSERT INTO village (id, name, panchayat_id) VALUES (12328, 'Peddaraopalle', 462);
INSERT INTO village (id, name, panchayat_id) VALUES (12329, 'Pothayyavalasa', 462);
INSERT INTO village (id, name, panchayat_id) VALUES (12330, 'Pydayyavalasa', 462);
INSERT INTO village (id, name, panchayat_id) VALUES (12331, 'Ravivalasa', 462);
INSERT INTO village (id, name, panchayat_id) VALUES (12332, 'Regapalem', 462);
INSERT INTO village (id, name, panchayat_id) VALUES (12333, 'Sahapuram', 462);
INSERT INTO village (id, name, panchayat_id) VALUES (12334, 'Sigiri Kothapalle', 462);
INSERT INTO village (id, name, panchayat_id) VALUES (12335, 'Sirlapalem', 462);
INSERT INTO village (id, name, panchayat_id) VALUES (12336, 'Subhadrapuram', 462);
INSERT INTO village (id, name, panchayat_id) VALUES (12337, 'Thallavalasa', 462);
INSERT INTO village (id, name, panchayat_id) VALUES (12338, 'Thamvada', 462);
INSERT INTO village (id, name, panchayat_id) VALUES (12339, 'Venkatapuram', 462);
INSERT INTO village (id, name, panchayat_id) VALUES (12340, 'Venkataraopeta', 462);
INSERT INTO village (id, name, panchayat_id) VALUES (12341, 'Venugopalapuram', 462);
INSERT INTO village (id, name, panchayat_id) VALUES (12342, 'Vijayaramapuram', 462);
INSERT INTO mandal (id, name, constituency_id) VALUES (463, 'Laxminarasupeta', 21);
INSERT INTO panchayat (id, name, mandal_id) VALUES (463, 'Default Panchayat Laxminarasupeta', 463);
INSERT INTO village (id, name, panchayat_id) VALUES (12343, 'Baratam', 463);
INSERT INTO village (id, name, panchayat_id) VALUES (12344, 'Boddavalasa', 463);
INSERT INTO village (id, name, panchayat_id) VALUES (12345, 'Borramambapuram', 463);
INSERT INTO village (id, name, panchayat_id) VALUES (12346, 'Borrampeta', 463);
INSERT INTO village (id, name, panchayat_id) VALUES (12347, 'Bottadasingi', 463);
INSERT INTO village (id, name, panchayat_id) VALUES (12348, 'Chinthalabadavanja', 463);
INSERT INTO village (id, name, panchayat_id) VALUES (12349, 'Chittimandalam', 463);
INSERT INTO village (id, name, panchayat_id) VALUES (12350, 'Chorlangi', 463);
INSERT INTO village (id, name, panchayat_id) VALUES (12351, 'Dabbapadu', 463);
INSERT INTO village (id, name, panchayat_id) VALUES (12352, 'Dhanukuvada', 463);
INSERT INTO village (id, name, panchayat_id) VALUES (12353, 'Donkalabadavanja', 463);
INSERT INTO village (id, name, panchayat_id) VALUES (12354, 'Foxdorapeta', 463);
INSERT INTO village (id, name, panchayat_id) VALUES (12355, 'Garlapadu', 463);
INSERT INTO village (id, name, panchayat_id) VALUES (12356, 'Gottipalle', 463);
INSERT INTO village (id, name, panchayat_id) VALUES (12357, 'Jadapeta', 463);
INSERT INTO village (id, name, panchayat_id) VALUES (12358, 'Jagannadhapuram', 463);
INSERT INTO village (id, name, panchayat_id) VALUES (12359, 'Jambada', 463);
INSERT INTO village (id, name, panchayat_id) VALUES (12360, 'Jangalavalasa', 463);
INSERT INTO village (id, name, panchayat_id) VALUES (12361, 'Karkavalasa', 463);
INSERT INTO village (id, name, panchayat_id) VALUES (12362, 'Kaviti', 463);
INSERT INTO village (id, name, panchayat_id) VALUES (12363, 'Kommuvalasa', 463);
INSERT INTO village (id, name, panchayat_id) VALUES (12364, 'Kothapeta', 463);
INSERT INTO village (id, name, panchayat_id) VALUES (12365, 'Kovilam', 463);
INSERT INTO village (id, name, panchayat_id) VALUES (12366, 'Krishnapuram', 463);
INSERT INTO village (id, name, panchayat_id) VALUES (12367, 'Mallikarjunapuram', 463);
INSERT INTO village (id, name, panchayat_id) VALUES (12368, 'Mariapalle', 463);
INSERT INTO village (id, name, panchayat_id) VALUES (12369, 'Moduguvalasa', 463);
INSERT INTO village (id, name, panchayat_id) VALUES (12370, 'Munganna Agraharam', 463);
INSERT INTO village (id, name, panchayat_id) VALUES (12371, 'Narendrapuram', 463);
INSERT INTO village (id, name, panchayat_id) VALUES (12372, 'Palavalasa', 463);
INSERT INTO village (id, name, panchayat_id) VALUES (12373, 'Pedakota', 463);
INSERT INTO village (id, name, panchayat_id) VALUES (12374, 'Peddakollivalasa', 463);
INSERT INTO village (id, name, panchayat_id) VALUES (12375, 'Pusam', 463);
INSERT INTO village (id, name, panchayat_id) VALUES (12376, 'Ravichandri', 463);
INSERT INTO village (id, name, panchayat_id) VALUES (12377, 'Saradam', 463);
INSERT INTO village (id, name, panchayat_id) VALUES (12378, 'Scotpeta', 463);
INSERT INTO village (id, name, panchayat_id) VALUES (12379, 'Seetharampuram', 463);
INSERT INTO village (id, name, panchayat_id) VALUES (12380, 'Sidhantham', 463);
INSERT INTO village (id, name, panchayat_id) VALUES (12381, 'Somanadhapuram', 463);
INSERT INTO village (id, name, panchayat_id) VALUES (12382, 'Sumanthapuram @ Podugu Padu', 463);
INSERT INTO village (id, name, panchayat_id) VALUES (12383, 'Syamalambapuram', 463);
INSERT INTO village (id, name, panchayat_id) VALUES (12384, 'Thaimambapuram', 463);
INSERT INTO village (id, name, panchayat_id) VALUES (12385, 'Turakapeta', 463);
INSERT INTO village (id, name, panchayat_id) VALUES (12386, 'Vadavalasa', 463);
INSERT INTO village (id, name, panchayat_id) VALUES (12387, 'Valasapadu', 463);
INSERT INTO village (id, name, panchayat_id) VALUES (12388, 'Venkampeta', 463);
INSERT INTO village (id, name, panchayat_id) VALUES (12389, 'Yembaram', 463);
INSERT INTO mandal (id, name, constituency_id) VALUES (464, 'Mandasa', 21);
INSERT INTO panchayat (id, name, mandal_id) VALUES (464, 'Default Panchayat Mandasa', 464);
INSERT INTO village (id, name, panchayat_id) VALUES (12390, 'Allimeraka', 464);
INSERT INTO village (id, name, panchayat_id) VALUES (12391, 'Ambugam', 464);
INSERT INTO village (id, name, panchayat_id) VALUES (12392, 'Ambugambit', 464);
INSERT INTO village (id, name, panchayat_id) VALUES (12393, 'Atchutapuram', 464);
INSERT INTO village (id, name, panchayat_id) VALUES (12394, 'Bahadapalle', 464);
INSERT INTO village (id, name, panchayat_id) VALUES (12395, 'Bairisarangapuram', 464);
INSERT INTO village (id, name, panchayat_id) VALUES (12396, 'Balajipuram', 464);
INSERT INTO village (id, name, panchayat_id) VALUES (12397, 'Baligam', 464);
INSERT INTO village (id, name, panchayat_id) VALUES (12398, 'Banjarukesupuram', 464);
INSERT INTO village (id, name, panchayat_id) VALUES (12399, 'Banjaruyuvaraja Puram', 464);
INSERT INTO village (id, name, panchayat_id) VALUES (12400, 'Bellupatia', 464);
INSERT INTO village (id, name, panchayat_id) VALUES (12401, 'Bethalapuram', 464);
INSERT INTO village (id, name, panchayat_id) VALUES (12402, 'Bhinnala', 464);
INSERT INTO village (id, name, panchayat_id) VALUES (12403, 'Bidimi', 464);
INSERT INTO village (id, name, panchayat_id) VALUES (12404, 'Bogabanda', 464);
INSERT INTO village (id, name, panchayat_id) VALUES (12405, 'Budarasingi', 464);
INSERT INTO village (id, name, panchayat_id) VALUES (12406, 'Chatrapuram', 464);
INSERT INTO village (id, name, panchayat_id) VALUES (12407, 'Cheepi', 464);
INSERT INTO village (id, name, panchayat_id) VALUES (12408, 'Dabaru', 464);
INSERT INTO village (id, name, panchayat_id) VALUES (12409, 'Dabarusingi', 464);
INSERT INTO village (id, name, panchayat_id) VALUES (12410, 'Devupuram', 464);
INSERT INTO village (id, name, panchayat_id) VALUES (12411, 'Dimiria', 464);
INSERT INTO village (id, name, panchayat_id) VALUES (12412, 'Dunnavuru', 464);
INSERT INTO village (id, name, panchayat_id) VALUES (12413, 'Gollapalem', 464);
INSERT INTO village (id, name, panchayat_id) VALUES (12414, 'Govindapuram', 464);
INSERT INTO village (id, name, panchayat_id) VALUES (12415, 'Gowduguranti', 464);
INSERT INTO village (id, name, panchayat_id) VALUES (12416, 'Hamsarali', 464);
INSERT INTO village (id, name, panchayat_id) VALUES (12417, 'Haripuram', 464);
INSERT INTO village (id, name, panchayat_id) VALUES (12418, 'Honnali', 464);
INSERT INTO village (id, name, panchayat_id) VALUES (12419, 'Ichapuram', 464);
INSERT INTO village (id, name, panchayat_id) VALUES (12420, 'Jullunda', 464);
INSERT INTO village (id, name, panchayat_id) VALUES (12421, 'Karapalle', 464);
INSERT INTO village (id, name, panchayat_id) VALUES (12422, 'Killoyi', 464);
INSERT INTO village (id, name, panchayat_id) VALUES (12423, 'Kondalogam', 464);
INSERT INTO village (id, name, panchayat_id) VALUES (12424, 'Konkadaputti', 464);
INSERT INTO village (id, name, panchayat_id) VALUES (12425, 'Kontabono', 464);
INSERT INTO village (id, name, panchayat_id) VALUES (12426, 'Kothakamalapuram', 464);
INSERT INTO village (id, name, panchayat_id) VALUES (12427, 'Kothapalle', 464);
INSERT INTO village (id, name, panchayat_id) VALUES (12428, 'Kuntikota', 464);
INSERT INTO village (id, name, panchayat_id) VALUES (12429, 'Kusumala', 464);
INSERT INTO village (id, name, panchayat_id) VALUES (12430, 'Lakshminarayana Puram', 464);
INSERT INTO village (id, name, panchayat_id) VALUES (12431, 'Laxmipuram', 464);
INSERT INTO village (id, name, panchayat_id) VALUES (12432, 'Limbugam', 464);
INSERT INTO village (id, name, panchayat_id) VALUES (12433, 'Loharibanda', 464);
INSERT INTO village (id, name, panchayat_id) VALUES (12434, 'Madhya', 464);
INSERT INTO village (id, name, panchayat_id) VALUES (12435, 'Makarajola', 464);
INSERT INTO village (id, name, panchayat_id) VALUES (12436, 'Malagovinda Puram', 464);
INSERT INTO village (id, name, panchayat_id) VALUES (12437, 'Mandasa', 464);
INSERT INTO village (id, name, panchayat_id) VALUES (12438, 'Mandavuru', 464);
INSERT INTO village (id, name, panchayat_id) VALUES (12439, 'Marripadu', 464);
INSERT INTO village (id, name, panchayat_id) VALUES (12440, 'Mogalaipeta', 464);
INSERT INTO village (id, name, panchayat_id) VALUES (12441, 'Mukundapuram', 464);
INSERT INTO village (id, name, panchayat_id) VALUES (12442, 'Mulipadu', 464);
INSERT INTO village (id, name, panchayat_id) VALUES (12443, 'Narasingapuram', 464);
INSERT INTO village (id, name, panchayat_id) VALUES (12444, 'Narayanapuram', 464);
INSERT INTO village (id, name, panchayat_id) VALUES (12445, 'Nuvagam', 464);
INSERT INTO village (id, name, panchayat_id) VALUES (12446, 'Onasya', 464);
INSERT INTO village (id, name, panchayat_id) VALUES (12447, 'Pathakamala Puram', 464);
INSERT INTO village (id, name, panchayat_id) VALUES (12448, 'Pidimandsa', 464);
INSERT INTO village (id, name, panchayat_id) VALUES (12449, 'Pithali', 464);
INSERT INTO village (id, name, panchayat_id) VALUES (12450, 'Pithatholi', 464);
INSERT INTO village (id, name, panchayat_id) VALUES (12451, 'Pothangi', 464);
INSERT INTO village (id, name, panchayat_id) VALUES (12452, 'Pothangibiswali', 464);
INSERT INTO village (id, name, panchayat_id) VALUES (12453, 'Puchapadu', 464);
INSERT INTO village (id, name, panchayat_id) VALUES (12454, 'Radhakrishnapuram', 464);
INSERT INTO village (id, name, panchayat_id) VALUES (12455, 'Raghunadhapuram', 464);
INSERT INTO village (id, name, panchayat_id) VALUES (12456, 'Ranganadhapuram', 464);
INSERT INTO village (id, name, panchayat_id) VALUES (12457, 'Ratti', 464);
INSERT INTO village (id, name, panchayat_id) VALUES (12458, 'Sandhigam', 464);
INSERT INTO village (id, name, panchayat_id) VALUES (12459, 'Sariapalle', 464);
INSERT INTO village (id, name, panchayat_id) VALUES (12460, 'Savaramadhya', 464);
INSERT INTO village (id, name, panchayat_id) VALUES (12461, 'Siddigam', 464);
INSERT INTO village (id, name, panchayat_id) VALUES (12462, 'Singupuram', 464);
INSERT INTO village (id, name, panchayat_id) VALUES (12463, 'Siripuram', 464);
INSERT INTO village (id, name, panchayat_id) VALUES (12464, 'Sondipudi', 464);
INSERT INTO village (id, name, panchayat_id) VALUES (12465, 'Srirampuram', 464);
INSERT INTO village (id, name, panchayat_id) VALUES (12466, 'Suvarnapuram', 464);
INSERT INTO village (id, name, panchayat_id) VALUES (12467, 'Tubburu', 464);
INSERT INTO village (id, name, panchayat_id) VALUES (12468, 'Ummagiri', 464);
INSERT INTO village (id, name, panchayat_id) VALUES (12469, 'Vasudevupuram', 464);
INSERT INTO village (id, name, panchayat_id) VALUES (12470, 'Veerabhadra', 464);
INSERT INTO village (id, name, panchayat_id) VALUES (12471, 'Veeragunnamapuram', 464);
INSERT INTO village (id, name, panchayat_id) VALUES (12472, 'Venkatavarada -Rajapuram', 464);
INSERT INTO mandal (id, name, constituency_id) VALUES (465, 'Meliaputti', 21);
INSERT INTO panchayat (id, name, mandal_id) VALUES (465, 'Default Panchayat Meliaputti', 465);
INSERT INTO village (id, name, panchayat_id) VALUES (12473, 'Ampuram', 465);
INSERT INTO village (id, name, panchayat_id) VALUES (12474, 'Anjaneyapuram', 465);
INSERT INTO village (id, name, panchayat_id) VALUES (12475, 'Archanapuram', 465);
INSERT INTO village (id, name, panchayat_id) VALUES (12476, 'Bagada', 465);
INSERT INTO village (id, name, panchayat_id) VALUES (12477, 'Bandapalle', 465);
INSERT INTO village (id, name, panchayat_id) VALUES (12478, 'Bellupadu', 465);
INSERT INTO village (id, name, panchayat_id) VALUES (12479, 'Bourasingi', 465);
INSERT INTO village (id, name, panchayat_id) VALUES (12480, 'Burada Ramachandrapuram', 465);
INSERT INTO village (id, name, panchayat_id) VALUES (12481, 'Chandragiri', 465);
INSERT INTO village (id, name, panchayat_id) VALUES (12482, 'Cheepurapalle', 465);
INSERT INTO village (id, name, panchayat_id) VALUES (12483, 'Chinna Pedda Kothuru', 465);
INSERT INTO village (id, name, panchayat_id) VALUES (12484, 'Chinnasunnapuram', 465);
INSERT INTO village (id, name, panchayat_id) VALUES (12485, 'Chintapalle', 465);
INSERT INTO village (id, name, panchayat_id) VALUES (12486, 'Chompapuram', 465);
INSERT INTO village (id, name, panchayat_id) VALUES (12487, 'Cuddaba', 465);
INSERT INTO village (id, name, panchayat_id) VALUES (12488, 'Dabaru', 465);
INSERT INTO village (id, name, panchayat_id) VALUES (12489, 'Dabbaguda', 465);
INSERT INTO village (id, name, panchayat_id) VALUES (12490, 'Deenabandhupuram', 465);
INSERT INTO village (id, name, panchayat_id) VALUES (12491, 'Durbalapuram', 465);
INSERT INTO village (id, name, panchayat_id) VALUES (12492, 'Gangarajapuram', 465);
INSERT INTO village (id, name, panchayat_id) VALUES (12493, 'Gedalapoluru', 465);
INSERT INTO village (id, name, panchayat_id) VALUES (12494, 'Godda', 465);
INSERT INTO village (id, name, panchayat_id) VALUES (12495, 'Gokarnapuram', 465);
INSERT INTO village (id, name, panchayat_id) VALUES (12496, 'Goppili', 465);
INSERT INTO village (id, name, panchayat_id) VALUES (12497, 'Gottipalle', 465);
INSERT INTO village (id, name, panchayat_id) VALUES (12498, 'Haddivada', 465);
INSERT INTO village (id, name, panchayat_id) VALUES (12499, 'Jadupalle', 465);
INSERT INTO village (id, name, panchayat_id) VALUES (12500, 'Jagannadhapuram', 465);
INSERT INTO village (id, name, panchayat_id) VALUES (12501, 'Jarribadra', 465);
INSERT INTO village (id, name, panchayat_id) VALUES (12502, 'Joduru', 465);
INSERT INTO village (id, name, panchayat_id) VALUES (12503, 'Karajada', 465);
INSERT INTO village (id, name, panchayat_id) VALUES (12504, 'Kerasingi', 465);
INSERT INTO village (id, name, panchayat_id) VALUES (12505, 'Kodukoligam', 465);
INSERT INTO village (id, name, panchayat_id) VALUES (12506, 'Kommuru', 465);
INSERT INTO village (id, name, panchayat_id) VALUES (12507, 'Kosamala', 465);
INSERT INTO village (id, name, panchayat_id) VALUES (12508, 'Kothuru', 465);
INSERT INTO village (id, name, panchayat_id) VALUES (12509, 'Makannapalle', 465);
INSERT INTO village (id, name, panchayat_id) VALUES (12510, 'Mara', 465);
INSERT INTO village (id, name, panchayat_id) VALUES (12511, 'Maridikota', 465);
INSERT INTO village (id, name, panchayat_id) VALUES (12512, 'Marripadu (C)', 465);
INSERT INTO village (id, name, panchayat_id) VALUES (12513, 'Marripadu (K)', 465);
INSERT INTO village (id, name, panchayat_id) VALUES (12514, 'Meliaputti', 465);
INSERT INTO village (id, name, panchayat_id) VALUES (12515, 'Muktapuram', 465);
INSERT INTO village (id, name, panchayat_id) VALUES (12516, 'Murukuntibadra', 465);
INSERT INTO village (id, name, panchayat_id) VALUES (12517, 'Mutyanibonthu', 465);
INSERT INTO village (id, name, panchayat_id) VALUES (12518, 'Naidupoluru', 465);
INSERT INTO village (id, name, panchayat_id) VALUES (12519, 'Nandava', 465);
INSERT INTO village (id, name, panchayat_id) VALUES (12520, 'Nelabonthu', 465);
INSERT INTO village (id, name, panchayat_id) VALUES (12521, 'Padda', 465);
INSERT INTO village (id, name, panchayat_id) VALUES (12522, 'Parasurampuram', 465);
INSERT INTO village (id, name, panchayat_id) VALUES (12523, 'Peddakedari', 465);
INSERT INTO village (id, name, panchayat_id) VALUES (12524, 'Peddamadi', 465);
INSERT INTO village (id, name, panchayat_id) VALUES (12525, 'Peddapadmapuram', 465);
INSERT INTO village (id, name, panchayat_id) VALUES (12526, 'Pulasara', 465);
INSERT INTO village (id, name, panchayat_id) VALUES (12527, 'Pullanginerudulova', 465);
INSERT INTO village (id, name, panchayat_id) VALUES (12528, 'Raikola', 465);
INSERT INTO village (id, name, panchayat_id) VALUES (12529, 'Ramachandrapuram', 465);
INSERT INTO village (id, name, panchayat_id) VALUES (12530, 'Rangadughati', 465);
INSERT INTO village (id, name, panchayat_id) VALUES (12531, 'Rompi', 465);
INSERT INTO village (id, name, panchayat_id) VALUES (12532, 'Sajjanapuram', 465);
INSERT INTO village (id, name, panchayat_id) VALUES (12533, 'Santhoshapuram', 465);
INSERT INTO village (id, name, panchayat_id) VALUES (12534, 'Savarajadupalle', 465);
INSERT INTO village (id, name, panchayat_id) VALUES (12535, 'Singupuram', 465);
INSERT INTO village (id, name, panchayat_id) VALUES (12536, 'Siriakandi', 465);
INSERT INTO village (id, name, panchayat_id) VALUES (12537, 'Sundarada', 465);
INSERT INTO village (id, name, panchayat_id) VALUES (12538, 'Surjini', 465);
INSERT INTO village (id, name, panchayat_id) VALUES (12539, 'Thumukinda Banjaru', 465);
INSERT INTO village (id, name, panchayat_id) VALUES (12540, 'Tumukonda Rama Chandrapuram', 465);
INSERT INTO village (id, name, panchayat_id) VALUES (12541, 'Vasandhara', 465);
INSERT INTO village (id, name, panchayat_id) VALUES (12542, 'Venkatapuram', 465);
INSERT INTO mandal (id, name, constituency_id) VALUES (466, 'Nandigam', 21);
INSERT INTO panchayat (id, name, mandal_id) VALUES (466, 'Default Panchayat Nandigam', 466);
INSERT INTO village (id, name, panchayat_id) VALUES (12543, 'Agarlagokarla Palle', 466);
INSERT INTO village (id, name, panchayat_id) VALUES (12544, 'Akularaghunadha Puram', 466);
INSERT INTO village (id, name, panchayat_id) VALUES (12545, 'Anandapuram', 466);
INSERT INTO village (id, name, panchayat_id) VALUES (12546, 'Annapuram', 466);
INSERT INTO village (id, name, panchayat_id) VALUES (12547, 'Badabanda', 466);
INSERT INTO village (id, name, panchayat_id) VALUES (12548, 'Badagam', 466);
INSERT INTO village (id, name, panchayat_id) VALUES (12549, 'Banjeerupeta', 466);
INSERT INTO village (id, name, panchayat_id) VALUES (12550, 'Bejjipalle', 466);
INSERT INTO village (id, name, panchayat_id) VALUES (12551, 'Bellukola', 466);
INSERT INTO village (id, name, panchayat_id) VALUES (12552, 'Beniavooru', 466);
INSERT INTO village (id, name, panchayat_id) VALUES (12553, 'Bharanigam', 466);
INSERT INTO village (id, name, panchayat_id) VALUES (12554, 'Bharthupuram', 466);
INSERT INTO village (id, name, panchayat_id) VALUES (12555, 'Bhiriboddapadu', 466);
INSERT INTO village (id, name, panchayat_id) VALUES (12556, 'Borubhadra', 466);
INSERT INTO village (id, name, panchayat_id) VALUES (12557, 'Cherukupalle', 466);
INSERT INTO village (id, name, panchayat_id) VALUES (12558, 'Chinnaguruvuru', 466);
INSERT INTO village (id, name, panchayat_id) VALUES (12559, 'Chinnalavunipalle', 466);
INSERT INTO village (id, name, panchayat_id) VALUES (12560, 'Chinnalaxmipuram', 466);
INSERT INTO village (id, name, panchayat_id) VALUES (12561, 'Chinnarigokarla Palle', 466);
INSERT INTO village (id, name, panchayat_id) VALUES (12562, 'Chinnatamarapalle', 466);
INSERT INTO village (id, name, panchayat_id) VALUES (12563, 'Deenabandupuram', 466);
INSERT INTO village (id, name, panchayat_id) VALUES (12564, 'Devada', 466);
INSERT INTO village (id, name, panchayat_id) VALUES (12565, 'Devalabhadra', 466);
INSERT INTO village (id, name, panchayat_id) VALUES (12566, 'Devupuram', 466);
INSERT INTO village (id, name, panchayat_id) VALUES (12567, 'Dimilada', 466);
INSERT INTO village (id, name, panchayat_id) VALUES (12568, 'Dimmidijola', 466);
INSERT INTO village (id, name, panchayat_id) VALUES (12569, 'Dodlarama Chandrapuram', 466);
INSERT INTO village (id, name, panchayat_id) VALUES (12570, 'Hanumanthulova', 466);
INSERT INTO village (id, name, panchayat_id) VALUES (12571, 'Haridasupuram', 466);
INSERT INTO village (id, name, panchayat_id) VALUES (12572, 'Harshabada', 466);
INSERT INTO village (id, name, panchayat_id) VALUES (12573, 'Hukumpeta', 466);
INSERT INTO village (id, name, panchayat_id) VALUES (12574, 'Jadyada', 466);
INSERT INTO village (id, name, panchayat_id) VALUES (12575, 'Jammipeta', 466);
INSERT INTO village (id, name, panchayat_id) VALUES (12576, 'Jayapuram', 466);
INSERT INTO village (id, name, panchayat_id) VALUES (12577, 'Kaijola', 466);
INSERT INTO village (id, name, panchayat_id) VALUES (12578, 'Kaliavooru', 466);
INSERT INTO village (id, name, panchayat_id) VALUES (12579, 'Kamadhenuvu', 466);
INSERT INTO village (id, name, panchayat_id) VALUES (12580, 'Kanchivooru', 466);
INSERT INTO village (id, name, panchayat_id) VALUES (12581, 'Kandulagudem', 466);
INSERT INTO village (id, name, panchayat_id) VALUES (12582, 'Kanithivooru', 466);
INSERT INTO village (id, name, panchayat_id) VALUES (12583, 'Karajada', 466);
INSERT INTO village (id, name, panchayat_id) VALUES (12584, 'Karlapudi', 466);
INSERT INTO village (id, name, panchayat_id) VALUES (12585, 'Kasirajukasipuram', 466);
INSERT INTO village (id, name, panchayat_id) VALUES (12586, 'Kaviti', 466);
INSERT INTO village (id, name, panchayat_id) VALUES (12587, 'Khallada', 466);
INSERT INTO village (id, name, panchayat_id) VALUES (12588, 'Komatooru', 466);
INSERT INTO village (id, name, panchayat_id) VALUES (12589, 'Kondatemburu', 466);
INSERT INTO village (id, name, panchayat_id) VALUES (12590, 'Kothagraharam', 466);
INSERT INTO village (id, name, panchayat_id) VALUES (12591, 'Kotipalle', 466);
INSERT INTO village (id, name, panchayat_id) VALUES (12592, 'Krishnarayapuram', 466);
INSERT INTO village (id, name, panchayat_id) VALUES (12593, 'Lakkidasupuram', 466);
INSERT INTO village (id, name, panchayat_id) VALUES (12594, 'Lattigam', 466);
INSERT INTO village (id, name, panchayat_id) VALUES (12595, 'Madanapuram', 466);
INSERT INTO village (id, name, panchayat_id) VALUES (12596, 'Madigapuram', 466);
INSERT INTO village (id, name, panchayat_id) VALUES (12597, 'Majjigopalapuram', 466);
INSERT INTO village (id, name, panchayat_id) VALUES (12598, 'Malliveedu', 466);
INSERT INTO village (id, name, panchayat_id) VALUES (12599, 'Mamidipalle', 466);
INSERT INTO village (id, name, panchayat_id) VALUES (12600, 'Manigam', 466);
INSERT INTO village (id, name, panchayat_id) VALUES (12601, 'Marlapadu', 466);
INSERT INTO village (id, name, panchayat_id) VALUES (12602, 'Mogilipadu', 466);
INSERT INTO village (id, name, panchayat_id) VALUES (12603, 'Mojjuvada', 466);
INSERT INTO village (id, name, panchayat_id) VALUES (12604, 'Mondrayavalasa', 466);
INSERT INTO village (id, name, panchayat_id) VALUES (12605, 'Mukundapuram', 466);
INSERT INTO village (id, name, panchayat_id) VALUES (12606, 'Nadupuram', 466);
INSERT INTO village (id, name, panchayat_id) VALUES (12607, 'Nandigam', 466);
INSERT INTO village (id, name, panchayat_id) VALUES (12608, 'Narendrapuram', 466);
INSERT INTO village (id, name, panchayat_id) VALUES (12609, 'Narsipuram', 466);
INSERT INTO village (id, name, panchayat_id) VALUES (12610, 'Nelluru', 466);
INSERT INTO village (id, name, panchayat_id) VALUES (12611, 'Nowgam', 466);
INSERT INTO village (id, name, panchayat_id) VALUES (12612, 'Padmapuram', 466);
INSERT INTO village (id, name, panchayat_id) VALUES (12613, 'Palavalasa', 466);
INSERT INTO village (id, name, panchayat_id) VALUES (12614, 'Panasalapadu', 466);
INSERT INTO village (id, name, panchayat_id) VALUES (12615, 'Panukuru', 466);
INSERT INTO village (id, name, panchayat_id) VALUES (12616, 'Pathrunivalasa', 466);
INSERT INTO village (id, name, panchayat_id) VALUES (12617, 'Peddabanapuram', 466);
INSERT INTO village (id, name, panchayat_id) VALUES (12618, 'Peddaguruvooru', 466);
INSERT INTO village (id, name, panchayat_id) VALUES (12619, 'Peddalavunipalle', 466);
INSERT INTO village (id, name, panchayat_id) VALUES (12620, 'Peddalaxmipuram', 466);
INSERT INTO village (id, name, panchayat_id) VALUES (12621, 'Peddatamarapalle', 466);
INSERT INTO village (id, name, panchayat_id) VALUES (12622, 'Peddinaidupeta', 466);
INSERT INTO village (id, name, panchayat_id) VALUES (12623, 'Pentavooru', 466);
INSERT INTO village (id, name, panchayat_id) VALUES (12624, 'Polavaram', 466);
INSERT INTO village (id, name, panchayat_id) VALUES (12625, 'Pothuluru', 466);
INSERT INTO village (id, name, panchayat_id) VALUES (12626, 'Prathapaviswana Dhapuram', 466);
INSERT INTO village (id, name, panchayat_id) VALUES (12627, 'Radhajanabodda Padu', 466);
INSERT INTO village (id, name, panchayat_id) VALUES (12628, 'Rampuram', 466);
INSERT INTO village (id, name, panchayat_id) VALUES (12629, 'Routhupuram', 466);
INSERT INTO village (id, name, panchayat_id) VALUES (12630, 'Sagarampeta', 466);
INSERT INTO village (id, name, panchayat_id) VALUES (12631, 'Santhosha Puram', 466);
INSERT INTO village (id, name, panchayat_id) VALUES (12632, 'Saradapuram', 466);
INSERT INTO village (id, name, panchayat_id) VALUES (12633, 'Savarabanapuram', 466);
INSERT INTO village (id, name, panchayat_id) VALUES (12634, 'Savarakothuru', 466);
INSERT INTO village (id, name, panchayat_id) VALUES (12635, 'Savaralingupuram', 466);
INSERT INTO village (id, name, panchayat_id) VALUES (12636, 'Savaraneelapuram', 466);
INSERT INTO village (id, name, panchayat_id) VALUES (12637, 'Savararama Krishnapuram', 466);
INSERT INTO village (id, name, panchayat_id) VALUES (12638, 'Savararampuram', 466);
INSERT INTO village (id, name, panchayat_id) VALUES (12639, 'Savarasomanadha Puram', 466);
INSERT INTO village (id, name, panchayat_id) VALUES (12640, 'Singupuram', 466);
INSERT INTO village (id, name, panchayat_id) VALUES (12641, 'Sivarampuram', 466);
INSERT INTO village (id, name, panchayat_id) VALUES (12642, 'Sontinooru', 466);
INSERT INTO village (id, name, panchayat_id) VALUES (12643, 'Subhadrapuram', 466);
INSERT INTO village (id, name, panchayat_id) VALUES (12644, 'Tamalapuram', 466);
INSERT INTO village (id, name, panchayat_id) VALUES (12645, 'Temburu', 466);
INSERT INTO village (id, name, panchayat_id) VALUES (12646, 'Thotaneela Puram', 466);
INSERT INTO village (id, name, panchayat_id) VALUES (12647, 'Totada', 466);
INSERT INTO village (id, name, panchayat_id) VALUES (12648, 'Turakalakota', 466);
INSERT INTO village (id, name, panchayat_id) VALUES (12649, 'Uddandabartupuram', 466);
INSERT INTO village (id, name, panchayat_id) VALUES (12650, 'Uyyalapeta', 466);
INSERT INTO village (id, name, panchayat_id) VALUES (12651, 'Vallabharayapadu', 466);
INSERT INTO village (id, name, panchayat_id) VALUES (12652, 'Venkatapuram', 466);
INSERT INTO village (id, name, panchayat_id) VALUES (12653, 'Venugopalapuram', 466);
INSERT INTO village (id, name, panchayat_id) VALUES (12654, 'Vissampalle', 466);
INSERT INTO mandal (id, name, constituency_id) VALUES (467, 'Narasannapeta', 21);
INSERT INTO panchayat (id, name, mandal_id) VALUES (467, 'Default Panchayat Narasannapeta', 467);
INSERT INTO village (id, name, panchayat_id) VALUES (12655, 'Ampalam', 467);
INSERT INTO village (id, name, panchayat_id) VALUES (12656, 'Badam', 467);
INSERT INTO village (id, name, panchayat_id) VALUES (12657, 'Balaseema', 467);
INSERT INTO village (id, name, panchayat_id) VALUES (12658, 'Basivalasa', 467);
INSERT INTO village (id, name, panchayat_id) VALUES (12659, 'Boddavalasa', 467);
INSERT INTO village (id, name, panchayat_id) VALUES (12660, 'Borigivalasa', 467);
INSERT INTO village (id, name, panchayat_id) VALUES (12661, 'Chenulavalasa', 467);
INSERT INTO village (id, name, panchayat_id) VALUES (12662, 'Chikkalavalasa', 467);
INSERT INTO village (id, name, panchayat_id) VALUES (12663, 'Chittivalasa', 467);
INSERT INTO village (id, name, panchayat_id) VALUES (12664, 'Chodavaram', 467);
INSERT INTO village (id, name, panchayat_id) VALUES (12665, 'Dasumanthapuram', 467);
INSERT INTO village (id, name, panchayat_id) VALUES (12666, 'Devadi', 467);
INSERT INTO village (id, name, panchayat_id) VALUES (12667, 'Gokayyavalasa', 467);
INSERT INTO village (id, name, panchayat_id) VALUES (12668, 'Gopalapenta', 467);
INSERT INTO village (id, name, panchayat_id) VALUES (12669, 'Gottipalle', 467);
INSERT INTO village (id, name, panchayat_id) VALUES (12670, 'Jammu', 467);
INSERT INTO village (id, name, panchayat_id) VALUES (12671, 'Kambakaya', 467);
INSERT INTO village (id, name, panchayat_id) VALUES (12672, 'Karagam', 467);
INSERT INTO village (id, name, panchayat_id) VALUES (12673, 'Killam', 467);
INSERT INTO village (id, name, panchayat_id) VALUES (12674, 'Kobagam', 467);
INSERT INTO village (id, name, panchayat_id) VALUES (12675, 'Komarthi', 467);
INSERT INTO village (id, name, panchayat_id) VALUES (12676, 'Kothapolavalasa', 467);
INSERT INTO village (id, name, panchayat_id) VALUES (12677, 'Kuddam', 467);
INSERT INTO village (id, name, panchayat_id) VALUES (12678, 'Lukalam', 467);
INSERT INTO village (id, name, panchayat_id) VALUES (12679, 'Madapam', 467);
INSERT INTO village (id, name, panchayat_id) VALUES (12680, 'Makivalasa', 467);
INSERT INTO village (id, name, panchayat_id) VALUES (12681, 'Mamidivalasa', 467);
INSERT INTO village (id, name, panchayat_id) VALUES (12682, 'Nadagam', 467);
INSERT INTO village (id, name, panchayat_id) VALUES (12683, 'Narasannapeta (Ct)', 467);
INSERT INTO village (id, name, panchayat_id) VALUES (12684, 'Narasinguraidupeta', 467);
INSERT INTO village (id, name, panchayat_id) VALUES (12685, 'Narayanavalasa', 467);
INSERT INTO village (id, name, panchayat_id) VALUES (12686, 'Narisingapalle', 467);
INSERT INTO village (id, name, panchayat_id) VALUES (12687, 'Paraselli', 467);
INSERT INTO village (id, name, panchayat_id) VALUES (12688, 'Pothayyavalasa', 467);
INSERT INTO village (id, name, panchayat_id) VALUES (12689, 'Ravulavalasa', 467);
INSERT INTO village (id, name, panchayat_id) VALUES (12690, 'Rellivalasa', 467);
INSERT INTO village (id, name, panchayat_id) VALUES (12691, 'Satyavaram', 467);
INSERT INTO village (id, name, panchayat_id) VALUES (12692, 'Srirampuram', 467);
INSERT INTO village (id, name, panchayat_id) VALUES (12693, 'Sundarapuram', 467);
INSERT INTO village (id, name, panchayat_id) VALUES (12694, 'Tamarapalli', 467);
INSERT INTO village (id, name, panchayat_id) VALUES (12695, 'Telagavalasa', 467);
INSERT INTO village (id, name, panchayat_id) VALUES (12696, 'Thotada', 467);
INSERT INTO village (id, name, panchayat_id) VALUES (12697, 'Urlam', 467);
INSERT INTO village (id, name, panchayat_id) VALUES (12698, 'Varahanarasihma Puram', 467);
INSERT INTO village (id, name, panchayat_id) VALUES (12699, 'Venkatapuram', 467);
INSERT INTO village (id, name, panchayat_id) VALUES (12700, 'Yarabadu', 467);
INSERT INTO mandal (id, name, constituency_id) VALUES (468, 'Palasa', 21);
INSERT INTO panchayat (id, name, mandal_id) VALUES (468, 'Default Panchayat Palasa', 468);
INSERT INTO village (id, name, panchayat_id) VALUES (12701, 'Adanikothuru', 468);
INSERT INTO village (id, name, panchayat_id) VALUES (12702, 'Allukhola', 468);
INSERT INTO village (id, name, panchayat_id) VALUES (12703, 'Amalakudia', 468);
INSERT INTO village (id, name, panchayat_id) VALUES (12704, 'Ambusoli', 468);
INSERT INTO village (id, name, panchayat_id) VALUES (12705, 'Anathapuram', 468);
INSERT INTO village (id, name, panchayat_id) VALUES (12706, 'Antharakudda', 468);
INSERT INTO village (id, name, panchayat_id) VALUES (12707, 'Bantukotturu', 468);
INSERT INTO village (id, name, panchayat_id) VALUES (12708, 'Boddapadu', 468);
INSERT INTO village (id, name, panchayat_id) VALUES (12709, 'Brahmanatarla', 468);
INSERT INTO village (id, name, panchayat_id) VALUES (12710, 'Chinanchala', 468);
INSERT INTO village (id, name, panchayat_id) VALUES (12711, 'Chinnabadam', 468);
INSERT INTO village (id, name, panchayat_id) VALUES (12712, 'Edurapalle', 468);
INSERT INTO village (id, name, panchayat_id) VALUES (12713, 'Ganguvada', 468);
INSERT INTO village (id, name, panchayat_id) VALUES (12714, 'Garudakhandi', 468);
INSERT INTO village (id, name, panchayat_id) VALUES (12715, 'Godavaripuram', 468);
INSERT INTO village (id, name, panchayat_id) VALUES (12716, 'Gopalapuram', 468);
INSERT INTO village (id, name, panchayat_id) VALUES (12717, 'Gopivallabhapuram', 468);
INSERT INTO village (id, name, panchayat_id) VALUES (12718, 'Govindapuram', 468);
INSERT INTO village (id, name, panchayat_id) VALUES (12719, 'Gudari', 468);
INSERT INTO village (id, name, panchayat_id) VALUES (12720, 'Gurudasupuram', 468);
INSERT INTO village (id, name, panchayat_id) VALUES (12721, 'Ingiligam', 468);
INSERT INTO village (id, name, panchayat_id) VALUES (12722, 'Ittapadu', 468);
INSERT INTO village (id, name, panchayat_id) VALUES (12723, 'Jagannadhapuram', 468);
INSERT INTO village (id, name, panchayat_id) VALUES (12724, 'Jayaramachandrapuram', 468);
INSERT INTO village (id, name, panchayat_id) VALUES (12725, 'Kaijola', 468);
INSERT INTO village (id, name, panchayat_id) VALUES (12726, 'Kambrigam', 468);
INSERT INTO village (id, name, panchayat_id) VALUES (12727, 'Kantragada', 468);
INSERT INTO village (id, name, panchayat_id) VALUES (12728, 'Kasibugga', 468);
INSERT INTO village (id, name, panchayat_id) VALUES (12729, 'Kedaripuram', 468);
INSERT INTO village (id, name, panchayat_id) VALUES (12730, 'Kesipuram', 468);
INSERT INTO village (id, name, panchayat_id) VALUES (12731, 'Kistupuram', 468);
INSERT INTO village (id, name, panchayat_id) VALUES (12732, 'Koita', 468);
INSERT INTO village (id, name, panchayat_id) VALUES (12733, 'Kosangipuram', 468);
INSERT INTO village (id, name, panchayat_id) VALUES (12734, 'Kothajagadevapuram', 468);
INSERT INTO village (id, name, panchayat_id) VALUES (12735, 'Laxmipuram', 468);
INSERT INTO village (id, name, panchayat_id) VALUES (12736, 'Loddabhadra', 468);
INSERT INTO village (id, name, panchayat_id) VALUES (12737, 'Lothuru', 468);
INSERT INTO village (id, name, panchayat_id) VALUES (12738, 'Mahadevipuram', 468);
INSERT INTO village (id, name, panchayat_id) VALUES (12739, 'Mamidimettu', 468);
INSERT INTO village (id, name, panchayat_id) VALUES (12740, 'Maradarajapuram', 468);
INSERT INTO village (id, name, panchayat_id) VALUES (12741, 'Meelagrampadu', 468);
INSERT INTO village (id, name, panchayat_id) VALUES (12742, 'Modugulaputti', 468);
INSERT INTO village (id, name, panchayat_id) VALUES (12743, 'Mogilipadu', 468);
INSERT INTO village (id, name, panchayat_id) VALUES (12744, 'Narsipuram', 468);
INSERT INTO village (id, name, panchayat_id) VALUES (12745, 'Neelavathi', 468);
INSERT INTO village (id, name, panchayat_id) VALUES (12746, 'Neelibhadra', 468);
INSERT INTO village (id, name, panchayat_id) VALUES (12747, 'Nemali', 468);
INSERT INTO village (id, name, panchayat_id) VALUES (12748, 'Padmanabhapuram', 468);
INSERT INTO village (id, name, panchayat_id) VALUES (12749, 'Palasa', 468);
INSERT INTO village (id, name, panchayat_id) VALUES (12750, 'Pandasasanam', 468);
INSERT INTO village (id, name, panchayat_id) VALUES (12751, 'Parasamba', 468);
INSERT INTO village (id, name, panchayat_id) VALUES (12752, 'Pathajagadevapuram', 468);
INSERT INTO village (id, name, panchayat_id) VALUES (12753, 'Payakarampuram', 468);
INSERT INTO village (id, name, panchayat_id) VALUES (12754, 'Pedanchala', 468);
INSERT INTO village (id, name, panchayat_id) VALUES (12755, 'Peddanarayanapuram', 468);
INSERT INTO village (id, name, panchayat_id) VALUES (12756, 'Pentibhadra', 468);
INSERT INTO village (id, name, panchayat_id) VALUES (12757, 'Pesarapadu', 468);
INSERT INTO village (id, name, panchayat_id) VALUES (12758, 'Potriya', 468);
INSERT INTO village (id, name, panchayat_id) VALUES (12759, 'Purnabhadra', 468);
INSERT INTO village (id, name, panchayat_id) VALUES (12760, 'Purushothapuram', 468);
INSERT INTO village (id, name, panchayat_id) VALUES (12761, 'Raghunadhapuram', 468);
INSERT INTO village (id, name, panchayat_id) VALUES (12762, 'Rajagopalapuram', 468);
INSERT INTO village (id, name, panchayat_id) VALUES (12763, 'Rajapuram', 468);
INSERT INTO village (id, name, panchayat_id) VALUES (12764, 'Ramakrishnapuram', 468);
INSERT INTO village (id, name, panchayat_id) VALUES (12765, 'Ramakrishna Puram', 468);
INSERT INTO village (id, name, panchayat_id) VALUES (12766, 'Rangoi', 468);
INSERT INTO village (id, name, panchayat_id) VALUES (12767, 'Rentikota', 468);
INSERT INTO village (id, name, panchayat_id) VALUES (12768, 'Sariyapalle', 468);
INSERT INTO village (id, name, panchayat_id) VALUES (12769, 'Sasanam', 468);
INSERT INTO village (id, name, panchayat_id) VALUES (12770, 'Sogodiya', 468);
INSERT INTO village (id, name, panchayat_id) VALUES (12771, 'Sunnada', 468);
INSERT INTO village (id, name, panchayat_id) VALUES (12772, 'Sunnadevi', 468);
INSERT INTO village (id, name, panchayat_id) VALUES (12773, 'Tarlakota', 468);
INSERT INTO village (id, name, panchayat_id) VALUES (12774, 'Tekkalipatnam', 468);
INSERT INTO village (id, name, panchayat_id) VALUES (12775, 'Thallabhadra', 468);
INSERT INTO village (id, name, panchayat_id) VALUES (12776, 'Totavooru', 468);
INSERT INTO village (id, name, panchayat_id) VALUES (12777, 'Udayapuram', 468);
INSERT INTO village (id, name, panchayat_id) VALUES (12778, 'Veerabhadrapuram', 468);
INSERT INTO village (id, name, panchayat_id) VALUES (12779, 'Veera Ramachan Drapuram', 468);
INSERT INTO mandal (id, name, constituency_id) VALUES (469, 'Pathapatnam', 21);
INSERT INTO panchayat (id, name, mandal_id) VALUES (469, 'Default Panchayat Pathapatnam', 469);
INSERT INTO village (id, name, panchayat_id) VALUES (12780, 'Adinarayanapeta', 469);
INSERT INTO village (id, name, panchayat_id) VALUES (12781, 'Angarasingi', 469);
INSERT INTO village (id, name, panchayat_id) VALUES (12782, 'Antharaba', 469);
INSERT INTO village (id, name, panchayat_id) VALUES (12783, 'Atisurikaviti', 469);
INSERT INTO village (id, name, panchayat_id) VALUES (12784, 'Baidalapuram', 469);
INSERT INTO village (id, name, panchayat_id) VALUES (12785, 'Bonni', 469);
INSERT INTO village (id, name, panchayat_id) VALUES (12786, 'Borubhadra', 469);
INSERT INTO village (id, name, panchayat_id) VALUES (12787, 'Buragam', 469);
INSERT INTO village (id, name, panchayat_id) VALUES (12788, 'Changudi', 469);
INSERT INTO village (id, name, panchayat_id) VALUES (12789, 'Chinakinga', 469);
INSERT INTO village (id, name, panchayat_id) VALUES (12790, 'Chinnamallipuram', 469);
INSERT INTO village (id, name, panchayat_id) VALUES (12791, 'Chinnapadmapuram', 469);
INSERT INTO village (id, name, panchayat_id) VALUES (12792, 'Dasaradhipuram', 469);
INSERT INTO village (id, name, panchayat_id) VALUES (12793, 'Dasupuram', 469);
INSERT INTO village (id, name, panchayat_id) VALUES (12794, 'Gandhamsariya', 469);
INSERT INTO village (id, name, panchayat_id) VALUES (12795, 'Ganguvada', 469);
INSERT INTO village (id, name, panchayat_id) VALUES (12796, 'Gittangi', 469);
INSERT INTO village (id, name, panchayat_id) VALUES (12797, 'Gopalapuram', 469);
INSERT INTO village (id, name, panchayat_id) VALUES (12798, 'Gurandi', 469);
INSERT INTO village (id, name, panchayat_id) VALUES (12799, 'Haridwaram', 469);
INSERT INTO village (id, name, panchayat_id) VALUES (12800, 'Ippalapadu', 469);
INSERT INTO village (id, name, panchayat_id) VALUES (12801, 'Jaggilibonthu', 469);
INSERT INTO village (id, name, panchayat_id) VALUES (12802, 'Kodandapuram', 469);
INSERT INTO village (id, name, panchayat_id) VALUES (12803, 'Konangi', 469);
INSERT INTO village (id, name, panchayat_id) VALUES (12804, 'Korasavada', 469);
INSERT INTO village (id, name, panchayat_id) VALUES (12805, 'Kotturu', 469);
INSERT INTO village (id, name, panchayat_id) VALUES (12806, 'Labara', 469);
INSERT INTO village (id, name, panchayat_id) VALUES (12807, 'Makivalasa', 469);
INSERT INTO village (id, name, panchayat_id) VALUES (12808, 'Nallabonthu', 469);
INSERT INTO village (id, name, panchayat_id) VALUES (12809, 'Nallakotturu', 469);
INSERT INTO village (id, name, panchayat_id) VALUES (12810, 'Padimanyam', 469);
INSERT INTO village (id, name, panchayat_id) VALUES (12811, 'Pathapatnam', 469);
INSERT INTO village (id, name, panchayat_id) VALUES (12812, 'Peddamallipuram', 469);
INSERT INTO village (id, name, panchayat_id) VALUES (12813, 'Peddasunnapuram', 469);
INSERT INTO village (id, name, panchayat_id) VALUES (12814, 'Phasigangupeta', 469);
INSERT INTO village (id, name, panchayat_id) VALUES (12815, 'Pittalasaria', 469);
INSERT INTO village (id, name, panchayat_id) VALUES (12816, 'Praharajapalem', 469);
INSERT INTO village (id, name, panchayat_id) VALUES (12817, 'Rompivalasa', 469);
INSERT INTO village (id, name, panchayat_id) VALUES (12818, 'Routhupuram', 469);
INSERT INTO village (id, name, panchayat_id) VALUES (12819, 'Sarali', 469);
INSERT INTO village (id, name, panchayat_id) VALUES (12820, 'Savarasiddamadugu', 469);
INSERT INTO village (id, name, panchayat_id) VALUES (12821, 'Seedi', 469);
INSERT INTO village (id, name, panchayat_id) VALUES (12822, 'Sobha', 469);
INSERT INTO village (id, name, panchayat_id) VALUES (12823, 'Soda', 469);
INSERT INTO village (id, name, panchayat_id) VALUES (12824, 'Sorlanda', 469);
INSERT INTO village (id, name, panchayat_id) VALUES (12825, 'Stuvartupeta', 469);
INSERT INTO village (id, name, panchayat_id) VALUES (12826, 'Thamara', 469);
INSERT INTO village (id, name, panchayat_id) VALUES (12827, 'Themburu', 469);
INSERT INTO village (id, name, panchayat_id) VALUES (12828, 'Tiddimi', 469);
INSERT INTO mandal (id, name, constituency_id) VALUES (470, 'Polaki', 21);
INSERT INTO panchayat (id, name, mandal_id) VALUES (470, 'Default Panchayat Polaki', 470);
INSERT INTO village (id, name, panchayat_id) VALUES (12829, 'Ambeerupeta', 470);
INSERT INTO village (id, name, panchayat_id) VALUES (12830, 'Ampalam', 470);
INSERT INTO village (id, name, panchayat_id) VALUES (12831, 'Belamara Polavalasa', 470);
INSERT INTO village (id, name, panchayat_id) VALUES (12832, 'Boddam', 470);
INSERT INTO village (id, name, panchayat_id) VALUES (12833, 'Challayyavalasa', 470);
INSERT INTO village (id, name, panchayat_id) VALUES (12834, 'Cheedivalasa', 470);
INSERT INTO village (id, name, panchayat_id) VALUES (12835, 'Dandulakshmipuram', 470);
INSERT INTO village (id, name, panchayat_id) VALUES (12836, 'Deerghasi', 470);
INSERT INTO village (id, name, panchayat_id) VALUES (12837, 'Dola', 470);
INSERT INTO village (id, name, panchayat_id) VALUES (12838, 'Edulavalasa', 470);
INSERT INTO village (id, name, panchayat_id) VALUES (12839, 'Gajapathinagaram', 470);
INSERT INTO village (id, name, panchayat_id) VALUES (12840, 'Gangivalasa', 470);
INSERT INTO village (id, name, panchayat_id) VALUES (12841, 'Gathalavalasa', 470);
INSERT INTO village (id, name, panchayat_id) VALUES (12842, 'Gollalavalasa', 470);
INSERT INTO village (id, name, panchayat_id) VALUES (12843, 'Jaduru', 470);
INSERT INTO village (id, name, panchayat_id) VALUES (12844, 'Jilleduvalasa', 470);
INSERT INTO village (id, name, panchayat_id) VALUES (12845, 'Jonnam', 470);
INSERT INTO village (id, name, panchayat_id) VALUES (12846, 'Koduru', 470);
INSERT INTO village (id, name, panchayat_id) VALUES (12847, 'Kollivalasa', 470);
INSERT INTO village (id, name, panchayat_id) VALUES (12848, 'Kondakothapeta', 470);
INSERT INTO village (id, name, panchayat_id) VALUES (12849, 'Kondalakkivalasa', 470);
INSERT INTO village (id, name, panchayat_id) VALUES (12850, 'Kusumpolavalasa', 470);
INSERT INTO village (id, name, panchayat_id) VALUES (12851, 'Mabagam', 470);
INSERT INTO village (id, name, panchayat_id) VALUES (12852, 'Makivalasa', 470);
INSERT INTO village (id, name, panchayat_id) VALUES (12853, 'Nandigam', 470);
INSERT INTO village (id, name, panchayat_id) VALUES (12854, 'Piruvada', 470);
INSERT INTO village (id, name, panchayat_id) VALUES (12855, 'Polaki', 470);
INSERT INTO village (id, name, panchayat_id) VALUES (12856, 'Priyagraharam', 470);
INSERT INTO village (id, name, panchayat_id) VALUES (12857, 'Rahimanpuram', 470);
INSERT INTO village (id, name, panchayat_id) VALUES (12858, 'Rajapuram', 470);
INSERT INTO village (id, name, panchayat_id) VALUES (12859, 'Rallagodayyavalasa', 470);
INSERT INTO village (id, name, panchayat_id) VALUES (12860, 'Rallapadu', 470);
INSERT INTO village (id, name, panchayat_id) VALUES (12861, 'Ramaiahvalasa', 470);
INSERT INTO village (id, name, panchayat_id) VALUES (12862, 'Santhalakshmi Puram', 470);
INSERT INTO village (id, name, panchayat_id) VALUES (12863, 'Susaram', 470);
INSERT INTO village (id, name, panchayat_id) VALUES (12864, 'Talasamudram', 470);
INSERT INTO village (id, name, panchayat_id) VALUES (12865, 'Thotada', 470);
INSERT INTO village (id, name, panchayat_id) VALUES (12866, 'Urjam', 470);
INSERT INTO village (id, name, panchayat_id) VALUES (12867, 'Vanavishnupuram', 470);
INSERT INTO village (id, name, panchayat_id) VALUES (12868, 'Vanithamandalam', 470);
INSERT INTO village (id, name, panchayat_id) VALUES (12869, 'Vodhipadu', 470);
INSERT INTO village (id, name, panchayat_id) VALUES (12870, 'Yetlabasivalasa', 470);
INSERT INTO mandal (id, name, constituency_id) VALUES (471, 'Ponduru', 21);
INSERT INTO panchayat (id, name, mandal_id) VALUES (471, 'Default Panchayat Ponduru', 471);
INSERT INTO village (id, name, panchayat_id) VALUES (12871, 'Alamajipeta', 471);
INSERT INTO village (id, name, panchayat_id) VALUES (12872, 'Atchipolavalasa', 471);
INSERT INTO village (id, name, panchayat_id) VALUES (12873, 'Banam', 471);
INSERT INTO village (id, name, panchayat_id) VALUES (12874, 'Bhagavandasupeta', 471);
INSERT INTO village (id, name, panchayat_id) VALUES (12875, 'Boddepalle', 471);
INSERT INTO village (id, name, panchayat_id) VALUES (12876, 'Buridikancharam', 471);
INSERT INTO village (id, name, panchayat_id) VALUES (12877, 'Dallavalasa', 471);
INSERT INTO village (id, name, panchayat_id) VALUES (12878, 'Dallipeta @ Donka Palle', 471);
INSERT INTO village (id, name, panchayat_id) VALUES (12879, 'Dharmapuram', 471);
INSERT INTO village (id, name, panchayat_id) VALUES (12880, 'Gandredu', 471);
INSERT INTO village (id, name, panchayat_id) VALUES (12881, 'Gokarnapalle', 471);
INSERT INTO village (id, name, panchayat_id) VALUES (12882, 'Gorinta', 471);
INSERT INTO village (id, name, panchayat_id) VALUES (12883, 'Kalyanipeta', 471);
INSERT INTO village (id, name, panchayat_id) VALUES (12884, 'Kanimetta', 471);
INSERT INTO village (id, name, panchayat_id) VALUES (12885, 'Kesavadasupuram', 471);
INSERT INTO village (id, name, panchayat_id) VALUES (12886, 'Kinthali', 471);
INSERT INTO village (id, name, panchayat_id) VALUES (12887, 'Kollipeta', 471);
INSERT INTO village (id, name, panchayat_id) VALUES (12888, 'Konchada', 471);
INSERT INTO village (id, name, panchayat_id) VALUES (12889, 'Kotipalle', 471);
INSERT INTO village (id, name, panchayat_id) VALUES (12890, 'Krishnapuram', 471);
INSERT INTO village (id, name, panchayat_id) VALUES (12891, 'Laidam', 471);
INSERT INTO village (id, name, panchayat_id) VALUES (12892, 'Lolugu', 471);
INSERT INTO village (id, name, panchayat_id) VALUES (12893, 'Malakam', 471);
INSERT INTO village (id, name, panchayat_id) VALUES (12894, 'Modallavalasa', 471);
INSERT INTO village (id, name, panchayat_id) VALUES (12895, 'Nandivada', 471);
INSERT INTO village (id, name, panchayat_id) VALUES (12896, 'Narasapuram', 471);
INSERT INTO village (id, name, panchayat_id) VALUES (12897, 'Penubarthi', 471);
INSERT INTO village (id, name, panchayat_id) VALUES (12898, 'Pillalavalasa', 471);
INSERT INTO village (id, name, panchayat_id) VALUES (12899, 'Ponduru (Ct)', 471);
INSERT INTO village (id, name, panchayat_id) VALUES (12900, 'Pullajipeta', 471);
INSERT INTO village (id, name, panchayat_id) VALUES (12901, 'Ramadasupuram', 471);
INSERT INTO village (id, name, panchayat_id) VALUES (12902, 'Rapaka', 471);
INSERT INTO village (id, name, panchayat_id) VALUES (12903, 'Singuru', 471);
INSERT INTO village (id, name, panchayat_id) VALUES (12904, 'Tadivalasa', 471);
INSERT INTO village (id, name, panchayat_id) VALUES (12905, 'Thandyam', 471);
INSERT INTO village (id, name, panchayat_id) VALUES (12906, 'Thanem', 471);
INSERT INTO village (id, name, panchayat_id) VALUES (12907, 'Tholapi', 471);
INSERT INTO village (id, name, panchayat_id) VALUES (12908, 'Venkatarayuni Gudem', 471);
INSERT INTO mandal (id, name, constituency_id) VALUES (472, 'Ranastalam', 21);
INSERT INTO panchayat (id, name, mandal_id) VALUES (472, 'Default Panchayat Ranastalam', 472);
INSERT INTO village (id, name, panchayat_id) VALUES (12909, 'Akkayapalem', 472);
INSERT INTO village (id, name, panchayat_id) VALUES (12910, 'Arjunavalasa', 472);
INSERT INTO village (id, name, panchayat_id) VALUES (12911, 'Bantupalle', 472);
INSERT INTO village (id, name, panchayat_id) VALUES (12912, 'Boyapalem', 472);
INSERT INTO village (id, name, panchayat_id) VALUES (12913, 'Chillapetarajam', 472);
INSERT INTO village (id, name, panchayat_id) VALUES (12914, 'Chittivalasa', 472);
INSERT INTO village (id, name, panchayat_id) VALUES (12915, 'Derasam', 472);
INSERT INTO village (id, name, panchayat_id) VALUES (12916, 'Devarapalle', 472);
INSERT INTO village (id, name, panchayat_id) VALUES (12917, 'Devunipalavalasa', 472);
INSERT INTO village (id, name, panchayat_id) VALUES (12918, 'Garikipalem', 472);
INSERT INTO village (id, name, panchayat_id) VALUES (12919, 'Girivanipalem', 472);
INSERT INTO village (id, name, panchayat_id) VALUES (12920, 'Gosam', 472);
INSERT INTO village (id, name, panchayat_id) VALUES (12921, 'Gudem', 472);
INSERT INTO village (id, name, panchayat_id) VALUES (12922, 'Jagannadharaja Puram', 472);
INSERT INTO village (id, name, panchayat_id) VALUES (12923, 'Jeerukovvada', 472);
INSERT INTO village (id, name, panchayat_id) VALUES (12924, 'Jeerupalem', 472);
INSERT INTO village (id, name, panchayat_id) VALUES (12925, 'Kammasigadam', 472);
INSERT INTO village (id, name, panchayat_id) VALUES (12926, 'Kollibhimavaram', 472);
INSERT INTO village (id, name, panchayat_id) VALUES (12927, 'Kondamulagam', 472);
INSERT INTO village (id, name, panchayat_id) VALUES (12928, 'Kosta', 472);
INSERT INTO village (id, name, panchayat_id) VALUES (12929, 'Kotapalem', 472);
INSERT INTO village (id, name, panchayat_id) VALUES (12930, 'Kotcherla', 472);
INSERT INTO village (id, name, panchayat_id) VALUES (12931, 'Krishnapuram', 472);
INSERT INTO village (id, name, panchayat_id) VALUES (12932, 'Mahanthipalem', 472);
INSERT INTO village (id, name, panchayat_id) VALUES (12933, 'Maruvada', 472);
INSERT INTO village (id, name, panchayat_id) VALUES (12934, 'Mentada', 472);
INSERT INTO village (id, name, panchayat_id) VALUES (12935, 'Mukthampuram', 472);
INSERT INTO village (id, name, panchayat_id) VALUES (12936, 'Narasimha Gopalapuram', 472);
INSERT INTO village (id, name, panchayat_id) VALUES (12937, 'Narayanagajapathirajapuram', 472);
INSERT INTO village (id, name, panchayat_id) VALUES (12938, 'Narayanapatnam', 472);
INSERT INTO village (id, name, panchayat_id) VALUES (12939, 'Naruva', 472);
INSERT INTO village (id, name, panchayat_id) VALUES (12940, 'Nelivada', 472);
INSERT INTO village (id, name, panchayat_id) VALUES (12941, 'Paparaopeta', 472);
INSERT INTO village (id, name, panchayat_id) VALUES (12942, 'Patharlapalle', 472);
INSERT INTO village (id, name, panchayat_id) VALUES (12943, 'Pathasundra Palem', 472);
INSERT INTO village (id, name, panchayat_id) VALUES (12944, 'Pishini', 472);
INSERT INTO village (id, name, panchayat_id) VALUES (12945, 'Pydibhimavaram', 472);
INSERT INTO village (id, name, panchayat_id) VALUES (12946, 'Ramachandrapuram', 472);
INSERT INTO village (id, name, panchayat_id) VALUES (12947, 'Ranastalam', 472);
INSERT INTO village (id, name, panchayat_id) VALUES (12948, 'Ravada', 472);
INSERT INTO village (id, name, panchayat_id) VALUES (12949, 'Sancham', 472);
INSERT INTO village (id, name, panchayat_id) VALUES (12950, 'Seethamvalasa', 472);
INSERT INTO village (id, name, panchayat_id) VALUES (12951, 'Seetharampuram', 472);
INSERT INTO village (id, name, panchayat_id) VALUES (12952, 'Surampeta', 472);
INSERT INTO village (id, name, panchayat_id) VALUES (12953, 'Surapuram', 472);
INSERT INTO village (id, name, panchayat_id) VALUES (12954, 'Tekkali', 472);
INSERT INTO village (id, name, panchayat_id) VALUES (12955, 'Teppalavalasa', 472);
INSERT INTO village (id, name, panchayat_id) VALUES (12956, 'Tirupati Palem', 472);
INSERT INTO village (id, name, panchayat_id) VALUES (12957, 'Uppivalasa', 472);
INSERT INTO village (id, name, panchayat_id) VALUES (12958, 'Vallabharaopeta', 472);
INSERT INTO village (id, name, panchayat_id) VALUES (12959, 'Varahanarsihmapuram', 472);
INSERT INTO village (id, name, panchayat_id) VALUES (12960, 'Varisam', 472);
INSERT INTO village (id, name, panchayat_id) VALUES (12961, 'Velpurai', 472);
INSERT INTO village (id, name, panchayat_id) VALUES (12962, 'Venkataraopeta', 472);
INSERT INTO village (id, name, panchayat_id) VALUES (12963, 'Yerravaram', 472);
INSERT INTO mandal (id, name, constituency_id) VALUES (473, 'Santhabommali', 21);
INSERT INTO panchayat (id, name, mandal_id) VALUES (473, 'Default Panchayat Santhabommali', 473);
INSERT INTO village (id, name, panchayat_id) VALUES (12964, 'Akasalakkavaram', 473);
INSERT INTO village (id, name, panchayat_id) VALUES (12965, 'Antlavaram', 473);
INSERT INTO village (id, name, panchayat_id) VALUES (12966, 'Arikivalasa', 473);
INSERT INTO village (id, name, panchayat_id) VALUES (12967, 'Bhavanapadu @ Madyapeta', 473);
INSERT INTO village (id, name, panchayat_id) VALUES (12968, 'Borubhadra', 473);
INSERT INTO village (id, name, panchayat_id) VALUES (12969, 'Brundavanam', 473);
INSERT INTO village (id, name, panchayat_id) VALUES (12970, 'Chinnatungam', 473);
INSERT INTO village (id, name, panchayat_id) VALUES (12971, 'Dandugopalapuram', 473);
INSERT INTO village (id, name, panchayat_id) VALUES (12972, 'Godalam', 473);
INSERT INTO village (id, name, panchayat_id) VALUES (12973, 'Govindapuram', 473);
INSERT INTO village (id, name, panchayat_id) VALUES (12974, 'Ijjuvaram', 473);
INSERT INTO village (id, name, panchayat_id) VALUES (12975, 'Jonnalapadu', 473);
INSERT INTO village (id, name, panchayat_id) VALUES (12976, 'Kakarapalle', 473);
INSERT INTO village (id, name, panchayat_id) VALUES (12977, 'Kapugodeyavalasa', 473);
INSERT INTO village (id, name, panchayat_id) VALUES (12978, 'Kaseepuram', 473);
INSERT INTO village (id, name, panchayat_id) VALUES (12979, 'Khaspanaupada', 473);
INSERT INTO village (id, name, panchayat_id) VALUES (12980, 'Kollipadu', 473);
INSERT INTO village (id, name, panchayat_id) VALUES (12981, 'Kotapadu', 473);
INSERT INTO village (id, name, panchayat_id) VALUES (12982, 'Kurmanadhapuram', 473);
INSERT INTO village (id, name, panchayat_id) VALUES (12983, 'Lakkivalasa', 473);
INSERT INTO village (id, name, panchayat_id) VALUES (12984, 'Malagam', 473);
INSERT INTO village (id, name, panchayat_id) VALUES (12985, 'Marripadu', 473);
INSERT INTO village (id, name, panchayat_id) VALUES (12986, 'Maruvada', 473);
INSERT INTO village (id, name, panchayat_id) VALUES (12987, 'Meghavaram', 473);
INSERT INTO village (id, name, panchayat_id) VALUES (12988, 'Narasapuram', 473);
INSERT INTO village (id, name, panchayat_id) VALUES (12989, 'Palathalagam', 473);
INSERT INTO village (id, name, panchayat_id) VALUES (12990, 'Pedatungam', 473);
INSERT INTO village (id, name, panchayat_id) VALUES (12991, 'Pothunaidupeta', 473);
INSERT INTO village (id, name, panchayat_id) VALUES (12992, 'Rajapuram', 473);
INSERT INTO village (id, name, panchayat_id) VALUES (12993, 'Runku Hanumanthupuram', 473);
INSERT INTO village (id, name, panchayat_id) VALUES (12994, 'Sandhipeta', 473);
INSERT INTO village (id, name, panchayat_id) VALUES (12995, 'Santhabommali', 473);
INSERT INTO village (id, name, panchayat_id) VALUES (12996, 'Seepuram', 473);
INSERT INTO village (id, name, panchayat_id) VALUES (12997, 'Siddibeharakothuru', 473);
INSERT INTO village (id, name, panchayat_id) VALUES (12998, 'Tallavalasa', 473);
INSERT INTO village (id, name, panchayat_id) VALUES (12999, 'Uddandapalem', 473);
INSERT INTO village (id, name, panchayat_id) VALUES (13000, 'Umilada', 473);
INSERT INTO village (id, name, panchayat_id) VALUES (13001, 'Vadditandra', 473);
INSERT INTO village (id, name, panchayat_id) VALUES (13002, 'Yemalapeta', 473);
INSERT INTO mandal (id, name, constituency_id) VALUES (474, 'Saravakota', 21);
INSERT INTO panchayat (id, name, mandal_id) VALUES (474, 'Default Panchayat Saravakota', 474);
INSERT INTO village (id, name, panchayat_id) VALUES (13003, 'Agadala', 474);
INSERT INTO village (id, name, panchayat_id) VALUES (13004, 'Akkivalasa', 474);
INSERT INTO village (id, name, panchayat_id) VALUES (13005, 'Anguru', 474);
INSERT INTO village (id, name, panchayat_id) VALUES (13006, 'Annupuram', 474);
INSERT INTO village (id, name, panchayat_id) VALUES (13007, 'Avalangi', 474);
INSERT INTO village (id, name, panchayat_id) VALUES (13008, 'Bejji', 474);
INSERT INTO village (id, name, panchayat_id) VALUES (13009, 'Bhadri', 474);
INSERT INTO village (id, name, panchayat_id) VALUES (13010, 'Bonthu', 474);
INSERT INTO village (id, name, panchayat_id) VALUES (13011, 'Budithi', 474);
INSERT INTO village (id, name, panchayat_id) VALUES (13012, 'Budithipeta', 474);
INSERT INTO village (id, name, panchayat_id) VALUES (13013, 'Bydalapuram', 474);
INSERT INTO village (id, name, panchayat_id) VALUES (13014, 'Charanadasupuram', 474);
INSERT INTO village (id, name, panchayat_id) VALUES (13015, 'Cheedipudi', 474);
INSERT INTO village (id, name, panchayat_id) VALUES (13016, 'Chodasamudram', 474);
INSERT INTO village (id, name, panchayat_id) VALUES (13017, 'Dasupuram', 474);
INSERT INTO village (id, name, panchayat_id) VALUES (13018, 'Dharmalakshmipuram', 474);
INSERT INTO village (id, name, panchayat_id) VALUES (13019, 'Gopalapuram', 474);
INSERT INTO village (id, name, panchayat_id) VALUES (13020, 'Gorribanda', 474);
INSERT INTO village (id, name, panchayat_id) VALUES (13021, 'Govardhanapuram', 474);
INSERT INTO village (id, name, panchayat_id) VALUES (13022, 'Gujjuvada', 474);
INSERT INTO village (id, name, panchayat_id) VALUES (13023, 'Gummapadu', 474);
INSERT INTO village (id, name, panchayat_id) VALUES (13024, 'Jamachakram', 474);
INSERT INTO village (id, name, panchayat_id) VALUES (13025, 'Jarali', 474);
INSERT INTO village (id, name, panchayat_id) VALUES (13026, 'Kinneravada', 474);
INSERT INTO village (id, name, panchayat_id) VALUES (13027, 'Kommusariapalle', 474);
INSERT INTO village (id, name, panchayat_id) VALUES (13028, 'Kotturu', 474);
INSERT INTO village (id, name, panchayat_id) VALUES (13029, 'Kummarigunta', 474);
INSERT INTO village (id, name, panchayat_id) VALUES (13030, 'Kuridingi', 474);
INSERT INTO village (id, name, panchayat_id) VALUES (13031, 'Kurmanadhapuram', 474);
INSERT INTO village (id, name, panchayat_id) VALUES (13032, 'Mahasingi', 474);
INSERT INTO village (id, name, panchayat_id) VALUES (13033, 'Marripadu', 474);
INSERT INTO village (id, name, panchayat_id) VALUES (13034, 'Nowthala', 474);
INSERT INTO village (id, name, panchayat_id) VALUES (13035, 'Pedalamba', 474);
INSERT INTO village (id, name, panchayat_id) VALUES (13036, 'Poppangi', 474);
INSERT INTO village (id, name, panchayat_id) VALUES (13037, 'Ramachandrapuram', 474);
INSERT INTO village (id, name, panchayat_id) VALUES (13038, 'Ramakrishnapuram', 474);
INSERT INTO village (id, name, panchayat_id) VALUES (13039, 'Saravakota', 474);
INSERT INTO village (id, name, panchayat_id) VALUES (13040, 'Savarabonthu', 474);
INSERT INTO village (id, name, panchayat_id) VALUES (13041, 'Savaramaluva', 474);
INSERT INTO village (id, name, panchayat_id) VALUES (13042, 'Sivarampuram', 474);
INSERT INTO village (id, name, panchayat_id) VALUES (13043, 'Thogiri', 474);
INSERT INTO village (id, name, panchayat_id) VALUES (13044, 'Vandra', 474);
INSERT INTO village (id, name, panchayat_id) VALUES (13045, 'Venkatabada', 474);
INSERT INTO mandal (id, name, constituency_id) VALUES (475, 'Sarubujjili', 21);
INSERT INTO panchayat (id, name, mandal_id) VALUES (475, 'Default Panchayat Sarubujjili', 475);
INSERT INTO village (id, name, panchayat_id) VALUES (13046, 'Amrutalinga Nagaram', 475);
INSERT INTO village (id, name, panchayat_id) VALUES (13047, 'Avatarabad', 475);
INSERT INTO village (id, name, panchayat_id) VALUES (13048, 'Boppadam', 475);
INSERT INTO village (id, name, panchayat_id) VALUES (13049, 'Buddivalasa', 475);
INSERT INTO village (id, name, panchayat_id) VALUES (13050, 'Buridivalasa', 475);
INSERT INTO village (id, name, panchayat_id) VALUES (13051, 'Chapalavalasa', 475);
INSERT INTO village (id, name, panchayat_id) VALUES (13052, 'Chiguruvalasa', 475);
INSERT INTO village (id, name, panchayat_id) VALUES (13053, 'Chinavenkatapuram', 475);
INSERT INTO village (id, name, panchayat_id) VALUES (13054, 'Chinnakakitapalle', 475);
INSERT INTO village (id, name, panchayat_id) VALUES (13055, 'Dakaravalasa', 475);
INSERT INTO village (id, name, panchayat_id) VALUES (13056, 'Gonepadu', 475);
INSERT INTO village (id, name, panchayat_id) VALUES (13057, 'Isakalapalem', 475);
INSERT INTO village (id, name, panchayat_id) VALUES (13058, 'Kondavalasa', 475);
INSERT INTO village (id, name, panchayat_id) VALUES (13059, 'Kondraguda', 475);
INSERT INTO village (id, name, panchayat_id) VALUES (13060, 'Kothakota', 475);
INSERT INTO village (id, name, panchayat_id) VALUES (13061, 'Lakshimipuram', 475);
INSERT INTO village (id, name, panchayat_id) VALUES (13062, 'Loddalakakitapalle', 475);
INSERT INTO village (id, name, panchayat_id) VALUES (13063, 'Marripadu', 475);
INSERT INTO village (id, name, panchayat_id) VALUES (13064, 'Matalabpeta', 475);
INSERT INTO village (id, name, panchayat_id) VALUES (13065, 'Moolasowlapuram', 475);
INSERT INTO village (id, name, panchayat_id) VALUES (13066, 'Nandikonda', 475);
INSERT INTO village (id, name, panchayat_id) VALUES (13067, 'Narasingapalle', 475);
INSERT INTO village (id, name, panchayat_id) VALUES (13068, 'Palavalasa', 475);
INSERT INTO village (id, name, panchayat_id) VALUES (13069, 'Parvathalapeta', 475);
INSERT INTO village (id, name, panchayat_id) VALUES (13070, 'Parvathipuram', 475);
INSERT INTO village (id, name, panchayat_id) VALUES (13071, 'Peddakakitapalle', 475);
INSERT INTO village (id, name, panchayat_id) VALUES (13072, 'Peddasowlapuram', 475);
INSERT INTO village (id, name, panchayat_id) VALUES (13073, 'Peddavenkatapuram', 475);
INSERT INTO village (id, name, panchayat_id) VALUES (13074, 'Purushottapuram', 475);
INSERT INTO village (id, name, panchayat_id) VALUES (13075, 'Rasulpeta', 475);
INSERT INTO village (id, name, panchayat_id) VALUES (13076, 'Ravivalasa', 475);
INSERT INTO village (id, name, panchayat_id) VALUES (13077, 'Rotta Valasa', 475);
INSERT INTO village (id, name, panchayat_id) VALUES (13078, 'Sarabhapuram', 475);
INSERT INTO village (id, name, panchayat_id) VALUES (13079, 'Sarubujjili', 475);
INSERT INTO village (id, name, panchayat_id) VALUES (13080, 'Shalantri', 475);
INSERT INTO village (id, name, panchayat_id) VALUES (13081, 'Sindhuvada', 475);
INSERT INTO village (id, name, panchayat_id) VALUES (13082, 'Sriramvalasa', 475);
INSERT INTO village (id, name, panchayat_id) VALUES (13083, 'Subhadrapuram', 475);
INSERT INTO village (id, name, panchayat_id) VALUES (13084, 'Suryanarayanapuram', 475);
INSERT INTO village (id, name, panchayat_id) VALUES (13085, 'Tadikonda', 475);
INSERT INTO village (id, name, panchayat_id) VALUES (13086, 'Telikipenta', 475);
INSERT INTO village (id, name, panchayat_id) VALUES (13087, 'Turakapeta (Moola Sowlapuram)', 475);
INSERT INTO village (id, name, panchayat_id) VALUES (13088, 'Vennelavalasa', 475);
INSERT INTO village (id, name, panchayat_id) VALUES (13089, 'Vijayarampuram', 475);
INSERT INTO village (id, name, panchayat_id) VALUES (13090, 'Yeragam', 475);
INSERT INTO mandal (id, name, constituency_id) VALUES (476, 'Sompeta', 21);
INSERT INTO panchayat (id, name, mandal_id) VALUES (476, 'Default Panchayat Sompeta', 476);
INSERT INTO village (id, name, panchayat_id) VALUES (13091, 'Ananthapuram', 476);
INSERT INTO village (id, name, panchayat_id) VALUES (13092, 'Baruva', 476);
INSERT INTO village (id, name, panchayat_id) VALUES (13093, 'Baruvapeta', 476);
INSERT INTO village (id, name, panchayat_id) VALUES (13094, 'Benkili', 476);
INSERT INTO village (id, name, panchayat_id) VALUES (13095, 'Besiramachandrapuram', 476);
INSERT INTO village (id, name, panchayat_id) VALUES (13096, 'Birusuwada', 476);
INSERT INTO village (id, name, panchayat_id) VALUES (13097, 'Busabhadra', 476);
INSERT INTO village (id, name, panchayat_id) VALUES (13098, 'Chikatisompeta', 476);
INSERT INTO village (id, name, panchayat_id) VALUES (13099, 'Damodarapuram', 476);
INSERT INTO village (id, name, panchayat_id) VALUES (13100, 'Gollagandi', 476);
INSERT INTO village (id, name, panchayat_id) VALUES (13101, 'Gollavooru', 476);
INSERT INTO village (id, name, panchayat_id) VALUES (13102, 'Jagathikesapuram', 476);
INSERT INTO village (id, name, panchayat_id) VALUES (13103, 'Jalantrapothangi', 476);
INSERT INTO village (id, name, panchayat_id) VALUES (13104, 'Jalantrasompeta', 476);
INSERT INTO village (id, name, panchayat_id) VALUES (13105, 'Karthalipalem', 476);
INSERT INTO village (id, name, panchayat_id) VALUES (13106, 'Korlam', 476);
INSERT INTO village (id, name, panchayat_id) VALUES (13107, 'Lakkavaram', 476);
INSERT INTO village (id, name, panchayat_id) VALUES (13108, 'Makannapuram', 476);
INSERT INTO village (id, name, panchayat_id) VALUES (13109, 'Malagovindapuram', 476);
INSERT INTO village (id, name, panchayat_id) VALUES (13110, 'Mamidipalle', 476);
INSERT INTO village (id, name, panchayat_id) VALUES (13111, 'Mogilikothuru', 476);
INSERT INTO village (id, name, panchayat_id) VALUES (13112, 'Mulapalam', 476);
INSERT INTO village (id, name, panchayat_id) VALUES (13113, 'Padmanabhapuram', 476);
INSERT INTO village (id, name, panchayat_id) VALUES (13114, 'Palasapuram', 476);
INSERT INTO village (id, name, panchayat_id) VALUES (13115, 'Palavalasa', 476);
INSERT INTO village (id, name, panchayat_id) VALUES (13116, 'Pathinivalasa', 476);
INSERT INTO village (id, name, panchayat_id) VALUES (13117, 'Pothrakonda', 476);
INSERT INTO village (id, name, panchayat_id) VALUES (13118, 'Rajam', 476);
INSERT INTO village (id, name, panchayat_id) VALUES (13119, 'Ranigam', 476);
INSERT INTO village (id, name, panchayat_id) VALUES (13120, 'Rushikudda', 476);
INSERT INTO village (id, name, panchayat_id) VALUES (13121, 'Saradapuram', 476);
INSERT INTO village (id, name, panchayat_id) VALUES (13122, 'Sirimamidi', 476);
INSERT INTO village (id, name, panchayat_id) VALUES (13123, 'Sompeta (Ct)', 476);
INSERT INTO village (id, name, panchayat_id) VALUES (13124, 'Sunkidi', 476);
INSERT INTO village (id, name, panchayat_id) VALUES (13125, 'Tallabhadra', 476);
INSERT INTO village (id, name, panchayat_id) VALUES (13126, 'Turakasasanam', 476);
INSERT INTO village (id, name, panchayat_id) VALUES (13127, 'Uppalam', 476);
INSERT INTO village (id, name, panchayat_id) VALUES (13128, 'Vikrampuram', 476);
INSERT INTO village (id, name, panchayat_id) VALUES (13129, 'Zinkibhadra', 476);
INSERT INTO mandal (id, name, constituency_id) VALUES (477, 'Srikakulam', 21);
INSERT INTO panchayat (id, name, mandal_id) VALUES (477, 'Default Panchayat Srikakulam', 477);
INSERT INTO village (id, name, panchayat_id) VALUES (13130, 'Alikam', 477);
INSERT INTO village (id, name, panchayat_id) VALUES (13131, 'Arasavilli (R) (Og)', 477);
INSERT INTO village (id, name, panchayat_id) VALUES (13132, 'Balaga (Ct)', 477);
INSERT INTO village (id, name, panchayat_id) VALUES (13133, 'Balaga Urban', 477);
INSERT INTO village (id, name, panchayat_id) VALUES (13134, 'Balivada', 477);
INSERT INTO village (id, name, panchayat_id) VALUES (13135, 'Batteru', 477);
INSERT INTO village (id, name, panchayat_id) VALUES (13136, 'Byri', 477);
INSERT INTO village (id, name, panchayat_id) VALUES (13137, 'Byrivanipeta', 477);
INSERT INTO village (id, name, panchayat_id) VALUES (13138, 'Chintada', 477);
INSERT INTO village (id, name, panchayat_id) VALUES (13139, 'Fazulbegpeta', 477);
INSERT INTO village (id, name, panchayat_id) VALUES (13140, 'Gudem', 477);
INSERT INTO village (id, name, panchayat_id) VALUES (13141, 'Gujarathipeta', 477);
INSERT INTO village (id, name, panchayat_id) VALUES (13142, 'Ippili', 477);
INSERT INTO village (id, name, panchayat_id) VALUES (13143, 'Kallepalle', 477);
INSERT INTO village (id, name, panchayat_id) VALUES (13144, 'Karajada', 477);
INSERT INTO village (id, name, panchayat_id) VALUES (13145, 'Kasimvalasa', 477);
INSERT INTO village (id, name, panchayat_id) VALUES (13146, 'Lankam', 477);
INSERT INTO village (id, name, panchayat_id) VALUES (13147, 'Lingalavalasa', 477);
INSERT INTO village (id, name, panchayat_id) VALUES (13148, 'Mofusbandar', 477);
INSERT INTO village (id, name, panchayat_id) VALUES (13149, 'Naira', 477);
INSERT INTO village (id, name, panchayat_id) VALUES (13150, 'Pathasrikakulam (R) (Part)', 477);
INSERT INTO village (id, name, panchayat_id) VALUES (13151, 'Patha Srikakulam Urban', 477);
INSERT INTO village (id, name, panchayat_id) VALUES (13152, 'Patrunivalasa (Part)', 477);
INSERT INTO village (id, name, panchayat_id) VALUES (13153, 'Peddapadu', 477);
INSERT INTO village (id, name, panchayat_id) VALUES (13154, 'Ponnam', 477);
INSERT INTO village (id, name, panchayat_id) VALUES (13155, 'Ragolu', 477);
INSERT INTO village (id, name, panchayat_id) VALUES (13156, 'Ragolupeta', 477);
INSERT INTO village (id, name, panchayat_id) VALUES (13157, 'Sanivada', 477);
INSERT INTO village (id, name, panchayat_id) VALUES (13158, 'Silagamsingivalasa', 477);
INSERT INTO village (id, name, panchayat_id) VALUES (13159, 'Singupuram', 477);
INSERT INTO village (id, name, panchayat_id) VALUES (13160, 'Thandemvalasa', 477);
INSERT INTO village (id, name, panchayat_id) VALUES (13161, 'Vakalavalasa', 477);
INSERT INTO village (id, name, panchayat_id) VALUES (13162, 'Voppangi', 477);
INSERT INTO mandal (id, name, constituency_id) VALUES (478, 'Tekkali', 21);
INSERT INTO panchayat (id, name, mandal_id) VALUES (478, 'Default Panchayat Tekkali', 478);
INSERT INTO village (id, name, panchayat_id) VALUES (13163, 'Addukonda', 478);
INSERT INTO village (id, name, panchayat_id) VALUES (13164, 'Akkavaram', 478);
INSERT INTO village (id, name, panchayat_id) VALUES (13165, 'Ayodhyapuram', 478);
INSERT INTO village (id, name, panchayat_id) VALUES (13166, 'Bhaghavanupuram', 478);
INSERT INTO village (id, name, panchayat_id) VALUES (13167, 'Bheempuram', 478);
INSERT INTO village (id, name, panchayat_id) VALUES (13168, 'Bonnuvada', 478);
INSERT INTO village (id, name, panchayat_id) VALUES (13169, 'Booragam', 478);
INSERT INTO village (id, name, panchayat_id) VALUES (13170, 'Boppaipuram', 478);
INSERT INTO village (id, name, panchayat_id) VALUES (13171, 'Butchirajuvenkatapuram', 478);
INSERT INTO village (id, name, panchayat_id) VALUES (13172, 'Chakipalle', 478);
INSERT INTO village (id, name, panchayat_id) VALUES (13173, 'Chinarokallapalle', 478);
INSERT INTO village (id, name, panchayat_id) VALUES (13174, 'Chintalagara', 478);
INSERT INTO village (id, name, panchayat_id) VALUES (13175, 'Chintamani @ Nuvvuguddi', 478);
INSERT INTO village (id, name, panchayat_id) VALUES (13176, 'Chirutanapalle', 478);
INSERT INTO village (id, name, panchayat_id) VALUES (13177, 'Damara', 478);
INSERT INTO village (id, name, panchayat_id) VALUES (13178, 'Dharma Neelapuram', 478);
INSERT INTO village (id, name, panchayat_id) VALUES (13179, 'Gudem', 478);
INSERT INTO village (id, name, panchayat_id) VALUES (13180, 'Kantragada', 478);
INSERT INTO village (id, name, panchayat_id) VALUES (13181, 'Kondabheempuram', 478);
INSERT INTO village (id, name, panchayat_id) VALUES (13182, 'Konusulakotturu', 478);
INSERT INTO village (id, name, panchayat_id) VALUES (13183, 'Lingalavalasa', 478);
INSERT INTO village (id, name, panchayat_id) VALUES (13184, 'Makavaram', 478);
INSERT INTO village (id, name, panchayat_id) VALUES (13185, 'Meelasathivada', 478);
INSERT INTO village (id, name, panchayat_id) VALUES (13186, 'Meghavaram', 478);
INSERT INTO village (id, name, panchayat_id) VALUES (13187, 'Moduguvalasa', 478);
INSERT INTO village (id, name, panchayat_id) VALUES (13188, 'Mokhalingapuram', 478);
INSERT INTO village (id, name, panchayat_id) VALUES (13189, 'Narasingaspalle', 478);
INSERT INTO village (id, name, panchayat_id) VALUES (13190, 'Palasingi', 478);
INSERT INTO village (id, name, panchayat_id) VALUES (13191, 'Parasarampuram', 478);
INSERT INTO village (id, name, panchayat_id) VALUES (13192, 'Pathanoupada', 478);
INSERT INTO village (id, name, panchayat_id) VALUES (13193, 'Peddarokallapalle', 478);
INSERT INTO village (id, name, panchayat_id) VALUES (13194, 'Peddasana', 478);
INSERT INTO village (id, name, panchayat_id) VALUES (13195, 'Pittalasaria', 478);
INSERT INTO village (id, name, panchayat_id) VALUES (13196, 'Polavaram', 478);
INSERT INTO village (id, name, panchayat_id) VALUES (13197, 'Raghunadhapuram', 478);
INSERT INTO village (id, name, panchayat_id) VALUES (13198, 'Raipadu', 478);
INSERT INTO village (id, name, panchayat_id) VALUES (13199, 'Rangapuram', 478);
INSERT INTO village (id, name, panchayat_id) VALUES (13200, 'Ravivalasa', 478);
INSERT INTO village (id, name, panchayat_id) VALUES (13201, 'Sampathiraoramakrishnapuram', 478);
INSERT INTO village (id, name, panchayat_id) VALUES (13202, 'Sasanam', 478);
INSERT INTO village (id, name, panchayat_id) VALUES (13203, 'Savarapeta', 478);
INSERT INTO village (id, name, panchayat_id) VALUES (13204, 'Shyamasundarapuram', 478);
INSERT INTO village (id, name, panchayat_id) VALUES (13205, 'Somayyavalasa', 478);
INSERT INTO village (id, name, panchayat_id) VALUES (13206, 'Srirangam', 478);
INSERT INTO village (id, name, panchayat_id) VALUES (13207, 'Talagam', 478);
INSERT INTO village (id, name, panchayat_id) VALUES (13208, 'Tekkali (Ct)', 478);
INSERT INTO village (id, name, panchayat_id) VALUES (13209, 'Telineelapuram', 478);
INSERT INTO village (id, name, panchayat_id) VALUES (13210, 'Thirlangi', 478);
INSERT INTO village (id, name, panchayat_id) VALUES (13211, 'Tolusurupalle', 478);
INSERT INTO village (id, name, panchayat_id) VALUES (13212, 'Veera Raghunadha Puram', 478);
INSERT INTO village (id, name, panchayat_id) VALUES (13213, 'Veeraramakrishnapuram', 478);
INSERT INTO village (id, name, panchayat_id) VALUES (13214, 'Vemulada', 478);
INSERT INTO village (id, name, panchayat_id) VALUES (13215, 'Vikrampuram', 478);
INSERT INTO village (id, name, panchayat_id) VALUES (13216, 'Vindhyagiri', 478);
INSERT INTO mandal (id, name, constituency_id) VALUES (479, 'Vajrapukotturu', 21);
INSERT INTO panchayat (id, name, mandal_id) VALUES (479, 'Default Panchayat Vajrapukotturu', 479);
INSERT INTO village (id, name, panchayat_id) VALUES (13217, 'Akkupalle', 479);
INSERT INTO village (id, name, panchayat_id) VALUES (13218, 'Amalapadu', 479);
INSERT INTO village (id, name, panchayat_id) VALUES (13219, 'Ananthagiri', 479);
INSERT INTO village (id, name, panchayat_id) VALUES (13220, 'Bathupuram', 479);
INSERT INTO village (id, name, panchayat_id) VALUES (13221, 'Battupadu', 479);
INSERT INTO village (id, name, panchayat_id) VALUES (13222, 'Bendi', 479);
INSERT INTO village (id, name, panchayat_id) VALUES (13223, 'Bypalle', 479);
INSERT INTO village (id, name, panchayat_id) VALUES (13224, 'Cheepurupalle', 479);
INSERT INTO village (id, name, panchayat_id) VALUES (13225, 'Chinavanka', 479);
INSERT INTO village (id, name, panchayat_id) VALUES (13226, 'Dabbalapadu', 479);
INSERT INTO village (id, name, panchayat_id) VALUES (13227, 'Devunaltada', 479);
INSERT INTO village (id, name, panchayat_id) VALUES (13228, 'Dokulapadu', 479);
INSERT INTO village (id, name, panchayat_id) VALUES (13229, 'Gadivuru', 479);
INSERT INTO village (id, name, panchayat_id) VALUES (13230, 'Garudabhadra', 479);
INSERT INTO village (id, name, panchayat_id) VALUES (13231, 'Gollalapadu', 479);
INSERT INTO village (id, name, panchayat_id) VALUES (13232, 'Gollasaradhi', 479);
INSERT INTO village (id, name, panchayat_id) VALUES (13233, 'Gopaladoravuru', 479);
INSERT INTO village (id, name, panchayat_id) VALUES (13234, 'Govindapuram', 479);
INSERT INTO village (id, name, panchayat_id) VALUES (13235, 'Gunalapadu', 479);
INSERT INTO village (id, name, panchayat_id) VALUES (13236, 'Kidisingi', 479);
INSERT INTO village (id, name, panchayat_id) VALUES (13237, 'Kollipadu', 479);
INSERT INTO village (id, name, panchayat_id) VALUES (13238, 'Komarlatada', 479);
INSERT INTO village (id, name, panchayat_id) VALUES (13239, 'Kondavooru', 479);
INSERT INTO village (id, name, panchayat_id) VALUES (13240, 'Laxmidevipeta @ Nuvvalarevu', 479);
INSERT INTO village (id, name, panchayat_id) VALUES (13241, 'Lingalapadu', 479);
INSERT INTO village (id, name, panchayat_id) VALUES (13242, 'Mahadevipuram', 479);
INSERT INTO village (id, name, panchayat_id) VALUES (13243, 'Metturu', 479);
INSERT INTO village (id, name, panchayat_id) VALUES (13244, 'Miliaputti', 479);
INSERT INTO village (id, name, panchayat_id) VALUES (13245, 'Nagarampalle', 479);
INSERT INTO village (id, name, panchayat_id) VALUES (13246, 'Narayanapuram', 479);
INSERT INTO village (id, name, panchayat_id) VALUES (13247, 'Pallisaradhi', 479);
INSERT INTO village (id, name, panchayat_id) VALUES (13248, 'Pallivuru @ Sangaruvanipeta', 479);
INSERT INTO village (id, name, panchayat_id) VALUES (13249, 'Pathatekkali', 479);
INSERT INTO village (id, name, panchayat_id) VALUES (13250, 'Pedavanka', 479);
INSERT INTO village (id, name, panchayat_id) VALUES (13251, 'Peddabadam', 479);
INSERT INTO village (id, name, panchayat_id) VALUES (13252, 'Peddaboddapadu', 479);
INSERT INTO village (id, name, panchayat_id) VALUES (13253, 'Peddamuraharipuram', 479);
INSERT INTO village (id, name, panchayat_id) VALUES (13254, 'Pedijagannadhapuram', 479);
INSERT INTO village (id, name, panchayat_id) VALUES (13255, 'Pollada', 479);
INSERT INTO village (id, name, panchayat_id) VALUES (13256, 'Rajam', 479);
INSERT INTO village (id, name, panchayat_id) VALUES (13257, 'Reyyipadu', 479);
INSERT INTO village (id, name, panchayat_id) VALUES (13258, 'Rittapadu', 479);
INSERT INTO village (id, name, panchayat_id) VALUES (13259, 'Saradapuram', 479);
INSERT INTO village (id, name, panchayat_id) VALUES (13260, 'Seethapuram', 479);
INSERT INTO village (id, name, panchayat_id) VALUES (13261, 'Sunkara Jaganadhapuram', 479);
INSERT INTO village (id, name, panchayat_id) VALUES (13262, 'Suryamanipuram', 479);
INSERT INTO village (id, name, panchayat_id) VALUES (13263, 'Synooru', 479);
INSERT INTO village (id, name, panchayat_id) VALUES (13264, 'Terapalle', 479);
INSERT INTO village (id, name, panchayat_id) VALUES (13265, 'Thadivada', 479);
INSERT INTO village (id, name, panchayat_id) VALUES (13266, 'Thotapalle', 479);
INSERT INTO village (id, name, panchayat_id) VALUES (13267, 'Uddanam Gopinadhapuram', 479);
INSERT INTO village (id, name, panchayat_id) VALUES (13268, 'Uddanamkurmanadhapuram', 479);
INSERT INTO village (id, name, panchayat_id) VALUES (13269, 'Uddanam Narsingapalle', 479);
INSERT INTO village (id, name, panchayat_id) VALUES (13270, 'Uddanamraipadu', 479);
INSERT INTO village (id, name, panchayat_id) VALUES (13271, 'Uddanam Ramakrishnapuram', 479);
INSERT INTO village (id, name, panchayat_id) VALUES (13272, 'Undrukudia', 479);
INSERT INTO village (id, name, panchayat_id) VALUES (13273, 'Vajrapukothuru', 479);
INSERT INTO village (id, name, panchayat_id) VALUES (13274, 'Venkatapuram', 479);
INSERT INTO district (id, name, state_id) VALUES (22, 'Sri Potti Sriramulu Nellore', 1);
INSERT INTO constituency (id, name, district_id, mla_name, mp_name) VALUES (22, 'Default Constituency Sri Potti Sriramulu Nellore', 22, 'Pending MLA', 'Pending MP');
INSERT INTO mandal (id, name, constituency_id) VALUES (480, 'Allur', 22);
INSERT INTO panchayat (id, name, mandal_id) VALUES (480, 'Default Panchayat Allur', 480);
INSERT INTO village (id, name, panchayat_id) VALUES (13275, 'Allur', 480);
INSERT INTO village (id, name, panchayat_id) VALUES (13276, 'Allurupeta', 480);
INSERT INTO village (id, name, panchayat_id) VALUES (13277, 'Anathabotlavari Khandrika', 480);
INSERT INTO village (id, name, panchayat_id) VALUES (13278, 'Batrakagollu', 480);
INSERT INTO village (id, name, panchayat_id) VALUES (13279, 'Beeramgunta', 480);
INSERT INTO village (id, name, panchayat_id) VALUES (13280, 'Gogulapalle', 480);
INSERT INTO village (id, name, panchayat_id) VALUES (13281, 'Graddagunta', 480);
INSERT INTO village (id, name, panchayat_id) VALUES (13282, 'Indupuru', 480);
INSERT INTO village (id, name, panchayat_id) VALUES (13283, 'Isakapalle', 480);
INSERT INTO village (id, name, panchayat_id) VALUES (13284, 'Kalambotlavari Khandrika', 480);
INSERT INTO village (id, name, panchayat_id) VALUES (13285, 'North Amuluru', 480);
INSERT INTO village (id, name, panchayat_id) VALUES (13286, 'North Mopuru', 480);
INSERT INTO village (id, name, panchayat_id) VALUES (13287, 'Purini', 480);
INSERT INTO village (id, name, panchayat_id) VALUES (13288, 'Singapeta', 480);
INSERT INTO village (id, name, panchayat_id) VALUES (13289, 'Velicherla', 480);
INSERT INTO mandal (id, name, constituency_id) VALUES (481, 'Ananthasagaram', 22);
INSERT INTO panchayat (id, name, mandal_id) VALUES (481, 'Default Panchayat Ananthasagaram', 481);
INSERT INTO village (id, name, panchayat_id) VALUES (13290, 'Amanichiruvella', 481);
INSERT INTO village (id, name, panchayat_id) VALUES (13291, 'Ananthasagaram', 481);
INSERT INTO village (id, name, panchayat_id) VALUES (13292, 'Bedusupalle', 481);
INSERT INTO village (id, name, panchayat_id) VALUES (13293, 'Bommavaram', 481);
INSERT INTO village (id, name, panchayat_id) VALUES (13294, 'Chapurallapalle', 481);
INSERT INTO village (id, name, panchayat_id) VALUES (13295, 'Devarayapalle Bit- I', 481);
INSERT INTO village (id, name, panchayat_id) VALUES (13296, 'Devarayapalle Bit-Ii', 481);
INSERT INTO village (id, name, panchayat_id) VALUES (13297, 'Gowravaram', 481);
INSERT INTO village (id, name, panchayat_id) VALUES (13298, 'Inagalur', 481);
INSERT INTO village (id, name, panchayat_id) VALUES (13299, 'Kamireddipadu', 481);
INSERT INTO village (id, name, panchayat_id) VALUES (13300, 'Mangupalle', 481);
INSERT INTO village (id, name, panchayat_id) VALUES (13301, 'Minagallu', 481);
INSERT INTO village (id, name, panchayat_id) VALUES (13302, 'Padamati Kambhampadu', 481);
INSERT INTO village (id, name, panchayat_id) VALUES (13303, 'Pathalapalle', 481);
INSERT INTO village (id, name, panchayat_id) VALUES (13304, 'Revuru', 481);
INSERT INTO village (id, name, panchayat_id) VALUES (13305, 'Somasila', 481);
INSERT INTO village (id, name, panchayat_id) VALUES (13306, 'Tholijapuram', 481);
INSERT INTO village (id, name, panchayat_id) VALUES (13307, 'Uppalapadu', 481);
INSERT INTO village (id, name, panchayat_id) VALUES (13308, 'Varekuntapadu', 481);
INSERT INTO mandal (id, name, constituency_id) VALUES (482, 'Anumasamudrampeta', 22);
INSERT INTO panchayat (id, name, mandal_id) VALUES (482, 'Default Panchayat Anumasamudrampeta', 482);
INSERT INTO village (id, name, panchayat_id) VALUES (13309, 'Akbarabad', 482);
INSERT INTO village (id, name, panchayat_id) VALUES (13310, 'Anumasamudram', 482);
INSERT INTO village (id, name, panchayat_id) VALUES (13311, 'Anumasamudrampeta', 482);
INSERT INTO village (id, name, panchayat_id) VALUES (13312, 'Chandulurupadu', 482);
INSERT INTO village (id, name, panchayat_id) VALUES (13313, 'Chiramana', 482);
INSERT INTO village (id, name, panchayat_id) VALUES (13314, 'Chouta Bheemavaram', 482);
INSERT INTO village (id, name, panchayat_id) VALUES (13315, 'Dubagunta', 482);
INSERT INTO village (id, name, panchayat_id) VALUES (13316, 'Gudipadu', 482);
INSERT INTO village (id, name, panchayat_id) VALUES (13317, 'Gumparlapadu', 482);
INSERT INTO village (id, name, panchayat_id) VALUES (13318, 'Hasanapuram', 482);
INSERT INTO village (id, name, panchayat_id) VALUES (13319, 'Kakarlapadu', 482);
INSERT INTO village (id, name, panchayat_id) VALUES (13320, 'Kavali Yadavalli', 482);
INSERT INTO village (id, name, panchayat_id) VALUES (13321, 'Kondameeda Konduru', 482);
INSERT INTO village (id, name, panchayat_id) VALUES (13322, 'Kunalammapadu', 482);
INSERT INTO village (id, name, panchayat_id) VALUES (13323, 'Kuppurupadu', 482);
INSERT INTO village (id, name, panchayat_id) VALUES (13324, 'Pandipadu', 482);
INSERT INTO village (id, name, panchayat_id) VALUES (13325, 'Pedabbipuram', 482);
INSERT INTO village (id, name, panchayat_id) VALUES (13326, 'Ponugodu', 482);
INSERT INTO village (id, name, panchayat_id) VALUES (13327, 'Rajavolu', 482);
INSERT INTO village (id, name, panchayat_id) VALUES (13328, 'Srikolanu', 482);
INSERT INTO village (id, name, panchayat_id) VALUES (13329, 'Velpulagunta', 482);
INSERT INTO village (id, name, panchayat_id) VALUES (13330, 'Zammavaram', 482);
INSERT INTO village (id, name, panchayat_id) VALUES (13331, 'Zuvvalaguntapalle', 482);
INSERT INTO village (id, name, panchayat_id) VALUES (13332, 'Aravedu', 38);
INSERT INTO village (id, name, panchayat_id) VALUES (13333, 'Bandarupalle', 38);
INSERT INTO village (id, name, panchayat_id) VALUES (13334, 'Battepadu', 38);
INSERT INTO village (id, name, panchayat_id) VALUES (13335, 'Botikarlapadu', 38);
INSERT INTO village (id, name, panchayat_id) VALUES (13336, 'Boyila Chiruvella', 38);
INSERT INTO village (id, name, panchayat_id) VALUES (13337, 'Chiruvella Khandrika', 38);
INSERT INTO village (id, name, panchayat_id) VALUES (13338, 'Depuru', 38);
INSERT INTO village (id, name, panchayat_id) VALUES (13339, 'Gandlavedu', 38);
INSERT INTO village (id, name, panchayat_id) VALUES (13340, 'Jangalapalle', 38);
INSERT INTO village (id, name, panchayat_id) VALUES (13341, 'Kanupurupalle', 38);
INSERT INTO village (id, name, panchayat_id) VALUES (13342, 'Karatampadu', 38);
INSERT INTO village (id, name, panchayat_id) VALUES (13343, 'Mahimalur', 38);
INSERT INTO village (id, name, panchayat_id) VALUES (13344, 'Nabbinagaram', 38);
INSERT INTO village (id, name, panchayat_id) VALUES (13345, 'Nagulapadu', 38);
INSERT INTO village (id, name, panchayat_id) VALUES (13346, 'Narampeta', 38);
INSERT INTO village (id, name, panchayat_id) VALUES (13347, 'Nellorepalem', 38);
INSERT INTO village (id, name, panchayat_id) VALUES (13348, 'Nuvvurupadu', 38);
INSERT INTO village (id, name, panchayat_id) VALUES (13349, 'Padakandla', 38);
INSERT INTO village (id, name, panchayat_id) VALUES (13350, 'Pamidipadu', 38);
INSERT INTO village (id, name, panchayat_id) VALUES (13351, 'Vasili', 38);
INSERT INTO mandal (id, name, constituency_id) VALUES (483, 'Bogole', 22);
INSERT INTO panchayat (id, name, mandal_id) VALUES (483, 'Default Panchayat Bogole', 483);
INSERT INTO village (id, name, panchayat_id) VALUES (13352, 'Allimadugu', 483);
INSERT INTO village (id, name, panchayat_id) VALUES (13353, 'Bitragunta', 483);
INSERT INTO village (id, name, panchayat_id) VALUES (13354, 'Bogole', 483);
INSERT INTO village (id, name, panchayat_id) VALUES (13355, 'Jakkepalligudur', 483);
INSERT INTO village (id, name, panchayat_id) VALUES (13356, 'Juvvaladinne', 483);
INSERT INTO village (id, name, panchayat_id) VALUES (13357, 'Kovurpalle', 483);
INSERT INTO village (id, name, panchayat_id) VALUES (13358, 'Mallayapalem', 483);
INSERT INTO village (id, name, panchayat_id) VALUES (13359, 'Mungamur', 483);
INSERT INTO village (id, name, panchayat_id) VALUES (13360, 'Sambasivapuram', 483);
INSERT INTO village (id, name, panchayat_id) VALUES (13361, 'Siddavarapu Venkatesupalem', 483);
INSERT INTO village (id, name, panchayat_id) VALUES (13362, 'Thalluru', 483);
INSERT INTO village (id, name, panchayat_id) VALUES (13363, 'Umamaheswarapuram', 483);
INSERT INTO mandal (id, name, constituency_id) VALUES (484, 'Buchireddipalem', 22);
INSERT INTO panchayat (id, name, mandal_id) VALUES (484, 'Default Panchayat Buchireddipalem', 484);
INSERT INTO village (id, name, panchayat_id) VALUES (13364, 'Chellayapalem', 484);
INSERT INTO village (id, name, panchayat_id) VALUES (13365, 'Damaramadugu', 484);
INSERT INTO village (id, name, panchayat_id) VALUES (13366, 'Isakapalem', 484);
INSERT INTO village (id, name, panchayat_id) VALUES (13367, 'Jonnawada', 484);
INSERT INTO village (id, name, panchayat_id) VALUES (13368, 'Kalayakagollu', 484);
INSERT INTO village (id, name, panchayat_id) VALUES (13369, 'Kavetipalem', 484);
INSERT INTO village (id, name, panchayat_id) VALUES (13370, 'Minagallu', 484);
INSERT INTO village (id, name, panchayat_id) VALUES (13371, 'Munulapudi', 484);
INSERT INTO village (id, name, panchayat_id) VALUES (13372, 'Nagamambapuram', 484);
INSERT INTO village (id, name, panchayat_id) VALUES (13373, 'Panchedu', 484);
INSERT INTO village (id, name, panchayat_id) VALUES (13374, 'Penuballe', 484);
INSERT INTO village (id, name, panchayat_id) VALUES (13375, 'Rebala', 484);
INSERT INTO village (id, name, panchayat_id) VALUES (13376, 'Sreerangaraja -Puram', 484);
INSERT INTO village (id, name, panchayat_id) VALUES (13377, 'Vavveru', 484);
INSERT INTO mandal (id, name, constituency_id) VALUES (485, 'Chejerla', 22);
INSERT INTO panchayat (id, name, mandal_id) VALUES (485, 'Default Panchayat Chejerla', 485);
INSERT INTO village (id, name, panchayat_id) VALUES (13378, 'Billupadu', 485);
INSERT INTO village (id, name, panchayat_id) VALUES (13379, 'Chejerla', 485);
INSERT INTO village (id, name, panchayat_id) VALUES (13380, 'Chittaluru', 485);
INSERT INTO village (id, name, panchayat_id) VALUES (13381, 'Gollapalle', 485);
INSERT INTO village (id, name, panchayat_id) VALUES (13382, 'Kakivaya', 485);
INSERT INTO village (id, name, panchayat_id) VALUES (13383, 'Kalayapalem', 485);
INSERT INTO village (id, name, panchayat_id) VALUES (13384, 'Kotitheertham', 485);
INSERT INTO village (id, name, panchayat_id) VALUES (13385, 'Mamuduru', 485);
INSERT INTO village (id, name, panchayat_id) VALUES (13386, 'Nagulavellaturu', 485);
INSERT INTO village (id, name, panchayat_id) VALUES (13387, 'Nernoor', 485);
INSERT INTO village (id, name, panchayat_id) VALUES (13388, 'Paderu', 485);
INSERT INTO village (id, name, panchayat_id) VALUES (13389, 'Pathapadu', 485);
INSERT INTO village (id, name, panchayat_id) VALUES (13390, 'Pelleru', 485);
INSERT INTO village (id, name, panchayat_id) VALUES (13391, 'Perumallapadu', 485);
INSERT INTO village (id, name, panchayat_id) VALUES (13392, 'Thimmayapalem', 485);
INSERT INTO village (id, name, panchayat_id) VALUES (13393, 'Vavileru', 485);
INSERT INTO village (id, name, panchayat_id) VALUES (13394, 'Yanamadala', 485);
INSERT INTO village (id, name, panchayat_id) VALUES (13395, 'Yeturu', 485);
INSERT INTO mandal (id, name, constituency_id) VALUES (486, 'Chillakur', 22);
INSERT INTO panchayat (id, name, mandal_id) VALUES (486, 'Default Panchayat Chillakur', 486);
INSERT INTO village (id, name, panchayat_id) VALUES (13396, 'Addepalle', 486);
INSERT INTO village (id, name, panchayat_id) VALUES (13397, 'Ankulapaturu', 486);
INSERT INTO village (id, name, panchayat_id) VALUES (13398, 'Annambaka', 486);
INSERT INTO village (id, name, panchayat_id) VALUES (13399, 'Ballavolu', 486);
INSERT INTO village (id, name, panchayat_id) VALUES (13400, 'Budanam', 486);
INSERT INTO village (id, name, panchayat_id) VALUES (13401, 'Chillakur (Part)', 486);
INSERT INTO village (id, name, panchayat_id) VALUES (13402, 'Chinthavaram', 486);
INSERT INTO village (id, name, panchayat_id) VALUES (13403, 'Ippapudi', 486);
INSERT INTO village (id, name, panchayat_id) VALUES (13404, 'Kadivedu', 486);
INSERT INTO village (id, name, panchayat_id) VALUES (13405, 'Kalava Konda', 486);
INSERT INTO village (id, name, panchayat_id) VALUES (13406, 'Momidi', 486);
INSERT INTO village (id, name, panchayat_id) VALUES (13407, 'Mutyalapadu (Rural)', 486);
INSERT INTO village (id, name, panchayat_id) VALUES (13408, 'Nakkalakalva Khandrika', 486);
INSERT INTO village (id, name, panchayat_id) VALUES (13409, 'Nelaballi', 486);
INSERT INTO village (id, name, panchayat_id) VALUES (13410, 'Oduru', 486);
INSERT INTO village (id, name, panchayat_id) VALUES (13411, 'Pallamala', 486);
INSERT INTO village (id, name, panchayat_id) VALUES (13412, 'Pallamala Khandrika', 486);
INSERT INTO village (id, name, panchayat_id) VALUES (13413, 'Pentapadu', 486);
INSERT INTO village (id, name, panchayat_id) VALUES (13414, 'Ponnavolu', 486);
INSERT INTO village (id, name, panchayat_id) VALUES (13415, 'Thamminapatnam', 486);
INSERT INTO village (id, name, panchayat_id) VALUES (13416, 'Theepanur', 486);
INSERT INTO village (id, name, panchayat_id) VALUES (13417, 'Thikkavaram', 486);
INSERT INTO village (id, name, panchayat_id) VALUES (13418, 'Thonukumala', 486);
INSERT INTO village (id, name, panchayat_id) VALUES (13419, 'Turpu Kanupur', 486);
INSERT INTO village (id, name, panchayat_id) VALUES (13420, 'Udathavaripalem', 486);
INSERT INTO village (id, name, panchayat_id) VALUES (13421, 'Udathavariparlapalle', 486);
INSERT INTO village (id, name, panchayat_id) VALUES (13422, 'Vallipadu', 486);
INSERT INTO village (id, name, panchayat_id) VALUES (13423, 'Vellapalem', 486);
INSERT INTO village (id, name, panchayat_id) VALUES (13424, 'Yeruru', 486);
INSERT INTO village (id, name, panchayat_id) VALUES (13425, 'Yogeswarunipalle', 486);
INSERT INTO mandal (id, name, constituency_id) VALUES (487, 'Dagadarthi', 22);
INSERT INTO panchayat (id, name, mandal_id) VALUES (487, 'Default Panchayat Dagadarthi', 487);
INSERT INTO village (id, name, panchayat_id) VALUES (13426, 'Ananthavaram', 487);
INSERT INTO village (id, name, panchayat_id) VALUES (13427, 'Bodagudipadu', 487);
INSERT INTO village (id, name, panchayat_id) VALUES (13428, 'Chennuru', 487);
INSERT INTO village (id, name, panchayat_id) VALUES (13429, 'Choutaputhedu', 487);
INSERT INTO village (id, name, panchayat_id) VALUES (13430, 'Dagadarthi', 487);
INSERT INTO village (id, name, panchayat_id) VALUES (13431, 'Damavaram', 487);
INSERT INTO village (id, name, panchayat_id) VALUES (13432, 'Dundigam', 487);
INSERT INTO village (id, name, panchayat_id) VALUES (13433, 'Ithampadu', 487);
INSERT INTO village (id, name, panchayat_id) VALUES (13434, 'Kaminenipalem', 487);
INSERT INTO village (id, name, panchayat_id) VALUES (13435, 'Katrayapadu', 487);
INSERT INTO village (id, name, panchayat_id) VALUES (13436, 'Kothapalle Kowrugunta', 487);
INSERT INTO village (id, name, panchayat_id) VALUES (13437, 'Lingalapadu', 487);
INSERT INTO village (id, name, panchayat_id) VALUES (13438, 'Manubolupadu', 487);
INSERT INTO village (id, name, panchayat_id) VALUES (13439, 'Marellapadu', 487);
INSERT INTO village (id, name, panchayat_id) VALUES (13440, 'Pedaputhedu', 487);
INSERT INTO village (id, name, panchayat_id) VALUES (13441, 'Rangasamudram', 487);
INSERT INTO village (id, name, panchayat_id) VALUES (13442, 'Thiruveedhipadu', 487);
INSERT INTO village (id, name, panchayat_id) VALUES (13443, 'Thurimerla', 487);
INSERT INTO village (id, name, panchayat_id) VALUES (13444, 'Uchaguntapalem', 487);
INSERT INTO village (id, name, panchayat_id) VALUES (13445, 'Ulavapalle', 487);
INSERT INTO village (id, name, panchayat_id) VALUES (13446, 'Velupodu', 487);
INSERT INTO village (id, name, panchayat_id) VALUES (13447, 'Yelamanchipadu', 487);
INSERT INTO mandal (id, name, constituency_id) VALUES (488, 'Duttalur', 22);
INSERT INTO panchayat (id, name, mandal_id) VALUES (488, 'Default Panchayat Duttalur', 488);
INSERT INTO village (id, name, panchayat_id) VALUES (13448, 'Ayyanapalle', 488);
INSERT INTO village (id, name, panchayat_id) VALUES (13449, 'Bhyravaram', 488);
INSERT INTO village (id, name, panchayat_id) VALUES (13450, 'Brahmeswaram', 488);
INSERT INTO village (id, name, panchayat_id) VALUES (13451, 'Duttalur', 488);
INSERT INTO village (id, name, panchayat_id) VALUES (13452, 'Kothapeta', 488);
INSERT INTO village (id, name, panchayat_id) VALUES (13453, 'Mandallanaidupalle', 488);
INSERT INTO village (id, name, panchayat_id) VALUES (13454, 'Mandallapalle', 488);
INSERT INTO village (id, name, panchayat_id) VALUES (13455, 'Nandipadu', 488);
INSERT INTO village (id, name, panchayat_id) VALUES (13456, 'Narrawada', 488);
INSERT INTO village (id, name, panchayat_id) VALUES (13457, 'Papampalle', 488);
INSERT INTO village (id, name, panchayat_id) VALUES (13458, 'Rachavaripalle', 488);
INSERT INTO village (id, name, panchayat_id) VALUES (13459, 'Somalaregada', 488);
INSERT INTO village (id, name, panchayat_id) VALUES (13460, 'Theddupadu', 488);
INSERT INTO village (id, name, panchayat_id) VALUES (13461, 'Thimmapuram', 488);
INSERT INTO village (id, name, panchayat_id) VALUES (13462, 'Venkatampeta', 488);
INSERT INTO village (id, name, panchayat_id) VALUES (13463, 'Yerukollu', 488);
INSERT INTO village (id, name, panchayat_id) VALUES (13464, 'Ayyavaripalem', 281);
INSERT INTO village (id, name, panchayat_id) VALUES (13465, 'Chemidthi', 281);
INSERT INTO village (id, name, panchayat_id) VALUES (13466, 'Chennuru - I', 281);
INSERT INTO village (id, name, panchayat_id) VALUES (13467, 'Chennuru – II (Part)', 281);
INSERT INTO village (id, name, panchayat_id) VALUES (13468, 'Gollapalle', 281);
INSERT INTO village (id, name, panchayat_id) VALUES (13469, 'Guduru (East) (Og)', 281);
INSERT INTO village (id, name, panchayat_id) VALUES (13470, 'Guduru (West) (Og)', 281);
INSERT INTO village (id, name, panchayat_id) VALUES (13471, 'Kandali', 281);
INSERT INTO village (id, name, panchayat_id) VALUES (13472, 'Kandra', 281);
INSERT INTO village (id, name, panchayat_id) VALUES (13473, 'Kommaneturu', 281);
INSERT INTO village (id, name, panchayat_id) VALUES (13474, 'Kondagunta', 281);
INSERT INTO village (id, name, panchayat_id) VALUES (13475, 'Kundakuru', 281);
INSERT INTO village (id, name, panchayat_id) VALUES (13476, 'Mangalapur', 281);
INSERT INTO village (id, name, panchayat_id) VALUES (13477, 'Mekanur', 281);
INSERT INTO village (id, name, panchayat_id) VALUES (13478, 'Mittathmakuru', 281);
INSERT INTO village (id, name, panchayat_id) VALUES (13479, 'Nellatur (Og) (Part)', 281);
INSERT INTO village (id, name, panchayat_id) VALUES (13480, 'Nernur', 281);
INSERT INTO village (id, name, panchayat_id) VALUES (13481, 'N.Sangameswaraswamy Khandrika', 281);
INSERT INTO village (id, name, panchayat_id) VALUES (13482, 'Palicherla', 281);
INSERT INTO village (id, name, panchayat_id) VALUES (13483, 'Palicherlarajupalem', 281);
INSERT INTO village (id, name, panchayat_id) VALUES (13484, 'Reddigunta', 281);
INSERT INTO village (id, name, panchayat_id) VALUES (13485, 'Vedicherla', 281);
INSERT INTO village (id, name, panchayat_id) VALUES (13486, 'Vendodu', 281);
INSERT INTO village (id, name, panchayat_id) VALUES (13487, 'Vinduru', 281);
INSERT INTO mandal (id, name, constituency_id) VALUES (489, 'Indukurpet', 22);
INSERT INTO panchayat (id, name, mandal_id) VALUES (489, 'Default Panchayat Indukurpet', 489);
INSERT INTO village (id, name, panchayat_id) VALUES (13488, 'Gangapatnam', 489);
INSERT INTO village (id, name, panchayat_id) VALUES (13489, 'Indukurpet Bit - I', 489);
INSERT INTO village (id, name, panchayat_id) VALUES (13490, 'Indukurpet Bit - II', 489);
INSERT INTO village (id, name, panchayat_id) VALUES (13491, 'Jangamvani Doruvu', 489);
INSERT INTO village (id, name, panchayat_id) VALUES (13492, 'Koduruturu', 489);
INSERT INTO village (id, name, panchayat_id) VALUES (13493, 'Komarika', 489);
INSERT INTO village (id, name, panchayat_id) VALUES (13494, 'Kudithipalem', 489);
INSERT INTO village (id, name, panchayat_id) VALUES (13495, 'Lebur Bit – I', 489);
INSERT INTO village (id, name, panchayat_id) VALUES (13496, 'Lebur Bit - II', 489);
INSERT INTO village (id, name, panchayat_id) VALUES (13497, 'Mudivarthi Palem', 489);
INSERT INTO village (id, name, panchayat_id) VALUES (13498, 'Mypadu', 489);
INSERT INTO village (id, name, panchayat_id) VALUES (13499, 'Nidumusali', 489);
INSERT INTO village (id, name, panchayat_id) VALUES (13500, 'Pallipadu', 489);
INSERT INTO village (id, name, panchayat_id) VALUES (13501, 'Pogada Doruvu Khandrika', 489);
INSERT INTO village (id, name, panchayat_id) VALUES (13502, 'Punnur', 489);
INSERT INTO village (id, name, panchayat_id) VALUES (13503, 'Somarajupalle', 489);
INSERT INTO mandal (id, name, constituency_id) VALUES (490, 'Jaladanki', 22);
INSERT INTO panchayat (id, name, mandal_id) VALUES (490, 'Default Panchayat Jaladanki', 490);
INSERT INTO village (id, name, panchayat_id) VALUES (13504, 'Annavaram', 490);
INSERT INTO village (id, name, panchayat_id) VALUES (13505, 'Brahmanakraka', 490);
INSERT INTO village (id, name, panchayat_id) VALUES (13506, 'Chamadala', 490);
INSERT INTO village (id, name, panchayat_id) VALUES (13507, 'China Kraka', 490);
INSERT INTO village (id, name, panchayat_id) VALUES (13508, 'Chodavaram', 490);
INSERT INTO village (id, name, panchayat_id) VALUES (13509, 'Gattupalle', 490);
INSERT INTO village (id, name, panchayat_id) VALUES (13510, 'Jaladanki', 490);
INSERT INTO village (id, name, panchayat_id) VALUES (13511, 'Jammalapalem', 490);
INSERT INTO village (id, name, panchayat_id) VALUES (13512, 'Kesavaram', 490);
INSERT INTO village (id, name, panchayat_id) VALUES (13513, 'Kodandaramapuram', 490);
INSERT INTO village (id, name, panchayat_id) VALUES (13514, 'Krishnapadu', 490);
INSERT INTO village (id, name, panchayat_id) VALUES (13515, 'Somavarappadu', 490);
INSERT INTO mandal (id, name, constituency_id) VALUES (491, 'Kaligiri', 22);
INSERT INTO panchayat (id, name, mandal_id) VALUES (491, 'Default Panchayat Kaligiri', 491);
INSERT INTO village (id, name, panchayat_id) VALUES (13516, 'Ananthapuram', 491);
INSERT INTO village (id, name, panchayat_id) VALUES (13517, 'China Annaluru', 491);
INSERT INTO village (id, name, panchayat_id) VALUES (13518, 'Dubagunta', 491);
INSERT INTO village (id, name, panchayat_id) VALUES (13519, 'Gudladona', 491);
INSERT INTO village (id, name, panchayat_id) VALUES (13520, 'Kaligiri', 491);
INSERT INTO village (id, name, panchayat_id) VALUES (13521, 'Kavali Musthapuram', 491);
INSERT INTO village (id, name, panchayat_id) VALUES (13522, 'Kothapeta', 491);
INSERT INTO village (id, name, panchayat_id) VALUES (13523, 'Krakuturu', 491);
INSERT INTO village (id, name, panchayat_id) VALUES (13524, 'Kummarakonduru', 491);
INSERT INTO village (id, name, panchayat_id) VALUES (13525, 'Lakshmipuram', 491);
INSERT INTO village (id, name, panchayat_id) VALUES (13526, 'Nagasamudram', 491);
INSERT INTO village (id, name, panchayat_id) VALUES (13527, 'Parikota', 491);
INSERT INTO village (id, name, panchayat_id) VALUES (13528, 'Peda Annaluru', 491);
INSERT INTO village (id, name, panchayat_id) VALUES (13529, 'Pedakonduru', 491);
INSERT INTO village (id, name, panchayat_id) VALUES (13530, 'Ravulakollu', 491);
INSERT INTO village (id, name, panchayat_id) VALUES (13531, 'Siddana Konduru', 491);
INSERT INTO village (id, name, panchayat_id) VALUES (13532, 'Thellapadu', 491);
INSERT INTO village (id, name, panchayat_id) VALUES (13533, 'Veeranakollu', 491);
INSERT INTO village (id, name, panchayat_id) VALUES (13534, 'Velagapadu', 491);
INSERT INTO village (id, name, panchayat_id) VALUES (13535, 'Venkannapalem', 491);
INSERT INTO mandal (id, name, constituency_id) VALUES (492, 'Kaluvoya', 22);
INSERT INTO panchayat (id, name, mandal_id) VALUES (492, 'Default Panchayat Kaluvoya', 492);
INSERT INTO village (id, name, panchayat_id) VALUES (13536, 'Baddevolu', 492);
INSERT INTO village (id, name, panchayat_id) VALUES (13537, 'Brahmanapalle', 492);
INSERT INTO village (id, name, panchayat_id) VALUES (13538, 'Cheepinapi', 492);
INSERT INTO village (id, name, panchayat_id) VALUES (13539, 'China Gopavaram', 492);
INSERT INTO village (id, name, panchayat_id) VALUES (13540, 'Chintalapalem', 492);
INSERT INTO village (id, name, panchayat_id) VALUES (13541, 'Chintalatmakuru', 492);
INSERT INTO village (id, name, panchayat_id) VALUES (13542, 'Dachuru', 492);
INSERT INTO village (id, name, panchayat_id) VALUES (13543, 'Isakapalle', 492);
INSERT INTO village (id, name, panchayat_id) VALUES (13544, 'Kaluvoya', 492);
INSERT INTO village (id, name, panchayat_id) VALUES (13545, 'Kanupurupalle', 492);
INSERT INTO village (id, name, panchayat_id) VALUES (13546, 'Kesamanenipalle', 492);
INSERT INTO village (id, name, panchayat_id) VALUES (13547, 'Koturupalle', 492);
INSERT INTO village (id, name, panchayat_id) VALUES (13548, 'Kulluru', 492);
INSERT INTO village (id, name, panchayat_id) VALUES (13549, 'Madannagaripalle', 492);
INSERT INTO village (id, name, panchayat_id) VALUES (13550, 'Nukanapalle', 492);
INSERT INTO village (id, name, panchayat_id) VALUES (13551, 'Pallakonda', 492);
INSERT INTO village (id, name, panchayat_id) VALUES (13552, 'Telugurayapuram', 492);
INSERT INTO village (id, name, panchayat_id) VALUES (13553, 'Thopugunta', 492);
INSERT INTO village (id, name, panchayat_id) VALUES (13554, 'Thopugunta Agraharam', 492);
INSERT INTO village (id, name, panchayat_id) VALUES (13555, 'Uyyalapalle', 492);
INSERT INTO village (id, name, panchayat_id) VALUES (13556, 'Yerraballe', 492);
INSERT INTO mandal (id, name, constituency_id) VALUES (493, 'Kavali', 22);
INSERT INTO panchayat (id, name, mandal_id) VALUES (493, 'Default Panchayat Kavali', 493);
INSERT INTO village (id, name, panchayat_id) VALUES (13557, 'Anemadugu', 493);
INSERT INTO village (id, name, panchayat_id) VALUES (13558, 'Budamagunta', 493);
INSERT INTO village (id, name, panchayat_id) VALUES (13559, 'Chalamcherla', 493);
INSERT INTO village (id, name, panchayat_id) VALUES (13560, 'Chennayapalem', 493);
INSERT INTO village (id, name, panchayat_id) VALUES (13561, 'Gowravaram', 493);
INSERT INTO village (id, name, panchayat_id) VALUES (13562, 'Kavali Bit - II (Rural)', 493);
INSERT INTO village (id, name, panchayat_id) VALUES (13563, 'Kavali Bit - I (Rural)', 493);
INSERT INTO village (id, name, panchayat_id) VALUES (13564, 'Kothapalle', 493);
INSERT INTO village (id, name, panchayat_id) VALUES (13565, 'Maddurupadu (Part)', 493);
INSERT INTO village (id, name, panchayat_id) VALUES (13566, 'Mannangidinne', 493);
INSERT INTO village (id, name, panchayat_id) VALUES (13567, 'Musunuru (Part)', 493);
INSERT INTO village (id, name, panchayat_id) VALUES (13568, 'Rajuvari Chintala Palem', 493);
INSERT INTO village (id, name, panchayat_id) VALUES (13569, 'Rudrakota', 493);
INSERT INTO village (id, name, panchayat_id) VALUES (13570, 'Thallapalem', 493);
INSERT INTO village (id, name, panchayat_id) VALUES (13571, 'Thummalapenta', 493);
INSERT INTO mandal (id, name, constituency_id) VALUES (494, 'Kodavalur', 22);
INSERT INTO panchayat (id, name, mandal_id) VALUES (494, 'Default Panchayat Kodavalur', 494);
INSERT INTO village (id, name, panchayat_id) VALUES (13572, 'Alurupadu', 494);
INSERT INTO village (id, name, panchayat_id) VALUES (13573, 'Basavaipalem', 494);
INSERT INTO village (id, name, panchayat_id) VALUES (13574, 'Bodduvaripalem', 494);
INSERT INTO village (id, name, panchayat_id) VALUES (13575, 'Damegunta', 494);
INSERT INTO village (id, name, panchayat_id) VALUES (13576, 'Gandavaram', 494);
INSERT INTO village (id, name, panchayat_id) VALUES (13577, 'Gotlapalem', 494);
INSERT INTO village (id, name, panchayat_id) VALUES (13578, 'Gundalammapalem', 494);
INSERT INTO village (id, name, panchayat_id) VALUES (13579, 'Kodavalur', 494);
INSERT INTO village (id, name, panchayat_id) VALUES (13580, 'Kothavangallu', 494);
INSERT INTO village (id, name, panchayat_id) VALUES (13581, 'Maneguntapadu', 494);
INSERT INTO village (id, name, panchayat_id) VALUES (13582, 'Naidupalem', 494);
INSERT INTO village (id, name, panchayat_id) VALUES (13583, 'North Rajupalem', 494);
INSERT INTO village (id, name, panchayat_id) VALUES (13584, 'Ramannapalem', 494);
INSERT INTO village (id, name, panchayat_id) VALUES (13585, 'Talamanchi', 494);
INSERT INTO village (id, name, panchayat_id) VALUES (13586, 'Venkannapuram', 494);
INSERT INTO village (id, name, panchayat_id) VALUES (13587, 'Yellayapalem', 494);
INSERT INTO mandal (id, name, constituency_id) VALUES (495, 'Kondapuram', 22);
INSERT INTO panchayat (id, name, mandal_id) VALUES (495, 'Default Panchayat Kondapuram', 495);
INSERT INTO village (id, name, panchayat_id) VALUES (13588, 'Audimurthipuram', 495);
INSERT INTO village (id, name, panchayat_id) VALUES (13589, 'Bhimavarappadu', 495);
INSERT INTO village (id, name, panchayat_id) VALUES (13590, 'Challagirigala', 495);
INSERT INTO village (id, name, panchayat_id) VALUES (13591, 'Chinthaladevi', 495);
INSERT INTO village (id, name, panchayat_id) VALUES (13592, 'Ganugapenta', 495);
INSERT INTO village (id, name, panchayat_id) VALUES (13593, 'Garimenapenta', 495);
INSERT INTO village (id, name, panchayat_id) VALUES (13594, 'Gottigundala', 495);
INSERT INTO village (id, name, panchayat_id) VALUES (13595, 'Gudavalluru (Kondapuram)', 495);
INSERT INTO village (id, name, panchayat_id) VALUES (13596, 'Iskadamerla', 495);
INSERT INTO village (id, name, panchayat_id) VALUES (13597, 'Kasturinaidupalle', 495);
INSERT INTO village (id, name, panchayat_id) VALUES (13598, 'Kommi', 495);
INSERT INTO village (id, name, panchayat_id) VALUES (13599, 'Kumara Venkatapuram', 495);
INSERT INTO village (id, name, panchayat_id) VALUES (13600, 'Kunkuvaripalem', 495);
INSERT INTO village (id, name, panchayat_id) VALUES (13601, 'Mallavarappadu', 495);
INSERT INTO village (id, name, panchayat_id) VALUES (13602, 'Marrigunta', 495);
INSERT INTO village (id, name, panchayat_id) VALUES (13603, 'Nekunampeta', 495);
INSERT INTO village (id, name, panchayat_id) VALUES (13604, 'Parlapalle', 495);
INSERT INTO village (id, name, panchayat_id) VALUES (13605, 'Ramanujapuram', 495);
INSERT INTO village (id, name, panchayat_id) VALUES (13606, 'Saipeta', 495);
INSERT INTO village (id, name, panchayat_id) VALUES (13607, 'Satyavolu', 495);
INSERT INTO village (id, name, panchayat_id) VALUES (13608, 'Settipalem', 495);
INSERT INTO village (id, name, panchayat_id) VALUES (13609, 'Thurpu- Brahmanapalle', 495);
INSERT INTO village (id, name, panchayat_id) VALUES (13610, 'Thurpu- Jangalapalle', 495);
INSERT INTO village (id, name, panchayat_id) VALUES (13611, 'Thurpuyerraballe', 495);
INSERT INTO village (id, name, panchayat_id) VALUES (13612, 'Veligandla', 495);
INSERT INTO village (id, name, panchayat_id) VALUES (13613, 'Yerrabotlapalle', 495);
INSERT INTO mandal (id, name, constituency_id) VALUES (496, 'Kota', 22);
INSERT INTO panchayat (id, name, mandal_id) VALUES (496, 'Default Panchayat Kota', 496);
INSERT INTO village (id, name, panchayat_id) VALUES (13614, 'Allampadu', 496);
INSERT INTO village (id, name, panchayat_id) VALUES (13615, 'Chendodu', 496);
INSERT INTO village (id, name, panchayat_id) VALUES (13616, 'Chittodu', 496);
INSERT INTO village (id, name, panchayat_id) VALUES (13617, 'Gudali', 496);
INSERT INTO village (id, name, panchayat_id) VALUES (13618, 'Illukurupadu', 496);
INSERT INTO village (id, name, panchayat_id) VALUES (13619, 'Karlapudi', 496);
INSERT INTO village (id, name, panchayat_id) VALUES (13620, 'Kesavaram', 496);
INSERT INTO village (id, name, panchayat_id) VALUES (13621, 'Kota', 496);
INSERT INTO village (id, name, panchayat_id) VALUES (13622, 'Kothapalem', 496);
INSERT INTO village (id, name, panchayat_id) VALUES (13623, 'Kothapatnam', 496);
INSERT INTO village (id, name, panchayat_id) VALUES (13624, 'Lakshmakka Khandriga @ Chembadipalem', 496);
INSERT INTO village (id, name, panchayat_id) VALUES (13625, 'Maddali', 496);
INSERT INTO village (id, name, panchayat_id) VALUES (13626, 'Nellorepalle', 496);
INSERT INTO village (id, name, panchayat_id) VALUES (13627, 'Putchalapalle', 496);
INSERT INTO village (id, name, panchayat_id) VALUES (13628, 'Rudravaram', 496);
INSERT INTO village (id, name, panchayat_id) VALUES (13629, 'Siddavaram', 496);
INSERT INTO village (id, name, panchayat_id) VALUES (13630, 'Thinnelapudi', 496);
INSERT INTO village (id, name, panchayat_id) VALUES (13631, 'Uthamanellore', 496);
INSERT INTO village (id, name, panchayat_id) VALUES (13632, 'Vanjivaka', 496);
INSERT INTO mandal (id, name, constituency_id) VALUES (497, 'Kovur', 22);
INSERT INTO panchayat (id, name, mandal_id) VALUES (497, 'Default Panchayat Kovur', 497);
INSERT INTO village (id, name, panchayat_id) VALUES (13633, 'Cherlopalem', 497);
INSERT INTO village (id, name, panchayat_id) VALUES (13634, 'Gangavaram', 497);
INSERT INTO village (id, name, panchayat_id) VALUES (13635, 'Inamadugu', 497);
INSERT INTO village (id, name, panchayat_id) VALUES (13636, 'Kovur', 497);
INSERT INTO village (id, name, panchayat_id) VALUES (13637, 'Leguntapadu', 497);
INSERT INTO village (id, name, panchayat_id) VALUES (13638, 'Modegunta', 497);
INSERT INTO village (id, name, panchayat_id) VALUES (13639, 'Padugupadu', 497);
INSERT INTO village (id, name, panchayat_id) VALUES (13640, 'Patur', 497);
INSERT INTO village (id, name, panchayat_id) VALUES (13641, 'Pothireddipalem', 497);
INSERT INTO village (id, name, panchayat_id) VALUES (13642, 'Vegur', 497);
INSERT INTO mandal (id, name, constituency_id) VALUES (498, 'Manubolu', 22);
INSERT INTO panchayat (id, name, mandal_id) VALUES (498, 'Default Panchayat Manubolu', 498);
INSERT INTO village (id, name, panchayat_id) VALUES (13643, 'Akkampeta', 498);
INSERT INTO village (id, name, panchayat_id) VALUES (13644, 'Anupallipadu', 498);
INSERT INTO village (id, name, panchayat_id) VALUES (13645, 'Baddevolu', 498);
INSERT INTO village (id, name, panchayat_id) VALUES (13646, 'Bandepalle', 498);
INSERT INTO village (id, name, panchayat_id) VALUES (13647, 'Cherukumudi', 498);
INSERT INTO village (id, name, panchayat_id) VALUES (13648, 'Gurivindapudi', 498);
INSERT INTO village (id, name, panchayat_id) VALUES (13649, 'Jatlakonduru', 498);
INSERT INTO village (id, name, panchayat_id) VALUES (13650, 'Kagithalapuru', 498);
INSERT INTO village (id, name, panchayat_id) VALUES (13651, 'Kattuvapalle', 498);
INSERT INTO village (id, name, panchayat_id) VALUES (13652, 'Kolanukuduru', 498);
INSERT INTO village (id, name, panchayat_id) VALUES (13653, 'Kudithipalle', 498);
INSERT INTO village (id, name, panchayat_id) VALUES (13654, 'Madamanuru', 498);
INSERT INTO village (id, name, panchayat_id) VALUES (13655, 'Manubolu', 498);
INSERT INTO village (id, name, panchayat_id) VALUES (13656, 'Muddumudi', 498);
INSERT INTO village (id, name, panchayat_id) VALUES (13657, 'Parlapadu', 498);
INSERT INTO village (id, name, panchayat_id) VALUES (13658, 'Pidur', 498);
INSERT INTO village (id, name, panchayat_id) VALUES (13659, 'Pidurupalem', 498);
INSERT INTO village (id, name, panchayat_id) VALUES (13660, 'Vadlapudi', 498);
INSERT INTO village (id, name, panchayat_id) VALUES (13661, 'Venkanapalem', 498);
INSERT INTO mandal (id, name, constituency_id) VALUES (499, 'Marripadu', 22);
INSERT INTO panchayat (id, name, mandal_id) VALUES (499, 'Default Panchayat Marripadu', 499);
INSERT INTO village (id, name, panchayat_id) VALUES (13662, 'Allampadu', 499);
INSERT INTO village (id, name, panchayat_id) VALUES (13663, 'Bheemavaram', 499);
INSERT INTO village (id, name, panchayat_id) VALUES (13664, 'Brahmanapalle', 499);
INSERT INTO village (id, name, panchayat_id) VALUES (13665, 'Budawada', 499);
INSERT INTO village (id, name, panchayat_id) VALUES (13666, 'Chabolu', 499);
INSERT INTO village (id, name, panchayat_id) VALUES (13667, 'Chilakapadu', 499);
INSERT INTO village (id, name, panchayat_id) VALUES (13668, 'Chinamachanur', 499);
INSERT INTO village (id, name, panchayat_id) VALUES (13669, 'Chunchulur', 499);
INSERT INTO village (id, name, panchayat_id) VALUES (13670, 'Dharmarao Cheruvupalle', 499);
INSERT INTO village (id, name, panchayat_id) VALUES (13671, 'Irlapadu', 499);
INSERT INTO village (id, name, panchayat_id) VALUES (13672, 'Kadirinenipalle', 499);
INSERT INTO village (id, name, panchayat_id) VALUES (13673, 'Kampasamudram', 499);
INSERT INTO village (id, name, panchayat_id) VALUES (13674, 'Nagarajupadu', 499);
INSERT INTO village (id, name, panchayat_id) VALUES (13675, 'Naginenigunta', 499);
INSERT INTO village (id, name, panchayat_id) VALUES (13676, 'Nandavaram', 499);
INSERT INTO village (id, name, panchayat_id) VALUES (13677, 'Neradanampadu', 499);
INSERT INTO village (id, name, panchayat_id) VALUES (13678, 'Padamatinaidupalle', 499);
INSERT INTO village (id, name, panchayat_id) VALUES (13679, 'Pallavolu', 499);
INSERT INTO village (id, name, panchayat_id) VALUES (13680, 'Pegallapadu', 499);
INSERT INTO village (id, name, panchayat_id) VALUES (13681, 'Ponguru', 499);
INSERT INTO village (id, name, panchayat_id) VALUES (13682, 'Singanapalle', 499);
INSERT INTO mandal (id, name, constituency_id) VALUES (500, 'Muthukur', 22);
INSERT INTO panchayat (id, name, mandal_id) VALUES (500, 'Default Panchayat Muthukur', 500);
INSERT INTO village (id, name, panchayat_id) VALUES (13683, 'Amudalapadu', 500);
INSERT INTO village (id, name, panchayat_id) VALUES (13684, 'Brahmadevam', 500);
INSERT INTO village (id, name, panchayat_id) VALUES (13685, 'Epuru Bit-I-A', 500);
INSERT INTO village (id, name, panchayat_id) VALUES (13686, 'Epuru Bit - I - B', 500);
INSERT INTO village (id, name, panchayat_id) VALUES (13687, 'Krishnapatnam', 500);
INSERT INTO village (id, name, panchayat_id) VALUES (13688, 'Mamidipudi', 500);
INSERT INTO village (id, name, panchayat_id) VALUES (13689, 'Mollur', 500);
INSERT INTO village (id, name, panchayat_id) VALUES (13690, 'Muthukur', 500);
INSERT INTO village (id, name, panchayat_id) VALUES (13691, 'Narikellapalle', 500);
INSERT INTO village (id, name, panchayat_id) VALUES (13692, 'Nelaturu', 500);
INSERT INTO village (id, name, panchayat_id) VALUES (13693, 'Pidatapolur', 500);
INSERT INTO village (id, name, panchayat_id) VALUES (13694, 'Pynampuram', 500);
INSERT INTO village (id, name, panchayat_id) VALUES (13695, 'Survepalle Bit - V', 500);
INSERT INTO village (id, name, panchayat_id) VALUES (13696, 'Valluru', 500);
INSERT INTO village (id, name, panchayat_id) VALUES (13697, 'Valluruvari Khandrika', 500);
INSERT INTO mandal (id, name, constituency_id) VALUES (501, 'Nellore Rural', 22);
INSERT INTO panchayat (id, name, mandal_id) VALUES (501, 'Default Panchayat Nellore Rural', 501);
INSERT INTO village (id, name, panchayat_id) VALUES (13698, 'Akkacheruvupadu', 501);
INSERT INTO village (id, name, panchayat_id) VALUES (13699, 'Allipuram (Part)', 501);
INSERT INTO village (id, name, panchayat_id) VALUES (13700, 'Amancherla', 501);
INSERT INTO village (id, name, panchayat_id) VALUES (13701, 'Ambapuram', 501);
INSERT INTO village (id, name, panchayat_id) VALUES (13702, 'Buja Buja Nellore (Ct)', 501);
INSERT INTO village (id, name, panchayat_id) VALUES (13703, 'Chintareddipalem (Part)', 501);
INSERT INTO village (id, name, panchayat_id) VALUES (13704, 'Devarapalem', 501);
INSERT INTO village (id, name, panchayat_id) VALUES (13705, 'Donthali', 501);
INSERT INTO village (id, name, panchayat_id) VALUES (13706, 'Golla Kandukur', 501);
INSERT INTO village (id, name, panchayat_id) VALUES (13707, 'Gudipallipadu', 501);
INSERT INTO village (id, name, panchayat_id) VALUES (13708, 'Gundlapalem (Og) (Part)', 501);
INSERT INTO village (id, name, panchayat_id) VALUES (13709, 'Kakupalle-I', 501);
INSERT INTO village (id, name, panchayat_id) VALUES (13710, 'Kakupalle -Ii (Madaraja Gudur)', 501);
INSERT INTO village (id, name, panchayat_id) VALUES (13711, 'Kallurpalle (Og)', 501);
INSERT INTO village (id, name, panchayat_id) VALUES (13712, 'Kandamur', 501);
INSERT INTO village (id, name, panchayat_id) VALUES (13713, 'Kanuparthipadu', 501);
INSERT INTO village (id, name, panchayat_id) VALUES (13714, 'Kondayampalle', 501);
INSERT INTO village (id, name, panchayat_id) VALUES (13715, 'Mannavarappadu', 501);
INSERT INTO village (id, name, panchayat_id) VALUES (13716, 'Mattempadu', 501);
INSERT INTO village (id, name, panchayat_id) VALUES (13717, 'Mogallapalem', 501);
INSERT INTO village (id, name, panchayat_id) VALUES (13718, 'Mulumudi', 501);
INSERT INTO village (id, name, panchayat_id) VALUES (13719, 'Nellore 1 (R)', 501);
INSERT INTO village (id, name, panchayat_id) VALUES (13720, 'Ogurupadu', 501);
INSERT INTO village (id, name, panchayat_id) VALUES (13721, 'Padarupalle', 501);
INSERT INTO village (id, name, panchayat_id) VALUES (13722, 'Pedda Cherukur', 501);
INSERT INTO village (id, name, panchayat_id) VALUES (13723, 'Penubarthi', 501);
INSERT INTO village (id, name, panchayat_id) VALUES (13724, 'Pottepalem', 501);
INSERT INTO village (id, name, panchayat_id) VALUES (13725, 'Sajjapuram', 501);
INSERT INTO village (id, name, panchayat_id) VALUES (13726, 'South Mopur', 501);
INSERT INTO village (id, name, panchayat_id) VALUES (13727, 'Upputur', 501);
INSERT INTO village (id, name, panchayat_id) VALUES (13728, 'Vedayapalem', 501);
INSERT INTO village (id, name, panchayat_id) VALUES (13729, 'Vellanti', 501);
INSERT INTO village (id, name, panchayat_id) VALUES (13730, 'Visavaviletipadu (Og)', 501);
INSERT INTO mandal (id, name, constituency_id) VALUES (502, 'Nellore Urban', 22);
INSERT INTO panchayat (id, name, mandal_id) VALUES (502, 'Default Panchayat Nellore Urban', 502);
INSERT INTO village (id, name, panchayat_id) VALUES (13731, 'Nellore 2 (U)', 502);
INSERT INTO village (id, name, panchayat_id) VALUES (13732, 'Nellore (Bit.1) (Og)', 502);
INSERT INTO mandal (id, name, constituency_id) VALUES (503, 'Podalakur', 22);
INSERT INTO panchayat (id, name, mandal_id) VALUES (503, 'Default Panchayat Podalakur', 503);
INSERT INTO village (id, name, panchayat_id) VALUES (13733, 'Althurthi', 503);
INSERT INTO village (id, name, panchayat_id) VALUES (13734, 'Ankupalle', 503);
INSERT INTO village (id, name, panchayat_id) VALUES (13735, 'Ayyagaripalem', 503);
INSERT INTO village (id, name, panchayat_id) VALUES (13736, 'Bathulapalle', 503);
INSERT INTO village (id, name, panchayat_id) VALUES (13737, 'Bathulapallepadu', 503);
INSERT INTO village (id, name, panchayat_id) VALUES (13738, 'Bhogasamudram', 503);
INSERT INTO village (id, name, panchayat_id) VALUES (13739, 'Biradavolu', 503);
INSERT INTO village (id, name, panchayat_id) VALUES (13740, 'Chatagotla', 503);
INSERT INTO village (id, name, panchayat_id) VALUES (13741, 'Degapudi', 503);
INSERT INTO village (id, name, panchayat_id) VALUES (13742, 'Degapudi Rajupalem', 503);
INSERT INTO village (id, name, panchayat_id) VALUES (13743, 'Duggunta', 503);
INSERT INTO village (id, name, panchayat_id) VALUES (13744, 'Duggunta Rajupalem', 503);
INSERT INTO village (id, name, panchayat_id) VALUES (13745, 'Guravayapalem', 503);
INSERT INTO village (id, name, panchayat_id) VALUES (13746, 'Inukurthy', 503);
INSERT INTO village (id, name, panchayat_id) VALUES (13747, 'Kanuparthi', 503);
INSERT INTO village (id, name, panchayat_id) VALUES (13748, 'Mahammadapuram', 503);
INSERT INTO village (id, name, panchayat_id) VALUES (13749, 'Marripalle Gopasamudram', 503);
INSERT INTO village (id, name, panchayat_id) VALUES (13750, 'Marupuru', 503);
INSERT INTO village (id, name, panchayat_id) VALUES (13751, 'Mogallur', 503);
INSERT INTO village (id, name, panchayat_id) VALUES (13752, 'Nallapalem', 503);
INSERT INTO village (id, name, panchayat_id) VALUES (13753, 'Nandivaya', 503);
INSERT INTO village (id, name, panchayat_id) VALUES (13754, 'Navooru', 503);
INSERT INTO village (id, name, panchayat_id) VALUES (13755, 'Nedurupalle', 503);
INSERT INTO village (id, name, panchayat_id) VALUES (13756, 'Parlapalle', 503);
INSERT INTO village (id, name, panchayat_id) VALUES (13757, 'Podalakur', 503);
INSERT INTO village (id, name, panchayat_id) VALUES (13758, 'Prabagiripatnam', 503);
INSERT INTO village (id, name, panchayat_id) VALUES (13759, 'Pulikollu', 503);
INSERT INTO village (id, name, panchayat_id) VALUES (13760, 'Ravalla Yeruguntapalem', 503);
INSERT INTO village (id, name, panchayat_id) VALUES (13761, 'Surayapalem', 503);
INSERT INTO village (id, name, panchayat_id) VALUES (13762, 'Thatiparthi', 503);
INSERT INTO village (id, name, panchayat_id) VALUES (13763, 'Thoderu', 503);
INSERT INTO village (id, name, panchayat_id) VALUES (13764, 'Uchapalle', 503);
INSERT INTO village (id, name, panchayat_id) VALUES (13765, 'Utla Palem', 503);
INSERT INTO village (id, name, panchayat_id) VALUES (13766, 'Vavintaparthi', 503);
INSERT INTO village (id, name, panchayat_id) VALUES (13767, 'Veligantipalem', 503);
INSERT INTO village (id, name, panchayat_id) VALUES (13768, 'Viroor', 503);
INSERT INTO mandal (id, name, constituency_id) VALUES (504, 'Rapur', 22);
INSERT INTO panchayat (id, name, mandal_id) VALUES (504, 'Default Panchayat Rapur', 504);
INSERT INTO village (id, name, panchayat_id) VALUES (13769, 'Adurupalle', 504);
INSERT INTO village (id, name, panchayat_id) VALUES (13770, 'Akilavalasa', 504);
INSERT INTO village (id, name, panchayat_id) VALUES (13771, 'Bandepalle', 504);
INSERT INTO village (id, name, panchayat_id) VALUES (13772, 'Bojjanapalle', 504);
INSERT INTO village (id, name, panchayat_id) VALUES (13773, 'Chuttupalem', 504);
INSERT INTO village (id, name, panchayat_id) VALUES (13774, 'Gandurupalle', 504);
INSERT INTO village (id, name, panchayat_id) VALUES (13775, 'Garimenapenta', 504);
INSERT INTO village (id, name, panchayat_id) VALUES (13776, 'Gilakapadu', 504);
INSERT INTO village (id, name, panchayat_id) VALUES (13777, 'Gonu Narasayapalem', 504);
INSERT INTO village (id, name, panchayat_id) VALUES (13778, 'Gonupalle', 504);
INSERT INTO village (id, name, panchayat_id) VALUES (13779, 'Gundavolu', 504);
INSERT INTO village (id, name, panchayat_id) VALUES (13780, 'Gurivindapudi', 504);
INSERT INTO village (id, name, panchayat_id) VALUES (13781, 'Jorepalle', 504);
INSERT INTO village (id, name, panchayat_id) VALUES (13782, 'Jorepalle Akkamambapuram', 504);
INSERT INTO village (id, name, panchayat_id) VALUES (13783, 'Kambhalapalle', 504);
INSERT INTO village (id, name, panchayat_id) VALUES (13784, 'Kasulanativari Khandrika', 504);
INSERT INTO village (id, name, panchayat_id) VALUES (13785, 'Koturupadu', 504);
INSERT INTO village (id, name, panchayat_id) VALUES (13786, 'Lingapalem', 504);
INSERT INTO village (id, name, panchayat_id) VALUES (13787, 'Munagala Venkatapuram', 504);
INSERT INTO village (id, name, panchayat_id) VALUES (13788, 'Nayanipalle', 504);
INSERT INTO village (id, name, panchayat_id) VALUES (13789, 'Nellepalle', 504);
INSERT INTO village (id, name, panchayat_id) VALUES (13790, 'Pangili', 504);
INSERT INTO village (id, name, panchayat_id) VALUES (13791, 'Penubarthi', 504);
INSERT INTO village (id, name, panchayat_id) VALUES (13792, 'Penubarthi Gopasamudram', 504);
INSERT INTO village (id, name, panchayat_id) VALUES (13793, 'Puligilapadu', 504);
INSERT INTO village (id, name, panchayat_id) VALUES (13794, 'Rapur', 504);
INSERT INTO village (id, name, panchayat_id) VALUES (13795, 'Raviguntapalle', 504);
INSERT INTO village (id, name, panchayat_id) VALUES (13796, 'Sanayapalem', 504);
INSERT INTO village (id, name, panchayat_id) VALUES (13797, 'Sankurathripalle', 504);
INSERT INTO village (id, name, panchayat_id) VALUES (13798, 'Siddavaram', 504);
INSERT INTO village (id, name, panchayat_id) VALUES (13799, 'Suddamalla', 504);
INSERT INTO village (id, name, panchayat_id) VALUES (13800, 'Tanamcherla', 504);
INSERT INTO village (id, name, panchayat_id) VALUES (13801, 'Tegacherla', 504);
INSERT INTO village (id, name, panchayat_id) VALUES (13802, 'Thatipalle', 504);
INSERT INTO village (id, name, panchayat_id) VALUES (13803, 'Thokapalem', 504);
INSERT INTO village (id, name, panchayat_id) VALUES (13804, 'Tumaya', 504);
INSERT INTO village (id, name, panchayat_id) VALUES (13805, 'Veerayapalem', 504);
INSERT INTO village (id, name, panchayat_id) VALUES (13806, 'Vepinapiakkmambapuram', 504);
INSERT INTO village (id, name, panchayat_id) VALUES (13807, 'Yepuru', 504);
INSERT INTO mandal (id, name, constituency_id) VALUES (505, 'Sangam', 22);
INSERT INTO panchayat (id, name, mandal_id) VALUES (505, 'Default Panchayat Sangam', 505);
INSERT INTO village (id, name, panchayat_id) VALUES (13808, 'Annareddipalem', 505);
INSERT INTO village (id, name, panchayat_id) VALUES (13809, 'Chennavarappadu', 505);
INSERT INTO village (id, name, panchayat_id) VALUES (13810, 'Duvvuru', 505);
INSERT INTO village (id, name, panchayat_id) VALUES (13811, 'Jangala Khandrika', 505);
INSERT INTO village (id, name, panchayat_id) VALUES (13812, 'Kaligiri Konduru', 505);
INSERT INTO village (id, name, panchayat_id) VALUES (13813, 'Kolagatla', 505);
INSERT INTO village (id, name, panchayat_id) VALUES (13814, 'Korimerla', 505);
INSERT INTO village (id, name, panchayat_id) VALUES (13815, 'Korimerla Khandrika', 505);
INSERT INTO village (id, name, panchayat_id) VALUES (13816, 'Makthapuram', 505);
INSERT INTO village (id, name, panchayat_id) VALUES (13817, 'Marripadu', 505);
INSERT INTO village (id, name, panchayat_id) VALUES (13818, 'Neelayapalem', 505);
INSERT INTO village (id, name, panchayat_id) VALUES (13819, 'Padamatipalem', 505);
INSERT INTO village (id, name, panchayat_id) VALUES (13820, 'Peramana', 505);
INSERT INTO village (id, name, panchayat_id) VALUES (13821, 'Sangam', 505);
INSERT INTO village (id, name, panchayat_id) VALUES (13822, 'Talupurupadu', 505);
INSERT INTO village (id, name, panchayat_id) VALUES (13823, 'Tharunavaya', 505);
INSERT INTO village (id, name, panchayat_id) VALUES (13824, 'Vangallu', 505);
INSERT INTO mandal (id, name, constituency_id) VALUES (506, 'Seetharamapuram', 22);
INSERT INTO panchayat (id, name, mandal_id) VALUES (506, 'Default Panchayat Seetharamapuram', 506);
INSERT INTO village (id, name, panchayat_id) VALUES (13825, 'Ayyavaripalle', 506);
INSERT INTO village (id, name, panchayat_id) VALUES (13826, 'Balayapalle', 506);
INSERT INTO village (id, name, panchayat_id) VALUES (13827, 'Basinenipalle', 506);
INSERT INTO village (id, name, panchayat_id) VALUES (13828, 'China Nagampalle', 506);
INSERT INTO village (id, name, panchayat_id) VALUES (13829, 'Chinthodu', 506);
INSERT INTO village (id, name, panchayat_id) VALUES (13830, 'Devammacheruvu', 506);
INSERT INTO village (id, name, panchayat_id) VALUES (13831, 'Devarajusurayapalle', 506);
INSERT INTO village (id, name, panchayat_id) VALUES (13832, 'Devisettipalle', 506);
INSERT INTO village (id, name, panchayat_id) VALUES (13833, 'Gangavaram', 506);
INSERT INTO village (id, name, panchayat_id) VALUES (13834, 'Gundupalle', 506);
INSERT INTO village (id, name, panchayat_id) VALUES (13835, 'Jayapuram', 506);
INSERT INTO village (id, name, panchayat_id) VALUES (13836, 'Maramreddipalle', 506);
INSERT INTO village (id, name, panchayat_id) VALUES (13837, 'Narayanampet', 506);
INSERT INTO village (id, name, panchayat_id) VALUES (13838, 'Nemalladinne', 506);
INSERT INTO village (id, name, panchayat_id) VALUES (13839, 'Pabbuletipalle', 506);
INSERT INTO village (id, name, panchayat_id) VALUES (13840, 'Padamati Rompidodla', 506);
INSERT INTO village (id, name, panchayat_id) VALUES (13841, 'Pandrangi', 506);
INSERT INTO village (id, name, panchayat_id) VALUES (13842, 'Pedda Nagampalle', 506);
INSERT INTO village (id, name, panchayat_id) VALUES (13843, 'Seetharamapuram', 506);
INSERT INTO village (id, name, panchayat_id) VALUES (13844, 'Singareddipalle', 506);
INSERT INTO village (id, name, panchayat_id) VALUES (13845, 'Vempallethoka', 506);
INSERT INTO mandal (id, name, constituency_id) VALUES (507, 'Sydapuram', 22);
INSERT INTO panchayat (id, name, mandal_id) VALUES (507, 'Default Panchayat Sydapuram', 507);
INSERT INTO village (id, name, panchayat_id) VALUES (13846, 'Adhvanna Punarayanakattubadi', 507);
INSERT INTO village (id, name, panchayat_id) VALUES (13847, 'Ananthamadugu', 507);
INSERT INTO village (id, name, panchayat_id) VALUES (13848, 'Chaganam', 507);
INSERT INTO village (id, name, panchayat_id) VALUES (13849, 'Cheekavolu', 507);
INSERT INTO village (id, name, panchayat_id) VALUES (13850, 'Devaravemur', 507);
INSERT INTO village (id, name, panchayat_id) VALUES (13851, 'Edulakhandrika', 507);
INSERT INTO village (id, name, panchayat_id) VALUES (13852, 'Griddalur', 507);
INSERT INTO village (id, name, panchayat_id) VALUES (13853, 'Gulimcherla', 507);
INSERT INTO village (id, name, panchayat_id) VALUES (13854, 'Jaflapuram', 507);
INSERT INTO village (id, name, panchayat_id) VALUES (13855, 'Jogipalle', 507);
INSERT INTO village (id, name, panchayat_id) VALUES (13856, 'Kalichedu', 507);
INSERT INTO village (id, name, panchayat_id) VALUES (13857, 'Komatigunta Rajupalem', 507);
INSERT INTO village (id, name, panchayat_id) VALUES (13858, 'Kommipadu', 507);
INSERT INTO village (id, name, panchayat_id) VALUES (13859, 'Krishnareddipalle', 507);
INSERT INTO village (id, name, panchayat_id) VALUES (13860, 'Lingasamudram', 507);
INSERT INTO village (id, name, panchayat_id) VALUES (13861, 'Malichedu', 507);
INSERT INTO village (id, name, panchayat_id) VALUES (13862, 'Mittapalle', 507);
INSERT INTO village (id, name, panchayat_id) VALUES (13863, 'Molakalapundla', 507);
INSERT INTO village (id, name, panchayat_id) VALUES (13864, 'Munagapadu', 507);
INSERT INTO village (id, name, panchayat_id) VALUES (13865, 'Nalabotlapalle', 507);
INSERT INTO village (id, name, panchayat_id) VALUES (13866, 'Orupalle', 507);
INSERT INTO village (id, name, panchayat_id) VALUES (13867, 'Orupalle @ Turimerla', 507);
INSERT INTO village (id, name, panchayat_id) VALUES (13868, 'Palur', 507);
INSERT INTO village (id, name, panchayat_id) VALUES (13869, 'Pathallapalle', 507);
INSERT INTO village (id, name, panchayat_id) VALUES (13870, 'Perumallapadu', 507);
INSERT INTO village (id, name, panchayat_id) VALUES (13871, 'Pokkandala', 507);
INSERT INTO village (id, name, panchayat_id) VALUES (13872, 'Pothegunta', 507);
INSERT INTO village (id, name, panchayat_id) VALUES (13873, 'Raganaramapuram', 507);
INSERT INTO village (id, name, panchayat_id) VALUES (13874, 'Ramasagaram', 507);
INSERT INTO village (id, name, panchayat_id) VALUES (13875, 'Samudralavari Khandrika', 507);
INSERT INTO village (id, name, panchayat_id) VALUES (13876, 'Thimmanaramapuram', 507);
INSERT INTO village (id, name, panchayat_id) VALUES (13877, 'Thippireddipalle', 507);
INSERT INTO village (id, name, panchayat_id) VALUES (13878, 'Thokalapudi', 507);
INSERT INTO village (id, name, panchayat_id) VALUES (13879, 'Tocham', 507);
INSERT INTO village (id, name, panchayat_id) VALUES (13880, 'Utukur', 507);
INSERT INTO village (id, name, panchayat_id) VALUES (13881, 'Vemulachedu', 507);
INSERT INTO mandal (id, name, constituency_id) VALUES (508, 'Thotapalligudur', 22);
INSERT INTO panchayat (id, name, mandal_id) VALUES (508, 'Default Panchayat Thotapalligudur', 508);
INSERT INTO village (id, name, panchayat_id) VALUES (13882, 'Amulur (South)', 508);
INSERT INTO village (id, name, panchayat_id) VALUES (13883, 'Ananthapuram', 508);
INSERT INTO village (id, name, panchayat_id) VALUES (13884, 'Chinna Cherukur', 508);
INSERT INTO village (id, name, panchayat_id) VALUES (13885, 'Eduru - I', 508);
INSERT INTO village (id, name, panchayat_id) VALUES (13886, 'Eduru - II', 508);
INSERT INTO village (id, name, panchayat_id) VALUES (13887, 'Koduru-I', 508);
INSERT INTO village (id, name, panchayat_id) VALUES (13888, 'Koduru -Ii', 508);
INSERT INTO village (id, name, panchayat_id) VALUES (13889, 'Koduru Khandrika', 508);
INSERT INTO village (id, name, panchayat_id) VALUES (13890, 'Kothapalem', 508);
INSERT INTO village (id, name, panchayat_id) VALUES (13891, 'Mungaladoruvu', 508);
INSERT INTO village (id, name, panchayat_id) VALUES (13892, 'Narukur', 508);
INSERT INTO village (id, name, panchayat_id) VALUES (13893, 'Peduru', 508);
INSERT INTO village (id, name, panchayat_id) VALUES (13894, 'Potlapudi', 508);
INSERT INTO village (id, name, panchayat_id) VALUES (13895, 'Sivarampuram', 508);
INSERT INTO village (id, name, panchayat_id) VALUES (13896, 'Thotapalle', 508);
INSERT INTO village (id, name, panchayat_id) VALUES (13897, 'T.P.Gudur Bit-I', 508);
INSERT INTO village (id, name, panchayat_id) VALUES (13898, 'T.P.Gudur Bit-Ii', 508);
INSERT INTO village (id, name, panchayat_id) VALUES (13899, 'Varigonda', 508);
INSERT INTO village (id, name, panchayat_id) VALUES (13900, 'Venkanapalem', 508);
INSERT INTO village (id, name, panchayat_id) VALUES (13901, 'Vilukanipalle', 508);
INSERT INTO mandal (id, name, constituency_id) VALUES (509, 'Udayagiri', 22);
INSERT INTO panchayat (id, name, mandal_id) VALUES (509, 'Default Panchayat Udayagiri', 509);
INSERT INTO village (id, name, panchayat_id) VALUES (13902, 'Appasamudram', 509);
INSERT INTO village (id, name, panchayat_id) VALUES (13903, 'Arlapadiya', 509);
INSERT INTO village (id, name, panchayat_id) VALUES (13904, 'Bandaganipalle', 509);
INSERT INTO village (id, name, panchayat_id) VALUES (13905, 'Chowdepalle', 509);
INSERT INTO village (id, name, panchayat_id) VALUES (13906, 'Gandipalem', 509);
INSERT INTO village (id, name, panchayat_id) VALUES (13907, 'Gangulavari Cheruvu Palle', 509);
INSERT INTO village (id, name, panchayat_id) VALUES (13908, 'Gannepalle', 509);
INSERT INTO village (id, name, panchayat_id) VALUES (13909, 'Gudinarava', 509);
INSERT INTO village (id, name, panchayat_id) VALUES (13910, 'Kotayapalle', 509);
INSERT INTO village (id, name, panchayat_id) VALUES (13911, 'Krishnampalle', 509);
INSERT INTO village (id, name, panchayat_id) VALUES (13912, 'Kurrapalle', 509);
INSERT INTO village (id, name, panchayat_id) VALUES (13913, 'Pappulavaripalle', 509);
INSERT INTO village (id, name, panchayat_id) VALUES (13914, 'Pullayapalle', 509);
INSERT INTO village (id, name, panchayat_id) VALUES (13915, 'Sakunalapalle', 509);
INSERT INTO village (id, name, panchayat_id) VALUES (13916, 'Sunnamvarichintala', 509);
INSERT INTO village (id, name, panchayat_id) VALUES (13917, 'Thirumalapuram', 509);
INSERT INTO village (id, name, panchayat_id) VALUES (13918, 'Udayagiri @ Kondayapalem', 509);
INSERT INTO mandal (id, name, constituency_id) VALUES (510, 'Varikuntapadu', 22);
INSERT INTO panchayat (id, name, mandal_id) VALUES (510, 'Default Panchayat Varikuntapadu', 510);
INSERT INTO village (id, name, panchayat_id) VALUES (13919, 'Alivelumangapuram', 510);
INSERT INTO village (id, name, panchayat_id) VALUES (13920, 'Bhaskarapuram', 510);
INSERT INTO village (id, name, panchayat_id) VALUES (13921, 'Bongaravulapadu', 510);
INSERT INTO village (id, name, panchayat_id) VALUES (13922, 'Dakkanur', 510);
INSERT INTO village (id, name, panchayat_id) VALUES (13923, 'Damancherla', 510);
INSERT INTO village (id, name, panchayat_id) VALUES (13924, 'Ganeswarapuram', 510);
INSERT INTO village (id, name, panchayat_id) VALUES (13925, 'Gollapalle', 510);
INSERT INTO village (id, name, panchayat_id) VALUES (13926, 'Guvvadi', 510);
INSERT INTO village (id, name, panchayat_id) VALUES (13927, 'Iskapalli', 510);
INSERT INTO village (id, name, panchayat_id) VALUES (13928, 'Jadadevi', 510);
INSERT INTO village (id, name, panchayat_id) VALUES (13929, 'Kancheruvu', 510);
INSERT INTO village (id, name, panchayat_id) VALUES (13930, 'Kaniampadu', 510);
INSERT INTO village (id, name, panchayat_id) VALUES (13931, 'Kondayapalem', 510);
INSERT INTO village (id, name, panchayat_id) VALUES (13932, 'Mohammadapuram', 510);
INSERT INTO village (id, name, panchayat_id) VALUES (13933, 'Narasimhapuram', 510);
INSERT INTO village (id, name, panchayat_id) VALUES (13934, 'Pamurupalle', 510);
INSERT INTO village (id, name, panchayat_id) VALUES (13935, 'Peddireddipalle', 510);
INSERT INTO village (id, name, panchayat_id) VALUES (13936, 'Ramadevulapadu', 510);
INSERT INTO village (id, name, panchayat_id) VALUES (13937, 'Thodugupalle', 510);
INSERT INTO village (id, name, panchayat_id) VALUES (13938, 'Thotalacheruvupalle', 510);
INSERT INTO village (id, name, panchayat_id) VALUES (13939, 'Thurpu Boyamadugula', 510);
INSERT INTO village (id, name, panchayat_id) VALUES (13940, 'Thurpu Chennampalle', 510);
INSERT INTO village (id, name, panchayat_id) VALUES (13941, 'Thurpupalem', 510);
INSERT INTO village (id, name, panchayat_id) VALUES (13942, 'Turpurompidodla', 510);
INSERT INTO village (id, name, panchayat_id) VALUES (13943, 'Varikuntapadu', 510);
INSERT INTO village (id, name, panchayat_id) VALUES (13944, 'Vempadu', 510);
INSERT INTO village (id, name, panchayat_id) VALUES (13945, 'Viruvooru', 510);
INSERT INTO village (id, name, panchayat_id) VALUES (13946, 'Yerramreddipalle', 510);
INSERT INTO mandal (id, name, constituency_id) VALUES (511, 'Venkatachalam', 22);
INSERT INTO panchayat (id, name, mandal_id) VALUES (511, 'Default Panchayat Venkatachalam', 511);
INSERT INTO village (id, name, panchayat_id) VALUES (13947, 'Anikepalle', 511);
INSERT INTO village (id, name, panchayat_id) VALUES (13948, 'Edagali', 511);
INSERT INTO village (id, name, panchayat_id) VALUES (13949, 'Epuru Bit - II (G V R Palem)', 511);
INSERT INTO village (id, name, panchayat_id) VALUES (13950, 'Idimepalle', 511);
INSERT INTO village (id, name, panchayat_id) VALUES (13951, 'Kakuturu', 511);
INSERT INTO village (id, name, panchayat_id) VALUES (13952, 'Kandalapadu', 511);
INSERT INTO village (id, name, panchayat_id) VALUES (13953, 'Kantepalle', 511);
INSERT INTO village (id, name, panchayat_id) VALUES (13954, 'Kanupur Bit-Ii @ Chowtapalem', 511);
INSERT INTO village (id, name, panchayat_id) VALUES (13955, 'Kanupuru Bit - I', 511);
INSERT INTO village (id, name, panchayat_id) VALUES (13956, 'Kasumuru', 511);
INSERT INTO village (id, name, panchayat_id) VALUES (13957, 'Kumkumpudi', 511);
INSERT INTO village (id, name, panchayat_id) VALUES (13958, 'Kuricherlapadu', 511);
INSERT INTO village (id, name, panchayat_id) VALUES (13959, 'Nagulavaram', 511);
INSERT INTO village (id, name, panchayat_id) VALUES (13960, 'Palicherlapadu', 511);
INSERT INTO village (id, name, panchayat_id) VALUES (13961, 'Pudiparthi', 511);
INSERT INTO village (id, name, panchayat_id) VALUES (13962, 'Punjulurupadu', 511);
INSERT INTO village (id, name, panchayat_id) VALUES (13963, 'Survepalle Bit-I', 511);
INSERT INTO village (id, name, panchayat_id) VALUES (13964, 'Survepalle Bit – II', 511);
INSERT INTO village (id, name, panchayat_id) VALUES (13965, 'Survepalle-Iii @ Iskapalem', 511);
INSERT INTO village (id, name, panchayat_id) VALUES (13966, 'Survepalle-Iv @ N.G.Palem', 511);
INSERT INTO mandal (id, name, constituency_id) VALUES (512, 'Vidavalur', 22);
INSERT INTO panchayat (id, name, mandal_id) VALUES (512, 'Default Panchayat Vidavalur', 512);
INSERT INTO village (id, name, panchayat_id) VALUES (13967, 'Alaganipadu', 512);
INSERT INTO village (id, name, panchayat_id) VALUES (13968, 'Chowkacherla', 512);
INSERT INTO village (id, name, panchayat_id) VALUES (13969, 'Dampuru', 512);
INSERT INTO village (id, name, panchayat_id) VALUES (13970, 'Dandigunta', 512);
INSERT INTO village (id, name, panchayat_id) VALUES (13971, 'Mudivarthi', 512);
INSERT INTO village (id, name, panchayat_id) VALUES (13972, 'Parlapalle', 512);
INSERT INTO village (id, name, panchayat_id) VALUES (13973, 'Utukuru', 512);
INSERT INTO village (id, name, panchayat_id) VALUES (13974, 'Varini', 512);
INSERT INTO village (id, name, panchayat_id) VALUES (13975, 'Vavilla', 512);
INSERT INTO village (id, name, panchayat_id) VALUES (13976, 'Vidavalur', 512);
INSERT INTO mandal (id, name, constituency_id) VALUES (513, 'Vinjamur', 22);
INSERT INTO panchayat (id, name, mandal_id) VALUES (513, 'Default Panchayat Vinjamur', 513);
INSERT INTO village (id, name, panchayat_id) VALUES (13977, 'Bukkapuram', 513);
INSERT INTO village (id, name, panchayat_id) VALUES (13978, 'Chakalakonda', 513);
INSERT INTO village (id, name, panchayat_id) VALUES (13979, 'Chandrapadia', 513);
INSERT INTO village (id, name, panchayat_id) VALUES (13980, 'Chinthalapalem', 513);
INSERT INTO village (id, name, panchayat_id) VALUES (13981, 'Gundemadakala', 513);
INSERT INTO village (id, name, panchayat_id) VALUES (13982, 'Janardhanapuram', 513);
INSERT INTO village (id, name, panchayat_id) VALUES (13983, 'Katepalle', 513);
INSERT INTO village (id, name, panchayat_id) VALUES (13984, 'Kistipuram', 513);
INSERT INTO village (id, name, panchayat_id) VALUES (13985, 'Nallagonda', 513);
INSERT INTO village (id, name, panchayat_id) VALUES (13986, 'Nandigunta', 513);
INSERT INTO village (id, name, panchayat_id) VALUES (13987, 'Ravipadu', 513);
INSERT INTO village (id, name, panchayat_id) VALUES (13988, 'Sankavaram', 513);
INSERT INTO village (id, name, panchayat_id) VALUES (13989, 'Thamidapadu', 513);
INSERT INTO village (id, name, panchayat_id) VALUES (13990, 'Utukuru', 513);
INSERT INTO village (id, name, panchayat_id) VALUES (13991, 'Vinjamur', 513);
INSERT INTO district (id, name, state_id) VALUES (23, 'Sri Sathya Sai', 1);
INSERT INTO constituency (id, name, district_id, mla_name, mp_name) VALUES (23, 'Default Constituency Sri Sathya Sai', 23, 'Pending MLA', 'Pending MP');
INSERT INTO mandal (id, name, constituency_id) VALUES (514, 'Agali', 23);
INSERT INTO panchayat (id, name, mandal_id) VALUES (514, 'Default Panchayat Agali', 514);
INSERT INTO village (id, name, panchayat_id) VALUES (13992, 'Agali', 514);
INSERT INTO village (id, name, panchayat_id) VALUES (13993, 'Akkagaladevarahalli', 514);
INSERT INTO village (id, name, panchayat_id) VALUES (13994, 'Hulikeradevarahalli', 514);
INSERT INTO village (id, name, panchayat_id) VALUES (13995, 'Inagalore', 514);
INSERT INTO village (id, name, panchayat_id) VALUES (13996, 'Kodihalli', 514);
INSERT INTO village (id, name, panchayat_id) VALUES (13997, 'Madhudi', 514);
INSERT INTO village (id, name, panchayat_id) VALUES (13998, 'Narasambudi', 514);
INSERT INTO village (id, name, panchayat_id) VALUES (13999, 'P. Byadigera', 514);
INSERT INTO village (id, name, panchayat_id) VALUES (14000, 'Ravudi', 514);
INSERT INTO mandal (id, name, constituency_id) VALUES (515, 'Amadagur', 23);
INSERT INTO panchayat (id, name, mandal_id) VALUES (515, 'Default Panchayat Amadagur', 515);
INSERT INTO village (id, name, panchayat_id) VALUES (14001, 'Amadagur', 515);
INSERT INTO village (id, name, panchayat_id) VALUES (14002, 'Cheekirevulapalle', 515);
INSERT INTO village (id, name, panchayat_id) VALUES (14003, 'Chinaganipalle', 515);
INSERT INTO village (id, name, panchayat_id) VALUES (14004, 'Dademvaripalle', 515);
INSERT INTO village (id, name, panchayat_id) VALUES (14005, 'Edigavaripalle', 515);
INSERT INTO village (id, name, panchayat_id) VALUES (14006, 'Gadidamvaripalle', 515);
INSERT INTO village (id, name, panchayat_id) VALUES (14007, 'Jowkalakothapalle', 515);
INSERT INTO village (id, name, panchayat_id) VALUES (14008, 'Karinireddipalle', 515);
INSERT INTO village (id, name, panchayat_id) VALUES (14009, 'Kassamudram', 515);
INSERT INTO village (id, name, panchayat_id) VALUES (14010, 'Lokojipalle', 515);
INSERT INTO village (id, name, panchayat_id) VALUES (14011, 'Mohammadabad', 515);
INSERT INTO village (id, name, panchayat_id) VALUES (14012, 'Pulikuntlapalle', 515);
INSERT INTO village (id, name, panchayat_id) VALUES (14013, 'Ramanathapuram', 515);
INSERT INTO village (id, name, panchayat_id) VALUES (14014, 'S.Kuruvapalle', 515);
INSERT INTO village (id, name, panchayat_id) VALUES (14015, 'Thummala', 515);
INSERT INTO mandal (id, name, constituency_id) VALUES (516, 'Amarapuram', 23);
INSERT INTO panchayat (id, name, mandal_id) VALUES (516, 'Default Panchayat Amarapuram', 516);
INSERT INTO village (id, name, panchayat_id) VALUES (14016, 'Amarapuram', 516);
INSERT INTO village (id, name, panchayat_id) VALUES (14017, 'Basavanahalli', 516);
INSERT INTO village (id, name, panchayat_id) VALUES (14018, 'Halukuru', 516);
INSERT INTO village (id, name, panchayat_id) VALUES (14019, 'Hemavathi', 516);
INSERT INTO village (id, name, panchayat_id) VALUES (14020, 'Nidragatta', 516);
INSERT INTO village (id, name, panchayat_id) VALUES (14021, 'Sivaram', 516);
INSERT INTO village (id, name, panchayat_id) VALUES (14022, 'Thammadehalli', 516);
INSERT INTO village (id, name, panchayat_id) VALUES (14023, 'Valasa', 516);
INSERT INTO village (id, name, panchayat_id) VALUES (14024, 'Veerabommana Halli', 516);
INSERT INTO mandal (id, name, constituency_id) VALUES (517, 'Bathalapalli', 23);
INSERT INTO panchayat (id, name, mandal_id) VALUES (517, 'Default Panchayat Bathalapalli', 517);
INSERT INTO village (id, name, panchayat_id) VALUES (14025, 'Apparacheruvu', 517);
INSERT INTO village (id, name, panchayat_id) VALUES (14026, 'Bathalapalle', 517);
INSERT INTO village (id, name, panchayat_id) VALUES (14027, 'Chennarayapatnam', 517);
INSERT INTO village (id, name, panchayat_id) VALUES (14028, 'Dampetla', 517);
INSERT INTO village (id, name, panchayat_id) VALUES (14029, 'D.Cherlopalle', 517);
INSERT INTO village (id, name, panchayat_id) VALUES (14030, 'Edula Mustur', 517);
INSERT INTO village (id, name, panchayat_id) VALUES (14031, 'Gariselapalle', 517);
INSERT INTO village (id, name, panchayat_id) VALUES (14032, 'Malyavantham', 517);
INSERT INTO village (id, name, panchayat_id) VALUES (14033, 'Obulapuram', 517);
INSERT INTO village (id, name, panchayat_id) VALUES (14034, 'Raghavampalle', 517);
INSERT INTO village (id, name, panchayat_id) VALUES (14035, 'Sangala', 517);
INSERT INTO mandal (id, name, constituency_id) VALUES (518, 'Bukkapatnam', 23);
INSERT INTO panchayat (id, name, mandal_id) VALUES (518, 'Default Panchayat Bukkapatnam', 518);
INSERT INTO village (id, name, panchayat_id) VALUES (14036, 'Agraharam', 518);
INSERT INTO village (id, name, panchayat_id) VALUES (14037, 'Bukkapatnam', 518);
INSERT INTO village (id, name, panchayat_id) VALUES (14038, 'Gunipalle', 518);
INSERT INTO village (id, name, panchayat_id) VALUES (14039, 'Kothakota', 518);
INSERT INTO village (id, name, panchayat_id) VALUES (14040, 'Krishnapuram', 518);
INSERT INTO village (id, name, panchayat_id) VALUES (14041, 'Marala', 518);
INSERT INTO village (id, name, panchayat_id) VALUES (14042, 'Pamudurthi', 518);
INSERT INTO village (id, name, panchayat_id) VALUES (14043, 'Siddarampuram', 518);
INSERT INTO mandal (id, name, constituency_id) VALUES (519, 'Chennekothapalli', 23);
INSERT INTO panchayat (id, name, mandal_id) VALUES (519, 'Default Panchayat Chennekothapalli', 519);
INSERT INTO village (id, name, panchayat_id) VALUES (14044, 'Bramhanapalle', 519);
INSERT INTO village (id, name, panchayat_id) VALUES (14045, 'Chennekothapalle', 519);
INSERT INTO village (id, name, panchayat_id) VALUES (14046, 'Ganginepalle', 519);
INSERT INTO village (id, name, panchayat_id) VALUES (14047, 'Kanumukkala', 519);
INSERT INTO village (id, name, panchayat_id) VALUES (14048, 'Medapuram', 519);
INSERT INTO village (id, name, panchayat_id) VALUES (14049, 'Mustikovila', 519);
INSERT INTO village (id, name, panchayat_id) VALUES (14050, 'Nagasamudram', 519);
INSERT INTO village (id, name, panchayat_id) VALUES (14051, 'Nyamaddala', 519);
INSERT INTO village (id, name, panchayat_id) VALUES (14052, 'Poletipalle', 519);
INSERT INTO village (id, name, panchayat_id) VALUES (14053, 'Pyadindi', 519);
INSERT INTO village (id, name, panchayat_id) VALUES (14054, 'Veldurthi', 519);
INSERT INTO mandal (id, name, constituency_id) VALUES (520, 'Chilamathur', 23);
INSERT INTO panchayat (id, name, mandal_id) VALUES (520, 'Default Panchayat Chilamathur', 520);
INSERT INTO village (id, name, panchayat_id) VALUES (14055, 'Chagaluru', 520);
INSERT INTO village (id, name, panchayat_id) VALUES (14056, 'Chilamathur', 520);
INSERT INTO village (id, name, panchayat_id) VALUES (14057, 'Chowdireddipalle', 520);
INSERT INTO village (id, name, panchayat_id) VALUES (14058, 'Demakethepalle', 520);
INSERT INTO village (id, name, panchayat_id) VALUES (14059, 'Gandladinne', 520);
INSERT INTO village (id, name, panchayat_id) VALUES (14060, 'Hussainpuram', 520);
INSERT INTO village (id, name, panchayat_id) VALUES (14061, 'Kambaladinne', 520);
INSERT INTO village (id, name, panchayat_id) VALUES (14062, 'Kanugamakulapalle', 520);
INSERT INTO village (id, name, panchayat_id) VALUES (14063, 'Kodikonda', 520);
INSERT INTO village (id, name, panchayat_id) VALUES (14064, 'Kodur', 520);
INSERT INTO village (id, name, panchayat_id) VALUES (14065, 'Marrimakulapalle', 520);
INSERT INTO village (id, name, panchayat_id) VALUES (14066, 'Morasalapalle', 520);
INSERT INTO village (id, name, panchayat_id) VALUES (14067, 'Muddireddipalle', 520);
INSERT INTO village (id, name, panchayat_id) VALUES (14068, 'Naremuddapalle', 520);
INSERT INTO village (id, name, panchayat_id) VALUES (14069, 'Settipalle', 520);
INSERT INTO village (id, name, panchayat_id) VALUES (14070, 'Somaghatta', 520);
INSERT INTO village (id, name, panchayat_id) VALUES (14071, 'Subbaraopet', 520);
INSERT INTO village (id, name, panchayat_id) VALUES (14072, 'Tekulodu', 520);
INSERT INTO village (id, name, panchayat_id) VALUES (14073, 'Veerapuram', 520);
INSERT INTO village (id, name, panchayat_id) VALUES (14074, 'Yagnisettipalle', 520);
INSERT INTO village (id, name, panchayat_id) VALUES (14075, 'Yerrasingepalle', 520);
INSERT INTO mandal (id, name, constituency_id) VALUES (521, 'Dharmavaram', 23);
INSERT INTO panchayat (id, name, mandal_id) VALUES (521, 'Default Panchayat Dharmavaram', 521);
INSERT INTO village (id, name, panchayat_id) VALUES (14076, 'Buddareddipalle', 521);
INSERT INTO village (id, name, panchayat_id) VALUES (14077, 'Chigicherla', 521);
INSERT INTO village (id, name, panchayat_id) VALUES (14078, 'Darsimala', 521);
INSERT INTO village (id, name, panchayat_id) VALUES (14079, 'Dharmavaram', 521);
INSERT INTO village (id, name, panchayat_id) VALUES (14080, 'Elukuntla', 521);
INSERT INTO village (id, name, panchayat_id) VALUES (14081, 'Gotlur', 521);
INSERT INTO village (id, name, panchayat_id) VALUES (14082, 'Kunuthuru (R)', 521);
INSERT INTO village (id, name, panchayat_id) VALUES (14083, 'Mallakalva', 521);
INSERT INTO village (id, name, panchayat_id) VALUES (14084, 'Nelakota', 521);
INSERT INTO village (id, name, panchayat_id) VALUES (14085, 'Pothulanagepalle', 521);
INSERT INTO village (id, name, panchayat_id) VALUES (14086, 'Ravulacheruvu', 521);
INSERT INTO village (id, name, panchayat_id) VALUES (14087, 'Regatipalle', 521);
INSERT INTO village (id, name, panchayat_id) VALUES (14088, 'Subbaraopeta', 521);
INSERT INTO village (id, name, panchayat_id) VALUES (14089, 'Thummala', 521);
INSERT INTO mandal (id, name, constituency_id) VALUES (522, 'Gandlapenta', 23);
INSERT INTO panchayat (id, name, mandal_id) VALUES (522, 'Default Panchayat Gandlapenta', 522);
INSERT INTO village (id, name, panchayat_id) VALUES (14090, 'Chamachenubylu', 522);
INSERT INTO village (id, name, panchayat_id) VALUES (14091, 'Chamalagondi', 522);
INSERT INTO village (id, name, panchayat_id) VALUES (14092, 'Gandlapenta', 522);
INSERT INTO village (id, name, panchayat_id) VALUES (14093, 'Godduvelagala', 522);
INSERT INTO village (id, name, panchayat_id) VALUES (14094, 'Jeenulakunta', 522);
INSERT INTO village (id, name, panchayat_id) VALUES (14095, 'Kamathampalle', 522);
INSERT INTO village (id, name, panchayat_id) VALUES (14096, 'Kurumamidi', 522);
INSERT INTO village (id, name, panchayat_id) VALUES (14097, 'Maddivarigondi', 522);
INSERT INTO village (id, name, panchayat_id) VALUES (14098, 'Maduguvanigondi', 522);
INSERT INTO village (id, name, panchayat_id) VALUES (14099, 'Malameedapalle', 522);
INSERT INTO village (id, name, panchayat_id) VALUES (14100, 'Somayajulapalle', 522);
INSERT INTO village (id, name, panchayat_id) VALUES (14101, 'Thummalabylu', 522);
INSERT INTO village (id, name, panchayat_id) VALUES (14102, 'Veparala', 522);
INSERT INTO mandal (id, name, constituency_id) VALUES (523, 'Gorantla', 23);
INSERT INTO panchayat (id, name, mandal_id) VALUES (523, 'Default Panchayat Gorantla', 523);
INSERT INTO village (id, name, panchayat_id) VALUES (14103, 'Bayanakuntapalle', 523);
INSERT INTO village (id, name, panchayat_id) VALUES (14104, 'Boyalapalle', 523);
INSERT INTO village (id, name, panchayat_id) VALUES (14105, 'Budili', 523);
INSERT INTO village (id, name, panchayat_id) VALUES (14106, 'Buganipalle', 523);
INSERT INTO village (id, name, panchayat_id) VALUES (14107, 'Devulacheruvu', 523);
INSERT INTO village (id, name, panchayat_id) VALUES (14108, 'Gangampalle', 523);
INSERT INTO village (id, name, panchayat_id) VALUES (14109, 'Gorantla', 523);
INSERT INTO village (id, name, panchayat_id) VALUES (14110, 'Gowrivaripalle', 523);
INSERT INTO village (id, name, panchayat_id) VALUES (14111, 'Jakkasamudram', 523);
INSERT INTO village (id, name, panchayat_id) VALUES (14112, 'Jowkuledudinne', 523);
INSERT INTO village (id, name, panchayat_id) VALUES (14113, 'Kammavaripalle', 523);
INSERT INTO village (id, name, panchayat_id) VALUES (14114, 'Katepalle', 523);
INSERT INTO village (id, name, panchayat_id) VALUES (14115, 'Mallapalle', 523);
INSERT INTO village (id, name, panchayat_id) VALUES (14116, 'Mandalapalle', 523);
INSERT INTO village (id, name, panchayat_id) VALUES (14117, 'Maredipalle', 523);
INSERT INTO village (id, name, panchayat_id) VALUES (14118, 'Obulapuram', 523);
INSERT INTO village (id, name, panchayat_id) VALUES (14119, 'Palasamudram', 523);
INSERT INTO village (id, name, panchayat_id) VALUES (14120, 'Puleru', 523);
INSERT INTO village (id, name, panchayat_id) VALUES (14121, 'Ragimakulapalle', 523);
INSERT INTO village (id, name, panchayat_id) VALUES (14122, 'Vadigepalle', 523);
INSERT INTO village (id, name, panchayat_id) VALUES (14123, 'Vanavolu', 523);
INSERT INTO mandal (id, name, constituency_id) VALUES (524, 'Gudibanda', 23);
INSERT INTO panchayat (id, name, mandal_id) VALUES (524, 'Default Panchayat Gudibanda', 524);
INSERT INTO village (id, name, panchayat_id) VALUES (14124, 'Chigathurpi', 524);
INSERT INTO village (id, name, panchayat_id) VALUES (14125, 'Gudibanda', 524);
INSERT INTO village (id, name, panchayat_id) VALUES (14126, 'Gunimorubagal', 524);
INSERT INTO village (id, name, panchayat_id) VALUES (14127, 'Karikera', 524);
INSERT INTO village (id, name, panchayat_id) VALUES (14128, 'Kekathi', 524);
INSERT INTO village (id, name, panchayat_id) VALUES (14129, 'Konkallu', 524);
INSERT INTO village (id, name, panchayat_id) VALUES (14130, 'Kumbaranagehalli', 524);
INSERT INTO village (id, name, panchayat_id) VALUES (14131, 'Mandalahalli', 524);
INSERT INTO village (id, name, panchayat_id) VALUES (14132, 'Morubagal', 524);
INSERT INTO village (id, name, panchayat_id) VALUES (14133, 'Muthukur', 524);
INSERT INTO village (id, name, panchayat_id) VALUES (14134, 'Pillenahalli', 524);
INSERT INTO village (id, name, panchayat_id) VALUES (14135, 'Rallahalli', 524);
INSERT INTO village (id, name, panchayat_id) VALUES (14136, 'S.Rayapuram', 524);
INSERT INTO mandal (id, name, constituency_id) VALUES (525, 'Hindupur', 23);
INSERT INTO panchayat (id, name, mandal_id) VALUES (525, 'Default Panchayat Hindupur', 525);
INSERT INTO village (id, name, panchayat_id) VALUES (14137, 'Bevina Halli', 525);
INSERT INTO village (id, name, panchayat_id) VALUES (14138, 'Chalivendala', 525);
INSERT INTO village (id, name, panchayat_id) VALUES (14139, 'Chowlur', 525);
INSERT INTO village (id, name, panchayat_id) VALUES (14140, 'Devarapalle', 525);
INSERT INTO village (id, name, panchayat_id) VALUES (14141, 'Gollapuram', 525);
INSERT INTO village (id, name, panchayat_id) VALUES (14142, 'Hindupur', 525);
INSERT INTO village (id, name, panchayat_id) VALUES (14143, 'Kirikera', 525);
INSERT INTO village (id, name, panchayat_id) VALUES (14144, 'Kotipi', 525);
INSERT INTO village (id, name, panchayat_id) VALUES (14145, 'Kotnur', 525);
INSERT INTO village (id, name, panchayat_id) VALUES (14146, 'Maluguru', 525);
INSERT INTO village (id, name, panchayat_id) VALUES (14147, 'Manesamudram', 525);
INSERT INTO village (id, name, panchayat_id) VALUES (14148, 'Nakkalapalle', 525);
INSERT INTO village (id, name, panchayat_id) VALUES (14149, 'Santhebidanur', 525);
INSERT INTO village (id, name, panchayat_id) VALUES (14150, 'Sreekanthapuram (R)', 525);
INSERT INTO village (id, name, panchayat_id) VALUES (14151, 'Thumukunta', 525);
INSERT INTO village (id, name, panchayat_id) VALUES (14152, 'Thungepalle', 525);
INSERT INTO mandal (id, name, constituency_id) VALUES (526, 'Kadiri', 23);
INSERT INTO panchayat (id, name, mandal_id) VALUES (526, 'Default Panchayat Kadiri', 526);
INSERT INTO village (id, name, panchayat_id) VALUES (14153, 'Alampur', 526);
INSERT INTO village (id, name, panchayat_id) VALUES (14154, 'Bathalapalle', 526);
INSERT INTO village (id, name, panchayat_id) VALUES (14155, 'Chalamakuntapalle', 526);
INSERT INTO village (id, name, panchayat_id) VALUES (14156, 'Chippalamadugu', 526);
INSERT INTO village (id, name, panchayat_id) VALUES (14157, 'Kadiri Brahmanapalle', 526);
INSERT INTO village (id, name, panchayat_id) VALUES (14158, 'Kadirikuntlapalle', 526);
INSERT INTO village (id, name, panchayat_id) VALUES (14159, 'Kadiri (R)', 526);
INSERT INTO village (id, name, panchayat_id) VALUES (14160, 'Kalasamudram', 526);
INSERT INTO village (id, name, panchayat_id) VALUES (14161, 'Kondamanayanipalem', 526);
INSERT INTO village (id, name, panchayat_id) VALUES (14162, 'Kowlepalle', 526);
INSERT INTO village (id, name, panchayat_id) VALUES (14163, 'Kutagulla', 526);
INSERT INTO village (id, name, panchayat_id) VALUES (14164, 'Motukapalle', 526);
INSERT INTO village (id, name, panchayat_id) VALUES (14165, 'Muthyalacheruvu', 526);
INSERT INTO village (id, name, panchayat_id) VALUES (14166, 'Pandulakunta', 526);
INSERT INTO village (id, name, panchayat_id) VALUES (14167, 'Patnam', 526);
INSERT INTO village (id, name, panchayat_id) VALUES (14168, 'Saidapuram', 526);
INSERT INTO village (id, name, panchayat_id) VALUES (14169, 'Yeguvapalle', 526);
INSERT INTO village (id, name, panchayat_id) VALUES (14170, 'Yerradoddi', 526);
INSERT INTO mandal (id, name, constituency_id) VALUES (527, 'Kanaganipalli', 23);
INSERT INTO panchayat (id, name, mandal_id) VALUES (527, 'Default Panchayat Kanaganipalli', 527);
INSERT INTO village (id, name, panchayat_id) VALUES (14171, 'Dadalur', 527);
INSERT INTO village (id, name, panchayat_id) VALUES (14172, 'Elakkuntla', 527);
INSERT INTO village (id, name, panchayat_id) VALUES (14173, 'Kanaganapalle', 527);
INSERT INTO village (id, name, panchayat_id) VALUES (14174, 'Konetinayanipalyam', 527);
INSERT INTO village (id, name, panchayat_id) VALUES (14175, 'Maddalacheruvu', 527);
INSERT INTO village (id, name, panchayat_id) VALUES (14176, 'Mukthapuram', 527);
INSERT INTO village (id, name, panchayat_id) VALUES (14177, 'Muthavakuntla', 527);
INSERT INTO village (id, name, panchayat_id) VALUES (14178, 'Narasampalle', 527);
INSERT INTO village (id, name, panchayat_id) VALUES (14179, 'Thogarakunta', 527);
INSERT INTO village (id, name, panchayat_id) VALUES (14180, 'Thumucherla', 527);
INSERT INTO mandal (id, name, constituency_id) VALUES (528, 'Kothacheruvu', 23);
INSERT INTO panchayat (id, name, mandal_id) VALUES (528, 'Default Panchayat Kothacheruvu', 528);
INSERT INTO village (id, name, panchayat_id) VALUES (14181, 'Bandlapalle', 528);
INSERT INTO village (id, name, panchayat_id) VALUES (14182, 'Byrapuram', 528);
INSERT INTO village (id, name, panchayat_id) VALUES (14183, 'Iragampalle', 528);
INSERT INTO village (id, name, panchayat_id) VALUES (14184, 'Kadirepalle', 528);
INSERT INTO village (id, name, panchayat_id) VALUES (14185, 'Kadiridevarapalle', 528);
INSERT INTO village (id, name, panchayat_id) VALUES (14186, 'Kanisettipalle', 528);
INSERT INTO village (id, name, panchayat_id) VALUES (14187, 'Kesapuram', 528);
INSERT INTO village (id, name, panchayat_id) VALUES (14188, 'K.Locharla', 528);
INSERT INTO village (id, name, panchayat_id) VALUES (14189, 'Kodapaganipalle', 528);
INSERT INTO village (id, name, panchayat_id) VALUES (14190, 'Kothacheruvu', 528);
INSERT INTO village (id, name, panchayat_id) VALUES (14191, 'Kothapalle', 528);
INSERT INTO village (id, name, panchayat_id) VALUES (14192, 'Lingareddipalle', 528);
INSERT INTO village (id, name, panchayat_id) VALUES (14193, 'Marakuntapalle', 528);
INSERT INTO village (id, name, panchayat_id) VALUES (14194, 'Mylasamudram', 528);
INSERT INTO village (id, name, panchayat_id) VALUES (14195, 'Narepalle', 528);
INSERT INTO village (id, name, panchayat_id) VALUES (14196, 'Pakeerupalle', 528);
INSERT INTO village (id, name, panchayat_id) VALUES (14197, 'Pothulakunta', 528);
INSERT INTO village (id, name, panchayat_id) VALUES (14198, 'Talamarla', 528);
INSERT INTO village (id, name, panchayat_id) VALUES (14199, 'Thippa Batlapalle', 528);
INSERT INTO village (id, name, panchayat_id) VALUES (14200, 'Tirumaladevarapalle', 528);
INSERT INTO village (id, name, panchayat_id) VALUES (14201, 'Vangampalle', 528);
INSERT INTO village (id, name, panchayat_id) VALUES (14202, 'Vemuletipalle', 528);
INSERT INTO village (id, name, panchayat_id) VALUES (14203, 'Virupapuram', 528);
INSERT INTO mandal (id, name, constituency_id) VALUES (529, 'Lepakshi', 23);
INSERT INTO panchayat (id, name, mandal_id) VALUES (529, 'Default Panchayat Lepakshi', 529);
INSERT INTO village (id, name, panchayat_id) VALUES (14204, 'Cholasamudram', 529);
INSERT INTO village (id, name, panchayat_id) VALUES (14205, 'Kallur', 529);
INSERT INTO village (id, name, panchayat_id) VALUES (14206, 'Kanchisamudram', 529);
INSERT INTO village (id, name, panchayat_id) VALUES (14207, 'Kodihalli', 529);
INSERT INTO village (id, name, panchayat_id) VALUES (14208, 'Kondur', 529);
INSERT INTO village (id, name, panchayat_id) VALUES (14209, 'Lepakshi', 529);
INSERT INTO village (id, name, panchayat_id) VALUES (14210, 'Manepalle', 529);
INSERT INTO village (id, name, panchayat_id) VALUES (14211, 'Mydugolam', 529);
INSERT INTO village (id, name, panchayat_id) VALUES (14212, 'Pulamathi', 529);
INSERT INTO village (id, name, panchayat_id) VALUES (14213, 'Sirivaram', 529);
INSERT INTO mandal (id, name, constituency_id) VALUES (530, 'Madakasira', 23);
INSERT INTO panchayat (id, name, mandal_id) VALUES (530, 'Default Panchayat Madakasira', 530);
INSERT INTO village (id, name, panchayat_id) VALUES (14214, 'Amidalagondi', 530);
INSERT INTO village (id, name, panchayat_id) VALUES (14215, 'Bullasamudram', 530);
INSERT INTO village (id, name, panchayat_id) VALUES (14216, 'Chandakacherela', 530);
INSERT INTO village (id, name, panchayat_id) VALUES (14217, 'Chathram', 530);
INSERT INTO village (id, name, panchayat_id) VALUES (14218, 'C.Kodigepalle', 530);
INSERT INTO village (id, name, panchayat_id) VALUES (14219, 'Govindapuram', 530);
INSERT INTO village (id, name, panchayat_id) VALUES (14220, 'Gowdanahalli', 530);
INSERT INTO village (id, name, panchayat_id) VALUES (14221, 'Haresamudram', 530);
INSERT INTO village (id, name, panchayat_id) VALUES (14222, 'Jadrahalli', 530);
INSERT INTO village (id, name, panchayat_id) VALUES (14223, 'Kallumarri', 530);
INSERT INTO village (id, name, panchayat_id) VALUES (14224, 'Karesankanahalli', 530);
INSERT INTO village (id, name, panchayat_id) VALUES (14225, 'Kothalam', 530);
INSERT INTO village (id, name, panchayat_id) VALUES (14226, 'Madakasira', 530);
INSERT INTO village (id, name, panchayat_id) VALUES (14227, 'Mallinayakanahalli', 530);
INSERT INTO village (id, name, panchayat_id) VALUES (14228, 'Manur', 530);
INSERT INTO village (id, name, panchayat_id) VALUES (14229, 'Melavoi', 530);
INSERT INTO village (id, name, panchayat_id) VALUES (14230, 'R. Anantapuram', 530);
INSERT INTO village (id, name, panchayat_id) VALUES (14231, 'Tirumaladevarahalli', 530);
INSERT INTO village (id, name, panchayat_id) VALUES (14232, 'Upparlahalli', 530);
INSERT INTO village (id, name, panchayat_id) VALUES (14233, 'Yerrabommanahalli', 530);
INSERT INTO mandal (id, name, constituency_id) VALUES (531, 'Mudigubba', 23);
INSERT INTO panchayat (id, name, mandal_id) VALUES (531, 'Default Panchayat Mudigubba', 531);
INSERT INTO village (id, name, panchayat_id) VALUES (14234, 'Brahmadevaramarri', 531);
INSERT INTO village (id, name, panchayat_id) VALUES (14235, 'Budanampalle', 531);
INSERT INTO village (id, name, panchayat_id) VALUES (14236, 'Chagapuram', 531);
INSERT INTO village (id, name, panchayat_id) VALUES (14237, 'Chinnakotla', 531);
INSERT INTO village (id, name, panchayat_id) VALUES (14238, 'Devaragudipalle', 531);
INSERT INTO village (id, name, panchayat_id) VALUES (14239, 'Dorigallu', 531);
INSERT INTO village (id, name, panchayat_id) VALUES (14240, 'Ellareddipalle', 531);
INSERT INTO village (id, name, panchayat_id) VALUES (14241, 'Gandlavandlapalle', 531);
INSERT INTO village (id, name, panchayat_id) VALUES (14242, 'Gunjepalle', 531);
INSERT INTO village (id, name, panchayat_id) VALUES (14243, 'Jonnalakothapalle', 531);
INSERT INTO village (id, name, panchayat_id) VALUES (14244, 'Kodavandlapalle', 531);
INSERT INTO village (id, name, panchayat_id) VALUES (14245, 'Kondagattupalle', 531);
INSERT INTO village (id, name, panchayat_id) VALUES (14246, 'Malakavemula', 531);
INSERT INTO village (id, name, panchayat_id) VALUES (14247, 'Mallepalle', 531);
INSERT INTO village (id, name, panchayat_id) VALUES (14248, 'Mangalamadaka', 531);
INSERT INTO village (id, name, panchayat_id) VALUES (14249, 'Marthadu', 531);
INSERT INTO village (id, name, panchayat_id) VALUES (14250, 'Mukthapuram', 531);
INSERT INTO village (id, name, panchayat_id) VALUES (14251, 'Nagareddipalle', 531);
INSERT INTO village (id, name, panchayat_id) VALUES (14252, 'Nakkalagutta Palle', 531);
INSERT INTO village (id, name, panchayat_id) VALUES (14253, 'Peddachigullarevu', 531);
INSERT INTO village (id, name, panchayat_id) VALUES (14254, 'Sanevaripalle', 531);
INSERT INTO village (id, name, panchayat_id) VALUES (14255, 'Sankepalle', 531);
INSERT INTO village (id, name, panchayat_id) VALUES (14256, 'Sankepalle Brahmanapalle', 531);
INSERT INTO village (id, name, panchayat_id) VALUES (14257, 'S.Bandlapalle', 531);
INSERT INTO village (id, name, panchayat_id) VALUES (14258, 'Thappetavaripalle', 531);
INSERT INTO village (id, name, panchayat_id) VALUES (14259, 'Thimmanayanipalem', 531);
INSERT INTO village (id, name, panchayat_id) VALUES (14260, 'Uppalapadu', 531);
INSERT INTO mandal (id, name, constituency_id) VALUES (532, 'Nallachervu', 23);
INSERT INTO panchayat (id, name, mandal_id) VALUES (532, 'Default Panchayat Nallachervu', 532);
INSERT INTO village (id, name, panchayat_id) VALUES (14261, 'Allugundu', 532);
INSERT INTO village (id, name, panchayat_id) VALUES (14262, 'Jogannapeta', 532);
INSERT INTO village (id, name, panchayat_id) VALUES (14263, 'Kadiripulakunta', 532);
INSERT INTO village (id, name, panchayat_id) VALUES (14264, 'Maddimadugu', 532);
INSERT INTO village (id, name, panchayat_id) VALUES (14265, 'Nallacheruvu', 532);
INSERT INTO village (id, name, panchayat_id) VALUES (14266, 'Oravoy', 532);
INSERT INTO village (id, name, panchayat_id) VALUES (14267, 'Panthulacheruvu', 532);
INSERT INTO village (id, name, panchayat_id) VALUES (14268, 'S.Mulakalapalle', 532);
INSERT INTO village (id, name, panchayat_id) VALUES (14269, 'Talamarlavandla Palle', 532);
INSERT INTO village (id, name, panchayat_id) VALUES (14270, 'Tavalamarri', 532);
INSERT INTO village (id, name, panchayat_id) VALUES (14271, 'Ubicherla', 532);
INSERT INTO mandal (id, name, constituency_id) VALUES (533, 'Nallamada', 23);
INSERT INTO panchayat (id, name, mandal_id) VALUES (533, 'Default Panchayat Nallamada', 533);
INSERT INTO village (id, name, panchayat_id) VALUES (14272, 'Charupalle', 533);
INSERT INTO village (id, name, panchayat_id) VALUES (14273, 'Chowtakuntapalle', 533);
INSERT INTO village (id, name, panchayat_id) VALUES (14274, 'Donnikota', 533);
INSERT INTO village (id, name, panchayat_id) VALUES (14275, 'Gopepalle', 533);
INSERT INTO village (id, name, panchayat_id) VALUES (14276, 'Kurumala', 533);
INSERT INTO village (id, name, panchayat_id) VALUES (14277, 'Nallamada', 533);
INSERT INTO village (id, name, panchayat_id) VALUES (14278, 'Pulagampalle', 533);
INSERT INTO village (id, name, panchayat_id) VALUES (14279, 'Reddipalle', 533);
INSERT INTO village (id, name, panchayat_id) VALUES (14280, 'Vankarakunta', 533);
INSERT INTO village (id, name, panchayat_id) VALUES (14281, 'Vellamaddi', 533);
INSERT INTO mandal (id, name, constituency_id) VALUES (534, 'Nambulapulakunta', 23);
INSERT INTO panchayat (id, name, mandal_id) VALUES (534, 'Default Panchayat Nambulapulakunta', 534);
INSERT INTO village (id, name, panchayat_id) VALUES (14282, 'Dhaniyanicheruvu', 534);
INSERT INTO village (id, name, panchayat_id) VALUES (14283, 'Edurudona', 534);
INSERT INTO village (id, name, panchayat_id) VALUES (14284, 'Gootibylu', 534);
INSERT INTO village (id, name, panchayat_id) VALUES (14285, 'Gowkanapalle', 534);
INSERT INTO village (id, name, panchayat_id) VALUES (14286, 'Marrikommadinne', 534);
INSERT INTO village (id, name, panchayat_id) VALUES (14287, 'Mekalacheruvu', 534);
INSERT INTO village (id, name, panchayat_id) VALUES (14288, 'Mudupalajuvi', 534);
INSERT INTO village (id, name, panchayat_id) VALUES (14289, 'Nambulipulikunta', 534);
INSERT INTO village (id, name, panchayat_id) VALUES (14290, 'Pedaballi', 534);
INSERT INTO village (id, name, panchayat_id) VALUES (14291, 'Pedaballikothapalle', 534);
INSERT INTO village (id, name, panchayat_id) VALUES (14292, 'Vankamaddi', 534);
INSERT INTO village (id, name, panchayat_id) VALUES (14293, 'Velichelimala', 534);
INSERT INTO mandal (id, name, constituency_id) VALUES (535, 'Obuladevaracheruvu', 23);
INSERT INTO panchayat (id, name, mandal_id) VALUES (535, 'Default Panchayat Obuladevaracheruvu', 535);
INSERT INTO village (id, name, panchayat_id) VALUES (14294, 'Allapalle', 535);
INSERT INTO village (id, name, panchayat_id) VALUES (14295, 'Arkabhavipalle', 535);
INSERT INTO village (id, name, panchayat_id) VALUES (14296, 'Daburuvaripalle', 535);
INSERT INTO village (id, name, panchayat_id) VALUES (14297, 'Inagalur', 535);
INSERT INTO village (id, name, panchayat_id) VALUES (14298, 'Kondakamarla', 535);
INSERT INTO village (id, name, panchayat_id) VALUES (14299, 'Mukkandlavarikothapalle', 535);
INSERT INTO village (id, name, panchayat_id) VALUES (14300, 'Narasambhotlapalle', 535);
INSERT INTO village (id, name, panchayat_id) VALUES (14301, 'Obuladevaracheruvu', 535);
INSERT INTO village (id, name, panchayat_id) VALUES (14302, 'Sunnampalle', 535);
INSERT INTO village (id, name, panchayat_id) VALUES (14303, 'Tangedukunta', 535);
INSERT INTO village (id, name, panchayat_id) VALUES (14304, 'Thippepalle', 535);
INSERT INTO village (id, name, panchayat_id) VALUES (14305, 'Thummalakuntla Palle', 535);
INSERT INTO village (id, name, panchayat_id) VALUES (14306, 'Veeraobanapalle', 535);
INSERT INTO village (id, name, panchayat_id) VALUES (14307, 'Venkatapuram', 535);
INSERT INTO mandal (id, name, constituency_id) VALUES (536, 'Parigi', 23);
INSERT INTO panchayat (id, name, mandal_id) VALUES (536, 'Default Panchayat Parigi', 536);
INSERT INTO village (id, name, panchayat_id) VALUES (14308, 'Bandarlapalle', 536);
INSERT INTO village (id, name, panchayat_id) VALUES (14309, 'Beechiganipalle', 536);
INSERT INTO village (id, name, panchayat_id) VALUES (14310, 'Ganapathipalle', 536);
INSERT INTO village (id, name, panchayat_id) VALUES (14311, 'Kodigenahalli', 536);
INSERT INTO village (id, name, panchayat_id) VALUES (14312, 'Moda', 536);
INSERT INTO village (id, name, panchayat_id) VALUES (14313, 'Narasapuram', 536);
INSERT INTO village (id, name, panchayat_id) VALUES (14314, 'Parigi', 536);
INSERT INTO village (id, name, panchayat_id) VALUES (14315, 'Pydeti', 536);
INSERT INTO village (id, name, panchayat_id) VALUES (14316, 'Sangameswarapalle', 536);
INSERT INTO village (id, name, panchayat_id) VALUES (14317, 'Sasanakota', 536);
INSERT INTO village (id, name, panchayat_id) VALUES (14318, 'Seegipalle', 536);
INSERT INTO village (id, name, panchayat_id) VALUES (14319, 'Shobeerepalle', 536);
INSERT INTO village (id, name, panchayat_id) VALUES (14320, 'Sirekolam', 536);
INSERT INTO village (id, name, panchayat_id) VALUES (14321, 'Utakur', 536);
INSERT INTO village (id, name, panchayat_id) VALUES (14322, 'Vittapalle', 536);
INSERT INTO village (id, name, panchayat_id) VALUES (14323, 'Yerragunta', 536);
INSERT INTO mandal (id, name, constituency_id) VALUES (537, 'Penukonda', 23);
INSERT INTO panchayat (id, name, mandal_id) VALUES (537, 'Default Panchayat Penukonda', 537);
INSERT INTO village (id, name, panchayat_id) VALUES (14324, 'Adadakulapalle', 537);
INSERT INTO village (id, name, panchayat_id) VALUES (14325, 'Bojjireddipalle', 537);
INSERT INTO village (id, name, panchayat_id) VALUES (14326, 'Cherlopalle', 537);
INSERT INTO village (id, name, panchayat_id) VALUES (14327, 'Duddebanda', 537);
INSERT INTO village (id, name, panchayat_id) VALUES (14328, 'Erramanchi', 537);
INSERT INTO village (id, name, panchayat_id) VALUES (14329, 'Gondipalle', 537);
INSERT INTO village (id, name, panchayat_id) VALUES (14330, 'Gonipeta', 537);
INSERT INTO village (id, name, panchayat_id) VALUES (14331, 'Gutturu', 537);
INSERT INTO village (id, name, panchayat_id) VALUES (14332, 'Kondampalle', 537);
INSERT INTO village (id, name, panchayat_id) VALUES (14333, 'Mavaturu', 537);
INSERT INTO village (id, name, panchayat_id) VALUES (14334, 'Munimadugu', 537);
INSERT INTO village (id, name, panchayat_id) VALUES (14335, 'Nagalur', 537);
INSERT INTO village (id, name, panchayat_id) VALUES (14336, 'Obulapuram', 537);
INSERT INTO village (id, name, panchayat_id) VALUES (14337, 'Penukonda', 537);
INSERT INTO village (id, name, panchayat_id) VALUES (14338, 'Rampuram', 537);
INSERT INTO village (id, name, panchayat_id) VALUES (14339, 'Settipalle', 537);
INSERT INTO village (id, name, panchayat_id) VALUES (14340, 'Vasudevapuram', 537);
INSERT INTO mandal (id, name, constituency_id) VALUES (538, 'Puttaparthy', 23);
INSERT INTO panchayat (id, name, mandal_id) VALUES (538, 'Default Panchayat Puttaparthy', 538);
INSERT INTO village (id, name, panchayat_id) VALUES (14341, 'Amagondapalem', 538);
INSERT INTO village (id, name, panchayat_id) VALUES (14342, 'Beedupalle', 538);
INSERT INTO village (id, name, panchayat_id) VALUES (14343, 'Brahmanapalle', 538);
INSERT INTO village (id, name, panchayat_id) VALUES (14344, 'Jagarajupalle', 538);
INSERT INTO village (id, name, panchayat_id) VALUES (14345, 'Kappala Banda', 538);
INSERT INTO village (id, name, panchayat_id) VALUES (14346, 'Kotlapalle', 538);
INSERT INTO village (id, name, panchayat_id) VALUES (14347, 'Nidimamidi', 538);
INSERT INTO village (id, name, panchayat_id) VALUES (14348, 'Pedapalle', 538);
INSERT INTO village (id, name, panchayat_id) VALUES (14349, 'Puttaparthi', 538);
INSERT INTO village (id, name, panchayat_id) VALUES (14350, 'Satarlapalle', 538);
INSERT INTO village (id, name, panchayat_id) VALUES (14351, 'Vengalammacheruvu', 538);
INSERT INTO village (id, name, panchayat_id) VALUES (14352, 'Yenumalapalle (Ct)', 538);
INSERT INTO mandal (id, name, constituency_id) VALUES (539, 'Ramagiri', 23);
INSERT INTO panchayat (id, name, mandal_id) VALUES (539, 'Default Panchayat Ramagiri', 539);
INSERT INTO village (id, name, panchayat_id) VALUES (14353, 'Ganthimarri', 539);
INSERT INTO village (id, name, panchayat_id) VALUES (14354, 'Kondapuram', 539);
INSERT INTO village (id, name, panchayat_id) VALUES (14355, 'Kuntimaddi', 539);
INSERT INTO village (id, name, panchayat_id) VALUES (14356, 'Makkinavaripalle', 539);
INSERT INTO village (id, name, panchayat_id) VALUES (14357, 'Motarchintalapalle', 539);
INSERT INTO village (id, name, panchayat_id) VALUES (14358, 'Nasanakota', 539);
INSERT INTO village (id, name, panchayat_id) VALUES (14359, 'Perur', 539);
INSERT INTO village (id, name, panchayat_id) VALUES (14360, 'Polepalle', 539);
INSERT INTO village (id, name, panchayat_id) VALUES (14361, 'Ramagiri', 539);
INSERT INTO village (id, name, panchayat_id) VALUES (14362, 'Seshadribhatra Halli', 539);
INSERT INTO mandal (id, name, constituency_id) VALUES (540, 'Roddam', 23);
INSERT INTO panchayat (id, name, mandal_id) VALUES (540, 'Default Panchayat Roddam', 540);
INSERT INTO village (id, name, panchayat_id) VALUES (14363, 'Bokkasampalle', 540);
INSERT INTO village (id, name, panchayat_id) VALUES (14364, 'Bucharla', 540);
INSERT INTO village (id, name, panchayat_id) VALUES (14365, 'Cherukur', 540);
INSERT INTO village (id, name, panchayat_id) VALUES (14366, 'Chinnamanthur', 540);
INSERT INTO village (id, name, panchayat_id) VALUES (14367, 'Cholemarri', 540);
INSERT INTO village (id, name, panchayat_id) VALUES (14368, 'Dodagatta', 540);
INSERT INTO village (id, name, panchayat_id) VALUES (14369, 'Jakkalacheruvu', 540);
INSERT INTO village (id, name, panchayat_id) VALUES (14370, 'Kalipi', 540);
INSERT INTO village (id, name, panchayat_id) VALUES (14371, 'Kogira', 540);
INSERT INTO village (id, name, panchayat_id) VALUES (14372, 'Mulakalacheruvu', 540);
INSERT INTO village (id, name, panchayat_id) VALUES (14373, 'Nallur', 540);
INSERT INTO village (id, name, panchayat_id) VALUES (14374, 'Naranagepalle', 540);
INSERT INTO village (id, name, panchayat_id) VALUES (14375, 'Peddamanthur', 540);
INSERT INTO village (id, name, panchayat_id) VALUES (14376, 'Peddipalle', 540);
INSERT INTO village (id, name, panchayat_id) VALUES (14377, 'Reddipalle', 540);
INSERT INTO village (id, name, panchayat_id) VALUES (14378, 'R.Locharla', 540);
INSERT INTO village (id, name, panchayat_id) VALUES (14379, 'Roddakampalle', 540);
INSERT INTO village (id, name, panchayat_id) VALUES (14380, 'Roddam', 540);
INSERT INTO village (id, name, panchayat_id) VALUES (14381, 'Sanipalle', 540);
INSERT INTO village (id, name, panchayat_id) VALUES (14382, 'Thurakalapatnam', 540);
INSERT INTO village (id, name, panchayat_id) VALUES (14383, 'Venkatapuram', 540);
INSERT INTO mandal (id, name, constituency_id) VALUES (541, 'Rolla', 23);
INSERT INTO panchayat (id, name, mandal_id) VALUES (541, 'Default Panchayat Rolla', 541);
INSERT INTO village (id, name, panchayat_id) VALUES (14384, 'Bommagundanahalli', 541);
INSERT INTO village (id, name, panchayat_id) VALUES (14385, 'Dodderi', 541);
INSERT INTO village (id, name, panchayat_id) VALUES (14386, 'Kaki', 541);
INSERT INTO village (id, name, panchayat_id) VALUES (14387, 'M.Rayapuram', 541);
INSERT INTO village (id, name, panchayat_id) VALUES (14388, 'Ratnagiri', 541);
INSERT INTO village (id, name, panchayat_id) VALUES (14389, 'Rolla', 541);
INSERT INTO village (id, name, panchayat_id) VALUES (14390, 'Tubinakunta', 541);
INSERT INTO mandal (id, name, constituency_id) VALUES (542, 'Somandepalli', 23);
INSERT INTO panchayat (id, name, mandal_id) VALUES (542, 'Default Panchayat Somandepalli', 542);
INSERT INTO village (id, name, panchayat_id) VALUES (14391, 'Brahmanapalle', 542);
INSERT INTO village (id, name, panchayat_id) VALUES (14392, 'Brahmasamudram', 542);
INSERT INTO village (id, name, panchayat_id) VALUES (14393, 'Bussaiahgaripalle', 542);
INSERT INTO village (id, name, panchayat_id) VALUES (14394, 'Chalakur', 542);
INSERT INTO village (id, name, panchayat_id) VALUES (14395, 'Challapalle', 542);
INSERT INTO village (id, name, panchayat_id) VALUES (14396, 'Chennapuram', 542);
INSERT INTO village (id, name, panchayat_id) VALUES (14397, 'Edulabalapuram', 542);
INSERT INTO village (id, name, panchayat_id) VALUES (14398, 'Gudipalle', 542);
INSERT INTO village (id, name, panchayat_id) VALUES (14399, 'Julukunta', 542);
INSERT INTO village (id, name, panchayat_id) VALUES (14400, 'Kethaganicheruvu', 542);
INSERT INTO village (id, name, panchayat_id) VALUES (14401, 'Kothapalle', 542);
INSERT INTO village (id, name, panchayat_id) VALUES (14402, 'Magecheruvu', 542);
INSERT INTO village (id, name, panchayat_id) VALUES (14403, 'Mandli', 542);
INSERT INTO village (id, name, panchayat_id) VALUES (14404, 'Nadimpalle', 542);
INSERT INTO village (id, name, panchayat_id) VALUES (14405, 'Naginayanicheruvu', 542);
INSERT INTO village (id, name, panchayat_id) VALUES (14406, 'Pandiparthi', 542);
INSERT INTO village (id, name, panchayat_id) VALUES (14407, 'Somandepalle (Ct)', 542);
INSERT INTO village (id, name, panchayat_id) VALUES (14408, 'Tungodu', 542);
INSERT INTO village (id, name, panchayat_id) VALUES (14409, 'Velagamakulapalle', 542);
INSERT INTO village (id, name, panchayat_id) VALUES (14410, 'Velidadakala', 542);
INSERT INTO mandal (id, name, constituency_id) VALUES (543, 'Tadimarri', 23);
INSERT INTO panchayat (id, name, mandal_id) VALUES (543, 'Default Panchayat Tadimarri', 543);
INSERT INTO village (id, name, panchayat_id) VALUES (14411, 'Chillavaripalle', 543);
INSERT INTO village (id, name, panchayat_id) VALUES (14412, 'Chinnachigullarevu', 543);
INSERT INTO village (id, name, panchayat_id) VALUES (14413, 'Dadithota', 543);
INSERT INTO village (id, name, panchayat_id) VALUES (14414, 'Kondamanayanipalem', 543);
INSERT INTO village (id, name, panchayat_id) VALUES (14415, 'Kunukuntla', 543);
INSERT INTO village (id, name, panchayat_id) VALUES (14416, 'Maravapalle Agraharam', 543);
INSERT INTO village (id, name, panchayat_id) VALUES (14417, 'Nidigallu', 543);
INSERT INTO village (id, name, panchayat_id) VALUES (14418, 'Peddakotla', 543);
INSERT INTO village (id, name, panchayat_id) VALUES (14419, 'Pinnadari', 543);
INSERT INTO village (id, name, panchayat_id) VALUES (14420, '(Shro) Thirumalapuram', 543);
INSERT INTO village (id, name, panchayat_id) VALUES (14421, 'Tadimarri', 543);
INSERT INTO mandal (id, name, constituency_id) VALUES (544, 'Talupula', 23);
INSERT INTO panchayat (id, name, mandal_id) VALUES (544, 'Default Panchayat Talupula', 544);
INSERT INTO village (id, name, panchayat_id) VALUES (14422, 'Bandlapalle', 544);
INSERT INTO village (id, name, panchayat_id) VALUES (14423, 'Kurli', 544);
INSERT INTO village (id, name, panchayat_id) VALUES (14424, 'Lakkasamudram', 544);
INSERT INTO village (id, name, panchayat_id) VALUES (14425, 'Nuthanakalva', 544);
INSERT INTO village (id, name, panchayat_id) VALUES (14426, 'Obulareddipalle', 544);
INSERT INTO village (id, name, panchayat_id) VALUES (14427, 'Odulapalle', 544);
INSERT INTO village (id, name, panchayat_id) VALUES (14428, 'Peddannavaripalle', 544);
INSERT INTO village (id, name, panchayat_id) VALUES (14429, 'Puligundlapalle', 544);
INSERT INTO village (id, name, panchayat_id) VALUES (14430, 'Talupula', 544);
INSERT INTO village (id, name, panchayat_id) VALUES (14431, 'Udumulakurthy', 544);
INSERT INTO village (id, name, panchayat_id) VALUES (14432, 'Vepamampeta', 544);
INSERT INTO mandal (id, name, constituency_id) VALUES (545, 'Tanakal', 23);
INSERT INTO panchayat (id, name, mandal_id) VALUES (545, 'Default Panchayat Tanakal', 545);
INSERT INTO village (id, name, panchayat_id) VALUES (14433, 'Agraharampalle', 545);
INSERT INTO village (id, name, panchayat_id) VALUES (14434, 'Balasamudram', 545);
INSERT INTO village (id, name, panchayat_id) VALUES (14435, 'Bonthalapalle', 545);
INSERT INTO village (id, name, panchayat_id) VALUES (14436, 'Cheekatimanipalle', 545);
INSERT INTO village (id, name, panchayat_id) VALUES (14437, 'Chinnaramannagaripalle', 545);
INSERT INTO village (id, name, panchayat_id) VALUES (14438, 'Danduvaripalle', 545);
INSERT INTO village (id, name, panchayat_id) VALUES (14439, 'Diguvamandalapalle', 545);
INSERT INTO village (id, name, panchayat_id) VALUES (14440, 'Ethodu', 545);
INSERT INTO village (id, name, panchayat_id) VALUES (14441, 'Gurrambailu', 545);
INSERT INTO village (id, name, panchayat_id) VALUES (14442, 'Kokkanti', 545);
INSERT INTO village (id, name, panchayat_id) VALUES (14443, 'Korthikota', 545);
INSERT INTO village (id, name, panchayat_id) VALUES (14444, 'Kotapalle', 545);
INSERT INTO village (id, name, panchayat_id) VALUES (14445, 'Maddinayanipalem', 545);
INSERT INTO village (id, name, panchayat_id) VALUES (14446, 'Malreddipalle', 545);
INSERT INTO village (id, name, panchayat_id) VALUES (14447, 'Mundlavaripalle', 545);
INSERT INTO village (id, name, panchayat_id) VALUES (14448, 'Tanakal', 545);
INSERT INTO village (id, name, panchayat_id) VALUES (14449, 'Tavalam', 545);
INSERT INTO village (id, name, panchayat_id) VALUES (14450, 'T.Sadum', 545);
INSERT INTO village (id, name, panchayat_id) VALUES (14451, 'Ulavalavandlapalle', 545);
INSERT INTO village (id, name, panchayat_id) VALUES (14452, 'Venkatrayanipalle', 545);
INSERT INTO district (id, name, state_id) VALUES (24, 'Tirupati', 1);
INSERT INTO constituency (id, name, district_id, mla_name, mp_name) VALUES (24, 'Default Constituency Tirupati', 24, 'Pending MLA', 'Pending MP');
INSERT INTO mandal (id, name, constituency_id) VALUES (546, 'Balayapalli', 24);
INSERT INTO panchayat (id, name, mandal_id) VALUES (546, 'Default Panchayat Balayapalli', 546);
INSERT INTO village (id, name, panchayat_id) VALUES (14453, 'Akkasamudram', 546);
INSERT INTO village (id, name, panchayat_id) VALUES (14454, 'Alimili', 546);
INSERT INTO village (id, name, panchayat_id) VALUES (14455, 'Ambalapudi', 546);
INSERT INTO village (id, name, panchayat_id) VALUES (14456, 'Arigepalle', 546);
INSERT INTO village (id, name, panchayat_id) VALUES (14457, 'Balayapalle', 546);
INSERT INTO village (id, name, panchayat_id) VALUES (14458, 'Bhyravaram', 546);
INSERT INTO village (id, name, panchayat_id) VALUES (14459, 'Boyanagunta', 546);
INSERT INTO village (id, name, panchayat_id) VALUES (14460, 'Chakracharyulavari Khandrika', 546);
INSERT INTO village (id, name, panchayat_id) VALUES (14461, 'Challanarasu Khandrika', 546);
INSERT INTO village (id, name, panchayat_id) VALUES (14462, 'Chilamanuru', 546);
INSERT INTO village (id, name, panchayat_id) VALUES (14463, 'Chutti', 546);
INSERT INTO village (id, name, panchayat_id) VALUES (14464, 'Gollagunta', 546);
INSERT INTO village (id, name, panchayat_id) VALUES (14465, 'Gottikadu', 546);
INSERT INTO village (id, name, panchayat_id) VALUES (14466, 'Hastakaveri', 546);
INSERT INTO village (id, name, panchayat_id) VALUES (14467, 'Jarlapadu', 546);
INSERT INTO village (id, name, panchayat_id) VALUES (14468, 'Jayampu', 546);
INSERT INTO village (id, name, panchayat_id) VALUES (14469, 'Kadagunta', 546);
INSERT INTO village (id, name, panchayat_id) VALUES (14470, 'Kalaganda', 546);
INSERT INTO village (id, name, panchayat_id) VALUES (14471, 'Kamakuru', 546);
INSERT INTO village (id, name, panchayat_id) VALUES (14472, 'Karimenagunta', 546);
INSERT INTO village (id, name, panchayat_id) VALUES (14473, 'Katragunta', 546);
INSERT INTO village (id, name, panchayat_id) VALUES (14474, 'Kayyuru', 546);
INSERT INTO village (id, name, panchayat_id) VALUES (14475, 'Kommalagunta', 546);
INSERT INTO village (id, name, panchayat_id) VALUES (14476, 'Konamgunta', 546);
INSERT INTO village (id, name, panchayat_id) VALUES (14477, 'Kotambedu', 546);
INSERT INTO village (id, name, panchayat_id) VALUES (14478, 'Kovurivarigunta', 546);
INSERT INTO village (id, name, panchayat_id) VALUES (14479, 'Mallemala', 546);
INSERT INTO village (id, name, panchayat_id) VALUES (14480, 'Mannuru', 546);
INSERT INTO village (id, name, panchayat_id) VALUES (14481, 'Melchuru', 546);
INSERT INTO village (id, name, panchayat_id) VALUES (14482, 'Muraharidondrao Khandrika', 546);
INSERT INTO village (id, name, panchayat_id) VALUES (14483, 'Naiducheruvu Khandrika', 546);
INSERT INTO village (id, name, panchayat_id) VALUES (14484, 'Nidigallu', 546);
INSERT INTO village (id, name, panchayat_id) VALUES (14485, 'Nindali', 546);
INSERT INTO village (id, name, panchayat_id) VALUES (14486, 'Pakapudi', 546);
INSERT INTO village (id, name, panchayat_id) VALUES (14487, 'Pallipadu', 546);
INSERT INTO village (id, name, panchayat_id) VALUES (14488, 'Papireddipalle', 546);
INSERT INTO village (id, name, panchayat_id) VALUES (14489, 'Perimidi', 546);
INSERT INTO village (id, name, panchayat_id) VALUES (14490, 'Pigilam', 546);
INSERT INTO village (id, name, panchayat_id) VALUES (14491, 'Pigilam Kothapalem', 546);
INSERT INTO village (id, name, panchayat_id) VALUES (14492, 'Ramapuram', 546);
INSERT INTO village (id, name, panchayat_id) VALUES (14493, 'Sangavaram', 546);
INSERT INTO village (id, name, panchayat_id) VALUES (14494, 'Siddagunta', 546);
INSERT INTO village (id, name, panchayat_id) VALUES (14495, 'Subrahmanyam', 546);
INSERT INTO village (id, name, panchayat_id) VALUES (14496, 'Surabhivari Khandrika', 546);
INSERT INTO village (id, name, panchayat_id) VALUES (14497, 'Tallapalle', 546);
INSERT INTO village (id, name, panchayat_id) VALUES (14498, 'Tikkavaram', 546);
INSERT INTO village (id, name, panchayat_id) VALUES (14499, 'Utlapalle', 546);
INSERT INTO village (id, name, panchayat_id) VALUES (14500, 'Vakyam', 546);
INSERT INTO village (id, name, panchayat_id) VALUES (14501, 'Vengamambapuram', 546);
INSERT INTO village (id, name, panchayat_id) VALUES (14502, 'Venkatareddipalle', 546);
INSERT INTO village (id, name, panchayat_id) VALUES (14503, 'Yachavaram', 546);
INSERT INTO mandal (id, name, constituency_id) VALUES (547, 'Buchinaidu Kandriga', 24);
INSERT INTO panchayat (id, name, mandal_id) VALUES (547, 'Default Panchayat Buchinaidu Kandriga', 547);
INSERT INTO village (id, name, panchayat_id) VALUES (14504, 'Alathur', 547);
INSERT INTO village (id, name, panchayat_id) VALUES (14505, 'Bhavanisankarapuram', 547);
INSERT INTO village (id, name, panchayat_id) VALUES (14506, 'Chellamambapuram', 547);
INSERT INTO village (id, name, panchayat_id) VALUES (14507, 'Chinnayyagunta', 547);
INSERT INTO village (id, name, panchayat_id) VALUES (14508, 'Gajulapellore', 547);
INSERT INTO village (id, name, panchayat_id) VALUES (14509, 'Kallivettu', 547);
INSERT INTO village (id, name, panchayat_id) VALUES (14510, 'Kanamanambedu', 547);
INSERT INTO village (id, name, panchayat_id) VALUES (14511, 'Kanchanaputtur', 547);
INSERT INTO village (id, name, panchayat_id) VALUES (14512, 'Katur', 547);
INSERT INTO village (id, name, panchayat_id) VALUES (14513, 'Kothapalem', 547);
INSERT INTO village (id, name, panchayat_id) VALUES (14514, 'Kukkambakam', 547);
INSERT INTO village (id, name, panchayat_id) VALUES (14515, 'Kumara Venkatapuram', 547);
INSERT INTO village (id, name, panchayat_id) VALUES (14516, 'Neerpakota', 547);
INSERT INTO village (id, name, panchayat_id) VALUES (14517, 'Nelavoy', 547);
INSERT INTO village (id, name, panchayat_id) VALUES (14518, 'Pallamala', 547);
INSERT INTO village (id, name, panchayat_id) VALUES (14519, 'Parlapalle', 547);
INSERT INTO village (id, name, panchayat_id) VALUES (14520, 'Peddapalavedu', 547);
INSERT INTO village (id, name, panchayat_id) VALUES (14521, 'Putteri', 547);
INSERT INTO village (id, name, panchayat_id) VALUES (14522, 'Talarivettu', 547);
INSERT INTO village (id, name, panchayat_id) VALUES (14523, 'Thangellapuram', 547);
INSERT INTO village (id, name, panchayat_id) VALUES (14524, 'Therripadu', 547);
INSERT INTO village (id, name, panchayat_id) VALUES (14525, 'Thimmabhupalapuram', 547);
INSERT INTO village (id, name, panchayat_id) VALUES (14526, 'Vijayagopalapuram', 547);
INSERT INTO village (id, name, panchayat_id) VALUES (14527, 'West Warathur', 547);
INSERT INTO mandal (id, name, constituency_id) VALUES (548, 'Chandragiri', 24);
INSERT INTO panchayat (id, name, mandal_id) VALUES (548, 'Default Panchayat Chandragiri', 548);
INSERT INTO village (id, name, panchayat_id) VALUES (14528, 'Agarala', 548);
INSERT INTO village (id, name, panchayat_id) VALUES (14529, 'Arepalle', 548);
INSERT INTO village (id, name, panchayat_id) VALUES (14530, 'Bheemavaram', 548);
INSERT INTO village (id, name, panchayat_id) VALUES (14531, 'Chandragiri', 548);
INSERT INTO village (id, name, panchayat_id) VALUES (14532, 'Chinna Rama Puram', 548);
INSERT INTO village (id, name, panchayat_id) VALUES (14533, 'Chintagunta', 548);
INSERT INTO village (id, name, panchayat_id) VALUES (14534, 'Dornakambala', 548);
INSERT INTO village (id, name, panchayat_id) VALUES (14535, 'Ithepalle', 548);
INSERT INTO village (id, name, panchayat_id) VALUES (14536, 'Kalroadpalle', 548);
INSERT INTO village (id, name, panchayat_id) VALUES (14537, 'Kondreddy Khandriga', 548);
INSERT INTO village (id, name, panchayat_id) VALUES (14538, 'Kotala', 548);
INSERT INTO village (id, name, panchayat_id) VALUES (14539, 'Mamandur', 548);
INSERT INTO village (id, name, panchayat_id) VALUES (14540, 'Mittapalem', 548);
INSERT INTO village (id, name, panchayat_id) VALUES (14541, 'Mungilipattukothapalle', 548);
INSERT INTO village (id, name, panchayat_id) VALUES (14542, 'Nagapatla', 548);
INSERT INTO village (id, name, panchayat_id) VALUES (14543, 'Narasinga Puram', 548);
INSERT INTO village (id, name, panchayat_id) VALUES (14544, 'Panapakam', 548);
INSERT INTO village (id, name, panchayat_id) VALUES (14545, 'Pullaiahgari Palle', 548);
INSERT INTO village (id, name, panchayat_id) VALUES (14546, 'Ramireddi Palle', 548);
INSERT INTO village (id, name, panchayat_id) VALUES (14547, 'Reddivaripalle', 548);
INSERT INTO village (id, name, panchayat_id) VALUES (14548, 'Sanambatla', 548);
INSERT INTO village (id, name, panchayat_id) VALUES (14549, 'Sesha Puram', 548);
INSERT INTO village (id, name, panchayat_id) VALUES (14550, 'Thondawada', 548);
INSERT INTO mandal (id, name, constituency_id) VALUES (549, 'Chinnagottigallu', 24);
INSERT INTO panchayat (id, name, mandal_id) VALUES (549, 'Default Panchayat Chinnagottigallu', 549);
INSERT INTO village (id, name, panchayat_id) VALUES (14551, 'Bhakarapet', 549);
INSERT INTO village (id, name, panchayat_id) VALUES (14552, 'Chattevaripalem', 549);
INSERT INTO village (id, name, panchayat_id) VALUES (14553, 'Chinnagotti Gallu', 549);
INSERT INTO village (id, name, panchayat_id) VALUES (14554, 'Chittecherla', 549);
INSERT INTO village (id, name, panchayat_id) VALUES (14555, 'Devarakonda', 549);
INSERT INTO village (id, name, panchayat_id) VALUES (14556, 'Diguvuru', 549);
INSERT INTO village (id, name, panchayat_id) VALUES (14557, 'Kotabylu', 549);
INSERT INTO village (id, name, panchayat_id) VALUES (14558, 'Rangannagari Gadda', 549);
INSERT INTO village (id, name, panchayat_id) VALUES (14559, 'Thippireddigaripalle', 549);
INSERT INTO village (id, name, panchayat_id) VALUES (14560, 'Yeguvuru', 549);
INSERT INTO mandal (id, name, constituency_id) VALUES (550, 'Chittamur', 24);
INSERT INTO panchayat (id, name, mandal_id) VALUES (550, 'Default Panchayat Chittamur', 550);
INSERT INTO village (id, name, panchayat_id) VALUES (14561, 'Addepudi', 550);
INSERT INTO village (id, name, panchayat_id) VALUES (14562, 'Aruru', 550);
INSERT INTO village (id, name, panchayat_id) VALUES (14563, 'Buradagali Kothapalem', 550);
INSERT INTO village (id, name, panchayat_id) VALUES (14564, 'Chillamuru', 550);
INSERT INTO village (id, name, panchayat_id) VALUES (14565, 'Chittamur', 550);
INSERT INTO village (id, name, panchayat_id) VALUES (14566, 'Devuni Khandrika', 550);
INSERT INTO village (id, name, panchayat_id) VALUES (14567, 'Ellore', 550);
INSERT INTO village (id, name, panchayat_id) VALUES (14568, 'Eswarawaka', 550);
INSERT INTO village (id, name, panchayat_id) VALUES (14569, 'Gangupalem', 550);
INSERT INTO village (id, name, panchayat_id) VALUES (14570, 'Gollapalem', 550);
INSERT INTO village (id, name, panchayat_id) VALUES (14571, 'Gunupadu', 550);
INSERT INTO village (id, name, panchayat_id) VALUES (14572, 'Jalapeddipalem', 550);
INSERT INTO village (id, name, panchayat_id) VALUES (14573, 'Kalagurthipadu', 550);
INSERT INTO village (id, name, panchayat_id) VALUES (14574, 'Kogili', 550);
INSERT INTO village (id, name, panchayat_id) VALUES (14575, 'Kokkupalem', 550);
INSERT INTO village (id, name, panchayat_id) VALUES (14576, 'Kothapalem', 550);
INSERT INTO village (id, name, panchayat_id) VALUES (14577, 'Kummarapalem', 550);
INSERT INTO village (id, name, panchayat_id) VALUES (14578, 'Mallam', 550);
INSERT INTO village (id, name, panchayat_id) VALUES (14579, 'Mangalavaripalle', 550);
INSERT INTO village (id, name, panchayat_id) VALUES (14580, 'Mannemala', 550);
INSERT INTO village (id, name, panchayat_id) VALUES (14581, 'Marlamudi Jangalapalle', 550);
INSERT INTO village (id, name, panchayat_id) VALUES (14582, 'Mettu', 550);
INSERT INTO village (id, name, panchayat_id) VALUES (14583, 'Molakalapudi', 550);
INSERT INTO village (id, name, panchayat_id) VALUES (14584, 'Mukkidipalem', 550);
INSERT INTO village (id, name, panchayat_id) VALUES (14585, 'Padarthivari- Khandrika', 550);
INSERT INTO village (id, name, panchayat_id) VALUES (14586, 'Palamparthy', 550);
INSERT INTO village (id, name, panchayat_id) VALUES (14587, 'Pellakuru', 550);
INSERT INTO village (id, name, panchayat_id) VALUES (14588, 'Perantravulamitta', 550);
INSERT INTO village (id, name, panchayat_id) VALUES (14589, 'Pittivanipalle', 550);
INSERT INTO village (id, name, panchayat_id) VALUES (14590, 'Pothunayanipalle', 550);
INSERT INTO village (id, name, panchayat_id) VALUES (14591, 'Putragunta', 550);
INSERT INTO village (id, name, panchayat_id) VALUES (14592, 'Ranganathapuram', 550);
INSERT INTO village (id, name, panchayat_id) VALUES (14593, 'Rayareddipalem', 550);
INSERT INTO village (id, name, panchayat_id) VALUES (14594, 'Somasamudram', 550);
INSERT INTO village (id, name, panchayat_id) VALUES (14595, 'Tadimedu', 550);
INSERT INTO village (id, name, panchayat_id) VALUES (14596, 'Uppalamarthi', 550);
INSERT INTO village (id, name, panchayat_id) VALUES (14597, 'Vadlavanipalle', 550);
INSERT INTO village (id, name, panchayat_id) VALUES (14598, 'Varthur North', 550);
INSERT INTO village (id, name, panchayat_id) VALUES (14599, 'Veligajulapalle', 550);
INSERT INTO village (id, name, panchayat_id) VALUES (14600, 'Yakasiri', 550);
INSERT INTO village (id, name, panchayat_id) VALUES (14601, 'Yellasiri', 550);
INSERT INTO mandal (id, name, constituency_id) VALUES (551, 'Chitvel', 24);
INSERT INTO panchayat (id, name, mandal_id) VALUES (551, 'Default Panchayat Chitvel', 551);
INSERT INTO village (id, name, panchayat_id) VALUES (14602, 'Bhakrapuram', 551);
INSERT INTO village (id, name, panchayat_id) VALUES (14603, 'Cherlopalle', 551);
INSERT INTO village (id, name, panchayat_id) VALUES (14604, 'Chintala Chelika', 551);
INSERT INTO village (id, name, panchayat_id) VALUES (14605, 'Chitvel', 551);
INSERT INTO village (id, name, panchayat_id) VALUES (14606, 'Devamachupalle', 551);
INSERT INTO village (id, name, panchayat_id) VALUES (14607, 'Kalvavarikandrika', 551);
INSERT INTO village (id, name, panchayat_id) VALUES (14608, 'Kampasamudram', 551);
INSERT INTO village (id, name, panchayat_id) VALUES (14609, 'K.S.Agraharam', 551);
INSERT INTO village (id, name, panchayat_id) VALUES (14610, 'K.V.R.R. Puram', 551);
INSERT INTO village (id, name, panchayat_id) VALUES (14611, 'Maharajapuram @Siddareddipalle', 551);
INSERT INTO village (id, name, panchayat_id) VALUES (14612, 'Malemarpuram', 551);
INSERT INTO village (id, name, panchayat_id) VALUES (14613, 'Mallemadugu', 551);
INSERT INTO village (id, name, panchayat_id) VALUES (14614, 'Mylapalle', 551);
INSERT INTO village (id, name, panchayat_id) VALUES (14615, 'Nagavaram', 551);
INSERT INTO village (id, name, panchayat_id) VALUES (14616, 'Nagiripadu', 551);
INSERT INTO village (id, name, panchayat_id) VALUES (14617, 'Nethivaripalle', 551);
INSERT INTO village (id, name, panchayat_id) VALUES (14618, 'Rajukunta', 551);
INSERT INTO village (id, name, panchayat_id) VALUES (14619, 'Thimmayapalem', 551);
INSERT INTO village (id, name, panchayat_id) VALUES (14620, 'Thummakonda', 551);
INSERT INTO mandal (id, name, constituency_id) VALUES (552, 'Dakkili', 24);
INSERT INTO panchayat (id, name, mandal_id) VALUES (552, 'Default Panchayat Dakkili', 552);
INSERT INTO village (id, name, panchayat_id) VALUES (14621, 'Althurupadu', 552);
INSERT INTO village (id, name, panchayat_id) VALUES (14622, 'Attalasiddavaram', 552);
INSERT INTO village (id, name, panchayat_id) VALUES (14623, 'Bheemavaram', 552);
INSERT INTO village (id, name, panchayat_id) VALUES (14624, 'Chakalapalle', 552);
INSERT INTO village (id, name, panchayat_id) VALUES (14625, 'Chapalapalle', 552);
INSERT INTO village (id, name, panchayat_id) VALUES (14626, 'Cheekirenipalle', 552);
INSERT INTO village (id, name, panchayat_id) VALUES (14627, 'Chennasamudram', 552);
INSERT INTO village (id, name, panchayat_id) VALUES (14628, 'Cherlopalle', 552);
INSERT INTO village (id, name, panchayat_id) VALUES (14629, 'Daggavolu', 552);
INSERT INTO village (id, name, panchayat_id) VALUES (14630, 'Dakkili', 552);
INSERT INTO village (id, name, panchayat_id) VALUES (14631, 'Dandavolu', 552);
INSERT INTO village (id, name, panchayat_id) VALUES (14632, 'Dandavolu Upparapalle', 552);
INSERT INTO village (id, name, panchayat_id) VALUES (14633, 'Dattanagaram', 552);
INSERT INTO village (id, name, panchayat_id) VALUES (14634, 'Devulapalle', 552);
INSERT INTO village (id, name, panchayat_id) VALUES (14635, 'Gollavarigunta', 552);
INSERT INTO village (id, name, panchayat_id) VALUES (14636, 'Kandalavaripalle', 552);
INSERT INTO village (id, name, panchayat_id) VALUES (14637, 'Koneswarabhatlapalle', 552);
INSERT INTO village (id, name, panchayat_id) VALUES (14638, 'Kothacheruvu', 552);
INSERT INTO village (id, name, panchayat_id) VALUES (14639, 'Kothanalapadu', 552);
INSERT INTO village (id, name, panchayat_id) VALUES (14640, 'Kuppayapalem', 552);
INSERT INTO village (id, name, panchayat_id) VALUES (14641, 'Lingasamudram', 552);
INSERT INTO village (id, name, panchayat_id) VALUES (14642, 'Madhavaiahpalem', 552);
INSERT INTO village (id, name, panchayat_id) VALUES (14643, 'Mahasamudram', 552);
INSERT INTO village (id, name, panchayat_id) VALUES (14644, 'Marlagunta', 552);
INSERT INTO village (id, name, panchayat_id) VALUES (14645, 'Matumadugu', 552);
INSERT INTO village (id, name, panchayat_id) VALUES (14646, 'Mopuru', 552);
INSERT INTO village (id, name, panchayat_id) VALUES (14647, 'Nadimpalle', 552);
INSERT INTO village (id, name, panchayat_id) VALUES (14648, 'Nagavolu', 552);
INSERT INTO village (id, name, panchayat_id) VALUES (14649, 'Nagulapadu', 552);
INSERT INTO village (id, name, panchayat_id) VALUES (14650, 'Naidupalem', 552);
INSERT INTO village (id, name, panchayat_id) VALUES (14651, 'Namasivayapuram', 552);
INSERT INTO village (id, name, panchayat_id) VALUES (14652, 'Noothalacheruvu', 552);
INSERT INTO village (id, name, panchayat_id) VALUES (14653, 'Palugodu', 552);
INSERT INTO village (id, name, panchayat_id) VALUES (14654, 'Pathanalapadu', 552);
INSERT INTO village (id, name, panchayat_id) VALUES (14655, 'Pedayachasamudram', 552);
INSERT INTO village (id, name, panchayat_id) VALUES (14656, 'Sanganapalle', 552);
INSERT INTO village (id, name, panchayat_id) VALUES (14657, 'Sreepuram', 552);
INSERT INTO village (id, name, panchayat_id) VALUES (14658, 'Surayapalem', 552);
INSERT INTO village (id, name, panchayat_id) VALUES (14659, 'Swarnayacha Samudram', 552);
INSERT INTO village (id, name, panchayat_id) VALUES (14660, 'Theerthampadu', 552);
INSERT INTO village (id, name, panchayat_id) VALUES (14661, 'Thimmanagunta', 552);
INSERT INTO village (id, name, panchayat_id) VALUES (14662, 'Thimmayapalem', 552);
INSERT INTO village (id, name, panchayat_id) VALUES (14663, 'Vedurugunta', 552);
INSERT INTO village (id, name, panchayat_id) VALUES (14664, 'Veera Kummara Yachasamudram', 552);
INSERT INTO village (id, name, panchayat_id) VALUES (14665, 'Velampalle', 552);
INSERT INTO village (id, name, panchayat_id) VALUES (14666, 'Velikallu', 552);
INSERT INTO village (id, name, panchayat_id) VALUES (14667, 'Vembuluru', 552);
INSERT INTO village (id, name, panchayat_id) VALUES (14668, 'Vempativaripalle', 552);
INSERT INTO village (id, name, panchayat_id) VALUES (14669, 'Vengamanaidupalle', 552);
INSERT INTO village (id, name, panchayat_id) VALUES (14670, 'Yellavajjulapalle', 552);
INSERT INTO mandal (id, name, constituency_id) VALUES (553, 'Doravarisatram', 24);
INSERT INTO panchayat (id, name, mandal_id) VALUES (553, 'Default Panchayat Doravarisatram', 553);
INSERT INTO village (id, name, panchayat_id) VALUES (14671, 'Adapamudi', 553);
INSERT INTO village (id, name, panchayat_id) VALUES (14672, 'Akkarapaka', 553);
INSERT INTO village (id, name, panchayat_id) VALUES (14673, 'Anegottam', 553);
INSERT INTO village (id, name, panchayat_id) VALUES (14674, 'Anepudi (Nadimi Khandrika)', 553);
INSERT INTO village (id, name, panchayat_id) VALUES (14675, 'Ayyapalem', 553);
INSERT INTO village (id, name, panchayat_id) VALUES (14676, 'Buduru', 553);
INSERT INTO village (id, name, panchayat_id) VALUES (14677, 'Buradamadugu', 553);
INSERT INTO village (id, name, panchayat_id) VALUES (14678, 'Chandanamudi', 553);
INSERT INTO village (id, name, panchayat_id) VALUES (14679, 'Damaraya Khandrika', 553);
INSERT INTO village (id, name, panchayat_id) VALUES (14680, 'Kalluru', 553);
INSERT INTO village (id, name, panchayat_id) VALUES (14681, 'Kalluru Khandrika', 553);
INSERT INTO village (id, name, panchayat_id) VALUES (14682, 'Karatamudi', 553);
INSERT INTO village (id, name, panchayat_id) VALUES (14683, 'Karikadu', 553);
INSERT INTO village (id, name, panchayat_id) VALUES (14684, 'Kattuvapalle', 553);
INSERT INTO village (id, name, panchayat_id) VALUES (14685, 'K.D.Khandrika', 553);
INSERT INTO village (id, name, panchayat_id) VALUES (14686, 'Kothapalle', 553);
INSERT INTO village (id, name, panchayat_id) VALUES (14687, 'Lingampadu', 553);
INSERT INTO village (id, name, panchayat_id) VALUES (14688, 'Mallayapalem', 553);
INSERT INTO village (id, name, panchayat_id) VALUES (14689, 'Maneri', 553);
INSERT INTO village (id, name, panchayat_id) VALUES (14690, 'Mavillapadu', 553);
INSERT INTO village (id, name, panchayat_id) VALUES (14691, 'Meezuru', 553);
INSERT INTO village (id, name, panchayat_id) VALUES (14692, 'Melupaka', 553);
INSERT INTO village (id, name, panchayat_id) VALUES (14693, 'Minamanamudi', 553);
INSERT INTO village (id, name, panchayat_id) VALUES (14694, 'Modugulapalem', 553);
INSERT INTO village (id, name, panchayat_id) VALUES (14695, 'Muchalagunta', 553);
INSERT INTO village (id, name, panchayat_id) VALUES (14696, 'Mylangam', 553);
INSERT INTO village (id, name, panchayat_id) VALUES (14697, 'Nelaballi', 553);
INSERT INTO village (id, name, panchayat_id) VALUES (14698, 'Nelapattu', 553);
INSERT INTO village (id, name, panchayat_id) VALUES (14699, 'Nellorepalle', 553);
INSERT INTO village (id, name, panchayat_id) VALUES (14700, 'P.Khandrika (Arigundram)', 553);
INSERT INTO village (id, name, panchayat_id) VALUES (14701, 'Poolathota', 553);
INSERT INTO village (id, name, panchayat_id) VALUES (14702, 'Singanalathuru', 553);
INSERT INTO village (id, name, panchayat_id) VALUES (14703, 'Sridhanamalli', 553);
INSERT INTO village (id, name, panchayat_id) VALUES (14704, 'Suragunta Tagelu', 553);
INSERT INTO village (id, name, panchayat_id) VALUES (14705, 'Surapu Agraharam', 553);
INSERT INTO village (id, name, panchayat_id) VALUES (14706, 'Tallampadu', 553);
INSERT INTO village (id, name, panchayat_id) VALUES (14707, 'Thaneyali', 553);
INSERT INTO village (id, name, panchayat_id) VALUES (14708, 'Thogaramudi', 553);
INSERT INTO village (id, name, panchayat_id) VALUES (14709, 'Utchuru', 553);
INSERT INTO village (id, name, panchayat_id) VALUES (14710, 'Vedurupattu', 553);
INSERT INTO village (id, name, panchayat_id) VALUES (14711, 'Velukadu', 553);
INSERT INTO village (id, name, panchayat_id) VALUES (14712, 'Vengamambapuram', 553);
INSERT INTO village (id, name, panchayat_id) VALUES (14713, 'Venumbaka', 553);
INSERT INTO village (id, name, panchayat_id) VALUES (14714, 'Vetagiripalem', 553);
INSERT INTO village (id, name, panchayat_id) VALUES (14715, 'Yekollu', 553);
INSERT INTO mandal (id, name, constituency_id) VALUES (554, 'Kodur', 24);
INSERT INTO panchayat (id, name, mandal_id) VALUES (554, 'Default Panchayat Kodur', 554);
INSERT INTO village (id, name, panchayat_id) VALUES (14716, 'Anantharajupeta', 554);
INSERT INTO village (id, name, panchayat_id) VALUES (14717, 'Chiyyavaram', 554);
INSERT INTO village (id, name, panchayat_id) VALUES (14718, 'Gangarajupuram', 554);
INSERT INTO village (id, name, panchayat_id) VALUES (14719, 'K.Buduguntapalle', 554);
INSERT INTO village (id, name, panchayat_id) VALUES (14720, 'Kitchamambapuram Agraharam', 554);
INSERT INTO village (id, name, panchayat_id) VALUES (14721, 'Kodur (East)', 554);
INSERT INTO village (id, name, panchayat_id) VALUES (14722, 'Kodur (West)', 554);
INSERT INTO village (id, name, panchayat_id) VALUES (14723, 'Obanapalle', 554);
INSERT INTO village (id, name, panchayat_id) VALUES (14724, 'Raghavarajupuram', 554);
INSERT INTO village (id, name, panchayat_id) VALUES (14725, 'Settigunta', 554);
INSERT INTO village (id, name, panchayat_id) VALUES (14726, 'Srinivasapuram', 554);
INSERT INTO village (id, name, panchayat_id) VALUES (14727, 'Upparapalle', 554);
INSERT INTO village (id, name, panchayat_id) VALUES (14728, 'Vasudevapuram', 554);
INSERT INTO village (id, name, panchayat_id) VALUES (14729, 'Vellelavari Khandrika', 554);
INSERT INTO mandal (id, name, constituency_id) VALUES (555, 'Kumara Venkata Bhupala Puram', 24);
INSERT INTO panchayat (id, name, mandal_id) VALUES (555, 'Default Panchayat Kumara Venkata Bhupala Puram', 555);
INSERT INTO village (id, name, panchayat_id) VALUES (14730, 'Adaram', 555);
INSERT INTO village (id, name, panchayat_id) VALUES (14731, 'Adavaram', 555);
INSERT INTO village (id, name, panchayat_id) VALUES (14732, 'Angeri Cheruvu', 555);
INSERT INTO village (id, name, panchayat_id) VALUES (14733, 'Anjuru', 555);
INSERT INTO village (id, name, panchayat_id) VALUES (14734, 'Arai', 555);
INSERT INTO village (id, name, panchayat_id) VALUES (14735, 'Bakkapatugunta', 555);
INSERT INTO village (id, name, panchayat_id) VALUES (14736, 'Brahmana Cheruvu', 555);
INSERT INTO village (id, name, panchayat_id) VALUES (14737, 'Brahmanapalle', 555);
INSERT INTO village (id, name, panchayat_id) VALUES (14738, 'Challamamba Puram', 555);
INSERT INTO village (id, name, panchayat_id) VALUES (14739, 'Diguvaputhuru', 555);
INSERT INTO village (id, name, panchayat_id) VALUES (14740, 'Eguvaputturu', 555);
INSERT INTO village (id, name, panchayat_id) VALUES (14741, 'Gnanamamba Puram @ P.Khandriga', 555);
INSERT INTO village (id, name, panchayat_id) VALUES (14742, 'Guntipedu', 555);
INSERT INTO village (id, name, panchayat_id) VALUES (14743, 'Kalathuru', 555);
INSERT INTO village (id, name, panchayat_id) VALUES (14744, 'Kanchanachenganna Khandriga', 555);
INSERT INTO village (id, name, panchayat_id) VALUES (14745, 'Kandlur', 555);
INSERT INTO village (id, name, panchayat_id) VALUES (14746, 'Katrapalle', 555);
INSERT INTO village (id, name, panchayat_id) VALUES (14747, 'Kovanur', 555);
INSERT INTO village (id, name, panchayat_id) VALUES (14748, 'Kumara Venkata Bhupalapuram', 555);
INSERT INTO village (id, name, panchayat_id) VALUES (14749, 'Maddi Khandriga', 555);
INSERT INTO village (id, name, panchayat_id) VALUES (14750, 'Mattamanapathattu R.Khandriga', 555);
INSERT INTO village (id, name, panchayat_id) VALUES (14751, 'Olluru', 555);
INSERT INTO village (id, name, panchayat_id) VALUES (14752, 'Pathapalem', 555);
INSERT INTO village (id, name, panchayat_id) VALUES (14753, 'Perindesam', 555);
INSERT INTO village (id, name, panchayat_id) VALUES (14754, 'Pudi @ Chenna Kesavapuram', 555);
INSERT INTO village (id, name, panchayat_id) VALUES (14755, 'Ragigunta', 555);
INSERT INTO village (id, name, panchayat_id) VALUES (14756, 'Rangaiahgunta', 555);
INSERT INTO village (id, name, panchayat_id) VALUES (14757, 'Rayapedu', 555);
INSERT INTO village (id, name, panchayat_id) VALUES (14758, 'Sadasiva Puram', 555);
INSERT INTO village (id, name, panchayat_id) VALUES (14759, 'Shakthi Ganeswarapuram', 555);
INSERT INTO village (id, name, panchayat_id) VALUES (14760, 'Siddamanaidu Khandriga', 555);
INSERT INTO village (id, name, panchayat_id) VALUES (14761, 'Srinivasapuram', 555);
INSERT INTO village (id, name, panchayat_id) VALUES (14762, 'Subramanya Puram', 555);
INSERT INTO village (id, name, panchayat_id) VALUES (14763, 'Suramala', 555);
INSERT INTO village (id, name, panchayat_id) VALUES (14764, 'Suryanarayana Puram', 555);
INSERT INTO village (id, name, panchayat_id) VALUES (14765, 'Thimmanaidugunta', 555);
INSERT INTO village (id, name, panchayat_id) VALUES (14766, 'Thimmasamudram', 555);
INSERT INTO village (id, name, panchayat_id) VALUES (14767, 'Venkatapuram @ G.Khandriga', 555);
INSERT INTO village (id, name, panchayat_id) VALUES (14768, 'Vogathuru', 555);
INSERT INTO mandal (id, name, constituency_id) VALUES (556, 'Nagalapuram', 24);
INSERT INTO panchayat (id, name, mandal_id) VALUES (556, 'Default Panchayat Nagalapuram', 556);
INSERT INTO village (id, name, panchayat_id) VALUES (14769, 'Baitakodiambedu', 556);
INSERT INTO village (id, name, panchayat_id) VALUES (14770, 'Beera Kuppam', 556);
INSERT INTO village (id, name, panchayat_id) VALUES (14771, 'Kadivedu', 556);
INSERT INTO village (id, name, panchayat_id) VALUES (14772, 'Kalanjeri', 556);
INSERT INTO village (id, name, panchayat_id) VALUES (14773, 'Karani', 556);
INSERT INTO village (id, name, panchayat_id) VALUES (14774, 'Krishnapuram', 556);
INSERT INTO village (id, name, panchayat_id) VALUES (14775, 'Nagalapuram', 556);
INSERT INTO village (id, name, panchayat_id) VALUES (14776, 'Sadasiva Sankarapuram', 556);
INSERT INTO village (id, name, panchayat_id) VALUES (14777, 'Surutupalle', 556);
INSERT INTO village (id, name, panchayat_id) VALUES (14778, 'Tripuranthakapuram Kota', 556);
INSERT INTO village (id, name, panchayat_id) VALUES (14779, 'Vellore', 556);
INSERT INTO village (id, name, panchayat_id) VALUES (14780, 'Vembakam', 556);
INSERT INTO mandal (id, name, constituency_id) VALUES (557, 'Naidupet', 24);
INSERT INTO panchayat (id, name, mandal_id) VALUES (557, 'Default Panchayat Naidupet', 557);
INSERT INTO village (id, name, panchayat_id) VALUES (14781, 'Annamedu', 557);
INSERT INTO village (id, name, panchayat_id) VALUES (14782, 'Aravaperimidi', 557);
INSERT INTO village (id, name, panchayat_id) VALUES (14783, 'Athalapalem', 557);
INSERT INTO village (id, name, panchayat_id) VALUES (14784, 'Ayyapareddipalem', 557);
INSERT INTO village (id, name, panchayat_id) VALUES (14785, 'Bheemavaram', 557);
INSERT INTO village (id, name, panchayat_id) VALUES (14786, 'Biradawada', 557);
INSERT INTO village (id, name, panchayat_id) VALUES (14787, 'Chigurupadu', 557);
INSERT INTO village (id, name, panchayat_id) VALUES (14788, 'Chigurupadu Agraharam', 557);
INSERT INTO village (id, name, panchayat_id) VALUES (14789, 'Chillamathur', 557);
INSERT INTO village (id, name, panchayat_id) VALUES (14790, 'Dwarakapuram', 557);
INSERT INTO village (id, name, panchayat_id) VALUES (14791, 'Gottiprolu', 557);
INSERT INTO village (id, name, panchayat_id) VALUES (14792, 'Juvvalapalem', 557);
INSERT INTO village (id, name, panchayat_id) VALUES (14793, 'Kallipedu', 557);
INSERT INTO village (id, name, panchayat_id) VALUES (14794, 'Kapuluru', 557);
INSERT INTO village (id, name, panchayat_id) VALUES (14795, 'Karumanchivari Khandrika', 557);
INSERT INTO village (id, name, panchayat_id) VALUES (14796, 'Konetirajupalem', 557);
INSERT INTO village (id, name, panchayat_id) VALUES (14797, 'Kuchiwada', 557);
INSERT INTO village (id, name, panchayat_id) VALUES (14798, 'Lankapalem', 557);
INSERT INTO village (id, name, panchayat_id) VALUES (14799, 'L.A.Sagaram (Ct)', 557);
INSERT INTO village (id, name, panchayat_id) VALUES (14800, 'Marlapalle', 557);
INSERT INTO village (id, name, panchayat_id) VALUES (14801, 'Menakuru', 557);
INSERT INTO village (id, name, panchayat_id) VALUES (14802, 'Palepolam', 557);
INSERT INTO village (id, name, panchayat_id) VALUES (14803, 'Pandluru', 557);
INSERT INTO village (id, name, panchayat_id) VALUES (14804, 'Puderu', 557);
INSERT INTO village (id, name, panchayat_id) VALUES (14805, 'Puduru', 557);
INSERT INTO village (id, name, panchayat_id) VALUES (14806, 'Ravulagunta', 557);
INSERT INTO village (id, name, panchayat_id) VALUES (14807, 'Thannamala', 557);
INSERT INTO village (id, name, panchayat_id) VALUES (14808, 'Thimmaji Khandrika', 557);
INSERT INTO village (id, name, panchayat_id) VALUES (14809, 'Thummur (R)', 557);
INSERT INTO village (id, name, panchayat_id) VALUES (14810, 'Vaddigunta Khandrika', 557);
INSERT INTO village (id, name, panchayat_id) VALUES (14811, 'Vengamambapuram', 557);
INSERT INTO village (id, name, panchayat_id) VALUES (14812, 'Vinnamala (Ct)', 557);
INSERT INTO village (id, name, panchayat_id) VALUES (14813, 'Yerramsettipalem', 557);
INSERT INTO mandal (id, name, constituency_id) VALUES (558, 'Narayanavanam', 24);
INSERT INTO panchayat (id, name, mandal_id) VALUES (558, 'Default Panchayat Narayanavanam', 558);
INSERT INTO village (id, name, panchayat_id) VALUES (14814, 'Aranyam Khandriga', 558);
INSERT INTO village (id, name, panchayat_id) VALUES (14815, 'Bheemunicheruvu', 558);
INSERT INTO village (id, name, panchayat_id) VALUES (14816, 'Boppa Raju Palem', 558);
INSERT INTO village (id, name, panchayat_id) VALUES (14817, 'Diguvakanakam Palem', 558);
INSERT INTO village (id, name, panchayat_id) VALUES (14818, 'Erikambattu', 558);
INSERT INTO village (id, name, panchayat_id) VALUES (14819, 'Ipppam Thangal', 558);
INSERT INTO village (id, name, panchayat_id) VALUES (14820, 'Kalyanapuram', 558);
INSERT INTO village (id, name, panchayat_id) VALUES (14821, 'Kasimmitta', 558);
INSERT INTO village (id, name, panchayat_id) VALUES (14822, 'Keelagaram', 558);
INSERT INTO village (id, name, panchayat_id) VALUES (14823, 'Kondalacheruvu', 558);
INSERT INTO village (id, name, panchayat_id) VALUES (14824, 'Narayanavanam (Ct)', 558);
INSERT INTO village (id, name, panchayat_id) VALUES (14825, 'Palamangalam Dakshini', 558);
INSERT INTO village (id, name, panchayat_id) VALUES (14826, 'Samudayam', 558);
INSERT INTO village (id, name, panchayat_id) VALUES (14827, 'Thiruvatyam', 558);
INSERT INTO village (id, name, panchayat_id) VALUES (14828, 'Thumbur', 558);
INSERT INTO village (id, name, panchayat_id) VALUES (14829, 'Venkata Krishna Palem', 558);
INSERT INTO mandal (id, name, constituency_id) VALUES (559, 'Obulavaripalle', 24);
INSERT INTO panchayat (id, name, mandal_id) VALUES (559, 'Default Panchayat Obulavaripalle', 559);
INSERT INTO village (id, name, panchayat_id) VALUES (14830, 'Bommavaram', 559);
INSERT INTO village (id, name, panchayat_id) VALUES (14831, 'Botimeedapalle', 559);
INSERT INTO village (id, name, panchayat_id) VALUES (14832, 'Chinna Orampadu', 559);
INSERT INTO village (id, name, panchayat_id) VALUES (14833, 'Gadela', 559);
INSERT INTO village (id, name, panchayat_id) VALUES (14834, 'Gobburuvaripalle', 559);
INSERT INTO village (id, name, panchayat_id) VALUES (14835, 'Govindampalle', 559);
INSERT INTO village (id, name, panchayat_id) VALUES (14836, 'Jillelamadaka', 559);
INSERT INTO village (id, name, panchayat_id) VALUES (14837, 'Korlakunta', 559);
INSERT INTO village (id, name, panchayat_id) VALUES (14838, 'Mangampeta (Ct)', 559);
INSERT INTO village (id, name, panchayat_id) VALUES (14839, 'Mukkavaripalle', 559);
INSERT INTO village (id, name, panchayat_id) VALUES (14840, 'Nukanapalle', 559);
INSERT INTO village (id, name, panchayat_id) VALUES (14841, 'Pedda Rampadu', 559);
INSERT INTO village (id, name, panchayat_id) VALUES (14842, 'Rallacheruvupalle', 559);
INSERT INTO village (id, name, panchayat_id) VALUES (14843, 'Venkatesapuram', 559);
INSERT INTO village (id, name, panchayat_id) VALUES (14844, 'Yerraguntakota', 559);
INSERT INTO mandal (id, name, constituency_id) VALUES (560, 'Ozili', 24);
INSERT INTO panchayat (id, name, mandal_id) VALUES (560, 'Default Panchayat Ozili', 560);
INSERT INTO village (id, name, panchayat_id) VALUES (14845, 'Acharlaparlapalle', 560);
INSERT INTO village (id, name, panchayat_id) VALUES (14846, 'Arimanipadu', 560);
INSERT INTO village (id, name, panchayat_id) VALUES (14847, 'Athivaram', 560);
INSERT INTO village (id, name, panchayat_id) VALUES (14848, 'Athivaram Kothapalem', 560);
INSERT INTO village (id, name, panchayat_id) VALUES (14849, 'Bandarugunta', 560);
INSERT INTO village (id, name, panchayat_id) VALUES (14850, 'Bhathalapuram', 560);
INSERT INTO village (id, name, panchayat_id) VALUES (14851, 'Bhatlakanupuru', 560);
INSERT INTO village (id, name, panchayat_id) VALUES (14852, 'Bhuvanagiripalem', 560);
INSERT INTO village (id, name, panchayat_id) VALUES (14853, 'Chillamanichenu', 560);
INSERT INTO village (id, name, panchayat_id) VALUES (14854, 'Enuguwada', 560);
INSERT INTO village (id, name, panchayat_id) VALUES (14855, 'Garudagunta Agraharam', 560);
INSERT INTO village (id, name, panchayat_id) VALUES (14856, 'Graddagunta', 560);
INSERT INTO village (id, name, panchayat_id) VALUES (14857, 'Gurramkonda', 560);
INSERT INTO village (id, name, panchayat_id) VALUES (14858, 'Inugunta', 560);
INSERT INTO village (id, name, panchayat_id) VALUES (14859, 'Josyulavari Khandrika', 560);
INSERT INTO village (id, name, panchayat_id) VALUES (14860, 'Karaballavolu', 560);
INSERT INTO village (id, name, panchayat_id) VALUES (14861, 'Karjamedu', 560);
INSERT INTO village (id, name, panchayat_id) VALUES (14862, 'Karuru', 560);
INSERT INTO village (id, name, panchayat_id) VALUES (14863, 'Kondavallipadu', 560);
INSERT INTO village (id, name, panchayat_id) VALUES (14864, 'Kotha Cheruvu', 560);
INSERT INTO village (id, name, panchayat_id) VALUES (14865, 'Kothapeta', 560);
INSERT INTO village (id, name, panchayat_id) VALUES (14866, 'Kundam', 560);
INSERT INTO village (id, name, panchayat_id) VALUES (14867, 'Kurugonda', 560);
INSERT INTO village (id, name, panchayat_id) VALUES (14868, 'Lingareddipalle', 560);
INSERT INTO village (id, name, panchayat_id) VALUES (14869, 'L.J.Kattubadi', 560);
INSERT INTO village (id, name, panchayat_id) VALUES (14870, 'Machavaram', 560);
INSERT INTO village (id, name, panchayat_id) VALUES (14871, 'Manamala', 560);
INSERT INTO village (id, name, panchayat_id) VALUES (14872, 'Manavali', 560);
INSERT INTO village (id, name, panchayat_id) VALUES (14873, 'Mummayapalem', 560);
INSERT INTO village (id, name, panchayat_id) VALUES (14874, 'Nemallapudi', 560);
INSERT INTO village (id, name, panchayat_id) VALUES (14875, 'Ojili', 560);
INSERT INTO village (id, name, panchayat_id) VALUES (14876, 'Palempadu', 560);
INSERT INTO village (id, name, panchayat_id) VALUES (14877, 'Peda Pariya', 560);
INSERT INTO village (id, name, panchayat_id) VALUES (14878, 'Pinapariyapadu', 560);
INSERT INTO village (id, name, panchayat_id) VALUES (14879, 'Polipadu', 560);
INSERT INTO village (id, name, panchayat_id) VALUES (14880, 'Punnepalle', 560);
INSERT INTO village (id, name, panchayat_id) VALUES (14881, 'Rachapalem', 560);
INSERT INTO village (id, name, panchayat_id) VALUES (14882, 'Raghavareddipalem', 560);
INSERT INTO village (id, name, panchayat_id) VALUES (14883, 'Rajanagaram', 560);
INSERT INTO village (id, name, panchayat_id) VALUES (14884, 'Rajupalem', 560);
INSERT INTO village (id, name, panchayat_id) VALUES (14885, 'Rangarajasamudram', 560);
INSERT INTO village (id, name, panchayat_id) VALUES (14886, 'Ravipadu', 560);
INSERT INTO village (id, name, panchayat_id) VALUES (14887, 'Rudrayapalem', 560);
INSERT INTO village (id, name, panchayat_id) VALUES (14888, 'Saguturu', 560);
INSERT INTO village (id, name, panchayat_id) VALUES (14889, 'Thirumalapudi', 560);
INSERT INTO village (id, name, panchayat_id) VALUES (14890, 'Vakativari Khandrika', 560);
INSERT INTO village (id, name, panchayat_id) VALUES (14891, 'Veerlagunapadu', 560);
INSERT INTO village (id, name, panchayat_id) VALUES (14892, 'Venkatareddipalem', 560);
INSERT INTO village (id, name, panchayat_id) VALUES (14893, 'Vijayanellore', 560);
INSERT INTO mandal (id, name, constituency_id) VALUES (561, 'Pakala', 24);
INSERT INTO panchayat (id, name, mandal_id) VALUES (561, 'Default Panchayat Pakala', 561);
INSERT INTO village (id, name, panchayat_id) VALUES (14894, 'Achamma Agraharam', 561);
INSERT INTO village (id, name, panchayat_id) VALUES (14895, 'Adenapalle', 561);
INSERT INTO village (id, name, panchayat_id) VALUES (14896, 'Damalcheruvu', 561);
INSERT INTO village (id, name, panchayat_id) VALUES (14897, 'Gadanki', 561);
INSERT INTO village (id, name, panchayat_id) VALUES (14898, 'Ganugapenta', 561);
INSERT INTO village (id, name, panchayat_id) VALUES (14899, 'Gorpadu', 561);
INSERT INTO village (id, name, panchayat_id) VALUES (14900, 'Maddinayanipalle', 561);
INSERT INTO village (id, name, panchayat_id) VALUES (14901, 'Mogarala', 561);
INSERT INTO village (id, name, panchayat_id) VALUES (14902, 'Nagamma Agraharam', 561);
INSERT INTO village (id, name, panchayat_id) VALUES (14903, 'Oddepalle', 561);
INSERT INTO village (id, name, panchayat_id) VALUES (14904, 'Padiputlabayalu', 561);
INSERT INTO village (id, name, panchayat_id) VALUES (14905, 'Pakala', 561);
INSERT INTO village (id, name, panchayat_id) VALUES (14906, 'Pedda Ramapuram', 561);
INSERT INTO village (id, name, panchayat_id) VALUES (14907, 'Thotathimmaiah Palle', 561);
INSERT INTO village (id, name, panchayat_id) VALUES (14908, 'Vallivedu', 561);
INSERT INTO mandal (id, name, constituency_id) VALUES (562, 'Pellakur', 24);
INSERT INTO panchayat (id, name, mandal_id) VALUES (562, 'Default Panchayat Pellakur', 562);
INSERT INTO village (id, name, panchayat_id) VALUES (14909, 'Anakavolu', 562);
INSERT INTO village (id, name, panchayat_id) VALUES (14910, 'Ardhamala', 562);
INSERT INTO village (id, name, panchayat_id) VALUES (14911, 'Arlapadu', 562);
INSERT INTO village (id, name, panchayat_id) VALUES (14912, 'Bangarammapeta', 562);
INSERT INTO village (id, name, panchayat_id) VALUES (14913, 'Chavali', 562);
INSERT INTO village (id, name, panchayat_id) VALUES (14914, 'Chembedu', 562);
INSERT INTO village (id, name, panchayat_id) VALUES (14915, 'Chennappanaidupeta', 562);
INSERT INTO village (id, name, panchayat_id) VALUES (14916, 'Chillakur', 562);
INSERT INTO village (id, name, panchayat_id) VALUES (14917, 'Chintapudi', 562);
INSERT INTO village (id, name, panchayat_id) VALUES (14918, 'Jeellapatur', 562);
INSERT INTO village (id, name, panchayat_id) VALUES (14919, 'Kalavakur', 562);
INSERT INTO village (id, name, panchayat_id) VALUES (14920, 'Kanuru', 562);
INSERT INTO village (id, name, panchayat_id) VALUES (14921, 'Kothur', 562);
INSERT INTO village (id, name, panchayat_id) VALUES (14922, 'Modugulapalem', 562);
INSERT INTO village (id, name, panchayat_id) VALUES (14923, 'Nandimala', 562);
INSERT INTO village (id, name, panchayat_id) VALUES (14924, 'Neleballi', 562);
INSERT INTO village (id, name, panchayat_id) VALUES (14925, 'Palachur', 562);
INSERT INTO village (id, name, panchayat_id) VALUES (14926, 'P.C.Khandrika', 562);
INSERT INTO village (id, name, panchayat_id) VALUES (14927, 'Pellakur', 562);
INSERT INTO village (id, name, panchayat_id) VALUES (14928, 'Pennepalle', 562);
INSERT INTO village (id, name, panchayat_id) VALUES (14929, 'Pulluru', 562);
INSERT INTO village (id, name, panchayat_id) VALUES (14930, 'Punabaka', 562);
INSERT INTO village (id, name, panchayat_id) VALUES (14931, 'Rosanuru', 562);
INSERT INTO village (id, name, panchayat_id) VALUES (14932, 'Settigunta', 562);
INSERT INTO village (id, name, panchayat_id) VALUES (14933, 'Sirasanambedu', 562);
INSERT INTO village (id, name, panchayat_id) VALUES (14934, 'Talavayipadu', 562);
INSERT INTO village (id, name, panchayat_id) VALUES (14935, 'Udipudi', 562);
INSERT INTO village (id, name, panchayat_id) VALUES (14936, 'Yerragunta', 562);
INSERT INTO mandal (id, name, constituency_id) VALUES (563, 'Penagalur', 24);
INSERT INTO panchayat (id, name, mandal_id) VALUES (563, 'Default Panchayat Penagalur', 563);
INSERT INTO village (id, name, panchayat_id) VALUES (14937, 'Damancherla', 563);
INSERT INTO village (id, name, panchayat_id) VALUES (14938, 'Girijamambapuram', 563);
INSERT INTO village (id, name, panchayat_id) VALUES (14939, 'Indlur', 563);
INSERT INTO village (id, name, panchayat_id) VALUES (14940, 'Itimarpuram', 563);
INSERT INTO village (id, name, panchayat_id) VALUES (14941, 'Jattivaripalle', 563);
INSERT INTO village (id, name, panchayat_id) VALUES (14942, 'Kambalakunta', 563);
INSERT INTO village (id, name, panchayat_id) VALUES (14943, 'Komantharajupuram', 563);
INSERT INTO village (id, name, panchayat_id) VALUES (14944, 'Kondur', 563);
INSERT INTO village (id, name, panchayat_id) VALUES (14945, 'Konduruchinraya Samudram', 563);
INSERT INTO village (id, name, panchayat_id) VALUES (14946, 'Nallapureddipalle', 563);
INSERT INTO village (id, name, panchayat_id) VALUES (14947, 'Narasingarajupuram', 563);
INSERT INTO village (id, name, panchayat_id) VALUES (14948, 'Narayana Nellore', 563);
INSERT INTO village (id, name, panchayat_id) VALUES (14949, 'Obili', 563);
INSERT INTO village (id, name, panchayat_id) VALUES (14950, 'Penagalur', 563);
INSERT INTO village (id, name, panchayat_id) VALUES (14951, 'Penagalur Agraharam', 563);
INSERT INTO village (id, name, panchayat_id) VALUES (14952, 'Pondalur', 563);
INSERT INTO village (id, name, panchayat_id) VALUES (14953, 'Pondalurvenkatampalle', 563);
INSERT INTO village (id, name, panchayat_id) VALUES (14954, 'Siddavaram', 563);
INSERT INTO village (id, name, panchayat_id) VALUES (14955, 'Singanamala', 563);
INSERT INTO village (id, name, panchayat_id) VALUES (14956, 'Singanamalachennarayasamudram', 563);
INSERT INTO village (id, name, panchayat_id) VALUES (14957, 'Singanamalavengamambapuram', 563);
INSERT INTO village (id, name, panchayat_id) VALUES (14958, 'Singareddipalle', 563);
INSERT INTO village (id, name, panchayat_id) VALUES (14959, 'Sirivaram', 563);
INSERT INTO village (id, name, panchayat_id) VALUES (14960, 'Thimmamambapuram', 563);
INSERT INTO village (id, name, panchayat_id) VALUES (14961, 'Thirumalarajupeta', 563);
INSERT INTO village (id, name, panchayat_id) VALUES (14962, 'Thirunampalle', 563);
INSERT INTO village (id, name, panchayat_id) VALUES (14963, 'Velagacherla', 563);
INSERT INTO village (id, name, panchayat_id) VALUES (14964, 'Yelagacherla Mangamambapuram', 563);
INSERT INTO mandal (id, name, constituency_id) VALUES (564, 'Pichatur', 24);
INSERT INTO panchayat (id, name, mandal_id) VALUES (564, 'Default Panchayat Pichatur', 564);
INSERT INTO village (id, name, panchayat_id) VALUES (14965, 'Appambattu', 564);
INSERT INTO village (id, name, panchayat_id) VALUES (14966, 'Chilamathur @ Bangala', 564);
INSERT INTO village (id, name, panchayat_id) VALUES (14967, 'Karuru @ Krishnagiri', 564);
INSERT INTO village (id, name, panchayat_id) VALUES (14968, 'Keelapudi', 564);
INSERT INTO village (id, name, panchayat_id) VALUES (14969, 'Mudiyur', 564);
INSERT INTO village (id, name, panchayat_id) VALUES (14970, 'Neervoy', 564);
INSERT INTO village (id, name, panchayat_id) VALUES (14971, 'Pichatur', 564);
INSERT INTO village (id, name, panchayat_id) VALUES (14972, 'Pulikondram', 564);
INSERT INTO village (id, name, panchayat_id) VALUES (14973, 'Pulipadu @Govardhanagiri', 564);
INSERT INTO village (id, name, panchayat_id) VALUES (14974, 'Rajanagaram', 564);
INSERT INTO village (id, name, panchayat_id) VALUES (14975, 'Ramagiri', 564);
INSERT INTO village (id, name, panchayat_id) VALUES (14976, 'Ramapuram', 564);
INSERT INTO village (id, name, panchayat_id) VALUES (14977, 'Reppalapattu', 564);
INSERT INTO village (id, name, panchayat_id) VALUES (14978, 'Shamsheer Bahadurpeta', 564);
INSERT INTO village (id, name, panchayat_id) VALUES (14979, 'Sivagiri', 564);
INSERT INTO village (id, name, panchayat_id) VALUES (14980, 'Velur', 564);
INSERT INTO village (id, name, panchayat_id) VALUES (14981, 'Vengalathur', 564);
INSERT INTO mandal (id, name, constituency_id) VALUES (565, 'Pullampeta', 24);
INSERT INTO panchayat (id, name, mandal_id) VALUES (565, 'Default Panchayat Pullampeta', 565);
INSERT INTO village (id, name, panchayat_id) VALUES (14982, 'A.Channamambapuram', 565);
INSERT INTO village (id, name, panchayat_id) VALUES (14983, 'Anantaiahgaripalle', 565);
INSERT INTO village (id, name, panchayat_id) VALUES (14984, 'Ananthasamudram', 565);
INSERT INTO village (id, name, panchayat_id) VALUES (14985, 'Apparajupeta', 565);
INSERT INTO village (id, name, panchayat_id) VALUES (14986, 'Dalavaipalle', 565);
INSERT INTO village (id, name, panchayat_id) VALUES (14987, 'Dandlopalle', 565);
INSERT INTO village (id, name, panchayat_id) VALUES (14988, 'Devasamudram', 565);
INSERT INTO village (id, name, panchayat_id) VALUES (14989, 'Garalamadugu', 565);
INSERT INTO village (id, name, panchayat_id) VALUES (14990, 'Immanur', 565);
INSERT INTO village (id, name, panchayat_id) VALUES (14991, 'Ketharajupalle', 565);
INSERT INTO village (id, name, panchayat_id) VALUES (14992, 'Kommanavaripalle', 565);
INSERT INTO village (id, name, panchayat_id) VALUES (14993, 'Kothapalle Agraharam', 565);
INSERT INTO village (id, name, panchayat_id) VALUES (14994, 'Perigavaram', 565);
INSERT INTO village (id, name, panchayat_id) VALUES (14995, 'Pullampeta', 565);
INSERT INTO village (id, name, panchayat_id) VALUES (14996, 'Puthanavaripalle', 565);
INSERT INTO village (id, name, panchayat_id) VALUES (14997, 'Ramasamudram', 565);
INSERT INTO village (id, name, panchayat_id) VALUES (14998, 'Rangampalle', 565);
INSERT INTO village (id, name, panchayat_id) VALUES (14999, 'Reddipalle', 565);
INSERT INTO village (id, name, panchayat_id) VALUES (15000, 'Sreerangarajupalem', 565);
INSERT INTO village (id, name, panchayat_id) VALUES (15001, 'Thippayapalle', 565);
INSERT INTO village (id, name, panchayat_id) VALUES (15002, 'Thiruvengalanatharajapuram', 565);
INSERT INTO village (id, name, panchayat_id) VALUES (15003, 'Utukuruchalivendla', 565);
INSERT INTO village (id, name, panchayat_id) VALUES (15004, 'Utukuru Venkatampalle', 565);
INSERT INTO village (id, name, panchayat_id) VALUES (15005, 'Vallurupalle', 565);
INSERT INTO village (id, name, panchayat_id) VALUES (15006, 'Vathalur', 565);
INSERT INTO mandal (id, name, constituency_id) VALUES (566, 'Puttur', 24);
INSERT INTO panchayat (id, name, mandal_id) VALUES (566, 'Default Panchayat Puttur', 566);
INSERT INTO village (id, name, panchayat_id) VALUES (15007, 'Cherlopalle', 566);
INSERT INTO village (id, name, panchayat_id) VALUES (15008, 'Eswarapuram', 566);
INSERT INTO village (id, name, panchayat_id) VALUES (15009, 'Gollapalle', 566);
INSERT INTO village (id, name, panchayat_id) VALUES (15010, 'Govindapalem', 566);
INSERT INTO village (id, name, panchayat_id) VALUES (15011, 'Kasamkuppam', 566);
INSERT INTO village (id, name, panchayat_id) VALUES (15012, 'Kaverimaharajulagraharam', 566);
INSERT INTO village (id, name, panchayat_id) VALUES (15013, 'Kumarabommarajupuram', 566);
INSERT INTO village (id, name, panchayat_id) VALUES (15014, 'Nandimangalam (R)', 566);
INSERT INTO village (id, name, panchayat_id) VALUES (15015, 'Nesanur (R)', 566);
INSERT INTO village (id, name, panchayat_id) VALUES (15016, 'Parameswara Mangalam', 566);
INSERT INTO village (id, name, panchayat_id) VALUES (15017, 'Puttur', 566);
INSERT INTO village (id, name, panchayat_id) VALUES (15018, 'Sirugurajupalem', 566);
INSERT INTO village (id, name, panchayat_id) VALUES (15019, 'Taduku', 566);
INSERT INTO village (id, name, panchayat_id) VALUES (15020, 'Thorur (R)', 566);
INSERT INTO village (id, name, panchayat_id) VALUES (15021, 'Tirumalakuppam', 566);
INSERT INTO village (id, name, panchayat_id) VALUES (15022, 'Utharapukhandriga', 566);
INSERT INTO village (id, name, panchayat_id) VALUES (15023, 'Veerappareddypalem', 566);
INSERT INTO village (id, name, panchayat_id) VALUES (15024, 'Vepagunta', 566);
INSERT INTO village (id, name, panchayat_id) VALUES (15025, 'Anupalle', 155);
INSERT INTO village (id, name, panchayat_id) VALUES (15026, 'Brahmanakalva', 155);
INSERT INTO village (id, name, panchayat_id) VALUES (15027, 'Chittathur Kale Palle', 155);
INSERT INTO village (id, name, panchayat_id) VALUES (15028, 'Chuttagunta Ramapuram', 155);
INSERT INTO village (id, name, panchayat_id) VALUES (15029, 'Gangireddi Palle', 155);
INSERT INTO village (id, name, panchayat_id) VALUES (15030, 'Kammapalle', 155);
INSERT INTO village (id, name, panchayat_id) VALUES (15031, 'Kattakinda Venkatapuram', 155);
INSERT INTO village (id, name, panchayat_id) VALUES (15032, 'Kuppambadur', 155);
INSERT INTO village (id, name, panchayat_id) VALUES (15033, 'Nadavaluru', 155);
INSERT INTO village (id, name, panchayat_id) VALUES (15034, 'Nennur', 155);
INSERT INTO village (id, name, panchayat_id) VALUES (15035, 'Netha Kuppam', 155);
INSERT INTO village (id, name, panchayat_id) VALUES (15036, 'Prasanna Venka Teshwara Puram', 155);
INSERT INTO village (id, name, panchayat_id) VALUES (15037, 'Ravillavaripalle', 155);
INSERT INTO village (id, name, panchayat_id) VALUES (15038, 'Rayal Cheruvu', 155);
INSERT INTO village (id, name, panchayat_id) VALUES (15039, 'Sanjeevaraya Puram', 155);
INSERT INTO village (id, name, panchayat_id) VALUES (15040, 'Sevoikalva', 155);
INSERT INTO village (id, name, panchayat_id) VALUES (15041, 'Sorakayalapalem', 155);
INSERT INTO mandal (id, name, constituency_id) VALUES (567, 'Renigunta', 24);
INSERT INTO panchayat (id, name, mandal_id) VALUES (567, 'Default Panchayat Renigunta', 567);
INSERT INTO village (id, name, panchayat_id) VALUES (15042, 'Adusupalem', 567);
INSERT INTO village (id, name, panchayat_id) VALUES (15043, 'Ammavaripatteda', 567);
INSERT INTO village (id, name, panchayat_id) VALUES (15044, 'Anagunta', 567);
INSERT INTO village (id, name, panchayat_id) VALUES (15045, 'Annasamipalle', 567);
INSERT INTO village (id, name, panchayat_id) VALUES (15046, 'Athuru', 567);
INSERT INTO village (id, name, panchayat_id) VALUES (15047, 'Balupalle', 567);
INSERT INTO village (id, name, panchayat_id) VALUES (15048, 'Dharmapuram Khandriga', 567);
INSERT INTO village (id, name, panchayat_id) VALUES (15049, 'Elamandyam', 567);
INSERT INTO village (id, name, panchayat_id) VALUES (15050, 'Erragunta', 567);
INSERT INTO village (id, name, panchayat_id) VALUES (15051, 'Erramareddipalem', 567);
INSERT INTO village (id, name, panchayat_id) VALUES (15052, 'Gajulamandyam', 567);
INSERT INTO village (id, name, panchayat_id) VALUES (15053, 'Jeepalem', 567);
INSERT INTO village (id, name, panchayat_id) VALUES (15054, 'Karakambadi (Rural)', 567);
INSERT INTO village (id, name, panchayat_id) VALUES (15055, 'Kothapalem', 567);
INSERT INTO village (id, name, panchayat_id) VALUES (15056, 'Kotramangalam', 567);
INSERT INTO village (id, name, panchayat_id) VALUES (15057, 'Krishnaiah Kalva', 567);
INSERT INTO village (id, name, panchayat_id) VALUES (15058, 'Krishnapuram', 567);
INSERT INTO village (id, name, panchayat_id) VALUES (15059, 'Kurukalva', 567);
INSERT INTO village (id, name, panchayat_id) VALUES (15060, 'Mamandur', 567);
INSERT INTO village (id, name, panchayat_id) VALUES (15061, 'Molagamudi', 567);
INSERT INTO village (id, name, panchayat_id) VALUES (15062, 'Nallapalem', 567);
INSERT INTO village (id, name, panchayat_id) VALUES (15063, 'Renigunta Agraharam', 567);
INSERT INTO village (id, name, panchayat_id) VALUES (15064, 'Renigunta (Ct)', 567);
INSERT INTO village (id, name, panchayat_id) VALUES (15065, 'R. Mallavaram', 567);
INSERT INTO village (id, name, panchayat_id) VALUES (15066, 'Sanjeevarayanipatteda', 567);
INSERT INTO village (id, name, panchayat_id) VALUES (15067, 'Srinivasaudasipuram', 567);
INSERT INTO village (id, name, panchayat_id) VALUES (15068, 'Surappakasam', 567);
INSERT INTO village (id, name, panchayat_id) VALUES (15069, 'Thandlam', 567);
INSERT INTO village (id, name, panchayat_id) VALUES (15070, 'Thathaiah Kalva', 567);
INSERT INTO village (id, name, panchayat_id) VALUES (15071, 'Thukivakam (Rural)', 567);
INSERT INTO village (id, name, panchayat_id) VALUES (15072, 'Vedullacheruvu', 567);
INSERT INTO village (id, name, panchayat_id) VALUES (15073, 'Venkatapuram', 567);
INSERT INTO mandal (id, name, constituency_id) VALUES (568, 'Satyavedu', 24);
INSERT INTO panchayat (id, name, mandal_id) VALUES (568, 'Default Panchayat Satyavedu', 568);
INSERT INTO village (id, name, panchayat_id) VALUES (15074, 'Ambakam', 568);
INSERT INTO village (id, name, panchayat_id) VALUES (15075, 'Appaiahpalem', 568);
INSERT INTO village (id, name, panchayat_id) VALUES (15076, 'Aroor', 568);
INSERT INTO village (id, name, panchayat_id) VALUES (15077, 'Chengambakam', 568);
INSERT INTO village (id, name, panchayat_id) VALUES (15078, 'Cherivi', 568);
INSERT INTO village (id, name, panchayat_id) VALUES (15079, 'Chinna Eetivakam', 568);
INSERT INTO village (id, name, panchayat_id) VALUES (15080, 'Dalavai Agraharam', 568);
INSERT INTO village (id, name, panchayat_id) VALUES (15081, 'Dasukuppam', 568);
INSERT INTO village (id, name, panchayat_id) VALUES (15082, 'Gollavaripalem', 568);
INSERT INTO village (id, name, panchayat_id) VALUES (15083, 'Irugulam', 568);
INSERT INTO village (id, name, panchayat_id) VALUES (15084, 'Kadirvedu', 568);
INSERT INTO village (id, name, panchayat_id) VALUES (15085, 'Kannavaram', 568);
INSERT INTO village (id, name, panchayat_id) VALUES (15086, 'Kolladam', 568);
INSERT INTO village (id, name, panchayat_id) VALUES (15087, 'Kothamarikuppam', 568);
INSERT INTO village (id, name, panchayat_id) VALUES (15088, 'Madanambedu', 568);
INSERT INTO village (id, name, panchayat_id) VALUES (15089, 'Madanamjeri', 568);
INSERT INTO village (id, name, panchayat_id) VALUES (15090, 'Madanapalem', 568);
INSERT INTO village (id, name, panchayat_id) VALUES (15091, 'Mallavaripalem', 568);
INSERT INTO village (id, name, panchayat_id) VALUES (15092, 'Narasaraju Agraharam', 568);
INSERT INTO village (id, name, panchayat_id) VALUES (15093, 'Pedda Eetivakam', 568);
INSERT INTO village (id, name, panchayat_id) VALUES (15094, 'Pedukuppam', 568);
INSERT INTO village (id, name, panchayat_id) VALUES (15095, 'Peradam', 568);
INSERT INTO village (id, name, panchayat_id) VALUES (15096, 'Pravelavarmeswarapuram', 568);
INSERT INTO village (id, name, panchayat_id) VALUES (15097, 'Rajagopalapuram', 568);
INSERT INTO village (id, name, panchayat_id) VALUES (15098, 'Rallakuppam', 568);
INSERT INTO village (id, name, panchayat_id) VALUES (15099, 'Satyavedu', 568);
INSERT INTO village (id, name, panchayat_id) VALUES (15100, 'Senneri', 568);
INSERT INTO village (id, name, panchayat_id) VALUES (15101, 'Sirunambudur', 568);
INSERT INTO village (id, name, panchayat_id) VALUES (15102, 'Thondukuli', 568);
INSERT INTO village (id, name, panchayat_id) VALUES (15103, 'Vanallor', 568);
INSERT INTO village (id, name, panchayat_id) VALUES (15104, 'Venkataraju Khandriga', 568);
INSERT INTO mandal (id, name, constituency_id) VALUES (569, 'Srikalahasti', 24);
INSERT INTO panchayat (id, name, mandal_id) VALUES (569, 'Default Panchayat Srikalahasti', 569);
INSERT INTO village (id, name, panchayat_id) VALUES (15105, 'Akkurthy', 569);
INSERT INTO village (id, name, panchayat_id) VALUES (15106, 'Ammacheruvu', 569);
INSERT INTO village (id, name, panchayat_id) VALUES (15107, 'Ammapalem', 569);
INSERT INTO village (id, name, panchayat_id) VALUES (15108, 'Ananthapadmanabha Puram', 569);
INSERT INTO village (id, name, panchayat_id) VALUES (15109, 'Appalayagunta', 569);
INSERT INTO village (id, name, panchayat_id) VALUES (15110, 'Aravakothuru', 569);
INSERT INTO village (id, name, panchayat_id) VALUES (15111, 'Bahadur Venkatapuram', 569);
INSERT INTO village (id, name, panchayat_id) VALUES (15112, 'Bheemavaram', 569);
INSERT INTO village (id, name, panchayat_id) VALUES (15113, 'Bodavaripalle', 569);
INSERT INTO village (id, name, panchayat_id) VALUES (15114, 'Bokkasam Palem', 569);
INSERT INTO village (id, name, panchayat_id) VALUES (15115, 'Brahmanapalle', 569);
INSERT INTO village (id, name, panchayat_id) VALUES (15116, 'Challapalem', 569);
INSERT INTO village (id, name, panchayat_id) VALUES (15117, 'Cherlapalle', 569);
INSERT INTO village (id, name, panchayat_id) VALUES (15118, 'Cherlopalle Vyavasayapu Khandriga', 569);
INSERT INTO village (id, name, panchayat_id) VALUES (15119, 'Cherukulapadu', 569);
INSERT INTO village (id, name, panchayat_id) VALUES (15120, 'Chukkalanidigallu', 569);
INSERT INTO village (id, name, panchayat_id) VALUES (15121, 'Diguvaveedhi', 569);
INSERT INTO village (id, name, panchayat_id) VALUES (15122, 'Eguvaveedhi', 569);
INSERT INTO village (id, name, panchayat_id) VALUES (15123, 'Empedu', 569);
INSERT INTO village (id, name, panchayat_id) VALUES (15124, 'Erragudipadu', 569);
INSERT INTO village (id, name, panchayat_id) VALUES (15125, 'Gollapalle @ Venkatapuram', 569);
INSERT INTO village (id, name, panchayat_id) VALUES (15126, 'Govindaraopalle', 569);
INSERT INTO village (id, name, panchayat_id) VALUES (15127, 'Guntakindapalle', 569);
INSERT INTO village (id, name, panchayat_id) VALUES (15128, 'Inagalur', 569);
INSERT INTO village (id, name, panchayat_id) VALUES (15129, 'Kalavagunta', 569);
INSERT INTO village (id, name, panchayat_id) VALUES (15130, 'Kammakothur', 569);
INSERT INTO village (id, name, panchayat_id) VALUES (15131, 'Kapugunneri', 569);
INSERT INTO village (id, name, panchayat_id) VALUES (15132, 'Konerugunta', 569);
INSERT INTO village (id, name, panchayat_id) VALUES (15133, 'Kothapalle Chinthala', 569);
INSERT INTO village (id, name, panchayat_id) VALUES (15134, 'Kothuru @ Chellamambapuram', 569);
INSERT INTO village (id, name, panchayat_id) VALUES (15135, 'Kuntipudi', 569);
INSERT INTO village (id, name, panchayat_id) VALUES (15136, 'Madamala', 569);
INSERT INTO village (id, name, panchayat_id) VALUES (15137, 'Maddiledu', 569);
INSERT INTO village (id, name, panchayat_id) VALUES (15138, 'Mangalagunta', 569);
INSERT INTO village (id, name, panchayat_id) VALUES (15139, 'Mangalapuri', 569);
INSERT INTO village (id, name, panchayat_id) VALUES (15140, 'Mannavaram', 569);
INSERT INTO village (id, name, panchayat_id) VALUES (15141, 'Marrimakulachenu Khandriga', 569);
INSERT INTO village (id, name, panchayat_id) VALUES (15142, 'Melachur', 569);
INSERT INTO village (id, name, panchayat_id) VALUES (15143, 'Muchivolu', 569);
INSERT INTO village (id, name, panchayat_id) VALUES (15144, 'Muddumudi', 569);
INSERT INTO village (id, name, panchayat_id) VALUES (15145, 'Murthy Palem', 569);
INSERT INTO village (id, name, panchayat_id) VALUES (15146, 'Narayanapuram', 569);
INSERT INTO village (id, name, panchayat_id) VALUES (15147, 'Obulayapalle', 569);
INSERT INTO village (id, name, panchayat_id) VALUES (15148, 'Panagallu (Rural)', 569);
INSERT INTO village (id, name, panchayat_id) VALUES (15149, 'Papanapalle', 569);
INSERT INTO village (id, name, panchayat_id) VALUES (15150, 'Pathagunta', 569);
INSERT INTO village (id, name, panchayat_id) VALUES (15151, 'Penubaka', 569);
INSERT INTO village (id, name, panchayat_id) VALUES (15152, 'Poli', 569);
INSERT INTO village (id, name, panchayat_id) VALUES (15153, 'Pullareddi Khandriga', 569);
INSERT INTO village (id, name, panchayat_id) VALUES (15154, 'Rachagunneri', 569);
INSERT INTO village (id, name, panchayat_id) VALUES (15155, 'Ramalinga Puram', 569);
INSERT INTO village (id, name, panchayat_id) VALUES (15156, 'Ramanuja Palle', 569);
INSERT INTO village (id, name, panchayat_id) VALUES (15157, 'Ramapuram', 569);
INSERT INTO village (id, name, panchayat_id) VALUES (15158, 'Reddipalle', 569);
INSERT INTO village (id, name, panchayat_id) VALUES (15159, 'Sahasralingeswara Puram', 569);
INSERT INTO village (id, name, panchayat_id) VALUES (15160, 'Srikalahasti', 569);
INSERT INTO village (id, name, panchayat_id) VALUES (15161, 'Subbanaidu -Khandriga', 569);
INSERT INTO village (id, name, panchayat_id) VALUES (15162, 'Thondamanadu', 569);
INSERT INTO village (id, name, panchayat_id) VALUES (15163, 'Udamalapadu', 569);
INSERT INTO village (id, name, panchayat_id) VALUES (15164, 'Uranduru', 569);
INSERT INTO village (id, name, panchayat_id) VALUES (15165, 'Vagavedu', 569);
INSERT INTO village (id, name, panchayat_id) VALUES (15166, 'Vampalle', 569);
INSERT INTO village (id, name, panchayat_id) VALUES (15167, 'Vedam', 569);
INSERT INTO village (id, name, panchayat_id) VALUES (15168, 'Velampadu', 569);
INSERT INTO village (id, name, panchayat_id) VALUES (15169, 'Velavedu', 569);
INSERT INTO village (id, name, panchayat_id) VALUES (15170, 'Vengalam Palle @ Endrapalle', 569);
INSERT INTO village (id, name, panchayat_id) VALUES (15171, 'Yarlapudi', 569);
INSERT INTO mandal (id, name, constituency_id) VALUES (570, 'Sullurpeta', 24);
INSERT INTO panchayat (id, name, mandal_id) VALUES (570, 'Default Panchayat Sullurpeta', 570);
INSERT INTO village (id, name, panchayat_id) VALUES (15172, 'Abaka', 570);
INSERT INTO village (id, name, panchayat_id) VALUES (15173, 'Achukatla', 570);
INSERT INTO village (id, name, panchayat_id) VALUES (15174, 'Atakanithippa', 570);
INSERT INTO village (id, name, panchayat_id) VALUES (15175, 'Dama Nellore', 570);
INSERT INTO village (id, name, panchayat_id) VALUES (15176, 'Damaraya', 570);
INSERT INTO village (id, name, panchayat_id) VALUES (15177, 'Davadigunta', 570);
INSERT INTO village (id, name, panchayat_id) VALUES (15178, 'Degalapalem', 570);
INSERT INTO village (id, name, panchayat_id) VALUES (15179, 'Gopalareddipalem', 570);
INSERT INTO village (id, name, panchayat_id) VALUES (15180, 'Illupuru', 570);
INSERT INTO village (id, name, panchayat_id) VALUES (15181, 'Jangalapalle', 570);
INSERT INTO village (id, name, panchayat_id) VALUES (15182, 'Kadapatra', 570);
INSERT INTO village (id, name, panchayat_id) VALUES (15183, 'K.C.Narasimhunigunta', 570);
INSERT INTO village (id, name, panchayat_id) VALUES (15184, 'Kesavareddipalem', 570);
INSERT INTO village (id, name, panchayat_id) VALUES (15185, 'Komminenipalle', 570);
INSERT INTO village (id, name, panchayat_id) VALUES (15186, 'Konnembattu', 570);
INSERT INTO village (id, name, panchayat_id) VALUES (15187, 'Koridi', 570);
INSERT INTO village (id, name, panchayat_id) VALUES (15188, 'Kotapoluru', 570);
INSERT INTO village (id, name, panchayat_id) VALUES (15189, 'Krishnareddi Thagelu', 570);
INSERT INTO village (id, name, panchayat_id) VALUES (15190, 'Kudiri', 570);
INSERT INTO village (id, name, panchayat_id) VALUES (15191, 'Kudiri Thippa Khandrika', 570);
INSERT INTO village (id, name, panchayat_id) VALUES (15192, 'Mangalampadu', 570);
INSERT INTO village (id, name, panchayat_id) VALUES (15193, 'Manga Nellore', 570);
INSERT INTO village (id, name, panchayat_id) VALUES (15194, 'Mannarupoluru', 570);
INSERT INTO village (id, name, panchayat_id) VALUES (15195, 'Mannemutheri', 570);
INSERT INTO village (id, name, panchayat_id) VALUES (15196, 'Mathakamudi', 570);
INSERT INTO village (id, name, panchayat_id) VALUES (15197, 'Nadenlavari Khandrika', 570);
INSERT INTO village (id, name, panchayat_id) VALUES (15198, 'Nookalapalem', 570);
INSERT INTO village (id, name, panchayat_id) VALUES (15199, 'Padamati Khandrika', 570);
INSERT INTO village (id, name, panchayat_id) VALUES (15200, 'Pandalagunta', 570);
INSERT INTO village (id, name, panchayat_id) VALUES (15201, 'Pantrangam', 570);
INSERT INTO village (id, name, panchayat_id) VALUES (15202, 'Ramachandragunta', 570);
INSERT INTO village (id, name, panchayat_id) VALUES (15203, 'Samanthamallam', 570);
INSERT INTO village (id, name, panchayat_id) VALUES (15204, 'Sarvareddi Khandrika', 570);
INSERT INTO village (id, name, panchayat_id) VALUES (15205, 'Shar Project', 570);
INSERT INTO village (id, name, panchayat_id) VALUES (15206, 'Suddamadugu Thagelu', 570);
INSERT INTO village (id, name, panchayat_id) VALUES (15207, 'Suggupalle', 570);
INSERT INTO village (id, name, panchayat_id) VALUES (15208, 'Sulluru Japthikattubadi', 570);
INSERT INTO village (id, name, panchayat_id) VALUES (15209, 'Sulluru (Sullurpeta) (Ct)', 570);
INSERT INTO village (id, name, panchayat_id) VALUES (15210, 'Uggumudi', 570);
INSERT INTO village (id, name, panchayat_id) VALUES (15211, 'Vatrapalem', 570);
INSERT INTO village (id, name, panchayat_id) VALUES (15212, 'Velagalapannuru', 570);
INSERT INTO village (id, name, panchayat_id) VALUES (15213, 'Yerrabalem (Ct)', 570);
INSERT INTO village (id, name, panchayat_id) VALUES (15214, 'Yerrapalem', 570);
INSERT INTO village (id, name, panchayat_id) VALUES (15215, 'Zuvvi Chelika', 570);
INSERT INTO mandal (id, name, constituency_id) VALUES (571, 'Tada', 24);
INSERT INTO panchayat (id, name, mandal_id) VALUES (571, 'Default Panchayat Tada', 571);
INSERT INTO village (id, name, panchayat_id) VALUES (15216, 'Akkampeta', 571);
INSERT INTO village (id, name, panchayat_id) VALUES (15217, 'Andagundala', 571);
INSERT INTO village (id, name, panchayat_id) VALUES (15218, 'Bheemulavaripalem', 571);
INSERT INTO village (id, name, panchayat_id) VALUES (15219, 'Devuni Khandrika', 571);
INSERT INTO village (id, name, panchayat_id) VALUES (15220, 'Gollalamuluvu', 571);
INSERT INTO village (id, name, panchayat_id) VALUES (15221, 'Graddagunta', 571);
INSERT INTO village (id, name, panchayat_id) VALUES (15222, 'Irakam', 571);
INSERT INTO village (id, name, panchayat_id) VALUES (15223, 'Kadaluru', 571);
INSERT INTO village (id, name, panchayat_id) VALUES (15224, 'Karijatha', 571);
INSERT INTO village (id, name, panchayat_id) VALUES (15225, 'Karur', 571);
INSERT INTO village (id, name, panchayat_id) VALUES (15226, 'Konduru', 571);
INSERT INTO village (id, name, panchayat_id) VALUES (15227, 'Mambattu', 571);
INSERT INTO village (id, name, panchayat_id) VALUES (15228, 'Pallepalem', 571);
INSERT INTO village (id, name, panchayat_id) VALUES (15229, 'Pannamgadu', 571);
INSERT INTO village (id, name, panchayat_id) VALUES (15230, 'Periavattu', 571);
INSERT INTO village (id, name, panchayat_id) VALUES (15231, 'Pudi', 571);
INSERT INTO village (id, name, panchayat_id) VALUES (15232, 'Pulivendra', 571);
INSERT INTO village (id, name, panchayat_id) VALUES (15233, 'Ramapuram', 571);
INSERT INTO village (id, name, panchayat_id) VALUES (15234, 'Tada', 571);
INSERT INTO village (id, name, panchayat_id) VALUES (15235, 'Tada Khandrika (Ct)', 571);
INSERT INTO village (id, name, panchayat_id) VALUES (15236, 'Thopu Khandrika', 571);
INSERT INTO village (id, name, panchayat_id) VALUES (15237, 'Vatambedu', 571);
INSERT INTO village (id, name, panchayat_id) VALUES (15238, 'Velagalavagu', 571);
INSERT INTO village (id, name, panchayat_id) VALUES (15239, 'Venadu', 571);
INSERT INTO village (id, name, panchayat_id) VALUES (15240, 'Vendlurupadu', 571);
INSERT INTO mandal (id, name, constituency_id) VALUES (572, 'Thottambedu', 24);
INSERT INTO panchayat (id, name, mandal_id) VALUES (572, 'Default Panchayat Thottambedu', 572);
INSERT INTO village (id, name, panchayat_id) VALUES (15241, 'Basavaiahpalem', 572);
INSERT INTO village (id, name, panchayat_id) VALUES (15242, 'Bonupalle', 572);
INSERT INTO village (id, name, panchayat_id) VALUES (15243, 'Chemuru', 572);
INSERT INTO village (id, name, panchayat_id) VALUES (15244, 'Cheruku Ragappa Naidu Khandriga', 572);
INSERT INTO village (id, name, panchayat_id) VALUES (15245, 'Chinna Singamala', 572);
INSERT INTO village (id, name, panchayat_id) VALUES (15246, 'Chittathur', 572);
INSERT INTO village (id, name, panchayat_id) VALUES (15247, 'Chiyyavaram', 572);
INSERT INTO village (id, name, panchayat_id) VALUES (15248, 'Chodavaram', 572);
INSERT INTO village (id, name, panchayat_id) VALUES (15249, 'Dainadu', 572);
INSERT INTO village (id, name, panchayat_id) VALUES (15250, 'Dongalamudur', 572);
INSERT INTO village (id, name, panchayat_id) VALUES (15251, 'Edulagunta', 572);
INSERT INTO village (id, name, panchayat_id) VALUES (15252, 'Gottipudi', 572);
INSERT INTO village (id, name, panchayat_id) VALUES (15253, 'Gowdamala', 572);
INSERT INTO village (id, name, panchayat_id) VALUES (15254, 'Gummadigunta', 572);
INSERT INTO village (id, name, panchayat_id) VALUES (15255, 'Gunteligunta @ L.N.Puram', 572);
INSERT INTO village (id, name, panchayat_id) VALUES (15256, 'Gurukulapalem', 572);
INSERT INTO village (id, name, panchayat_id) VALUES (15257, 'Ilaganur', 572);
INSERT INTO village (id, name, panchayat_id) VALUES (15258, 'Kallipudi', 572);
INSERT INTO village (id, name, panchayat_id) VALUES (15259, 'Kanchanapalle', 572);
INSERT INTO village (id, name, panchayat_id) VALUES (15260, 'Kasaram', 572);
INSERT INTO village (id, name, panchayat_id) VALUES (15261, 'Konathaneri', 572);
INSERT INTO village (id, name, panchayat_id) VALUES (15262, 'Kondachenu Khandriga', 572);
INSERT INTO village (id, name, panchayat_id) VALUES (15263, 'Konnali', 572);
INSERT INTO village (id, name, panchayat_id) VALUES (15264, 'Mamidigunta', 572);
INSERT INTO village (id, name, panchayat_id) VALUES (15265, 'Peddagunta Agraharam', 572);
INSERT INTO village (id, name, panchayat_id) VALUES (15266, 'Peddakanaparthi', 572);
INSERT INTO village (id, name, panchayat_id) VALUES (15267, 'Pedda Kannali', 572);
INSERT INTO village (id, name, panchayat_id) VALUES (15268, 'Pennalapadu', 572);
INSERT INTO village (id, name, panchayat_id) VALUES (15269, 'Pillamedu', 572);
INSERT INTO village (id, name, panchayat_id) VALUES (15270, 'Poyya', 572);
INSERT INTO village (id, name, panchayat_id) VALUES (15271, 'Pudi', 572);
INSERT INTO village (id, name, panchayat_id) VALUES (15272, 'Rambhatlapalle', 572);
INSERT INTO village (id, name, panchayat_id) VALUES (15273, 'Routhusuramala', 572);
INSERT INTO village (id, name, panchayat_id) VALUES (15274, 'Sambaiahpalem', 572);
INSERT INTO village (id, name, panchayat_id) VALUES (15275, 'Siddigunta @ Umama Heswara Puram', 572);
INSERT INTO village (id, name, panchayat_id) VALUES (15276, 'Sivanadhapalem', 572);
INSERT INTO village (id, name, panchayat_id) VALUES (15277, 'Srikrishnapuram', 572);
INSERT INTO village (id, name, panchayat_id) VALUES (15278, 'Tatiparthy', 572);
INSERT INTO village (id, name, panchayat_id) VALUES (15279, 'Thangellapalem', 572);
INSERT INTO village (id, name, panchayat_id) VALUES (15280, 'Thottambedu', 572);
INSERT INTO village (id, name, panchayat_id) VALUES (15281, 'Verupakshapuram', 572);
INSERT INTO mandal (id, name, constituency_id) VALUES (573, 'Tirupati (Rural)', 24);
INSERT INTO panchayat (id, name, mandal_id) VALUES (573, 'Default Panchayat Tirupati (Rural)', 573);
INSERT INTO village (id, name, panchayat_id) VALUES (15282, 'Avilala (Ct)', 573);
INSERT INTO village (id, name, panchayat_id) VALUES (15283, 'Brahmana Pattu', 573);
INSERT INTO village (id, name, panchayat_id) VALUES (15284, 'Btr Colony', 573);
INSERT INTO village (id, name, panchayat_id) VALUES (15285, 'Cherlopalle (Ct)', 573);
INSERT INTO village (id, name, panchayat_id) VALUES (15286, 'Chiguruwada North Khandriga', 573);
INSERT INTO village (id, name, panchayat_id) VALUES (15287, 'Chiguruwada South Khandriga', 573);
INSERT INTO village (id, name, panchayat_id) VALUES (15288, 'Daminedu', 573);
INSERT INTO village (id, name, panchayat_id) VALUES (15289, 'Durga Samudram', 573);
INSERT INTO village (id, name, panchayat_id) VALUES (15290, 'Gollapalle', 573);
INSERT INTO village (id, name, panchayat_id) VALUES (15291, 'Kalur', 573);
INSERT INTO village (id, name, panchayat_id) VALUES (15292, 'Kothur', 573);
INSERT INTO village (id, name, panchayat_id) VALUES (15293, 'Kuntrapakam', 573);
INSERT INTO village (id, name, panchayat_id) VALUES (15294, 'Kupu Chandra Peta', 573);
INSERT INTO village (id, name, panchayat_id) VALUES (15295, 'Mallam Gunta', 573);
INSERT INTO village (id, name, panchayat_id) VALUES (15296, 'Mallavaram', 573);
INSERT INTO village (id, name, panchayat_id) VALUES (15297, 'Mundlapudi', 573);
INSERT INTO village (id, name, panchayat_id) VALUES (15298, 'Muthyalareddipalli', 573);
INSERT INTO village (id, name, panchayat_id) VALUES (15299, 'Nallamani Kalva', 573);
INSERT INTO village (id, name, panchayat_id) VALUES (15300, 'Padi', 573);
INSERT INTO village (id, name, panchayat_id) VALUES (15301, 'Paidi Palle', 573);
INSERT INTO village (id, name, panchayat_id) VALUES (15302, 'Panakam', 573);
INSERT INTO village (id, name, panchayat_id) VALUES (15303, 'Patha Kalva', 573);
INSERT INTO village (id, name, panchayat_id) VALUES (15304, 'Perur (Ct)', 573);
INSERT INTO village (id, name, panchayat_id) VALUES (15305, 'Pudipatla', 573);
INSERT INTO village (id, name, panchayat_id) VALUES (15306, 'Ramanuja Palle', 573);
INSERT INTO village (id, name, panchayat_id) VALUES (15307, 'Thanapalle', 573);
INSERT INTO village (id, name, panchayat_id) VALUES (15308, 'Thummala Gunta (Part)', 573);
INSERT INTO village (id, name, panchayat_id) VALUES (15309, 'Tiruchanur (Ct)', 573);
INSERT INTO village (id, name, panchayat_id) VALUES (15310, 'Vedantha Puram', 573);
INSERT INTO village (id, name, panchayat_id) VALUES (15311, 'Vemur', 573);
INSERT INTO village (id, name, panchayat_id) VALUES (15312, 'Yogimallvaram', 573);
INSERT INTO mandal (id, name, constituency_id) VALUES (574, 'Tirupati (Urban)', 24);
INSERT INTO panchayat (id, name, mandal_id) VALUES (574, 'Default Panchayat Tirupati (Urban)', 574);
INSERT INTO village (id, name, panchayat_id) VALUES (15313, 'Akkarampalle (Ct)', 574);
INSERT INTO village (id, name, panchayat_id) VALUES (15314, 'Chennayyagunta', 574);
INSERT INTO village (id, name, panchayat_id) VALUES (15315, 'Konkachennaiahgunta', 574);
INSERT INTO village (id, name, panchayat_id) VALUES (15316, 'Mangalam (Ct)', 574);
INSERT INTO village (id, name, panchayat_id) VALUES (15317, 'Settipalle (Og)', 574);
INSERT INTO village (id, name, panchayat_id) VALUES (15318, 'Timminaidupalle (Og)', 574);
INSERT INTO village (id, name, panchayat_id) VALUES (15319, 'Tirumala (Ct)', 574);
INSERT INTO village (id, name, panchayat_id) VALUES (15320, 'Tirupati (Nma) (Ct)', 574);
INSERT INTO mandal (id, name, constituency_id) VALUES (575, 'Vadamalapet', 24);
INSERT INTO panchayat (id, name, mandal_id) VALUES (575, 'Default Panchayat Vadamalapet', 575);
INSERT INTO village (id, name, panchayat_id) VALUES (15321, 'Alimelu Manga Puram', 575);
INSERT INTO village (id, name, panchayat_id) VALUES (15322, 'Ayyannagaripalle', 575);
INSERT INTO village (id, name, panchayat_id) VALUES (15323, 'Kadirimangalam', 575);
INSERT INTO village (id, name, panchayat_id) VALUES (15324, 'Kallur', 575);
INSERT INTO village (id, name, panchayat_id) VALUES (15325, 'Kayam', 575);
INSERT INTO village (id, name, panchayat_id) VALUES (15326, 'K.G.Khandriga', 575);
INSERT INTO village (id, name, panchayat_id) VALUES (15327, 'Pachikalva', 575);
INSERT INTO village (id, name, panchayat_id) VALUES (15328, 'Padiredu', 575);
INSERT INTO village (id, name, panchayat_id) VALUES (15329, 'Padiredu Aranyam', 575);
INSERT INTO village (id, name, panchayat_id) VALUES (15330, 'Pathiputhuru', 575);
INSERT INTO village (id, name, panchayat_id) VALUES (15331, 'Pudi', 575);
INSERT INTO village (id, name, panchayat_id) VALUES (15332, 'Ramasamudram', 575);
INSERT INTO village (id, name, panchayat_id) VALUES (15333, 'Seethamma Agraharam', 575);
INSERT INTO village (id, name, panchayat_id) VALUES (15334, 'Seetharama Puram', 575);
INSERT INTO village (id, name, panchayat_id) VALUES (15335, 'Sri Bommaraju Puram', 575);
INSERT INTO village (id, name, panchayat_id) VALUES (15336, 'Srinivasapuram', 575);
INSERT INTO village (id, name, panchayat_id) VALUES (15337, 'S.V. Puram', 575);
INSERT INTO village (id, name, panchayat_id) VALUES (15338, 'T.C.Agraharam', 575);
INSERT INTO village (id, name, panchayat_id) VALUES (15339, 'Thatneri', 575);
INSERT INTO village (id, name, panchayat_id) VALUES (15340, 'Thirumandyam', 575);
INSERT INTO village (id, name, panchayat_id) VALUES (15341, 'Vadamala', 575);
INSERT INTO village (id, name, panchayat_id) VALUES (15342, 'Vemapuram', 575);
INSERT INTO mandal (id, name, constituency_id) VALUES (576, 'Vakadu', 24);
INSERT INTO panchayat (id, name, mandal_id) VALUES (576, 'Default Panchayat Vakadu', 576);
INSERT INTO village (id, name, panchayat_id) VALUES (15343, 'Andalamala', 576);
INSERT INTO village (id, name, panchayat_id) VALUES (15344, 'Budidalawagu', 576);
INSERT INTO village (id, name, panchayat_id) VALUES (15345, 'Cheemalapadu', 576);
INSERT INTO village (id, name, panchayat_id) VALUES (15346, 'Chennappagarimitta', 576);
INSERT INTO village (id, name, panchayat_id) VALUES (15347, 'Cherukumulam', 576);
INSERT INTO village (id, name, panchayat_id) VALUES (15348, 'Duggaraja Patnam', 576);
INSERT INTO village (id, name, panchayat_id) VALUES (15349, 'Durgavaram', 576);
INSERT INTO village (id, name, panchayat_id) VALUES (15350, 'Ganganapalem', 576);
INSERT INTO village (id, name, panchayat_id) VALUES (15351, 'Gundlu', 576);
INSERT INTO village (id, name, panchayat_id) VALUES (15352, 'Iskamattu', 576);
INSERT INTO village (id, name, panchayat_id) VALUES (15353, 'Jaminkothapalem', 576);
INSERT INTO village (id, name, panchayat_id) VALUES (15354, 'Juvvinattu', 576);
INSERT INTO village (id, name, panchayat_id) VALUES (15355, 'Kalluru', 576);
INSERT INTO village (id, name, panchayat_id) VALUES (15356, 'Kapparampadu', 576);
INSERT INTO village (id, name, panchayat_id) VALUES (15357, 'Kasipuram', 576);
INSERT INTO village (id, name, panchayat_id) VALUES (15358, 'Kodiwaka', 576);
INSERT INTO village (id, name, panchayat_id) VALUES (15359, 'Kondapuram', 576);
INSERT INTO village (id, name, panchayat_id) VALUES (15360, 'Konduru', 576);
INSERT INTO village (id, name, panchayat_id) VALUES (15361, 'Kotha Cheruvu @ Sahebulapalem', 576);
INSERT INTO village (id, name, panchayat_id) VALUES (15362, 'Manyalanattu', 576);
INSERT INTO village (id, name, panchayat_id) VALUES (15363, 'Molaganur', 576);
INSERT INTO village (id, name, panchayat_id) VALUES (15364, 'Muttembaka', 576);
INSERT INTO village (id, name, panchayat_id) VALUES (15365, 'Nagulamarri', 576);
INSERT INTO village (id, name, panchayat_id) VALUES (15366, 'Namkadu Bit - I', 576);
INSERT INTO village (id, name, panchayat_id) VALUES (15367, 'Namkadu Bit - II', 576);
INSERT INTO village (id, name, panchayat_id) VALUES (15368, 'Nellipudi', 576);
INSERT INTO village (id, name, panchayat_id) VALUES (15369, 'Pamanji', 576);
INSERT INTO village (id, name, panchayat_id) VALUES (15370, 'Pambali', 576);
INSERT INTO village (id, name, panchayat_id) VALUES (15371, 'Pathetipalem', 576);
INSERT INTO village (id, name, panchayat_id) VALUES (15372, 'Pedda Cheruvu', 576);
INSERT INTO village (id, name, panchayat_id) VALUES (15373, 'Pollakhandrika', 576);
INSERT INTO village (id, name, panchayat_id) VALUES (15374, 'Pudilayadoruvu', 576);
INSERT INTO village (id, name, panchayat_id) VALUES (15375, 'Pulikorru @ Balireddipalem', 576);
INSERT INTO village (id, name, panchayat_id) VALUES (15376, 'Reddipalem Bit - I', 576);
INSERT INTO village (id, name, panchayat_id) VALUES (15377, 'Reddipalem Bit - II', 576);
INSERT INTO village (id, name, panchayat_id) VALUES (15378, 'Tirumur', 576);
INSERT INTO village (id, name, panchayat_id) VALUES (15379, 'Uttara Polam', 576);
INSERT INTO village (id, name, panchayat_id) VALUES (15380, 'Vagarru @ Tupilipalem', 576);
INSERT INTO village (id, name, panchayat_id) VALUES (15381, 'Vakadu', 576);
INSERT INTO village (id, name, panchayat_id) VALUES (15382, 'Valamedu', 576);
INSERT INTO village (id, name, panchayat_id) VALUES (15383, 'Yaragatipalle', 576);
INSERT INTO mandal (id, name, constituency_id) VALUES (577, 'Varadaiahpalem', 24);
INSERT INTO panchayat (id, name, mandal_id) VALUES (577, 'Default Panchayat Varadaiahpalem', 577);
INSERT INTO village (id, name, panchayat_id) VALUES (15384, 'Ambur', 577);
INSERT INTO village (id, name, panchayat_id) VALUES (15385, 'Arudur', 577);
INSERT INTO village (id, name, panchayat_id) VALUES (15386, 'Ayyavaripalem', 577);
INSERT INTO village (id, name, panchayat_id) VALUES (15387, 'Chedulapakam', 577);
INSERT INTO village (id, name, panchayat_id) VALUES (15388, 'Chilamathur', 577);
INSERT INTO village (id, name, panchayat_id) VALUES (15389, 'Chinnapandur', 577);
INSERT INTO village (id, name, panchayat_id) VALUES (15390, 'C.L Naidu Palle', 577);
INSERT INTO village (id, name, panchayat_id) VALUES (15391, 'Gudalavaripalem', 577);
INSERT INTO village (id, name, panchayat_id) VALUES (15392, 'Isukapalem', 577);
INSERT INTO village (id, name, panchayat_id) VALUES (15393, 'Kadur', 577);
INSERT INTO village (id, name, panchayat_id) VALUES (15394, 'Kalathur', 577);
INSERT INTO village (id, name, panchayat_id) VALUES (15395, 'Kambakam', 577);
INSERT INTO village (id, name, panchayat_id) VALUES (15396, 'Karepakam', 577);
INSERT INTO village (id, name, panchayat_id) VALUES (15397, 'Kovurpadu', 577);
INSERT INTO village (id, name, panchayat_id) VALUES (15398, 'Kurinjalam', 577);
INSERT INTO village (id, name, panchayat_id) VALUES (15399, 'Kuvvakolli', 577);
INSERT INTO village (id, name, panchayat_id) VALUES (15400, 'Maradawada', 577);
INSERT INTO village (id, name, panchayat_id) VALUES (15401, 'Mopurapalle', 577);
INSERT INTO village (id, name, panchayat_id) VALUES (15402, 'Nellatur', 577);
INSERT INTO village (id, name, panchayat_id) VALUES (15403, 'Padirikuppam', 577);
INSERT INTO village (id, name, panchayat_id) VALUES (15404, 'Pandur', 577);
INSERT INTO village (id, name, panchayat_id) VALUES (15405, 'Racherla', 577);
INSERT INTO village (id, name, panchayat_id) VALUES (15406, 'Santhavellore', 577);
INSERT INTO village (id, name, panchayat_id) VALUES (15407, 'Sathambedu', 577);
INSERT INTO village (id, name, panchayat_id) VALUES (15408, 'Siddamma Agraharam', 577);
INSERT INTO village (id, name, panchayat_id) VALUES (15409, 'Thondambattu', 577);
INSERT INTO village (id, name, panchayat_id) VALUES (15410, 'Thondur', 577);
INSERT INTO village (id, name, panchayat_id) VALUES (15411, 'Varadaiahpalem', 577);
INSERT INTO village (id, name, panchayat_id) VALUES (15412, 'Vittaiah Palem', 577);
INSERT INTO village (id, name, panchayat_id) VALUES (15413, 'Yanadivettu', 577);
INSERT INTO mandal (id, name, constituency_id) VALUES (578, 'Venkatagiri', 24);
INSERT INTO panchayat (id, name, mandal_id) VALUES (578, 'Default Panchayat Venkatagiri', 578);
INSERT INTO village (id, name, panchayat_id) VALUES (15414, 'Akbarnivasa Khandrika', 578);
INSERT INTO village (id, name, panchayat_id) VALUES (15415, 'Akkamambapuram', 578);
INSERT INTO village (id, name, panchayat_id) VALUES (15416, 'Alivelu Mangapuram', 578);
INSERT INTO village (id, name, panchayat_id) VALUES (15417, 'Ammapalem', 578);
INSERT INTO village (id, name, panchayat_id) VALUES (15418, 'Ammavaripeta', 578);
INSERT INTO village (id, name, panchayat_id) VALUES (15419, 'Balasamudram', 578);
INSERT INTO village (id, name, panchayat_id) VALUES (15420, 'Bangarupeta', 578);
INSERT INTO village (id, name, panchayat_id) VALUES (15421, 'Bangaruyachasamudram', 578);
INSERT INTO village (id, name, panchayat_id) VALUES (15422, 'Basavayagunta', 578);
INSERT INTO village (id, name, panchayat_id) VALUES (15423, 'Bommagunta', 578);
INSERT INTO village (id, name, panchayat_id) VALUES (15424, 'Boppapuram', 578);
INSERT INTO village (id, name, panchayat_id) VALUES (15425, 'Busapalem', 578);
INSERT INTO village (id, name, panchayat_id) VALUES (15426, 'C.Guntavenganna Khandrika', 578);
INSERT INTO village (id, name, panchayat_id) VALUES (15427, 'Chelikampadu', 578);
INSERT INTO village (id, name, panchayat_id) VALUES (15428, 'Chelikampadu Mannegunta', 578);
INSERT INTO village (id, name, panchayat_id) VALUES (15429, 'Chevireddipalle', 578);
INSERT INTO village (id, name, panchayat_id) VALUES (15430, 'China Bandarupalle', 578);
INSERT INTO village (id, name, panchayat_id) VALUES (15431, 'China Gotlagunta', 578);
INSERT INTO village (id, name, panchayat_id) VALUES (15432, 'Chinnannapeta', 578);
INSERT INTO village (id, name, panchayat_id) VALUES (15433, 'Chintala Cheruvu Khandrika', 578);
INSERT INTO village (id, name, panchayat_id) VALUES (15434, 'Chinthagunta', 578);
INSERT INTO village (id, name, panchayat_id) VALUES (15435, 'Chinthalapallevari Khandrika', 578);
INSERT INTO village (id, name, panchayat_id) VALUES (15436, 'Dacheruvu', 578);
INSERT INTO village (id, name, panchayat_id) VALUES (15437, 'Dharmachatlavari Khandrika', 578);
INSERT INTO village (id, name, panchayat_id) VALUES (15438, 'Dharmapuram', 578);
INSERT INTO village (id, name, panchayat_id) VALUES (15439, 'Gotlagunta', 578);
INSERT INTO village (id, name, panchayat_id) VALUES (15440, 'Gundalasamudram', 578);
INSERT INTO village (id, name, panchayat_id) VALUES (15441, 'Jangalapalle', 578);
INSERT INTO village (id, name, panchayat_id) VALUES (15442, 'J.Appalacharyula Khandrika', 578);
INSERT INTO village (id, name, panchayat_id) VALUES (15443, 'Juvvimani Khandrika', 578);
INSERT INTO village (id, name, panchayat_id) VALUES (15444, 'Kalapadu', 578);
INSERT INTO village (id, name, panchayat_id) VALUES (15445, 'Kalavalapudi', 578);
INSERT INTO village (id, name, panchayat_id) VALUES (15446, 'Kammapalle', 578);
INSERT INTO village (id, name, panchayat_id) VALUES (15447, 'Kandanalapadu', 578);
INSERT INTO village (id, name, panchayat_id) VALUES (15448, 'Kummaragunta', 578);
INSERT INTO village (id, name, panchayat_id) VALUES (15449, 'Kummarapeta', 578);
INSERT INTO village (id, name, panchayat_id) VALUES (15450, 'Kuppampalle', 578);
INSERT INTO village (id, name, panchayat_id) VALUES (15451, 'Kurjagunta', 578);
INSERT INTO village (id, name, panchayat_id) VALUES (15452, 'Kylasanadhapuram', 578);
INSERT INTO village (id, name, panchayat_id) VALUES (15453, 'Lakshmirampalle', 578);
INSERT INTO village (id, name, panchayat_id) VALUES (15454, 'Lalapeta', 578);
INSERT INTO village (id, name, panchayat_id) VALUES (15455, 'Lingamanaidupalle', 578);
INSERT INTO village (id, name, panchayat_id) VALUES (15456, 'Madichenu Khandrika', 578);
INSERT INTO village (id, name, panchayat_id) VALUES (15457, 'Manigadaru Khandrika', 578);
INSERT INTO village (id, name, panchayat_id) VALUES (15458, 'Mannegunta', 578);
INSERT INTO village (id, name, panchayat_id) VALUES (15459, 'Mogallagunta', 578);
INSERT INTO village (id, name, panchayat_id) VALUES (15460, 'Mokkalapudi', 578);
INSERT INTO village (id, name, panchayat_id) VALUES (15461, 'Muddampalle', 578);
INSERT INTO village (id, name, panchayat_id) VALUES (15462, 'Palakonda Satram', 578);
INSERT INTO village (id, name, panchayat_id) VALUES (15463, 'Palemkota', 578);
INSERT INTO village (id, name, panchayat_id) VALUES (15464, 'Panjam', 578);
INSERT INTO village (id, name, panchayat_id) VALUES (15465, 'Papamambapuram', 578);
INSERT INTO village (id, name, panchayat_id) VALUES (15466, 'Papammacheruvu- Khandrika', 578);
INSERT INTO village (id, name, panchayat_id) VALUES (15467, 'Paravolu', 578);
INSERT INTO village (id, name, panchayat_id) VALUES (15468, 'Patrapalle', 578);
INSERT INTO village (id, name, panchayat_id) VALUES (15469, 'Peda Bandarupalle', 578);
INSERT INTO village (id, name, panchayat_id) VALUES (15470, 'Periyavaram', 578);
INSERT INTO village (id, name, panchayat_id) VALUES (15471, 'Petluru', 578);
INSERT INTO village (id, name, panchayat_id) VALUES (15472, 'Pogulavaripalle', 578);
INSERT INTO village (id, name, panchayat_id) VALUES (15473, 'Poolarangadupalle', 578);
INSERT INTO village (id, name, panchayat_id) VALUES (15474, 'Ramasastrulavari Khandrika', 578);
INSERT INTO village (id, name, panchayat_id) VALUES (15475, 'Siddavaram', 578);
INSERT INTO village (id, name, panchayat_id) VALUES (15476, 'Singamambapuram', 578);
INSERT INTO village (id, name, panchayat_id) VALUES (15477, 'Somasanigunta (Part)', 578);
INSERT INTO village (id, name, panchayat_id) VALUES (15478, 'Sunkaravaripalle', 578);
INSERT INTO village (id, name, panchayat_id) VALUES (15479, 'Thadikalapadu Khandrika', 578);
INSERT INTO village (id, name, panchayat_id) VALUES (15480, 'Thimmayagunta', 578);
INSERT INTO village (id, name, panchayat_id) VALUES (15481, 'Thripurantaka Bhatlapalle', 578);
INSERT INTO village (id, name, panchayat_id) VALUES (15482, 'Upparapalle', 578);
INSERT INTO village (id, name, panchayat_id) VALUES (15483, 'Vaddipalle', 578);
INSERT INTO village (id, name, panchayat_id) VALUES (15484, 'Vallivedu', 578);
INSERT INTO village (id, name, panchayat_id) VALUES (15485, 'Varadanapalle', 578);
INSERT INTO village (id, name, panchayat_id) VALUES (15486, 'Venkatagiri Town (U)', 578);
INSERT INTO village (id, name, panchayat_id) VALUES (15487, 'Vidwat Kumara Yachasamudram', 578);
INSERT INTO village (id, name, panchayat_id) VALUES (15488, 'Viswanadhapuram', 578);
INSERT INTO village (id, name, panchayat_id) VALUES (15489, 'Yachasamudram', 578);
INSERT INTO village (id, name, panchayat_id) VALUES (15490, 'Yathaluru', 578);
INSERT INTO mandal (id, name, constituency_id) VALUES (579, 'Yerpedu', 24);
INSERT INTO panchayat (id, name, mandal_id) VALUES (579, 'Default Panchayat Yerpedu', 579);
INSERT INTO village (id, name, panchayat_id) VALUES (15491, 'Arugorla Khandriga', 579);
INSERT INTO village (id, name, panchayat_id) VALUES (15492, 'Chellur', 579);
INSERT INTO village (id, name, panchayat_id) VALUES (15493, 'Chindepalle', 579);
INSERT INTO village (id, name, panchayat_id) VALUES (15494, 'Chinnajimedu', 579);
INSERT INTO village (id, name, panchayat_id) VALUES (15495, 'Chintalapalem', 579);
INSERT INTO village (id, name, panchayat_id) VALUES (15496, 'Durgiperi', 579);
INSERT INTO village (id, name, panchayat_id) VALUES (15497, 'Gudimallam', 579);
INSERT INTO village (id, name, panchayat_id) VALUES (15498, 'Isukathageli', 579);
INSERT INTO village (id, name, panchayat_id) VALUES (15499, 'Kandadu', 579);
INSERT INTO village (id, name, panchayat_id) VALUES (15500, 'Katrakayalagunta', 579);
INSERT INTO village (id, name, panchayat_id) VALUES (15501, 'Kobaka', 579);
INSERT INTO village (id, name, panchayat_id) VALUES (15502, 'Krishnampalle', 579);
INSERT INTO village (id, name, panchayat_id) VALUES (15503, 'Madhavamala', 579);
INSERT INTO village (id, name, panchayat_id) VALUES (15504, 'Mahankalideviputtur', 579);
INSERT INTO village (id, name, panchayat_id) VALUES (15505, 'Mannasamudram', 579);
INSERT INTO village (id, name, panchayat_id) VALUES (15506, 'Merlapaka', 579);
INSERT INTO village (id, name, panchayat_id) VALUES (15507, 'Modugulapalem', 579);
INSERT INTO village (id, name, panchayat_id) VALUES (15508, 'Munagalapalem', 579);
INSERT INTO village (id, name, panchayat_id) VALUES (15509, 'Musalipedu', 579);
INSERT INTO village (id, name, panchayat_id) VALUES (15510, 'Nachaneri', 579);
INSERT INTO village (id, name, panchayat_id) VALUES (15511, 'Nagampalle', 579);
INSERT INTO village (id, name, panchayat_id) VALUES (15512, 'Pagali', 579);
INSERT INTO village (id, name, panchayat_id) VALUES (15513, 'Pallam', 579);
INSERT INTO village (id, name, panchayat_id) VALUES (15514, 'Pangur', 579);
INSERT INTO village (id, name, panchayat_id) VALUES (15515, 'Pathaveerapuram', 579);
INSERT INTO village (id, name, panchayat_id) VALUES (15516, 'Peddanjimedu', 579);
INSERT INTO village (id, name, panchayat_id) VALUES (15517, 'Pennagadam', 579);
INSERT INTO village (id, name, panchayat_id) VALUES (15518, 'Penumallam', 579);
INSERT INTO village (id, name, panchayat_id) VALUES (15519, 'Seetharampet', 579);
INSERT INTO village (id, name, panchayat_id) VALUES (15520, 'Sreenivasapuram', 579);
INSERT INTO village (id, name, panchayat_id) VALUES (15521, 'Vedulla Cheruvu', 579);
INSERT INTO village (id, name, panchayat_id) VALUES (15522, 'Venkatapuram', 579);
INSERT INTO village (id, name, panchayat_id) VALUES (15523, 'Vikruthamala', 579);
INSERT INTO village (id, name, panchayat_id) VALUES (15524, 'Yerpedu', 579);
INSERT INTO mandal (id, name, constituency_id) VALUES (580, 'Yerravaripalem', 24);
INSERT INTO panchayat (id, name, mandal_id) VALUES (580, 'Default Panchayat Yerravaripalem', 580);
INSERT INTO village (id, name, panchayat_id) VALUES (15525, 'Bodevandlapalle', 580);
INSERT INTO village (id, name, panchayat_id) VALUES (15526, 'Chinthakunta', 580);
INSERT INTO village (id, name, panchayat_id) VALUES (15527, 'Ellamanda', 580);
INSERT INTO village (id, name, panchayat_id) VALUES (15528, 'Kamalayyavaripalle', 580);
INSERT INTO village (id, name, panchayat_id) VALUES (15529, 'Nerabylu', 580);
INSERT INTO village (id, name, panchayat_id) VALUES (15530, 'Udayamanikyam', 580);
INSERT INTO village (id, name, panchayat_id) VALUES (15531, 'Udayamanikyam Agraharam', 580);
INSERT INTO village (id, name, panchayat_id) VALUES (15532, 'Usthikayalapenta', 580);
INSERT INTO village (id, name, panchayat_id) VALUES (15533, 'Venkataramarajupuram', 580);
INSERT INTO village (id, name, panchayat_id) VALUES (15534, 'Yerravaripalem', 580);
INSERT INTO district (id, name, state_id) VALUES (25, 'Visakhapatnam', 1);
INSERT INTO constituency (id, name, district_id, mla_name, mp_name) VALUES (25, 'Default Constituency Visakhapatnam', 25, 'Pending MLA', 'Pending MP');
INSERT INTO mandal (id, name, constituency_id) VALUES (581, 'Anandapuram', 25);
INSERT INTO panchayat (id, name, mandal_id) VALUES (581, 'Default Panchayat Anandapuram', 581);
INSERT INTO village (id, name, panchayat_id) VALUES (15535, 'Anandapuram', 581);
INSERT INTO village (id, name, panchayat_id) VALUES (15536, 'Bakurupalem', 581);
INSERT INTO village (id, name, panchayat_id) VALUES (15537, 'Bantupallivarikallalu', 581);
INSERT INTO village (id, name, panchayat_id) VALUES (15538, 'Bheemannadorapalem', 581);
INSERT INTO village (id, name, panchayat_id) VALUES (15539, 'Boni', 581);
INSERT INTO village (id, name, panchayat_id) VALUES (15540, 'Chandaka', 581);
INSERT INTO village (id, name, panchayat_id) VALUES (15541, 'Dabbanda', 581);
INSERT INTO village (id, name, panchayat_id) VALUES (15542, 'Gambheeram', 581);
INSERT INTO village (id, name, panchayat_id) VALUES (15543, 'Gandigundam', 581);
INSERT INTO village (id, name, panchayat_id) VALUES (15544, 'Gangasani Agraharam', 581);
INSERT INTO village (id, name, panchayat_id) VALUES (15545, 'Gidijala', 581);
INSERT INTO village (id, name, panchayat_id) VALUES (15546, 'Gorinta', 581);
INSERT INTO village (id, name, panchayat_id) VALUES (15547, 'Gottipalle', 581);
INSERT INTO village (id, name, panchayat_id) VALUES (15548, 'Gudilova', 581);
INSERT INTO village (id, name, panchayat_id) VALUES (15549, 'Jagannadhapuram', 581);
INSERT INTO village (id, name, panchayat_id) VALUES (15550, 'Kanamam', 581);
INSERT INTO village (id, name, panchayat_id) VALUES (15551, 'Kolavanipalem', 581);
INSERT INTO village (id, name, panchayat_id) VALUES (15552, 'Kusuluvada', 581);
INSERT INTO village (id, name, panchayat_id) VALUES (15553, 'Mamidilova', 581);
INSERT INTO village (id, name, panchayat_id) VALUES (15554, 'Mukundapuram', 581);
INSERT INTO village (id, name, panchayat_id) VALUES (15555, 'Mutcherla', 581);
INSERT INTO village (id, name, panchayat_id) VALUES (15556, 'Narayana Gajapathirajupuram', 581);
INSERT INTO village (id, name, panchayat_id) VALUES (15557, 'Palavalasa', 581);
INSERT INTO village (id, name, panchayat_id) VALUES (15558, 'Pandalapaka', 581);
INSERT INTO village (id, name, panchayat_id) VALUES (15559, 'Peddipalem', 581);
INSERT INTO village (id, name, panchayat_id) VALUES (15560, 'Pekeru', 581);
INSERT INTO village (id, name, panchayat_id) VALUES (15561, 'Ramavaram', 581);
INSERT INTO village (id, name, panchayat_id) VALUES (15562, 'Sirlapalem', 581);
INSERT INTO village (id, name, panchayat_id) VALUES (15563, 'Sontyam', 581);
INSERT INTO village (id, name, panchayat_id) VALUES (15564, 'Tangudubilli', 581);
INSERT INTO village (id, name, panchayat_id) VALUES (15565, 'Tarluvada', 581);
INSERT INTO village (id, name, panchayat_id) VALUES (15566, 'Vellanki', 581);
INSERT INTO village (id, name, panchayat_id) VALUES (15567, 'Vemulavalasa', 581);
INSERT INTO mandal (id, name, constituency_id) VALUES (582, 'Bheemunipatnam', 25);
INSERT INTO panchayat (id, name, mandal_id) VALUES (582, 'Default Panchayat Bheemunipatnam', 582);
INSERT INTO village (id, name, panchayat_id) VALUES (15568, 'Amanam', 582);
INSERT INTO village (id, name, panchayat_id) VALUES (15569, 'Annavaram', 582);
INSERT INTO village (id, name, panchayat_id) VALUES (15570, 'Bhemmunipatnam', 582);
INSERT INTO village (id, name, panchayat_id) VALUES (15571, 'Bodametlapalem', 582);
INSERT INTO village (id, name, panchayat_id) VALUES (15572, 'Chepalappada', 582);
INSERT INTO village (id, name, panchayat_id) VALUES (15573, 'Chippada', 582);
INSERT INTO village (id, name, panchayat_id) VALUES (15574, 'Chittivalasa', 582);
INSERT INTO village (id, name, panchayat_id) VALUES (15575, 'Dakamarri', 582);
INSERT INTO village (id, name, panchayat_id) VALUES (15576, 'Jayanthivani Agraharam', 582);
INSERT INTO village (id, name, panchayat_id) VALUES (15577, 'Kapuluppada', 582);
INSERT INTO village (id, name, panchayat_id) VALUES (15578, 'K.Nagarapalem', 582);
INSERT INTO village (id, name, panchayat_id) VALUES (15579, 'Kothavalasa', 582);
INSERT INTO village (id, name, panchayat_id) VALUES (15580, 'Kummaripalem', 582);
INSERT INTO village (id, name, panchayat_id) VALUES (15581, 'K V Bhumulu', 582);
INSERT INTO village (id, name, panchayat_id) VALUES (15582, 'Laxmipuram', 582);
INSERT INTO village (id, name, panchayat_id) VALUES (15583, 'Majjipeta', 582);
INSERT INTO village (id, name, panchayat_id) VALUES (15584, 'Majjivalasa', 582);
INSERT INTO village (id, name, panchayat_id) VALUES (15585, 'Mulakuddu (Ct)', 582);
INSERT INTO village (id, name, panchayat_id) VALUES (15586, 'Nagarapalem', 582);
INSERT INTO village (id, name, panchayat_id) VALUES (15587, 'Narayanarajupeta', 582);
INSERT INTO village (id, name, panchayat_id) VALUES (15588, 'Nerellavalasa (Part)', 582);
INSERT INTO village (id, name, panchayat_id) VALUES (15589, 'Nidigattu', 582);
INSERT INTO village (id, name, panchayat_id) VALUES (15590, 'Peda Nagamayyapalem', 582);
INSERT INTO village (id, name, panchayat_id) VALUES (15591, 'Ramayogi Agraharam', 582);
INSERT INTO village (id, name, panchayat_id) VALUES (15592, 'Rekhavanipalem', 582);
INSERT INTO village (id, name, panchayat_id) VALUES (15593, 'Singanabanda', 582);
INSERT INTO village (id, name, panchayat_id) VALUES (15594, 'Singivalasa', 582);
INSERT INTO village (id, name, panchayat_id) VALUES (15595, 'Tagarapuvalasa', 582);
INSERT INTO village (id, name, panchayat_id) VALUES (15596, 'Tallavalasa (Part)', 582);
INSERT INTO village (id, name, panchayat_id) VALUES (15597, 'Tatituru', 582);
INSERT INTO mandal (id, name, constituency_id) VALUES (583, 'Gajuwaka', 25);
INSERT INTO panchayat (id, name, mandal_id) VALUES (583, 'Default Panchayat Gajuwaka', 583);
INSERT INTO village (id, name, panchayat_id) VALUES (15598, 'Aganampudi', 583);
INSERT INTO village (id, name, panchayat_id) VALUES (15599, 'Akkireddypalem (U)', 583);
INSERT INTO village (id, name, panchayat_id) VALUES (15600, 'Chinagantyada', 583);
INSERT INTO village (id, name, panchayat_id) VALUES (15601, 'Dolphin Nose', 583);
INSERT INTO village (id, name, panchayat_id) VALUES (15602, 'Duvvada', 583);
INSERT INTO village (id, name, panchayat_id) VALUES (15603, 'Fakeertakya', 583);
INSERT INTO village (id, name, panchayat_id) VALUES (15604, 'Gajuwaka', 583);
INSERT INTO village (id, name, panchayat_id) VALUES (15605, 'Jaggarajupeta', 583);
INSERT INTO village (id, name, panchayat_id) VALUES (15606, 'Kanithi', 583);
INSERT INTO village (id, name, panchayat_id) VALUES (15607, 'Kondayavalasa', 583);
INSERT INTO village (id, name, panchayat_id) VALUES (15608, 'Kurmannapalem', 583);
INSERT INTO village (id, name, panchayat_id) VALUES (15609, 'Mindi', 583);
INSERT INTO village (id, name, panchayat_id) VALUES (15610, 'Sanivada', 583);
INSERT INTO village (id, name, panchayat_id) VALUES (15611, 'Talarivanipalem', 583);
INSERT INTO village (id, name, panchayat_id) VALUES (15612, 'Thunglam (U)', 583);
INSERT INTO village (id, name, panchayat_id) VALUES (15613, 'Vadlapudi', 583);
INSERT INTO village (id, name, panchayat_id) VALUES (15614, 'Venkatapatirajupeta', 583);
INSERT INTO village (id, name, panchayat_id) VALUES (15615, 'Yarada', 583);
INSERT INTO mandal (id, name, constituency_id) VALUES (584, 'Gopalapatnam', 25);
INSERT INTO panchayat (id, name, mandal_id) VALUES (584, 'Default Panchayat Gopalapatnam', 584);
INSERT INTO village (id, name, panchayat_id) VALUES (15616, 'Buchirajupalem', 584);
INSERT INTO village (id, name, panchayat_id) VALUES (15617, 'Gopalapathnam (1)', 584);
INSERT INTO village (id, name, panchayat_id) VALUES (15618, 'Kancharapalem', 584);
INSERT INTO village (id, name, panchayat_id) VALUES (15619, 'Kapparala', 584);
INSERT INTO village (id, name, panchayat_id) VALUES (15620, 'Madhavadhara', 584);
INSERT INTO village (id, name, panchayat_id) VALUES (15621, 'Marripalem', 584);
INSERT INTO village (id, name, panchayat_id) VALUES (15622, 'Pullambhattapalem', 584);
INSERT INTO village (id, name, panchayat_id) VALUES (15623, 'Venkatapuram', 584);
INSERT INTO mandal (id, name, constituency_id) VALUES (585, 'Maharanipeta', 25);
INSERT INTO panchayat (id, name, mandal_id) VALUES (585, 'Default Panchayat Maharanipeta', 585);
INSERT INTO village (id, name, panchayat_id) VALUES (15624, 'Allipuram', 585);
INSERT INTO mandal (id, name, constituency_id) VALUES (586, 'Mulagada', 25);
INSERT INTO panchayat (id, name, mandal_id) VALUES (586, 'Default Panchayat Mulagada', 586);
INSERT INTO village (id, name, panchayat_id) VALUES (15625, 'Gullalapalem', 586);
INSERT INTO village (id, name, panchayat_id) VALUES (15626, 'Malkapuram', 586);
INSERT INTO village (id, name, panchayat_id) VALUES (15627, 'Mulagaada', 586);
INSERT INTO mandal (id, name, constituency_id) VALUES (587, 'Padmanabham', 25);
INSERT INTO panchayat (id, name, mandal_id) VALUES (587, 'Default Panchayat Padmanabham', 587);
INSERT INTO village (id, name, panchayat_id) VALUES (15628, 'Ananthavaram', 587);
INSERT INTO village (id, name, panchayat_id) VALUES (15629, 'Ayinada', 587);
INSERT INTO village (id, name, panchayat_id) VALUES (15630, 'Bapirajutallavalasa', 587);
INSERT INTO village (id, name, panchayat_id) VALUES (15631, 'Bhandevupuram', 587);
INSERT INTO village (id, name, panchayat_id) VALUES (15632, 'Buddivalasa', 587);
INSERT INTO village (id, name, panchayat_id) VALUES (15633, 'Buddivalasa Agraharam', 587);
INSERT INTO village (id, name, panchayat_id) VALUES (15634, 'Chinnapuram', 587);
INSERT INTO village (id, name, panchayat_id) VALUES (15635, 'Gandhavaram', 587);
INSERT INTO village (id, name, panchayat_id) VALUES (15636, 'Janakidevipuram', 587);
INSERT INTO village (id, name, panchayat_id) VALUES (15637, 'Korada', 587);
INSERT INTO village (id, name, panchayat_id) VALUES (15638, 'Kovvada', 587);
INSERT INTO village (id, name, panchayat_id) VALUES (15639, 'Krishnapuram', 587);
INSERT INTO village (id, name, panchayat_id) VALUES (15640, 'Maddi', 587);
INSERT INTO village (id, name, panchayat_id) VALUES (15641, 'Narasapuram', 587);
INSERT INTO village (id, name, panchayat_id) VALUES (15642, 'Nerellavalasa', 587);
INSERT INTO village (id, name, panchayat_id) VALUES (15643, 'Padmanabham', 587);
INSERT INTO village (id, name, panchayat_id) VALUES (15644, 'Pandrangi', 587);
INSERT INTO village (id, name, panchayat_id) VALUES (15645, 'Penta', 587);
INSERT INTO village (id, name, panchayat_id) VALUES (15646, 'Potnuru', 587);
INSERT INTO village (id, name, panchayat_id) VALUES (15647, 'Reddipalle Agrahram', 587);
INSERT INTO village (id, name, panchayat_id) VALUES (15648, 'Revidi', 587);
INSERT INTO village (id, name, panchayat_id) VALUES (15649, 'Thimmapuram', 587);
INSERT INTO village (id, name, panchayat_id) VALUES (15650, 'Tunivalasa', 587);
INSERT INTO village (id, name, panchayat_id) VALUES (15651, 'Venkatapuram', 587);
INSERT INTO village (id, name, panchayat_id) VALUES (15652, 'Vijayarampuram', 587);
INSERT INTO mandal (id, name, constituency_id) VALUES (588, 'Pedagantyada', 25);
INSERT INTO panchayat (id, name, mandal_id) VALUES (588, 'Default Panchayat Pedagantyada', 588);
INSERT INTO village (id, name, panchayat_id) VALUES (15653, 'Appikonda', 588);
INSERT INTO village (id, name, panchayat_id) VALUES (15654, 'Desapatrunipalem', 588);
INSERT INTO village (id, name, panchayat_id) VALUES (15655, 'Devada', 588);
INSERT INTO village (id, name, panchayat_id) VALUES (15656, 'Kurada', 588);
INSERT INTO village (id, name, panchayat_id) VALUES (15657, 'Nadipuru Part', 588);
INSERT INTO village (id, name, panchayat_id) VALUES (15658, 'Nellimukku', 588);
INSERT INTO village (id, name, panchayat_id) VALUES (15659, 'Pedagantyada (U)', 588);
INSERT INTO village (id, name, panchayat_id) VALUES (15660, 'Siddeswaram', 588);
INSERT INTO mandal (id, name, constituency_id) VALUES (589, 'Pendurthi', 25);
INSERT INTO panchayat (id, name, mandal_id) VALUES (589, 'Default Panchayat Pendurthi', 589);
INSERT INTO village (id, name, panchayat_id) VALUES (15661, 'Cheemalapalle (R)', 589);
INSERT INTO village (id, name, panchayat_id) VALUES (15662, 'Chinnamushidivada', 589);
INSERT INTO village (id, name, panchayat_id) VALUES (15663, 'Chintagatla', 589);
INSERT INTO village (id, name, panchayat_id) VALUES (15664, 'Gorapalle', 589);
INSERT INTO village (id, name, panchayat_id) VALUES (15665, 'Gurrampalem', 589);
INSERT INTO village (id, name, panchayat_id) VALUES (15666, 'Jerripothulapalem', 589);
INSERT INTO village (id, name, panchayat_id) VALUES (15667, 'Juthada', 589);
INSERT INTO village (id, name, panchayat_id) VALUES (15668, 'Krishnarayapuram', 589);
INSERT INTO village (id, name, panchayat_id) VALUES (15669, 'Lakshmi Puram (R)', 589);
INSERT INTO village (id, name, panchayat_id) VALUES (15670, 'Mudapaka', 589);
INSERT INTO village (id, name, panchayat_id) VALUES (15671, 'Narava', 589);
INSERT INTO village (id, name, panchayat_id) VALUES (15672, 'Narayana Gajapati Rajapur 2', 589);
INSERT INTO village (id, name, panchayat_id) VALUES (15673, 'Peddagadi', 589);
INSERT INTO village (id, name, panchayat_id) VALUES (15674, 'Pinagadi', 589);
INSERT INTO village (id, name, panchayat_id) VALUES (15675, 'Porlupalem', 589);
INSERT INTO village (id, name, panchayat_id) VALUES (15676, 'Pulagalapalem', 589);
INSERT INTO village (id, name, panchayat_id) VALUES (15677, 'Purushothapuram', 589);
INSERT INTO village (id, name, panchayat_id) VALUES (15678, 'Rajayyapeta', 589);
INSERT INTO village (id, name, panchayat_id) VALUES (15679, 'Rampuram', 589);
INSERT INTO village (id, name, panchayat_id) VALUES (15680, 'Saripalle', 589);
INSERT INTO village (id, name, panchayat_id) VALUES (15681, 'Sowbhagya Rayapuram', 589);
INSERT INTO village (id, name, panchayat_id) VALUES (15682, 'Valimeraka', 589);
INSERT INTO village (id, name, panchayat_id) VALUES (15683, 'Vepagunta', 589);
INSERT INTO mandal (id, name, constituency_id) VALUES (590, 'Seethammadhara', 25);
INSERT INTO panchayat (id, name, mandal_id) VALUES (590, 'Default Panchayat Seethammadhara', 590);
INSERT INTO village (id, name, panchayat_id) VALUES (15684, 'Chinnawaltair', 590);
INSERT INTO village (id, name, panchayat_id) VALUES (15685, 'Dondaparthi', 590);
INSERT INTO village (id, name, panchayat_id) VALUES (15686, 'Maddilapalem', 590);
INSERT INTO village (id, name, panchayat_id) VALUES (15687, 'Peddavalteru', 590);
INSERT INTO village (id, name, panchayat_id) VALUES (15688, 'Resapuvanipalem', 590);
INSERT INTO village (id, name, panchayat_id) VALUES (15689, 'Venkojipalem', 590);
INSERT INTO mandal (id, name, constituency_id) VALUES (591, 'Visakhapatnam (Rural)', 25);
INSERT INTO panchayat (id, name, mandal_id) VALUES (591, 'Default Panchayat Visakhapatnam (Rural)', 591);
INSERT INTO village (id, name, panchayat_id) VALUES (15690, 'Adavivaram', 591);
INSERT INTO village (id, name, panchayat_id) VALUES (15691, 'Bakkannapalem', 591);
INSERT INTO village (id, name, panchayat_id) VALUES (15692, 'Chinagadila', 591);
INSERT INTO village (id, name, panchayat_id) VALUES (15693, 'Kommadi', 591);
INSERT INTO village (id, name, panchayat_id) VALUES (15694, 'Madhuravada (U)', 591);
INSERT INTO village (id, name, panchayat_id) VALUES (15695, 'Mudasallova', 591);
INSERT INTO village (id, name, panchayat_id) VALUES (15696, 'Paradesipalem', 591);
INSERT INTO village (id, name, panchayat_id) VALUES (15697, 'Potinamallayyapalem', 591);
INSERT INTO village (id, name, panchayat_id) VALUES (15698, 'Rushikonda', 591);
INSERT INTO village (id, name, panchayat_id) VALUES (15699, 'Yendada', 591);
INSERT INTO district (id, name, state_id) VALUES (26, 'Vizianagaram', 1);
INSERT INTO constituency (id, name, district_id, mla_name, mp_name) VALUES (26, 'Default Constituency Vizianagaram', 26, 'Pending MLA', 'Pending MP');
INSERT INTO mandal (id, name, constituency_id) VALUES (592, 'Badangi', 26);
INSERT INTO panchayat (id, name, mandal_id) VALUES (592, 'Default Panchayat Badangi', 592);
INSERT INTO village (id, name, panchayat_id) VALUES (15700, 'Akulakatta', 592);
INSERT INTO village (id, name, panchayat_id) VALUES (15701, 'Anavaram', 592);
INSERT INTO village (id, name, panchayat_id) VALUES (15702, 'Badangi', 592);
INSERT INTO village (id, name, panchayat_id) VALUES (15703, 'Bheemavaram', 592);
INSERT INTO village (id, name, panchayat_id) VALUES (15704, 'Butchampeta', 592);
INSERT INTO village (id, name, panchayat_id) VALUES (15705, 'Donkinivalasa', 592);
INSERT INTO village (id, name, panchayat_id) VALUES (15706, 'D.Venkayyapeta', 592);
INSERT INTO village (id, name, panchayat_id) VALUES (15707, 'Gajarayunivalasa', 592);
INSERT INTO village (id, name, panchayat_id) VALUES (15708, 'Golladi', 592);
INSERT INTO village (id, name, panchayat_id) VALUES (15709, 'Gopalakrishnarangarayapuram', 592);
INSERT INTO village (id, name, panchayat_id) VALUES (15710, 'Gudepuvalasa', 592);
INSERT INTO village (id, name, panchayat_id) VALUES (15711, 'Kamannavalasa', 592);
INSERT INTO village (id, name, panchayat_id) VALUES (15712, 'Koduru', 592);
INSERT INTO village (id, name, panchayat_id) VALUES (15713, 'Kotipalle', 592);
INSERT INTO village (id, name, panchayat_id) VALUES (15714, 'Krishnapuram', 592);
INSERT INTO village (id, name, panchayat_id) VALUES (15715, 'Lakshmipuram', 592);
INSERT INTO village (id, name, panchayat_id) VALUES (15716, 'Mallampeta', 592);
INSERT INTO village (id, name, panchayat_id) VALUES (15717, 'Mugada', 592);
INSERT INTO village (id, name, panchayat_id) VALUES (15718, 'Paltheru', 592);
INSERT INTO village (id, name, panchayat_id) VALUES (15719, 'Pedapalle', 592);
INSERT INTO village (id, name, panchayat_id) VALUES (15720, 'Pinapenki', 592);
INSERT INTO village (id, name, panchayat_id) VALUES (15721, 'Pindrangivalasa', 592);
INSERT INTO village (id, name, panchayat_id) VALUES (15722, 'Pudivalasa', 592);
INSERT INTO village (id, name, panchayat_id) VALUES (15723, 'P.Venkampeta', 592);
INSERT INTO village (id, name, panchayat_id) VALUES (15724, 'Ramachandra Puram', 592);
INSERT INTO village (id, name, panchayat_id) VALUES (15725, 'Rejeru', 592);
INSERT INTO village (id, name, panchayat_id) VALUES (15726, 'Tentuvalasa', 592);
INSERT INTO village (id, name, panchayat_id) VALUES (15727, 'Vadada', 592);
INSERT INTO village (id, name, panchayat_id) VALUES (15728, 'Veerasagaram', 592);
INSERT INTO mandal (id, name, constituency_id) VALUES (593, 'Bhogapuram', 26);
INSERT INTO panchayat (id, name, mandal_id) VALUES (593, 'Default Panchayat Bhogapuram', 593);
INSERT INTO village (id, name, panchayat_id) VALUES (15729, 'Amatam Ravivalasa', 593);
INSERT INTO village (id, name, panchayat_id) VALUES (15730, 'Basavapalem', 593);
INSERT INTO village (id, name, panchayat_id) VALUES (15731, 'Bhogapuram East', 593);
INSERT INTO village (id, name, panchayat_id) VALUES (15732, 'Bhogapuram West', 593);
INSERT INTO village (id, name, panchayat_id) VALUES (15733, 'Chakivalasa', 593);
INSERT INTO village (id, name, panchayat_id) VALUES (15734, 'Cherakupalle', 593);
INSERT INTO village (id, name, panchayat_id) VALUES (15735, 'Gudepuvalasa', 593);
INSERT INTO village (id, name, panchayat_id) VALUES (15736, 'Gudivada', 593);
INSERT INTO village (id, name, panchayat_id) VALUES (15737, 'Jaggayyapeta', 593);
INSERT INTO village (id, name, panchayat_id) VALUES (15738, 'Kancheru', 593);
INSERT INTO village (id, name, panchayat_id) VALUES (15739, 'Kancherupalem', 593);
INSERT INTO village (id, name, panchayat_id) VALUES (15740, 'Kavulavada', 593);
INSERT INTO village (id, name, panchayat_id) VALUES (15741, 'Kongavanipalem', 593);
INSERT INTO village (id, name, panchayat_id) VALUES (15742, 'Kotabhogapuram', 593);
INSERT INTO village (id, name, panchayat_id) VALUES (15743, 'Lakshmipuram', 593);
INSERT INTO village (id, name, panchayat_id) VALUES (15744, 'Munjeru', 593);
INSERT INTO village (id, name, panchayat_id) VALUES (15745, 'Nandigam', 593);
INSERT INTO village (id, name, panchayat_id) VALUES (15746, 'Polipalle', 593);
INSERT INTO village (id, name, panchayat_id) VALUES (15747, 'Rajapulova', 593);
INSERT INTO village (id, name, panchayat_id) VALUES (15748, 'Ravada', 593);
INSERT INTO village (id, name, panchayat_id) VALUES (15749, 'Savaravilli', 593);
INSERT INTO village (id, name, panchayat_id) VALUES (15750, 'Subbannapeta @ Pilakavani Agraharam', 593);
INSERT INTO mandal (id, name, constituency_id) VALUES (594, 'Bobbili', 26);
INSERT INTO panchayat (id, name, mandal_id) VALUES (594, 'Default Panchayat Bobbili', 594);
INSERT INTO village (id, name, panchayat_id) VALUES (15751, 'Alajangi', 594);
INSERT INTO village (id, name, panchayat_id) VALUES (15752, 'Bankuruvalasa', 594);
INSERT INTO village (id, name, panchayat_id) VALUES (15753, 'Bhojarajapuram', 594);
INSERT INTO village (id, name, panchayat_id) VALUES (15754, 'Bhubandavalasa', 594);
INSERT INTO village (id, name, panchayat_id) VALUES (15755, 'Bobbili', 594);
INSERT INTO village (id, name, panchayat_id) VALUES (15756, 'Burjavalasa (Near) Mettavalasa', 594);
INSERT INTO village (id, name, panchayat_id) VALUES (15757, 'Chintada', 594);
INSERT INTO village (id, name, panchayat_id) VALUES (15758, 'Chitrakota Boddavalasa', 594);
INSERT INTO village (id, name, panchayat_id) VALUES (15759, 'Donguruvalasa', 594);
INSERT INTO village (id, name, panchayat_id) VALUES (15760, 'Gollapalle', 594);
INSERT INTO village (id, name, panchayat_id) VALUES (15761, 'Gopalarayudupeta', 594);
INSERT INTO village (id, name, panchayat_id) VALUES (15762, 'Gorla Seetharampuram', 594);
INSERT INTO village (id, name, panchayat_id) VALUES (15763, 'Gunnathotavalasa', 594);
INSERT INTO village (id, name, panchayat_id) VALUES (15764, 'Jagannadhapuram (Near) Bobbili', 594);
INSERT INTO village (id, name, panchayat_id) VALUES (15765, 'Janardhana Ranga Rayapuram @ Kintalavanipeta', 594);
INSERT INTO village (id, name, panchayat_id) VALUES (15766, 'Janardhanarangarayapuram @ Kunukuvanivalasa', 594);
INSERT INTO village (id, name, panchayat_id) VALUES (15767, 'Kalavarai Agraharam', 594);
INSERT INTO village (id, name, panchayat_id) VALUES (15768, 'Kammavalasa', 594);
INSERT INTO village (id, name, panchayat_id) VALUES (15769, 'Karada', 594);
INSERT INTO village (id, name, panchayat_id) VALUES (15770, 'Kasidoravalasa', 594);
INSERT INTO village (id, name, panchayat_id) VALUES (15771, 'Komatipalle (Near) Bobbili', 594);
INSERT INTO village (id, name, panchayat_id) VALUES (15772, 'Kondadevupalle', 594);
INSERT INTO village (id, name, panchayat_id) VALUES (15773, 'Krishnapuram', 594);
INSERT INTO village (id, name, panchayat_id) VALUES (15774, 'Lingamvalasa', 594);
INSERT INTO village (id, name, panchayat_id) VALUES (15775, 'Mallampeta', 594);
INSERT INTO village (id, name, panchayat_id) VALUES (15776, 'Mettavalasa', 594);
INSERT INTO village (id, name, panchayat_id) VALUES (15777, 'Muttavalasa', 594);
INSERT INTO village (id, name, panchayat_id) VALUES (15778, 'Narayanappavalasa', 594);
INSERT INTO village (id, name, panchayat_id) VALUES (15779, 'Nimmalapadu', 594);
INSERT INTO village (id, name, panchayat_id) VALUES (15780, 'Pakki', 594);
INSERT INTO village (id, name, panchayat_id) VALUES (15781, 'Panukuvalasa (Near) Mettavalasa', 594);
INSERT INTO village (id, name, panchayat_id) VALUES (15782, 'Paradhi', 594);
INSERT INTO village (id, name, panchayat_id) VALUES (15783, 'Patha Bobbili (R)', 594);
INSERT INTO village (id, name, panchayat_id) VALUES (15784, 'Penta', 594);
INSERT INTO village (id, name, panchayat_id) VALUES (15785, 'Piridi', 594);
INSERT INTO village (id, name, panchayat_id) VALUES (15786, 'Rajupeta', 594);
INSERT INTO village (id, name, panchayat_id) VALUES (15787, 'Ramuduvalasa', 594);
INSERT INTO village (id, name, panchayat_id) VALUES (15788, 'Rangarayapuram', 594);
INSERT INTO village (id, name, panchayat_id) VALUES (15789, 'Seethayyapeta', 594);
INSERT INTO village (id, name, panchayat_id) VALUES (15790, 'Sivadavalasa', 594);
INSERT INTO village (id, name, panchayat_id) VALUES (15791, 'Vakadavalasa', 594);
INSERT INTO village (id, name, panchayat_id) VALUES (15792, 'Velagavalasa (Near) Addumanda', 594);
INSERT INTO village (id, name, panchayat_id) VALUES (15793, 'Venkatarayudu Peta', 594);
INSERT INTO village (id, name, panchayat_id) VALUES (15794, 'Vijayarampuram (Near) Mettavalasa', 594);
INSERT INTO village (id, name, panchayat_id) VALUES (15795, 'Yembanavalasa', 594);
INSERT INTO mandal (id, name, constituency_id) VALUES (595, 'Bondapalli', 26);
INSERT INTO panchayat (id, name, mandal_id) VALUES (595, 'Default Panchayat Bondapalli', 595);
INSERT INTO village (id, name, panchayat_id) VALUES (15796, 'Ambativalasa', 595);
INSERT INTO village (id, name, panchayat_id) VALUES (15797, 'Ayyanna Agraharam', 595);
INSERT INTO village (id, name, panchayat_id) VALUES (15798, 'Billalavalasa', 595);
INSERT INTO village (id, name, panchayat_id) VALUES (15799, 'Bondapalle', 595);
INSERT INTO village (id, name, panchayat_id) VALUES (15800, 'Budatanapalle Rajeru', 595);
INSERT INTO village (id, name, panchayat_id) VALUES (15801, 'Chamalavalasa', 595);
INSERT INTO village (id, name, panchayat_id) VALUES (15802, 'Chintamarapalle', 595);
INSERT INTO village (id, name, panchayat_id) VALUES (15803, 'Devupalle', 595);
INSERT INTO village (id, name, panchayat_id) VALUES (15804, 'Garudabilli', 595);
INSERT INTO village (id, name, panchayat_id) VALUES (15805, 'Gittupalle', 595);
INSERT INTO village (id, name, panchayat_id) VALUES (15806, 'Gotlam', 595);
INSERT INTO village (id, name, panchayat_id) VALUES (15807, 'Grahapati Agraharam', 595);
INSERT INTO village (id, name, panchayat_id) VALUES (15808, 'Gumadam', 595);
INSERT INTO village (id, name, panchayat_id) VALUES (15809, 'Inugantivenkanna Agraharam', 595);
INSERT INTO village (id, name, panchayat_id) VALUES (15810, 'Jiyyannavalasa', 595);
INSERT INTO village (id, name, panchayat_id) VALUES (15811, 'Kanimeraka', 595);
INSERT INTO village (id, name, panchayat_id) VALUES (15812, 'Keratam', 595);
INSERT INTO village (id, name, panchayat_id) VALUES (15813, 'Kindam Agraharam', 595);
INSERT INTO village (id, name, panchayat_id) VALUES (15814, 'Kondakindam', 595);
INSERT INTO village (id, name, panchayat_id) VALUES (15815, 'Kothapalem', 595);
INSERT INTO village (id, name, panchayat_id) VALUES (15816, 'Kummarigunta Agraharam @ Mutyalammapeta', 595);
INSERT INTO village (id, name, panchayat_id) VALUES (15817, 'Maruvada', 595);
INSERT INTO village (id, name, panchayat_id) VALUES (15818, 'Maruvada Kothavalasa', 595);
INSERT INTO village (id, name, panchayat_id) VALUES (15819, 'Mudduru', 595);
INSERT INTO village (id, name, panchayat_id) VALUES (15820, 'Mulapadu Karrivanipalem', 595);
INSERT INTO village (id, name, panchayat_id) VALUES (15821, 'Nelivada', 595);
INSERT INTO village (id, name, panchayat_id) VALUES (15822, 'Ompilli', 595);
INSERT INTO village (id, name, panchayat_id) VALUES (15823, 'Rachakindam', 595);
INSERT INTO village (id, name, panchayat_id) VALUES (15824, 'Rayindram', 595);
INSERT INTO village (id, name, panchayat_id) VALUES (15825, 'Rollavaka', 595);
INSERT INTO village (id, name, panchayat_id) VALUES (15826, 'Tamatada', 595);
INSERT INTO village (id, name, panchayat_id) VALUES (15827, 'Veduruvada', 595);
INSERT INTO village (id, name, panchayat_id) VALUES (15828, 'Vendram', 595);
INSERT INTO mandal (id, name, constituency_id) VALUES (596, 'Cheepurupalli', 26);
INSERT INTO panchayat (id, name, mandal_id) VALUES (596, 'Default Panchayat Cheepurupalli', 596);
INSERT INTO village (id, name, panchayat_id) VALUES (15829, 'Alajangi', 596);
INSERT INTO village (id, name, panchayat_id) VALUES (15830, 'Anjaneyapuram', 596);
INSERT INTO village (id, name, panchayat_id) VALUES (15831, 'Aridivalasa', 596);
INSERT INTO village (id, name, panchayat_id) VALUES (15832, 'Bhoolokapathivarakattu', 596);
INSERT INTO village (id, name, panchayat_id) VALUES (15833, 'Cheepurupalle (Ct)', 596);
INSERT INTO village (id, name, panchayat_id) VALUES (15834, 'Chinanadipalle', 596);
INSERT INTO village (id, name, panchayat_id) VALUES (15835, 'Devarapodilam', 596);
INSERT INTO village (id, name, panchayat_id) VALUES (15836, 'Gatchalavalasa', 596);
INSERT INTO village (id, name, panchayat_id) VALUES (15837, 'Gollalamulagam', 596);
INSERT INTO village (id, name, panchayat_id) VALUES (15838, 'Gollalapalem', 596);
INSERT INTO village (id, name, panchayat_id) VALUES (15839, 'Gulivindada Agraharam', 596);
INSERT INTO village (id, name, panchayat_id) VALUES (15840, 'Gunidam', 596);
INSERT INTO village (id, name, panchayat_id) VALUES (15841, 'Itikarlapalle', 596);
INSERT INTO village (id, name, panchayat_id) VALUES (15842, 'Karakam', 596);
INSERT INTO village (id, name, panchayat_id) VALUES (15843, 'Karlam', 596);
INSERT INTO village (id, name, panchayat_id) VALUES (15844, 'Mettapalle', 596);
INSERT INTO village (id, name, panchayat_id) VALUES (15845, 'Nimmalavalasa', 596);
INSERT INTO village (id, name, panchayat_id) VALUES (15846, 'Palavalasa', 596);
INSERT INTO village (id, name, panchayat_id) VALUES (15847, 'Parla', 596);
INSERT INTO village (id, name, panchayat_id) VALUES (15848, 'Pathikayavalasa', 596);
INSERT INTO village (id, name, panchayat_id) VALUES (15849, 'Peddanadi Palle', 596);
INSERT INTO village (id, name, panchayat_id) VALUES (15850, 'Peripi', 596);
INSERT INTO village (id, name, panchayat_id) VALUES (15851, 'Pothayavalasa (Itakarlapalle)', 596);
INSERT INTO village (id, name, panchayat_id) VALUES (15852, 'Purreyavalasa', 596);
INSERT INTO village (id, name, panchayat_id) VALUES (15853, 'Purushothama Swamivari Lakshmipuram', 596);
INSERT INTO village (id, name, panchayat_id) VALUES (15854, 'Ramalingapuram', 596);
INSERT INTO village (id, name, panchayat_id) VALUES (15855, 'Ravivalasa', 596);
INSERT INTO village (id, name, panchayat_id) VALUES (15856, 'Sankupalem', 596);
INSERT INTO village (id, name, panchayat_id) VALUES (15857, 'Sivarampuram', 596);
INSERT INTO village (id, name, panchayat_id) VALUES (15858, 'Sumitrapuram', 596);
INSERT INTO village (id, name, panchayat_id) VALUES (15859, 'Vijayarampuram', 596);
INSERT INTO village (id, name, panchayat_id) VALUES (15860, 'Viswanadhapuram', 596);
INSERT INTO mandal (id, name, constituency_id) VALUES (597, 'Dattirajeru', 26);
INSERT INTO panchayat (id, name, mandal_id) VALUES (597, 'Default Panchayat Dattirajeru', 597);
INSERT INTO village (id, name, panchayat_id) VALUES (15861, 'Balabhadra Rajapuram', 597);
INSERT INTO village (id, name, panchayat_id) VALUES (15862, 'Bhojarajupuram', 597);
INSERT INTO village (id, name, panchayat_id) VALUES (15863, 'Bhupalarajapuram', 597);
INSERT INTO village (id, name, panchayat_id) VALUES (15864, 'Cherakupalle', 597);
INSERT INTO village (id, name, panchayat_id) VALUES (15865, 'China Chamalapalle', 597);
INSERT INTO village (id, name, panchayat_id) VALUES (15866, 'Chinakada', 597);
INSERT INTO village (id, name, panchayat_id) VALUES (15867, 'Chowdantivalasa', 597);
INSERT INTO village (id, name, panchayat_id) VALUES (15868, 'Dasupeta', 597);
INSERT INTO village (id, name, panchayat_id) VALUES (15869, 'Datti', 597);
INSERT INTO village (id, name, panchayat_id) VALUES (15870, 'Datti Rajeru', 597);
INSERT INTO village (id, name, panchayat_id) VALUES (15871, 'Datti Venkatapuram', 597);
INSERT INTO village (id, name, panchayat_id) VALUES (15872, 'Gadabavalasa', 597);
INSERT INTO village (id, name, panchayat_id) VALUES (15873, 'Gadasam', 597);
INSERT INTO village (id, name, panchayat_id) VALUES (15874, 'Gobhyam', 597);
INSERT INTO village (id, name, panchayat_id) VALUES (15875, 'Gutchimi', 597);
INSERT INTO village (id, name, panchayat_id) VALUES (15876, 'Ingilapalle', 597);
INSERT INTO village (id, name, panchayat_id) VALUES (15877, 'Kannam', 597);
INSERT INTO village (id, name, panchayat_id) VALUES (15878, 'Komatipalle', 597);
INSERT INTO village (id, name, panchayat_id) VALUES (15879, 'Korapa', 597);
INSERT INTO village (id, name, panchayat_id) VALUES (15880, 'Korapa Kothavalasa', 597);
INSERT INTO village (id, name, panchayat_id) VALUES (15881, 'Korapakrishna Puram', 597);
INSERT INTO village (id, name, panchayat_id) VALUES (15882, 'Lakshmipuram', 597);
INSERT INTO village (id, name, panchayat_id) VALUES (15883, 'Lingarajapuram', 597);
INSERT INTO village (id, name, panchayat_id) VALUES (15884, 'Maradam', 597);
INSERT INTO village (id, name, panchayat_id) VALUES (15885, 'Marrivalasa', 597);
INSERT INTO village (id, name, panchayat_id) VALUES (15886, 'M.Lingalavalasa', 597);
INSERT INTO village (id, name, panchayat_id) VALUES (15887, 'Neelakanta Rajapuram', 597);
INSERT INTO village (id, name, panchayat_id) VALUES (15888, 'Pachalavalasa', 597);
INSERT INTO village (id, name, panchayat_id) VALUES (15889, 'Pappala Lingalavalasa', 597);
INSERT INTO village (id, name, panchayat_id) VALUES (15890, 'Pedakada', 597);
INSERT INTO village (id, name, panchayat_id) VALUES (15891, 'Pedamanapuram', 597);
INSERT INTO village (id, name, panchayat_id) VALUES (15892, 'Porali', 597);
INSERT INTO village (id, name, panchayat_id) VALUES (15893, 'Sarayyavalasa', 597);
INSERT INTO village (id, name, panchayat_id) VALUES (15894, 'S. Burjavalasa', 597);
INSERT INTO village (id, name, panchayat_id) VALUES (15895, 'S.Chintalavalasa', 597);
INSERT INTO village (id, name, panchayat_id) VALUES (15896, 'Shikaruganji', 597);
INSERT INTO village (id, name, panchayat_id) VALUES (15897, 'Tadendoravalasa', 597);
INSERT INTO village (id, name, panchayat_id) VALUES (15898, 'Timiteru', 597);
INSERT INTO village (id, name, panchayat_id) VALUES (15899, 'Timiteru Burjavalasa', 597);
INSERT INTO village (id, name, panchayat_id) VALUES (15900, 'Vangara', 597);
INSERT INTO village (id, name, panchayat_id) VALUES (15901, 'Venkatakrishnaraja Puram', 597);
INSERT INTO village (id, name, panchayat_id) VALUES (15902, 'Vindhyavasi', 597);
INSERT INTO village (id, name, panchayat_id) VALUES (15903, 'Visweswararayapuram', 597);
INSERT INTO village (id, name, panchayat_id) VALUES (15904, 'Viziarama Gajapathi Rajapuram', 597);
INSERT INTO village (id, name, panchayat_id) VALUES (15905, 'Viziaramapuram', 597);
INSERT INTO village (id, name, panchayat_id) VALUES (15906, 'V. Krishnapuram', 597);
INSERT INTO mandal (id, name, constituency_id) VALUES (598, 'Denkada', 26);
INSERT INTO panchayat (id, name, mandal_id) VALUES (598, 'Default Panchayat Denkada', 598);
INSERT INTO village (id, name, panchayat_id) VALUES (15907, 'Akkivaram', 598);
INSERT INTO village (id, name, panchayat_id) VALUES (15908, 'Amakam', 598);
INSERT INTO village (id, name, panchayat_id) VALUES (15909, 'Bangarrajupeta', 598);
INSERT INTO village (id, name, panchayat_id) VALUES (15910, 'Bantupalle', 598);
INSERT INTO village (id, name, panchayat_id) VALUES (15911, 'Bellam', 598);
INSERT INTO village (id, name, panchayat_id) VALUES (15912, 'Boddavalasa', 598);
INSERT INTO village (id, name, panchayat_id) VALUES (15913, 'Chintalavalasa (Ct)', 598);
INSERT INTO village (id, name, panchayat_id) VALUES (15914, 'Chittigunkalam', 598);
INSERT INTO village (id, name, panchayat_id) VALUES (15915, 'Chollangipeta', 598);
INSERT INTO village (id, name, panchayat_id) VALUES (15916, 'Denkada', 598);
INSERT INTO village (id, name, panchayat_id) VALUES (15917, 'Devunikollam', 598);
INSERT INTO village (id, name, panchayat_id) VALUES (15918, 'D.Tallavalasa', 598);
INSERT INTO village (id, name, panchayat_id) VALUES (15919, 'Dwarapureddi Palem', 598);
INSERT INTO village (id, name, panchayat_id) VALUES (15920, 'Gantlam', 598);
INSERT INTO village (id, name, panchayat_id) VALUES (15921, 'Golagam', 598);
INSERT INTO village (id, name, panchayat_id) VALUES (15922, 'Gunupuru', 598);
INSERT INTO village (id, name, panchayat_id) VALUES (15923, 'Jonnada', 598);
INSERT INTO village (id, name, panchayat_id) VALUES (15924, 'Modavalasa', 598);
INSERT INTO village (id, name, panchayat_id) VALUES (15925, 'Mopada', 598);
INSERT INTO village (id, name, panchayat_id) VALUES (15926, 'Munginapalle', 598);
INSERT INTO village (id, name, panchayat_id) VALUES (15927, 'Nathavalasa', 598);
INSERT INTO village (id, name, panchayat_id) VALUES (15928, 'Pedada', 598);
INSERT INTO village (id, name, panchayat_id) VALUES (15929, 'Pedatadivada', 598);
INSERT INTO village (id, name, panchayat_id) VALUES (15930, 'Pinatadivada', 598);
INSERT INTO village (id, name, panchayat_id) VALUES (15931, 'Raghumanda', 598);
INSERT INTO village (id, name, panchayat_id) VALUES (15932, 'Rajula Tammapuram', 598);
INSERT INTO village (id, name, panchayat_id) VALUES (15933, 'Singavaram', 598);
INSERT INTO village (id, name, panchayat_id) VALUES (15934, 'Vedullavalasa', 598);
INSERT INTO mandal (id, name, constituency_id) VALUES (599, 'Gajapathinagaram', 26);
INSERT INTO panchayat (id, name, mandal_id) VALUES (599, 'Default Panchayat Gajapathinagaram', 599);
INSERT INTO village (id, name, panchayat_id) VALUES (15935, 'Bangarammapeta', 599);
INSERT INTO village (id, name, panchayat_id) VALUES (15936, 'Bhagiradhapuram', 599);
INSERT INTO village (id, name, panchayat_id) VALUES (15937, 'Bhudevipeta', 599);
INSERT INTO village (id, name, panchayat_id) VALUES (15938, 'Chittayyavalasa', 599);
INSERT INTO village (id, name, panchayat_id) VALUES (15939, 'Davalapeta', 599);
INSERT INTO village (id, name, panchayat_id) VALUES (15940, 'Dola Palem', 599);
INSERT INTO village (id, name, panchayat_id) VALUES (15941, 'Gajapathinagaram (Ct)', 599);
INSERT INTO village (id, name, panchayat_id) VALUES (15942, 'Gangachollapenta', 599);
INSERT INTO village (id, name, panchayat_id) VALUES (15943, 'Gudivada', 599);
INSERT INTO village (id, name, panchayat_id) VALUES (15944, 'Jinnam', 599);
INSERT INTO village (id, name, panchayat_id) VALUES (15945, 'Kalamrajupeta', 599);
INSERT INTO village (id, name, panchayat_id) VALUES (15946, 'Kenguva', 599);
INSERT INTO village (id, name, panchayat_id) VALUES (15947, 'Konisa', 599);
INSERT INTO village (id, name, panchayat_id) VALUES (15948, 'Kothabaggam', 599);
INSERT INTO village (id, name, panchayat_id) VALUES (15949, 'Lingalavalasa', 599);
INSERT INTO village (id, name, panchayat_id) VALUES (15950, 'Logisa', 599);
INSERT INTO village (id, name, panchayat_id) VALUES (15951, 'Madhupada', 599);
INSERT INTO village (id, name, panchayat_id) VALUES (15952, 'Marupalle', 599);
INSERT INTO village (id, name, panchayat_id) VALUES (15953, 'M.Kothavalasa', 599);
INSERT INTO village (id, name, panchayat_id) VALUES (15954, 'Mulakalagumadam', 599);
INSERT INTO village (id, name, panchayat_id) VALUES (15955, 'Mutcherla', 599);
INSERT INTO village (id, name, panchayat_id) VALUES (15956, 'M.Venkatapuram', 599);
INSERT INTO village (id, name, panchayat_id) VALUES (15957, 'Narayana Gajapathi Rajapuram', 599);
INSERT INTO village (id, name, panchayat_id) VALUES (15958, 'Pathabaggam', 599);
INSERT INTO village (id, name, panchayat_id) VALUES (15959, 'Patruvada', 599);
INSERT INTO village (id, name, panchayat_id) VALUES (15960, 'Pidiseela', 599);
INSERT INTO village (id, name, panchayat_id) VALUES (15961, 'Puritipenta', 599);
INSERT INTO village (id, name, panchayat_id) VALUES (15962, 'Ramannapeta', 599);
INSERT INTO village (id, name, panchayat_id) VALUES (15963, 'Rangupuram', 599);
INSERT INTO village (id, name, panchayat_id) VALUES (15964, 'Salipeta', 599);
INSERT INTO village (id, name, panchayat_id) VALUES (15965, 'Seetharamapuram', 599);
INSERT INTO village (id, name, panchayat_id) VALUES (15966, 'Sriranga Rajapuram', 599);
INSERT INTO village (id, name, panchayat_id) VALUES (15967, 'Thummikapalle', 599);
INSERT INTO village (id, name, panchayat_id) VALUES (15968, 'T.K.Seetharama Puram', 599);
INSERT INTO village (id, name, panchayat_id) VALUES (15969, 'Vemali', 599);
INSERT INTO mandal (id, name, constituency_id) VALUES (600, 'Gantyada', 26);
INSERT INTO panchayat (id, name, mandal_id) VALUES (600, 'Default Panchayat Gantyada', 600);
INSERT INTO village (id, name, panchayat_id) VALUES (15970, 'Addateega', 600);
INSERT INTO village (id, name, panchayat_id) VALUES (15971, 'Alaparthi', 600);
INSERT INTO village (id, name, panchayat_id) VALUES (15972, 'Bheemavaram', 600);
INSERT INTO village (id, name, panchayat_id) VALUES (15973, 'Bonangi', 600);
INSERT INTO village (id, name, panchayat_id) VALUES (15974, 'Budatanapalle', 600);
INSERT INTO village (id, name, panchayat_id) VALUES (15975, 'Buradapadu', 600);
INSERT INTO village (id, name, panchayat_id) VALUES (15976, 'Chandrampeta', 600);
INSERT INTO village (id, name, panchayat_id) VALUES (15977, 'Chinamanapuram', 600);
INSERT INTO village (id, name, panchayat_id) VALUES (15978, 'Diguvakondaparthi', 600);
INSERT INTO village (id, name, panchayat_id) VALUES (15979, 'Donkada', 600);
INSERT INTO village (id, name, panchayat_id) VALUES (15980, 'Eguvakondaparthi', 600);
INSERT INTO village (id, name, panchayat_id) VALUES (15981, 'Gantyada', 600);
INSERT INTO village (id, name, panchayat_id) VALUES (15982, 'Ginjeru', 600);
INSERT INTO village (id, name, panchayat_id) VALUES (15983, 'Godiyada', 600);
INSERT INTO village (id, name, panchayat_id) VALUES (15984, 'Jadderu', 600);
INSERT INTO village (id, name, panchayat_id) VALUES (15985, 'Jaggapuram', 600);
INSERT INTO village (id, name, panchayat_id) VALUES (15986, 'Karakavalasa', 600);
INSERT INTO village (id, name, panchayat_id) VALUES (15987, 'Kirtubarthi', 600);
INSERT INTO village (id, name, panchayat_id) VALUES (15988, 'Kondathamarapalle', 600);
INSERT INTO village (id, name, panchayat_id) VALUES (15989, 'Korlam', 600);
INSERT INTO village (id, name, panchayat_id) VALUES (15990, 'Kotarubilli', 600);
INSERT INTO village (id, name, panchayat_id) VALUES (15991, 'Kothavelagada', 600);
INSERT INTO village (id, name, panchayat_id) VALUES (15992, 'Lakhidam', 600);
INSERT INTO village (id, name, panchayat_id) VALUES (15993, 'Madhanapuram', 600);
INSERT INTO village (id, name, panchayat_id) VALUES (15994, 'Madhupada', 600);
INSERT INTO village (id, name, panchayat_id) VALUES (15995, 'Mokalapadu', 600);
INSERT INTO village (id, name, panchayat_id) VALUES (15996, 'Mosalikandi', 600);
INSERT INTO village (id, name, panchayat_id) VALUES (15997, 'Murapaka', 600);
INSERT INTO village (id, name, panchayat_id) VALUES (15998, 'Nandam', 600);
INSERT INTO village (id, name, panchayat_id) VALUES (15999, 'Narava', 600);
INSERT INTO village (id, name, panchayat_id) VALUES (16000, 'Neelavathi', 600);
INSERT INTO village (id, name, panchayat_id) VALUES (16001, 'Pedamajjipalem', 600);
INSERT INTO village (id, name, panchayat_id) VALUES (16002, 'Pedavemali', 600);
INSERT INTO village (id, name, panchayat_id) VALUES (16003, 'Penasam', 600);
INSERT INTO village (id, name, panchayat_id) VALUES (16004, 'Pentasrirampuram', 600);
INSERT INTO village (id, name, panchayat_id) VALUES (16005, 'Pollanki', 600);
INSERT INTO village (id, name, panchayat_id) VALUES (16006, 'Ramabhadrapuram', 600);
INSERT INTO village (id, name, panchayat_id) VALUES (16007, 'Ramavaram', 600);
INSERT INTO village (id, name, panchayat_id) VALUES (16008, 'Ravivalasa', 600);
INSERT INTO village (id, name, panchayat_id) VALUES (16009, 'Regubilli', 600);
INSERT INTO village (id, name, panchayat_id) VALUES (16010, 'Siripuram', 600);
INSERT INTO village (id, name, panchayat_id) VALUES (16011, 'Thatipudi', 600);
INSERT INTO village (id, name, panchayat_id) VALUES (16012, 'Vasadi', 600);
INSERT INTO village (id, name, panchayat_id) VALUES (16013, 'Vasantha', 600);
INSERT INTO village (id, name, panchayat_id) VALUES (16014, 'Yerakannamdora Seetharamapuram', 600);
INSERT INTO mandal (id, name, constituency_id) VALUES (601, 'Garividi', 26);
INSERT INTO panchayat (id, name, mandal_id) VALUES (601, 'Default Panchayat Garividi', 601);
INSERT INTO village (id, name, panchayat_id) VALUES (16015, 'Appannavalasa', 601);
INSERT INTO village (id, name, panchayat_id) VALUES (16016, 'Arthamuru', 601);
INSERT INTO village (id, name, panchayat_id) VALUES (16017, 'Avagudem', 601);
INSERT INTO village (id, name, panchayat_id) VALUES (16018, 'Baguvalasa', 601);
INSERT INTO village (id, name, panchayat_id) VALUES (16019, 'Bondapalle', 601);
INSERT INTO village (id, name, panchayat_id) VALUES (16020, 'Burravarigollala Palem', 601);
INSERT INTO village (id, name, panchayat_id) VALUES (16021, 'Chandapuram', 601);
INSERT INTO village (id, name, panchayat_id) VALUES (16022, 'Chukkavalasa', 601);
INSERT INTO village (id, name, panchayat_id) VALUES (16023, 'Devada', 601);
INSERT INTO village (id, name, panchayat_id) VALUES (16024, 'Dummeda', 601);
INSERT INTO village (id, name, panchayat_id) VALUES (16025, 'Duvvam', 601);
INSERT INTO village (id, name, panchayat_id) VALUES (16026, 'Gadabavalasa', 601);
INSERT INTO village (id, name, panchayat_id) VALUES (16027, 'Gaddapuvalasa', 601);
INSERT INTO village (id, name, panchayat_id) VALUES (16028, 'Garividi Town', 601);
INSERT INTO village (id, name, panchayat_id) VALUES (16029, 'Gotnandi', 601);
INSERT INTO village (id, name, panchayat_id) VALUES (16030, 'Itamvalasa', 601);
INSERT INTO village (id, name, panchayat_id) VALUES (16031, 'Jagannadhapuram', 601);
INSERT INTO village (id, name, panchayat_id) VALUES (16032, 'Kapusambham', 601);
INSERT INTO village (id, name, panchayat_id) VALUES (16033, 'Kodur', 601);
INSERT INTO village (id, name, panchayat_id) VALUES (16034, 'Kondadadi', 601);
INSERT INTO village (id, name, panchayat_id) VALUES (16035, 'Konda Lakshmipuram', 601);
INSERT INTO village (id, name, panchayat_id) VALUES (16036, 'Kondapalem At Sriramapuram', 601);
INSERT INTO village (id, name, panchayat_id) VALUES (16037, 'Kondasambham', 601);
INSERT INTO village (id, name, panchayat_id) VALUES (16038, 'Konuru', 601);
INSERT INTO village (id, name, panchayat_id) VALUES (16039, 'K. Palavalasa', 601);
INSERT INTO village (id, name, panchayat_id) VALUES (16040, 'Kumaram', 601);
INSERT INTO village (id, name, panchayat_id) VALUES (16041, 'Mandiravalasa', 601);
INSERT INTO village (id, name, panchayat_id) VALUES (16042, 'Mokhasaduggi Valasa', 601);
INSERT INTO village (id, name, panchayat_id) VALUES (16043, 'Neeladripuram @ Surammapeta', 601);
INSERT INTO village (id, name, panchayat_id) VALUES (16044, 'Regatiagraharam', 601);
INSERT INTO village (id, name, panchayat_id) VALUES (16045, 'Seripeta', 601);
INSERT INTO village (id, name, panchayat_id) VALUES (16046, 'Sivaram', 601);
INSERT INTO village (id, name, panchayat_id) VALUES (16047, 'Sriramnagar (Ct)', 601);
INSERT INTO village (id, name, panchayat_id) VALUES (16048, 'Thatiguda', 601);
INSERT INTO village (id, name, panchayat_id) VALUES (16049, 'Thondrangi', 601);
INSERT INTO village (id, name, panchayat_id) VALUES (16050, 'Vedullavalasa', 601);
INSERT INTO village (id, name, panchayat_id) VALUES (16051, 'Venkupatrunirega', 601);
INSERT INTO village (id, name, panchayat_id) VALUES (16052, 'Vijayarampuram (Near) Kumaram', 601);
INSERT INTO village (id, name, panchayat_id) VALUES (16053, 'Yenuguvalasa', 601);
INSERT INTO mandal (id, name, constituency_id) VALUES (602, 'Gurla', 26);
INSERT INTO panchayat (id, name, mandal_id) VALUES (602, 'Default Panchayat Gurla', 602);
INSERT INTO village (id, name, panchayat_id) VALUES (16054, 'Anandapuram', 602);
INSERT INTO village (id, name, panchayat_id) VALUES (16055, 'Chinthalapeta', 602);
INSERT INTO village (id, name, panchayat_id) VALUES (16056, 'Chinthapallipeta', 602);
INSERT INTO village (id, name, panchayat_id) VALUES (16057, 'Chodavaram', 602);
INSERT INTO village (id, name, panchayat_id) VALUES (16058, 'Damarasingi', 602);
INSERT INTO village (id, name, panchayat_id) VALUES (16059, 'Devunikanapaka', 602);
INSERT INTO village (id, name, panchayat_id) VALUES (16060, 'Garida', 602);
INSERT INTO village (id, name, panchayat_id) VALUES (16061, 'Garikavalasa', 602);
INSERT INTO village (id, name, panchayat_id) VALUES (16062, 'Golagam', 602);
INSERT INTO village (id, name, panchayat_id) VALUES (16063, 'Gorlapeta Jagannadhapuram', 602);
INSERT INTO village (id, name, panchayat_id) VALUES (16064, 'Goshada', 602);
INSERT INTO village (id, name, panchayat_id) VALUES (16065, 'Gudem', 602);
INSERT INTO village (id, name, panchayat_id) VALUES (16066, 'Gujjangivalasa', 602);
INSERT INTO village (id, name, panchayat_id) VALUES (16067, 'Gurla', 602);
INSERT INTO village (id, name, panchayat_id) VALUES (16068, 'Jammu', 602);
INSERT INTO village (id, name, panchayat_id) VALUES (16069, 'Kalavacherla', 602);
INSERT INTO village (id, name, panchayat_id) VALUES (16070, 'Kella', 602);
INSERT INTO village (id, name, panchayat_id) VALUES (16071, 'Kondagandredu', 602);
INSERT INTO village (id, name, panchayat_id) VALUES (16072, 'Kotagandredu', 602);
INSERT INTO village (id, name, panchayat_id) VALUES (16073, 'Lavidam', 602);
INSERT INTO village (id, name, panchayat_id) VALUES (16074, 'Manyapuripeta', 602);
INSERT INTO village (id, name, panchayat_id) VALUES (16075, 'Meesalapeta', 602);
INSERT INTO village (id, name, panchayat_id) VALUES (16076, 'Nadupuru', 602);
INSERT INTO village (id, name, panchayat_id) VALUES (16077, 'Nagallavalasa', 602);
INSERT INTO village (id, name, panchayat_id) VALUES (16078, 'Nakkalapeta', 602);
INSERT INTO village (id, name, panchayat_id) VALUES (16079, 'Nallacheruvu', 602);
INSERT INTO village (id, name, panchayat_id) VALUES (16080, 'Pakeerukittali', 602);
INSERT INTO village (id, name, panchayat_id) VALUES (16081, 'Palavalasa', 602);
INSERT INTO village (id, name, panchayat_id) VALUES (16082, 'Palligantredu', 602);
INSERT INTO village (id, name, panchayat_id) VALUES (16083, 'Pedabantupalle', 602);
INSERT INTO village (id, name, panchayat_id) VALUES (16084, 'Penubharthi', 602);
INSERT INTO village (id, name, panchayat_id) VALUES (16085, 'Polayavalasa', 602);
INSERT INTO village (id, name, panchayat_id) VALUES (16086, 'Ragolu', 602);
INSERT INTO village (id, name, panchayat_id) VALUES (16087, 'Sadanandapuram', 602);
INSERT INTO village (id, name, panchayat_id) VALUES (16088, 'Solipisomarajupeta', 602);
INSERT INTO village (id, name, panchayat_id) VALUES (16089, 'Thathavarikittali', 602);
INSERT INTO village (id, name, panchayat_id) VALUES (16090, 'Thatipudi', 602);
INSERT INTO village (id, name, panchayat_id) VALUES (16091, 'Thettangi', 602);
INSERT INTO village (id, name, panchayat_id) VALUES (16092, 'Vallapuram', 602);
INSERT INTO mandal (id, name, constituency_id) VALUES (603, 'Jami', 26);
INSERT INTO panchayat (id, name, mandal_id) VALUES (603, 'Default Panchayat Jami', 603);
INSERT INTO village (id, name, panchayat_id) VALUES (16093, 'Alamanda', 603);
INSERT INTO village (id, name, panchayat_id) VALUES (16094, 'Annamrajupeta', 603);
INSERT INTO village (id, name, panchayat_id) VALUES (16095, 'Attada', 603);
INSERT INTO village (id, name, panchayat_id) VALUES (16096, 'Bheemasingi', 603);
INSERT INTO village (id, name, panchayat_id) VALUES (16097, 'Chintada', 603);
INSERT INTO village (id, name, panchayat_id) VALUES (16098, 'Godikommu', 603);
INSERT INTO village (id, name, panchayat_id) VALUES (16099, 'Godikommu Singavaram', 603);
INSERT INTO village (id, name, panchayat_id) VALUES (16100, 'Jaddetivalasa', 603);
INSERT INTO village (id, name, panchayat_id) VALUES (16101, 'Jagaram', 603);
INSERT INTO village (id, name, panchayat_id) VALUES (16102, 'Jami', 603);
INSERT INTO village (id, name, panchayat_id) VALUES (16103, 'Jamiagraharam', 603);
INSERT INTO village (id, name, panchayat_id) VALUES (16104, 'Jannivalasa', 603);
INSERT INTO village (id, name, panchayat_id) VALUES (16105, 'Kalagada', 603);
INSERT INTO village (id, name, panchayat_id) VALUES (16106, 'Kirla', 603);
INSERT INTO village (id, name, panchayat_id) VALUES (16107, 'Kumaram', 603);
INSERT INTO village (id, name, panchayat_id) VALUES (16108, 'Lakshmipuram', 603);
INSERT INTO village (id, name, panchayat_id) VALUES (16109, 'Lotlapalle', 603);
INSERT INTO village (id, name, panchayat_id) VALUES (16110, 'Mamidipalle', 603);
INSERT INTO village (id, name, panchayat_id) VALUES (16111, 'Mokhasa Kothavalasa', 603);
INSERT INTO village (id, name, panchayat_id) VALUES (16112, 'Pavada', 603);
INSERT INTO village (id, name, panchayat_id) VALUES (16113, 'Ramabhadrapuram', 603);
INSERT INTO village (id, name, panchayat_id) VALUES (16114, 'Sasanapalle', 603);
INSERT INTO village (id, name, panchayat_id) VALUES (16115, 'Sirikipalem', 603);
INSERT INTO village (id, name, panchayat_id) VALUES (16116, 'Somayajulapalem', 603);
INSERT INTO village (id, name, panchayat_id) VALUES (16117, 'Thanavaram', 603);
INSERT INTO village (id, name, panchayat_id) VALUES (16118, 'Thandrangi', 603);
INSERT INTO village (id, name, panchayat_id) VALUES (16119, 'Venne', 603);
INSERT INTO village (id, name, panchayat_id) VALUES (16120, 'Vizinigiri', 603);
INSERT INTO mandal (id, name, constituency_id) VALUES (604, 'Kothavalasa', 26);
INSERT INTO panchayat (id, name, mandal_id) VALUES (604, 'Default Panchayat Kothavalasa', 604);
INSERT INTO village (id, name, panchayat_id) VALUES (16121, 'Ardhannapalem', 604);
INSERT INTO village (id, name, panchayat_id) VALUES (16122, 'Balighattam', 604);
INSERT INTO village (id, name, panchayat_id) VALUES (16123, 'Cheedivalasa', 604);
INSERT INTO village (id, name, panchayat_id) VALUES (16124, 'Cheepuruvalasa', 604);
INSERT INTO village (id, name, panchayat_id) VALUES (16125, 'Chinaraopalle', 604);
INSERT INTO village (id, name, panchayat_id) VALUES (16126, 'Chinnipalem', 604);
INSERT INTO village (id, name, panchayat_id) VALUES (16127, 'Chintalapalem', 604);
INSERT INTO village (id, name, panchayat_id) VALUES (16128, 'Dathi', 604);
INSERT INTO village (id, name, panchayat_id) VALUES (16129, 'Denderu', 604);
INSERT INTO village (id, name, panchayat_id) VALUES (16130, 'Devada', 604);
INSERT INTO village (id, name, panchayat_id) VALUES (16131, 'Ganisettipalem', 604);
INSERT INTO village (id, name, panchayat_id) VALUES (16132, 'Gulivindada', 604);
INSERT INTO village (id, name, panchayat_id) VALUES (16133, 'Kantakapalle', 604);
INSERT INTO village (id, name, panchayat_id) VALUES (16134, 'Katakapalle', 604);
INSERT INTO village (id, name, panchayat_id) VALUES (16135, 'Kothavalasa (Ct)', 604);
INSERT INTO village (id, name, panchayat_id) VALUES (16136, 'Mindivalasa Ramachandrapuram', 604);
INSERT INTO village (id, name, panchayat_id) VALUES (16137, 'Musiram', 604);
INSERT INTO village (id, name, panchayat_id) VALUES (16138, 'Narapam', 604);
INSERT INTO village (id, name, panchayat_id) VALUES (16139, 'Nimmalapalem', 604);
INSERT INTO village (id, name, panchayat_id) VALUES (16140, 'Pedaraopalle', 604);
INSERT INTO village (id, name, panchayat_id) VALUES (16141, 'Ramalingapuram', 604);
INSERT INTO village (id, name, panchayat_id) VALUES (16142, 'Rayapurajupeta', 604);
INSERT INTO village (id, name, panchayat_id) VALUES (16143, 'Relli', 604);
INSERT INTO village (id, name, panchayat_id) VALUES (16144, 'Santhapalem', 604);
INSERT INTO village (id, name, panchayat_id) VALUES (16145, 'Sundarayyapeta', 604);
INSERT INTO village (id, name, panchayat_id) VALUES (16146, 'Tummikapalle (Ct)', 604);
INSERT INTO village (id, name, panchayat_id) VALUES (16147, 'Uttarapalle', 604);
INSERT INTO village (id, name, panchayat_id) VALUES (16148, 'Veerabhadra Puram', 604);
INSERT INTO mandal (id, name, constituency_id) VALUES (605, 'Lakkavarapukota', 26);
INSERT INTO panchayat (id, name, mandal_id) VALUES (605, 'Default Panchayat Lakkavarapukota', 605);
INSERT INTO village (id, name, panchayat_id) VALUES (16149, 'Bheemali', 605);
INSERT INTO village (id, name, panchayat_id) VALUES (16150, 'Chanduluru', 605);
INSERT INTO village (id, name, panchayat_id) VALUES (16151, 'Dasullapalem', 605);
INSERT INTO village (id, name, panchayat_id) VALUES (16152, 'Gajapathinagarm', 605);
INSERT INTO village (id, name, panchayat_id) VALUES (16153, 'Gangubudi', 605);
INSERT INTO village (id, name, panchayat_id) VALUES (16154, 'Ganivada', 605);
INSERT INTO village (id, name, panchayat_id) VALUES (16155, 'Goljam', 605);
INSERT INTO village (id, name, panchayat_id) VALUES (16156, 'Kallampudi', 605);
INSERT INTO village (id, name, panchayat_id) VALUES (16157, 'Kallepalle', 605);
INSERT INTO village (id, name, panchayat_id) VALUES (16158, 'Khasapeta', 605);
INSERT INTO village (id, name, panchayat_id) VALUES (16159, 'Kithannapeta', 605);
INSERT INTO village (id, name, panchayat_id) VALUES (16160, 'Kotyada', 605);
INSERT INTO village (id, name, panchayat_id) VALUES (16161, 'Kudduvalasa', 605);
INSERT INTO village (id, name, panchayat_id) VALUES (16162, 'Kurmavaram', 605);
INSERT INTO village (id, name, panchayat_id) VALUES (16163, 'Lakkavarapukota', 605);
INSERT INTO village (id, name, panchayat_id) VALUES (16164, 'Lakkavarapukota Seetharampuram', 605);
INSERT INTO village (id, name, panchayat_id) VALUES (16165, 'Lakkavarapu Kota Talari', 605);
INSERT INTO village (id, name, panchayat_id) VALUES (16166, 'Latchampeta', 605);
INSERT INTO village (id, name, panchayat_id) VALUES (16167, 'Malliveedu', 605);
INSERT INTO village (id, name, panchayat_id) VALUES (16168, 'Marlapalle', 605);
INSERT INTO village (id, name, panchayat_id) VALUES (16169, 'Narasampeta', 605);
INSERT INTO village (id, name, panchayat_id) VALUES (16170, 'Neelakantapuram', 605);
INSERT INTO village (id, name, panchayat_id) VALUES (16171, 'Nidigattu', 605);
INSERT INTO village (id, name, panchayat_id) VALUES (16172, 'Pothampeta', 605);
INSERT INTO village (id, name, panchayat_id) VALUES (16173, 'Rangapuram', 605);
INSERT INTO village (id, name, panchayat_id) VALUES (16174, 'Rangarayapuram Agraharam', 605);
INSERT INTO village (id, name, panchayat_id) VALUES (16175, 'Rega', 605);
INSERT INTO village (id, name, panchayat_id) VALUES (16176, 'Relligavirammapeta', 605);
INSERT INTO village (id, name, panchayat_id) VALUES (16177, 'Sreerampuram', 605);
INSERT INTO village (id, name, panchayat_id) VALUES (16178, 'Tamarapalle', 605);
INSERT INTO village (id, name, panchayat_id) VALUES (16179, 'Veerabhadrapeta', 605);
INSERT INTO village (id, name, panchayat_id) VALUES (16180, 'Venkannapalem', 605);
INSERT INTO mandal (id, name, constituency_id) VALUES (606, 'Mentada', 26);
INSERT INTO panchayat (id, name, mandal_id) VALUES (606, 'Default Panchayat Mentada', 606);
INSERT INTO village (id, name, panchayat_id) VALUES (16181, 'Aguru', 606);
INSERT INTO village (id, name, panchayat_id) VALUES (16182, 'Amarayavalasa', 606);
INSERT INTO village (id, name, panchayat_id) VALUES (16183, 'Andra', 606);
INSERT INTO village (id, name, panchayat_id) VALUES (16184, 'Badevalasa', 606);
INSERT INTO village (id, name, panchayat_id) VALUES (16185, 'Butchirajupeta', 606);
INSERT INTO village (id, name, panchayat_id) VALUES (16186, 'Challapeta', 606);
INSERT INTO village (id, name, panchayat_id) VALUES (16187, 'Chinamedapalle', 606);
INSERT INTO village (id, name, panchayat_id) VALUES (16188, 'Chintalavalasa', 606);
INSERT INTO village (id, name, panchayat_id) VALUES (16189, 'Gajamguddivalasa', 606);
INSERT INTO village (id, name, panchayat_id) VALUES (16190, 'Gurlatammaraju Peta', 606);
INSERT INTO village (id, name, panchayat_id) VALUES (16191, 'Gurramma Valasa', 606);
INSERT INTO village (id, name, panchayat_id) VALUES (16192, 'Iddanavalasa', 606);
INSERT INTO village (id, name, panchayat_id) VALUES (16193, 'Ippalavalasa', 606);
INSERT INTO village (id, name, panchayat_id) VALUES (16194, 'Jakkuva', 606);
INSERT INTO village (id, name, panchayat_id) VALUES (16195, 'Jayathi', 606);
INSERT INTO village (id, name, panchayat_id) VALUES (16196, 'Khailam', 606);
INSERT INTO village (id, name, panchayat_id) VALUES (16197, 'Kompangi', 606);
INSERT INTO village (id, name, panchayat_id) VALUES (16198, 'Kondalingalavalasa', 606);
INSERT INTO village (id, name, panchayat_id) VALUES (16199, 'Kuneru', 606);
INSERT INTO village (id, name, panchayat_id) VALUES (16200, 'Kuntinavalasa', 606);
INSERT INTO village (id, name, panchayat_id) VALUES (16201, 'Lothugedda', 606);
INSERT INTO village (id, name, panchayat_id) VALUES (16202, 'Meesalapeta', 606);
INSERT INTO village (id, name, panchayat_id) VALUES (16203, 'Mentada', 606);
INSERT INTO village (id, name, panchayat_id) VALUES (16204, 'Mirthivalasa', 606);
INSERT INTO village (id, name, panchayat_id) VALUES (16205, 'Nikkalavalasa', 606);
INSERT INTO village (id, name, panchayat_id) VALUES (16206, 'Pedachamalapalle', 606);
INSERT INTO village (id, name, panchayat_id) VALUES (16207, 'Pedamedapalle', 606);
INSERT INTO village (id, name, panchayat_id) VALUES (16208, 'Pittada', 606);
INSERT INTO village (id, name, panchayat_id) VALUES (16209, 'Poram', 606);
INSERT INTO village (id, name, panchayat_id) VALUES (16210, 'Poramlova', 606);
INSERT INTO village (id, name, panchayat_id) VALUES (16211, 'Puligummi', 606);
INSERT INTO village (id, name, panchayat_id) VALUES (16212, 'Rabanda', 606);
INSERT INTO village (id, name, panchayat_id) VALUES (16213, 'Seelavalasa', 606);
INSERT INTO village (id, name, panchayat_id) VALUES (16214, 'Thimuruvalasa', 606);
INSERT INTO village (id, name, panchayat_id) VALUES (16215, 'Uddangi', 606);
INSERT INTO village (id, name, panchayat_id) VALUES (16216, 'Vankasomidi', 606);
INSERT INTO village (id, name, panchayat_id) VALUES (16217, 'Vonija', 606);
INSERT INTO mandal (id, name, constituency_id) VALUES (607, 'Merakamudidam', 26);
INSERT INTO panchayat (id, name, mandal_id) VALUES (607, 'Default Panchayat Merakamudidam', 607);
INSERT INTO village (id, name, panchayat_id) VALUES (16218, 'Badam', 607);
INSERT INTO village (id, name, panchayat_id) VALUES (16219, 'Bhagirathipuram Agraharam', 607);
INSERT INTO village (id, name, panchayat_id) VALUES (16220, 'Bheemavaram', 607);
INSERT INTO village (id, name, panchayat_id) VALUES (16221, 'Bhyripuram', 607);
INSERT INTO village (id, name, panchayat_id) VALUES (16222, 'Billalavalasa', 607);
INSERT INTO village (id, name, panchayat_id) VALUES (16223, 'Budarayavalasa', 607);
INSERT INTO village (id, name, panchayat_id) VALUES (16224, 'Chellapuram', 607);
INSERT INTO village (id, name, panchayat_id) VALUES (16225, 'Chinabantupalle', 607);
INSERT INTO village (id, name, panchayat_id) VALUES (16226, 'Chinaravyam', 607);
INSERT INTO village (id, name, panchayat_id) VALUES (16227, 'Dasumanthapuram', 607);
INSERT INTO village (id, name, panchayat_id) VALUES (16228, 'Garbham', 607);
INSERT INTO village (id, name, panchayat_id) VALUES (16229, 'Garugubilli', 607);
INSERT INTO village (id, name, panchayat_id) VALUES (16230, 'Gathada @ Sriran Garaja Puram', 607);
INSERT INTO village (id, name, panchayat_id) VALUES (16231, 'Gollalavalasa', 607);
INSERT INTO village (id, name, panchayat_id) VALUES (16232, 'Gopannavalasa', 607);
INSERT INTO village (id, name, panchayat_id) VALUES (16233, 'Gottipalle', 607);
INSERT INTO village (id, name, panchayat_id) VALUES (16234, 'Ippalavalasa', 607);
INSERT INTO village (id, name, panchayat_id) VALUES (16235, 'Kondalaveru', 607);
INSERT INTO village (id, name, panchayat_id) VALUES (16236, 'Korlam', 607);
INSERT INTO village (id, name, panchayat_id) VALUES (16237, 'Kothakarra', 607);
INSERT INTO village (id, name, panchayat_id) VALUES (16238, 'Kunchigumadam', 607);
INSERT INTO village (id, name, panchayat_id) VALUES (16239, 'Marrivalasa', 607);
INSERT INTO village (id, name, panchayat_id) VALUES (16240, 'Merakamudidam', 607);
INSERT INTO village (id, name, panchayat_id) VALUES (16241, 'Pedaravyam', 607);
INSERT INTO village (id, name, panchayat_id) VALUES (16242, 'Potteduvalasa', 607);
INSERT INTO village (id, name, panchayat_id) VALUES (16243, 'Puligummi', 607);
INSERT INTO village (id, name, panchayat_id) VALUES (16244, 'Puthikavalasa', 607);
INSERT INTO village (id, name, panchayat_id) VALUES (16245, 'Rachagumadam', 607);
INSERT INTO village (id, name, panchayat_id) VALUES (16246, 'Ramayavalasa', 607);
INSERT INTO village (id, name, panchayat_id) VALUES (16247, 'Ravivalasa (Near) Mudidam', 607);
INSERT INTO village (id, name, panchayat_id) VALUES (16248, 'Sathamvalasa', 607);
INSERT INTO village (id, name, panchayat_id) VALUES (16249, 'Singavaram', 607);
INSERT INTO village (id, name, panchayat_id) VALUES (16250, 'Siridevipuram', 607);
INSERT INTO village (id, name, panchayat_id) VALUES (16251, 'Sivvamdoravalasa', 607);
INSERT INTO village (id, name, panchayat_id) VALUES (16252, 'Somalingapuram', 607);
INSERT INTO village (id, name, panchayat_id) VALUES (16253, 'Syamayavalasa', 607);
INSERT INTO village (id, name, panchayat_id) VALUES (16254, 'Uttaravilli', 607);
INSERT INTO village (id, name, panchayat_id) VALUES (16255, 'Vasudevapuram', 607);
INSERT INTO village (id, name, panchayat_id) VALUES (16256, 'Vishwanadha Puram', 607);
INSERT INTO village (id, name, panchayat_id) VALUES (16257, 'Vootapalle', 607);
INSERT INTO village (id, name, panchayat_id) VALUES (16258, 'Yadiki', 607);
INSERT INTO mandal (id, name, constituency_id) VALUES (608, 'Nellimarla', 26);
INSERT INTO panchayat (id, name, mandal_id) VALUES (608, 'Default Panchayat Nellimarla', 608);
INSERT INTO village (id, name, panchayat_id) VALUES (16259, 'Alugolu', 608);
INSERT INTO village (id, name, panchayat_id) VALUES (16260, 'Atmaramuni Agraharam', 608);
INSERT INTO village (id, name, panchayat_id) VALUES (16261, 'Boppadam', 608);
INSERT INTO village (id, name, panchayat_id) VALUES (16262, 'Buradapeta', 608);
INSERT INTO village (id, name, panchayat_id) VALUES (16263, 'Dannanapeta', 608);
INSERT INTO village (id, name, panchayat_id) VALUES (16264, 'D. Nelivada', 608);
INSERT INTO village (id, name, panchayat_id) VALUES (16265, 'Garikapeta', 608);
INSERT INTO village (id, name, panchayat_id) VALUES (16266, 'Gorlapeta', 608);
INSERT INTO village (id, name, panchayat_id) VALUES (16267, 'Gushini', 608);
INSERT INTO village (id, name, panchayat_id) VALUES (16268, 'Jarjapupeta (Ct)', 608);
INSERT INTO village (id, name, panchayat_id) VALUES (16269, 'Kondagumpam', 608);
INSERT INTO village (id, name, panchayat_id) VALUES (16270, 'Kondavelagada', 608);
INSERT INTO village (id, name, panchayat_id) VALUES (16271, 'Koradapeta', 608);
INSERT INTO village (id, name, panchayat_id) VALUES (16272, 'Lakshminarasimha Puram', 608);
INSERT INTO village (id, name, panchayat_id) VALUES (16273, 'Madhupada', 608);
INSERT INTO village (id, name, panchayat_id) VALUES (16274, 'Malyada', 608);
INSERT INTO village (id, name, panchayat_id) VALUES (16275, 'Moidavijayaram Puram', 608);
INSERT INTO village (id, name, panchayat_id) VALUES (16276, 'Nandigama Altipalem', 608);
INSERT INTO village (id, name, panchayat_id) VALUES (16277, 'Neelamrajupeta', 608);
INSERT INTO village (id, name, panchayat_id) VALUES (16278, 'Nellimarla (Ct)', 608);
INSERT INTO village (id, name, panchayat_id) VALUES (16279, 'Parasam', 608);
INSERT INTO village (id, name, panchayat_id) VALUES (16280, 'Pedatharimi', 608);
INSERT INTO village (id, name, panchayat_id) VALUES (16281, 'Pinatharimi', 608);
INSERT INTO village (id, name, panchayat_id) VALUES (16282, 'Puthikapeta', 608);
INSERT INTO village (id, name, panchayat_id) VALUES (16283, 'Ramathirtham', 608);
INSERT INTO village (id, name, panchayat_id) VALUES (16284, 'Saripalle', 608);
INSERT INTO village (id, name, panchayat_id) VALUES (16285, 'Sathivada', 608);
INSERT INTO village (id, name, panchayat_id) VALUES (16286, 'Seetharamunipeta', 608);
INSERT INTO village (id, name, panchayat_id) VALUES (16287, 'Tekkali', 608);
INSERT INTO village (id, name, panchayat_id) VALUES (16288, 'Thammapuram', 608);
INSERT INTO village (id, name, panchayat_id) VALUES (16289, 'Thangudubilli', 608);
INSERT INTO village (id, name, panchayat_id) VALUES (16290, 'Valluru', 608);
INSERT INTO village (id, name, panchayat_id) VALUES (16291, 'Vommi', 608);
INSERT INTO mandal (id, name, constituency_id) VALUES (609, 'Poosapatirega', 26);
INSERT INTO panchayat (id, name, mandal_id) VALUES (609, 'Default Panchayat Poosapatirega', 609);
INSERT INTO village (id, name, panchayat_id) VALUES (16292, 'Alladapalem', 609);
INSERT INTO village (id, name, panchayat_id) VALUES (16293, 'Bharanikam', 609);
INSERT INTO village (id, name, panchayat_id) VALUES (16294, 'Borravanipalem', 609);
INSERT INTO village (id, name, panchayat_id) VALUES (16295, 'Chinabattivalasa', 609);
INSERT INTO village (id, name, panchayat_id) VALUES (16296, 'Chintapalle', 609);
INSERT INTO village (id, name, panchayat_id) VALUES (16297, 'Chodamma Agraharam', 609);
INSERT INTO village (id, name, panchayat_id) VALUES (16298, 'Chowduvada', 609);
INSERT INTO village (id, name, panchayat_id) VALUES (16299, 'Gaitula Chodavaram', 609);
INSERT INTO village (id, name, panchayat_id) VALUES (16300, 'Govindapuram', 609);
INSERT INTO village (id, name, panchayat_id) VALUES (16301, 'Gumpam', 609);
INSERT INTO village (id, name, panchayat_id) VALUES (16302, 'Kamavaram', 609);
INSERT INTO village (id, name, panchayat_id) VALUES (16303, 'Kandivalasa', 609);
INSERT INTO village (id, name, panchayat_id) VALUES (16304, 'Kanimella', 609);
INSERT INTO village (id, name, panchayat_id) VALUES (16305, 'Kanimetta', 609);
INSERT INTO village (id, name, panchayat_id) VALUES (16306, 'Kollayavalasa', 609);
INSERT INTO village (id, name, panchayat_id) VALUES (16307, 'Konada', 609);
INSERT INTO village (id, name, panchayat_id) VALUES (16308, 'Konayyapalem', 609);
INSERT INTO village (id, name, panchayat_id) VALUES (16309, 'Kopperla', 609);
INSERT INTO village (id, name, panchayat_id) VALUES (16310, 'Kovvada Agraharam', 609);
INSERT INTO village (id, name, panchayat_id) VALUES (16311, 'Krishnapuram', 609);
INSERT INTO village (id, name, panchayat_id) VALUES (16312, 'Kumili', 609);
INSERT INTO village (id, name, panchayat_id) VALUES (16313, 'Lankalapallipalem', 609);
INSERT INTO village (id, name, panchayat_id) VALUES (16314, 'Lova Jagannadha Puram', 609);
INSERT INTO village (id, name, panchayat_id) VALUES (16315, 'Nadipalle', 609);
INSERT INTO village (id, name, panchayat_id) VALUES (16316, 'Palanki', 609);
INSERT INTO village (id, name, panchayat_id) VALUES (16317, 'Pasupam', 609);
INSERT INTO village (id, name, panchayat_id) VALUES (16318, 'Pathivada', 609);
INSERT INTO village (id, name, panchayat_id) VALUES (16319, 'Pedabattivalasa', 609);
INSERT INTO village (id, name, panchayat_id) VALUES (16320, 'Perapuram', 609);
INSERT INTO village (id, name, panchayat_id) VALUES (16321, 'Poram', 609);
INSERT INTO village (id, name, panchayat_id) VALUES (16322, 'Pusapatipalem', 609);
INSERT INTO village (id, name, panchayat_id) VALUES (16323, 'Pusapatirega', 609);
INSERT INTO village (id, name, panchayat_id) VALUES (16324, 'Rellivalasa', 609);
INSERT INTO village (id, name, panchayat_id) VALUES (16325, 'Roluchappidi', 609);
INSERT INTO village (id, name, panchayat_id) VALUES (16326, 'Thottadam', 609);
INSERT INTO village (id, name, panchayat_id) VALUES (16327, 'Vempadam', 609);
INSERT INTO village (id, name, panchayat_id) VALUES (16328, 'Yerukonda', 609);
INSERT INTO mandal (id, name, constituency_id) VALUES (610, 'Rajam', 26);
INSERT INTO panchayat (id, name, mandal_id) VALUES (610, 'Default Panchayat Rajam', 610);
INSERT INTO village (id, name, panchayat_id) VALUES (16329, 'Aguru', 610);
INSERT INTO village (id, name, panchayat_id) VALUES (16330, 'Amaram', 610);
INSERT INTO village (id, name, panchayat_id) VALUES (16331, 'Anthakapalli', 610);
INSERT INTO village (id, name, panchayat_id) VALUES (16332, 'Boddam', 610);
INSERT INTO village (id, name, panchayat_id) VALUES (16333, 'Boddavalasa', 610);
INSERT INTO village (id, name, panchayat_id) VALUES (16334, 'Bomminaidu Valasa', 610);
INSERT INTO village (id, name, panchayat_id) VALUES (16335, 'D.R.N. Valasa', 610);
INSERT INTO village (id, name, panchayat_id) VALUES (16336, 'Gadimudidam', 610);
INSERT INTO village (id, name, panchayat_id) VALUES (16337, 'Garraju Cheepurupalli', 610);
INSERT INTO village (id, name, panchayat_id) VALUES (16338, 'Gopalapuram', 610);
INSERT INTO village (id, name, panchayat_id) VALUES (16339, 'Guravam', 610);
INSERT INTO village (id, name, panchayat_id) VALUES (16340, 'Guyyanna Valasa', 610);
INSERT INTO village (id, name, panchayat_id) VALUES (16341, 'Illamnaidu Valasa', 610);
INSERT INTO village (id, name, panchayat_id) VALUES (16342, 'Kancharam', 610);
INSERT INTO village (id, name, panchayat_id) VALUES (16343, 'Kondampeta', 610);
INSERT INTO village (id, name, panchayat_id) VALUES (16344, 'Kotaripuram', 610);
INSERT INTO village (id, name, panchayat_id) VALUES (16345, 'Kothavalasa', 610);
INSERT INTO village (id, name, panchayat_id) VALUES (16346, 'Maredubaka', 610);
INSERT INTO village (id, name, panchayat_id) VALUES (16347, 'Muddadajogi Valasa', 610);
INSERT INTO village (id, name, panchayat_id) VALUES (16348, 'Nandabalaga', 610);
INSERT INTO village (id, name, panchayat_id) VALUES (16349, 'Ommi', 610);
INSERT INTO village (id, name, panchayat_id) VALUES (16350, 'Penubaka', 610);
INSERT INTO village (id, name, panchayat_id) VALUES (16351, 'Pogiri', 610);
INSERT INTO village (id, name, panchayat_id) VALUES (16352, 'Rajam', 610);
INSERT INTO village (id, name, panchayat_id) VALUES (16353, 'Rajayyapeta', 610);
INSERT INTO village (id, name, panchayat_id) VALUES (16354, 'Ramanujulapeta', 610);
INSERT INTO village (id, name, panchayat_id) VALUES (16355, 'Saradhi', 610);
INSERT INTO village (id, name, panchayat_id) VALUES (16356, 'Soperu', 610);
INSERT INTO village (id, name, panchayat_id) VALUES (16357, 'Syampuram', 610);
INSERT INTO village (id, name, panchayat_id) VALUES (16358, 'Vijayaramapuram', 610);
INSERT INTO village (id, name, panchayat_id) VALUES (16359, 'V R Agraharam', 610);
INSERT INTO mandal (id, name, constituency_id) VALUES (611, 'Ramabhadrapuram', 26);
INSERT INTO panchayat (id, name, mandal_id) VALUES (611, 'Default Panchayat Ramabhadrapuram', 611);
INSERT INTO village (id, name, panchayat_id) VALUES (16360, 'Appalarajupeta', 611);
INSERT INTO village (id, name, panchayat_id) VALUES (16361, 'Arikatota', 611);
INSERT INTO village (id, name, panchayat_id) VALUES (16362, 'Busayavalasa', 611);
INSERT INTO village (id, name, panchayat_id) VALUES (16363, 'Chandapuram', 611);
INSERT INTO village (id, name, panchayat_id) VALUES (16364, 'Chintalavalasa', 611);
INSERT INTO village (id, name, panchayat_id) VALUES (16365, 'Duppalapudi', 611);
INSERT INTO village (id, name, panchayat_id) VALUES (16366, 'Enubaruvu', 611);
INSERT INTO village (id, name, panchayat_id) VALUES (16367, 'Gangannapalavalasa @ Tatavaripalavalasa', 611);
INSERT INTO village (id, name, panchayat_id) VALUES (16368, 'Gollapeta', 611);
INSERT INTO village (id, name, panchayat_id) VALUES (16369, 'Itlamamidipalle', 611);
INSERT INTO village (id, name, panchayat_id) VALUES (16370, 'Jannivalasa', 611);
INSERT INTO village (id, name, panchayat_id) VALUES (16371, 'Kondakenguva', 611);
INSERT INTO village (id, name, panchayat_id) VALUES (16372, 'Kondapalavalasa', 611);
INSERT INTO village (id, name, panchayat_id) VALUES (16373, 'Kotasirlam', 611);
INSERT INTO village (id, name, panchayat_id) VALUES (16374, 'Kottakki', 611);
INSERT INTO village (id, name, panchayat_id) VALUES (16375, 'Lollarapadu', 611);
INSERT INTO village (id, name, panchayat_id) VALUES (16376, 'Mamidivalasa', 611);
INSERT INTO village (id, name, panchayat_id) VALUES (16377, 'Marrivalasa', 611);
INSERT INTO village (id, name, panchayat_id) VALUES (16378, 'Mulachelagam', 611);
INSERT INTO village (id, name, panchayat_id) VALUES (16379, 'Mutcherlavalasa', 611);
INSERT INTO village (id, name, panchayat_id) VALUES (16380, 'Naiduvalasa', 611);
INSERT INTO village (id, name, panchayat_id) VALUES (16381, 'Narasapuram', 611);
INSERT INTO village (id, name, panchayat_id) VALUES (16382, 'Patarega', 611);
INSERT INTO village (id, name, panchayat_id) VALUES (16383, 'Pedachelagam', 611);
INSERT INTO village (id, name, panchayat_id) VALUES (16384, 'Ramabhadrapuram', 611);
INSERT INTO village (id, name, panchayat_id) VALUES (16385, 'Ravivalasa', 611);
INSERT INTO village (id, name, panchayat_id) VALUES (16386, 'Rompalle', 611);
INSERT INTO village (id, name, panchayat_id) VALUES (16387, 'Rompallivalasa', 611);
INSERT INTO village (id, name, panchayat_id) VALUES (16388, 'Samarthula Chintalavalasa', 611);
INSERT INTO village (id, name, panchayat_id) VALUES (16389, 'Seetharampuram', 611);
INSERT INTO village (id, name, panchayat_id) VALUES (16390, 'Sompuram', 611);
INSERT INTO village (id, name, panchayat_id) VALUES (16391, 'Tarapuram', 611);
INSERT INTO mandal (id, name, constituency_id) VALUES (612, 'Regidi Amadalavalasa', 26);
INSERT INTO panchayat (id, name, mandal_id) VALUES (612, 'Default Panchayat Regidi Amadalavalasa', 612);
INSERT INTO village (id, name, panchayat_id) VALUES (16392, 'Adavaram', 612);
INSERT INTO village (id, name, panchayat_id) VALUES (16393, 'Akkanna Agraharam', 612);
INSERT INTO village (id, name, panchayat_id) VALUES (16394, 'Amadalavalasa', 612);
INSERT INTO village (id, name, panchayat_id) VALUES (16395, 'Ambada', 612);
INSERT INTO village (id, name, panchayat_id) VALUES (16396, 'Ambakhandi', 612);
INSERT INTO village (id, name, panchayat_id) VALUES (16397, 'Appapuram', 612);
INSERT INTO village (id, name, panchayat_id) VALUES (16398, 'Balakavi Valasa', 612);
INSERT INTO village (id, name, panchayat_id) VALUES (16399, 'Boddavalasa', 612);
INSERT INTO village (id, name, panchayat_id) VALUES (16400, 'Burada', 612);
INSERT INTO village (id, name, panchayat_id) VALUES (16401, 'Chatayya Valasa', 612);
INSERT INTO village (id, name, panchayat_id) VALUES (16402, 'Cheli Gani Valasa', 612);
INSERT INTO village (id, name, panchayat_id) VALUES (16403, 'China Sirlam', 612);
INSERT INTO village (id, name, panchayat_id) VALUES (16404, 'Devudala', 612);
INSERT INTO village (id, name, panchayat_id) VALUES (16405, 'Gopem Peta', 612);
INSERT INTO village (id, name, panchayat_id) VALUES (16406, 'Gulla Padu', 612);
INSERT INTO village (id, name, panchayat_id) VALUES (16407, 'Jodu Bandala', 612);
INSERT INTO village (id, name, panchayat_id) VALUES (16408, 'Kandisa', 612);
INSERT INTO village (id, name, panchayat_id) VALUES (16409, 'Khandyam', 612);
INSERT INTO village (id, name, panchayat_id) VALUES (16410, 'Kodisa', 612);
INSERT INTO village (id, name, panchayat_id) VALUES (16411, 'Komera', 612);
INSERT INTO village (id, name, panchayat_id) VALUES (16412, 'Kondala Mamidi Valasa', 612);
INSERT INTO village (id, name, panchayat_id) VALUES (16413, 'Konda Valasa', 612);
INSERT INTO village (id, name, panchayat_id) VALUES (16414, 'Korla Valasa', 612);
INSERT INTO village (id, name, panchayat_id) VALUES (16415, 'Latchanna Valasa', 612);
INSERT INTO village (id, name, panchayat_id) VALUES (16416, 'Latcha Rayapuram', 612);
INSERT INTO village (id, name, panchayat_id) VALUES (16417, 'Laxmipuram', 612);
INSERT INTO village (id, name, panchayat_id) VALUES (16418, 'Lingala Valasa', 612);
INSERT INTO village (id, name, panchayat_id) VALUES (16419, 'Mulakala Valasa', 612);
INSERT INTO village (id, name, panchayat_id) VALUES (16420, 'Nairalu Valasa', 612);
INSERT INTO village (id, name, panchayat_id) VALUES (16421, 'Panasala Valasa', 612);
INSERT INTO village (id, name, panchayat_id) VALUES (16422, 'Parampeta', 612);
INSERT INTO village (id, name, panchayat_id) VALUES (16423, 'Peda Sirlam', 612);
INSERT INTO village (id, name, panchayat_id) VALUES (16424, 'Poram', 612);
INSERT INTO village (id, name, panchayat_id) VALUES (16425, 'Purli', 612);
INSERT INTO village (id, name, panchayat_id) VALUES (16426, 'Ranga Rayapuram', 612);
INSERT INTO village (id, name, panchayat_id) VALUES (16427, 'Regidi', 612);
INSERT INTO village (id, name, panchayat_id) VALUES (16428, 'Sankili', 612);
INSERT INTO village (id, name, panchayat_id) VALUES (16429, 'Sarasana Palle', 612);
INSERT INTO village (id, name, panchayat_id) VALUES (16430, 'Somarajupeta', 612);
INSERT INTO village (id, name, panchayat_id) VALUES (16431, 'Tatipadu', 612);
INSERT INTO village (id, name, panchayat_id) VALUES (16432, 'Tunivada', 612);
INSERT INTO village (id, name, panchayat_id) VALUES (16433, 'Ungarada', 612);
INSERT INTO village (id, name, panchayat_id) VALUES (16434, 'Unukuru', 612);
INSERT INTO village (id, name, panchayat_id) VALUES (16435, 'Uppara Naiduvalasa', 612);
INSERT INTO village (id, name, panchayat_id) VALUES (16436, 'Vandanapeta', 612);
INSERT INTO village (id, name, panchayat_id) VALUES (16437, 'Vannali', 612);
INSERT INTO village (id, name, panchayat_id) VALUES (16438, 'Vavila Valasa', 612);
INSERT INTO village (id, name, panchayat_id) VALUES (16439, 'Venkam Peta', 612);
INSERT INTO village (id, name, panchayat_id) VALUES (16440, 'Venkatapuram', 612);
INSERT INTO village (id, name, panchayat_id) VALUES (16441, 'Venkata Rangaraya Puram', 612);
INSERT INTO village (id, name, panchayat_id) VALUES (16442, 'Voppangi', 612);
INSERT INTO mandal (id, name, constituency_id) VALUES (613, 'Santhakaviti', 26);
INSERT INTO panchayat (id, name, mandal_id) VALUES (613, 'Default Panchayat Santhakaviti', 613);
INSERT INTO village (id, name, panchayat_id) VALUES (16443, 'Akkarapalle', 613);
INSERT INTO village (id, name, panchayat_id) VALUES (16444, 'Appalaagraharam', 613);
INSERT INTO village (id, name, panchayat_id) VALUES (16445, 'Billani', 613);
INSERT INTO village (id, name, panchayat_id) VALUES (16446, 'Bodduru', 613);
INSERT INTO village (id, name, panchayat_id) VALUES (16447, 'Chennaiahpeta', 613);
INSERT INTO village (id, name, panchayat_id) VALUES (16448, 'Chintalapeta', 613);
INSERT INTO village (id, name, panchayat_id) VALUES (16449, 'Chittaripuram', 613);
INSERT INTO village (id, name, panchayat_id) VALUES (16450, 'Garanaidupeta', 613);
INSERT INTO village (id, name, panchayat_id) VALUES (16451, 'Garikipadu', 613);
INSERT INTO village (id, name, panchayat_id) VALUES (16452, 'Geddavalasa Narasimha Puram', 613);
INSERT INTO village (id, name, panchayat_id) VALUES (16453, 'Gollavalasa', 613);
INSERT INTO village (id, name, panchayat_id) VALUES (16454, 'Govindapuram', 613);
INSERT INTO village (id, name, panchayat_id) VALUES (16455, 'Gullaseetharama Puram', 613);
INSERT INTO village (id, name, panchayat_id) VALUES (16456, 'Honjaram', 613);
INSERT INTO village (id, name, panchayat_id) VALUES (16457, 'Janakipuram', 613);
INSERT INTO village (id, name, panchayat_id) VALUES (16458, 'Javam', 613);
INSERT INTO village (id, name, panchayat_id) VALUES (16459, 'Kakarapalle', 613);
INSERT INTO village (id, name, panchayat_id) VALUES (16460, 'Kavali', 613);
INSERT INTO village (id, name, panchayat_id) VALUES (16461, 'Kondagudem', 613);
INSERT INTO village (id, name, panchayat_id) VALUES (16462, 'Kothuru Ramachandrapuram', 613);
INSERT INTO village (id, name, panchayat_id) VALUES (16463, 'Krishnamvalasa', 613);
INSERT INTO village (id, name, panchayat_id) VALUES (16464, 'Krishnasastrula Peta', 613);
INSERT INTO village (id, name, panchayat_id) VALUES (16465, 'Lingapuram', 613);
INSERT INTO village (id, name, panchayat_id) VALUES (16466, 'Maddururamayyaagraharam', 613);
INSERT INTO village (id, name, panchayat_id) VALUES (16467, 'Madhavarayapuram', 613);
INSERT INTO village (id, name, panchayat_id) VALUES (16468, 'Madhavarayapu Ra Mayya Agraharam', 613);
INSERT INTO village (id, name, panchayat_id) VALUES (16469, 'Mamidipalle', 613);
INSERT INTO village (id, name, panchayat_id) VALUES (16470, 'Mandarada', 613);
INSERT INTO village (id, name, panchayat_id) VALUES (16471, 'Mandavakuriti', 613);
INSERT INTO village (id, name, panchayat_id) VALUES (16472, 'Manthina', 613);
INSERT INTO village (id, name, panchayat_id) VALUES (16473, 'Medamarthi', 613);
INSERT INTO village (id, name, panchayat_id) VALUES (16474, 'Mirthivalasa', 613);
INSERT INTO village (id, name, panchayat_id) VALUES (16475, 'Modugulapeta', 613);
INSERT INTO village (id, name, panchayat_id) VALUES (16476, 'Mokshaseetharamapuram', 613);
INSERT INTO village (id, name, panchayat_id) VALUES (16477, 'Mukundapuram', 613);
INSERT INTO village (id, name, panchayat_id) VALUES (16478, 'Narayanarajupuram', 613);
INSERT INTO village (id, name, panchayat_id) VALUES (16479, 'Panasapeta', 613);
INSERT INTO village (id, name, panchayat_id) VALUES (16480, 'Podali', 613);
INSERT INTO village (id, name, panchayat_id) VALUES (16481, 'Ponugutivalasa', 613);
INSERT INTO village (id, name, panchayat_id) VALUES (16482, 'Pullita', 613);
INSERT INTO village (id, name, panchayat_id) VALUES (16483, 'Ramarayapuram', 613);
INSERT INTO village (id, name, panchayat_id) VALUES (16484, 'Sankaruni Agraharam', 613);
INSERT INTO village (id, name, panchayat_id) VALUES (16485, 'Santhakaviti', 613);
INSERT INTO village (id, name, panchayat_id) VALUES (16486, 'Seshadripuram', 613);
INSERT INTO village (id, name, panchayat_id) VALUES (16487, 'Shalipeta', 613);
INSERT INTO village (id, name, panchayat_id) VALUES (16488, 'Siripuram', 613);
INSERT INTO village (id, name, panchayat_id) VALUES (16489, 'Suravaram', 613);
INSERT INTO village (id, name, panchayat_id) VALUES (16490, 'Talada', 613);
INSERT INTO village (id, name, panchayat_id) VALUES (16491, 'Thalatampara', 613);
INSERT INTO village (id, name, panchayat_id) VALUES (16492, 'Thamaram', 613);
INSERT INTO village (id, name, panchayat_id) VALUES (16493, 'Valtair', 613);
INSERT INTO village (id, name, panchayat_id) VALUES (16494, 'Vasudevapatnam', 613);
INSERT INTO mandal (id, name, constituency_id) VALUES (614, 'Srungavarapukota', 26);
INSERT INTO panchayat (id, name, mandal_id) VALUES (614, 'Default Panchayat Srungavarapukota', 614);
INSERT INTO village (id, name, panchayat_id) VALUES (16495, 'Alugubilli', 614);
INSERT INTO village (id, name, panchayat_id) VALUES (16496, 'Balakrishna -Rajapuram', 614);
INSERT INTO village (id, name, panchayat_id) VALUES (16497, 'Chamalapalle', 614);
INSERT INTO village (id, name, panchayat_id) VALUES (16498, 'Cheedipalem', 614);
INSERT INTO village (id, name, panchayat_id) VALUES (16499, 'Chinakhandepalle', 614);
INSERT INTO village (id, name, panchayat_id) VALUES (16500, 'Dampuram', 614);
INSERT INTO village (id, name, panchayat_id) VALUES (16501, 'Daraparthi', 614);
INSERT INTO village (id, name, panchayat_id) VALUES (16502, 'Dharmavaram', 614);
INSERT INTO village (id, name, panchayat_id) VALUES (16503, 'Gopalapalle', 614);
INSERT INTO village (id, name, panchayat_id) VALUES (16504, 'Gunapadu', 614);
INSERT INTO village (id, name, panchayat_id) VALUES (16505, 'Jirayathi Kumaram', 614);
INSERT INTO village (id, name, panchayat_id) VALUES (16506, 'Jirayathi Mukundapuram', 614);
INSERT INTO village (id, name, panchayat_id) VALUES (16507, 'Kapusompuram', 614);
INSERT INTO village (id, name, panchayat_id) VALUES (16508, 'Kasipathi Rajapuram', 614);
INSERT INTO village (id, name, panchayat_id) VALUES (16509, 'Kiltampalem', 614);
INSERT INTO village (id, name, panchayat_id) VALUES (16510, 'Kondamallipudi', 614);
INSERT INTO village (id, name, panchayat_id) VALUES (16511, 'Kothakota', 614);
INSERT INTO village (id, name, panchayat_id) VALUES (16512, 'Kothavooru', 614);
INSERT INTO village (id, name, panchayat_id) VALUES (16513, 'Kottam', 614);
INSERT INTO village (id, name, panchayat_id) VALUES (16514, 'Krishnamahanti Puram', 614);
INSERT INTO village (id, name, panchayat_id) VALUES (16515, 'Krishnapuram', 614);
INSERT INTO village (id, name, panchayat_id) VALUES (16516, 'Kuridi', 614);
INSERT INTO village (id, name, panchayat_id) VALUES (16517, 'Mallipudi', 614);
INSERT INTO village (id, name, panchayat_id) VALUES (16518, 'Mamidipalle', 614);
INSERT INTO village (id, name, panchayat_id) VALUES (16519, 'Marupalle', 614);
INSERT INTO village (id, name, panchayat_id) VALUES (16520, 'Moolaboddavara', 614);
INSERT INTO village (id, name, panchayat_id) VALUES (16521, 'Mushidipalle', 614);
INSERT INTO village (id, name, panchayat_id) VALUES (16522, 'Pedakhandepalle', 614);
INSERT INTO village (id, name, panchayat_id) VALUES (16523, 'Pothanapalle', 614);
INSERT INTO village (id, name, panchayat_id) VALUES (16524, 'Santagavarampeta', 614);
INSERT INTO village (id, name, panchayat_id) VALUES (16525, 'S. Kotatalari', 614);
INSERT INTO village (id, name, panchayat_id) VALUES (16526, 'Srungavarapukota', 614);
INSERT INTO village (id, name, panchayat_id) VALUES (16527, 'Tennuboddavara', 614);
INSERT INTO village (id, name, panchayat_id) VALUES (16528, 'Thimidi', 614);
INSERT INTO village (id, name, panchayat_id) VALUES (16529, 'Usiri', 614);
INSERT INTO village (id, name, panchayat_id) VALUES (16530, 'Vasi', 614);
INSERT INTO village (id, name, panchayat_id) VALUES (16531, 'Veeranarayanam', 614);
INSERT INTO village (id, name, panchayat_id) VALUES (16532, 'Vemulapalle', 614);
INSERT INTO village (id, name, panchayat_id) VALUES (16533, 'Vinayakapalle', 614);
INSERT INTO village (id, name, panchayat_id) VALUES (16534, 'Viswanadhapuram', 614);
INSERT INTO mandal (id, name, constituency_id) VALUES (615, 'Therlam', 26);
INSERT INTO panchayat (id, name, mandal_id) VALUES (615, 'Default Panchayat Therlam', 615);
INSERT INTO village (id, name, panchayat_id) VALUES (16535, 'Amity', 615);
INSERT INTO village (id, name, panchayat_id) VALUES (16536, 'Antlavara', 615);
INSERT INTO village (id, name, panchayat_id) VALUES (16537, 'Appalammapeta', 615);
INSERT INTO village (id, name, panchayat_id) VALUES (16538, 'Arasabalaga', 615);
INSERT INTO village (id, name, panchayat_id) VALUES (16539, 'Burjavalasa (Near) Amity', 615);
INSERT INTO village (id, name, panchayat_id) VALUES (16540, 'Chinapalavalasa', 615);
INSERT INTO village (id, name, panchayat_id) VALUES (16541, 'Chinnayyapeta', 615);
INSERT INTO village (id, name, panchayat_id) VALUES (16542, 'Chukkavalasa', 615);
INSERT INTO village (id, name, panchayat_id) VALUES (16543, 'Dommigani Gadabavalasa', 615);
INSERT INTO village (id, name, panchayat_id) VALUES (16544, 'Gangannapadu', 615);
INSERT INTO village (id, name, panchayat_id) VALUES (16545, 'Goluguvalasa', 615);
INSERT INTO village (id, name, panchayat_id) VALUES (16546, 'Jadavari Kothavalasa', 615);
INSERT INTO village (id, name, panchayat_id) VALUES (16547, 'Jannivalasa', 615);
INSERT INTO village (id, name, panchayat_id) VALUES (16548, 'Kagam', 615);
INSERT INTO village (id, name, panchayat_id) VALUES (16549, 'Kavirayanivalasa', 615);
INSERT INTO village (id, name, panchayat_id) VALUES (16550, 'Kollivalasa', 615);
INSERT INTO village (id, name, panchayat_id) VALUES (16551, 'Koratam', 615);
INSERT INTO village (id, name, panchayat_id) VALUES (16552, 'Kunayavalasa', 615);
INSERT INTO village (id, name, panchayat_id) VALUES (16553, 'Kusumuru', 615);
INSERT INTO village (id, name, panchayat_id) VALUES (16554, 'Lingapuram', 615);
INSERT INTO village (id, name, panchayat_id) VALUES (16555, 'Locherla', 615);
INSERT INTO village (id, name, panchayat_id) VALUES (16556, 'Madhavarangarayapura Agraharam', 615);
INSERT INTO village (id, name, panchayat_id) VALUES (16557, 'Nandabalaga', 615);
INSERT INTO village (id, name, panchayat_id) VALUES (16558, 'Nandigam', 615);
INSERT INTO village (id, name, panchayat_id) VALUES (16559, 'Nemalam', 615);
INSERT INTO village (id, name, panchayat_id) VALUES (16560, 'Panukuvalasa', 615);
INSERT INTO village (id, name, panchayat_id) VALUES (16561, 'Pedapalavalasa', 615);
INSERT INTO village (id, name, panchayat_id) VALUES (16562, 'Perumali', 615);
INSERT INTO village (id, name, panchayat_id) VALUES (16563, 'Pulleruvalasa', 615);
INSERT INTO village (id, name, panchayat_id) VALUES (16564, 'Punuvalasa', 615);
INSERT INTO village (id, name, panchayat_id) VALUES (16565, 'Rajayyapeta', 615);
INSERT INTO village (id, name, panchayat_id) VALUES (16566, 'Ramachandrapuram (Near) Amity', 615);
INSERT INTO village (id, name, panchayat_id) VALUES (16567, 'Ramachandrapuram (Near) Perumal', 615);
INSERT INTO village (id, name, panchayat_id) VALUES (16568, 'Ramachandrapuram (Near) Velagavalasa', 615);
INSERT INTO village (id, name, panchayat_id) VALUES (16569, 'Ramanna Agraharam', 615);
INSERT INTO village (id, name, panchayat_id) VALUES (16570, 'Rangappavalasa', 615);
INSERT INTO village (id, name, panchayat_id) VALUES (16571, 'Ravimanu Gadabavalasa', 615);
INSERT INTO village (id, name, panchayat_id) VALUES (16572, 'Sathivada', 615);
INSERT INTO village (id, name, panchayat_id) VALUES (16573, 'Seetharampuram (Near) Amity', 615);
INSERT INTO village (id, name, panchayat_id) VALUES (16574, 'Seetharampuram (Near) Koratam', 615);
INSERT INTO village (id, name, panchayat_id) VALUES (16575, 'Somidavalasa', 615);
INSERT INTO village (id, name, panchayat_id) VALUES (16576, 'Sundarada', 615);
INSERT INTO village (id, name, panchayat_id) VALUES (16577, 'Tekkalivalasa', 615);
INSERT INTO village (id, name, panchayat_id) VALUES (16578, 'Therlam', 615);
INSERT INTO village (id, name, panchayat_id) VALUES (16579, 'Uddavolu', 615);
INSERT INTO village (id, name, panchayat_id) VALUES (16580, 'Velagavalasa', 615);
INSERT INTO village (id, name, panchayat_id) VALUES (16581, 'Venkampeta @ Kummaripeta', 615);
INSERT INTO village (id, name, panchayat_id) VALUES (16582, 'Venkatapuram', 615);
INSERT INTO village (id, name, panchayat_id) VALUES (16583, 'Viziarampuram @ Buripeta', 615);
INSERT INTO village (id, name, panchayat_id) VALUES (16584, 'Viziarampuram(Near) Koratam', 615);
INSERT INTO mandal (id, name, constituency_id) VALUES (616, 'Vangara', 26);
INSERT INTO panchayat (id, name, mandal_id) VALUES (616, 'Default Panchayat Vangara', 616);
INSERT INTO village (id, name, panchayat_id) VALUES (16585, 'Arasada', 616);
INSERT INTO village (id, name, panchayat_id) VALUES (16586, 'Bangaruvalasa', 616);
INSERT INTO village (id, name, panchayat_id) VALUES (16587, 'Bhagempeta', 616);
INSERT INTO village (id, name, panchayat_id) VALUES (16588, 'Chandrampeta', 616);
INSERT INTO village (id, name, panchayat_id) VALUES (16589, 'Devakivada', 616);
INSERT INTO village (id, name, panchayat_id) VALUES (16590, 'Geethanapalle', 616);
INSERT INTO village (id, name, panchayat_id) VALUES (16591, 'Iruvada', 616);
INSERT INTO village (id, name, panchayat_id) VALUES (16592, 'Jagannadhavalasa', 616);
INSERT INTO village (id, name, panchayat_id) VALUES (16593, 'J K Gumada', 616);
INSERT INTO village (id, name, panchayat_id) VALUES (16594, 'K. Ch. Palle', 616);
INSERT INTO village (id, name, panchayat_id) VALUES (16595, 'Kinjangi', 616);
INSERT INTO village (id, name, panchayat_id) VALUES (16596, 'Konangipadu', 616);
INSERT INTO village (id, name, panchayat_id) VALUES (16597, 'Koppara', 616);
INSERT INTO village (id, name, panchayat_id) VALUES (16598, 'Kopparavalasa', 616);
INSERT INTO village (id, name, panchayat_id) VALUES (16599, 'Kottisa', 616);
INSERT INTO village (id, name, panchayat_id) VALUES (16600, 'Laxmipeta', 616);
INSERT INTO village (id, name, panchayat_id) VALUES (16601, 'Maddivalasa', 616);
INSERT INTO village (id, name, panchayat_id) VALUES (16602, 'Madduvalasa', 616);
INSERT INTO village (id, name, panchayat_id) VALUES (16603, 'Maruvada', 616);
INSERT INTO village (id, name, panchayat_id) VALUES (16604, 'M S Puram', 616);
INSERT INTO village (id, name, panchayat_id) VALUES (16605, 'Mugguru', 616);
INSERT INTO village (id, name, panchayat_id) VALUES (16606, 'Narendrapuram', 616);
INSERT INTO village (id, name, panchayat_id) VALUES (16607, 'Neelayyavalasa', 616);
INSERT INTO village (id, name, panchayat_id) VALUES (16608, 'Patuvardhanam', 616);
INSERT INTO village (id, name, panchayat_id) VALUES (16609, 'Rajulagumada', 616);
INSERT INTO village (id, name, panchayat_id) VALUES (16610, 'Rushingi', 616);
INSERT INTO village (id, name, panchayat_id) VALUES (16611, 'Sangam', 616);
INSERT INTO village (id, name, panchayat_id) VALUES (16612, 'Seethadevipuram', 616);
INSERT INTO village (id, name, panchayat_id) VALUES (16613, 'Sivvam', 616);
INSERT INTO village (id, name, panchayat_id) VALUES (16614, 'Sreeharipuram', 616);
INSERT INTO village (id, name, panchayat_id) VALUES (16615, 'Talagam', 616);
INSERT INTO village (id, name, panchayat_id) VALUES (16616, 'T.D.Krishnaraya Puram', 616);
INSERT INTO village (id, name, panchayat_id) VALUES (16617, 'U.Venkatapathi Raju Peta', 616);
INSERT INTO village (id, name, panchayat_id) VALUES (16618, 'Vangara', 616);
INSERT INTO village (id, name, panchayat_id) VALUES (16619, 'Voni Agraharam', 616);
INSERT INTO village (id, name, panchayat_id) VALUES (16620, 'V P R Peta', 616);
INSERT INTO mandal (id, name, constituency_id) VALUES (617, 'Vepada', 26);
INSERT INTO panchayat (id, name, mandal_id) VALUES (617, 'Default Panchayat Vepada', 617);
INSERT INTO village (id, name, panchayat_id) VALUES (16621, 'Ankajosyulapalem', 617);
INSERT INTO village (id, name, panchayat_id) VALUES (16622, 'Arigipalem', 617);
INSERT INTO village (id, name, panchayat_id) VALUES (16623, 'Athava', 617);
INSERT INTO village (id, name, panchayat_id) VALUES (16624, 'Ballanki', 617);
INSERT INTO village (id, name, panchayat_id) VALUES (16625, 'Ballanki Tuni K.P.Rajapuram', 617);
INSERT INTO village (id, name, panchayat_id) VALUES (16626, 'Banadi', 617);
INSERT INTO village (id, name, panchayat_id) VALUES (16627, 'Boddam', 617);
INSERT INTO village (id, name, panchayat_id) VALUES (16628, 'Chamaladivia Graharam', 617);
INSERT INTO village (id, name, panchayat_id) VALUES (16629, 'Chamalapalle', 617);
INSERT INTO village (id, name, panchayat_id) VALUES (16630, 'Chinagudipala', 617);
INSERT INTO village (id, name, panchayat_id) VALUES (16631, 'Dabbirajupeta', 617);
INSERT INTO village (id, name, panchayat_id) VALUES (16632, 'Gudivada', 617);
INSERT INTO village (id, name, panchayat_id) VALUES (16633, 'Jakeru', 617);
INSERT INTO village (id, name, panchayat_id) VALUES (16634, 'Jammadevipeta', 617);
INSERT INTO village (id, name, panchayat_id) VALUES (16635, 'Karakavalasa', 617);
INSERT INTO village (id, name, panchayat_id) VALUES (16636, 'Kondagangupudi', 617);
INSERT INTO village (id, name, panchayat_id) VALUES (16637, 'Krishnarayudupeta', 617);
INSERT INTO village (id, name, panchayat_id) VALUES (16638, 'Kummapalle', 617);
INSERT INTO village (id, name, panchayat_id) VALUES (16639, 'Marika', 617);
INSERT INTO village (id, name, panchayat_id) VALUES (16640, 'Mukundapuram', 617);
INSERT INTO village (id, name, panchayat_id) VALUES (16641, 'Mukundarajapuram', 617);
INSERT INTO village (id, name, panchayat_id) VALUES (16642, 'Mycherlasingavaram', 617);
INSERT INTO village (id, name, panchayat_id) VALUES (16643, 'Nallabilli Kasipathirajapuram', 617);
INSERT INTO village (id, name, panchayat_id) VALUES (16644, 'Neelakantarajapuram Agraharam', 617);
INSERT INTO village (id, name, panchayat_id) VALUES (16645, 'Paturu', 617);
INSERT INTO village (id, name, panchayat_id) VALUES (16646, 'Pedadungada', 617);
INSERT INTO village (id, name, panchayat_id) VALUES (16647, 'Pedagudipala', 617);
INSERT INTO village (id, name, panchayat_id) VALUES (16648, 'Pedakrishnaraja Puram', 617);
INSERT INTO village (id, name, panchayat_id) VALUES (16649, 'Ramaswamipeta', 617);
INSERT INTO village (id, name, panchayat_id) VALUES (16650, 'Rayudupeta', 617);
INSERT INTO village (id, name, panchayat_id) VALUES (16651, 'Singarai', 617);
INSERT INTO village (id, name, panchayat_id) VALUES (16652, 'Sompuram', 617);
INSERT INTO village (id, name, panchayat_id) VALUES (16653, 'Srungavarapukota Seetharampuram', 617);
INSERT INTO village (id, name, panchayat_id) VALUES (16654, 'Vallampudi', 617);
INSERT INTO village (id, name, panchayat_id) VALUES (16655, 'Vavilapadu', 617);
INSERT INTO village (id, name, panchayat_id) VALUES (16656, 'Veeluparthi', 617);
INSERT INTO village (id, name, panchayat_id) VALUES (16657, 'Veldam', 617);
INSERT INTO village (id, name, panchayat_id) VALUES (16658, 'Vepada', 617);
INSERT INTO village (id, name, panchayat_id) VALUES (16659, 'Vobulaiah Palem', 617);
INSERT INTO mandal (id, name, constituency_id) VALUES (618, 'Vizianagaram Rural', 26);
INSERT INTO panchayat (id, name, mandal_id) VALUES (618, 'Default Panchayat Vizianagaram Rural', 618);
INSERT INTO village (id, name, panchayat_id) VALUES (16660, 'Cheluvuru', 618);
INSERT INTO village (id, name, panchayat_id) VALUES (16661, 'Dharmapuri (R)', 618);
INSERT INTO village (id, name, panchayat_id) VALUES (16662, 'Duppada', 618);
INSERT INTO village (id, name, panchayat_id) VALUES (16663, 'Dwarapudi', 618);
INSERT INTO village (id, name, panchayat_id) VALUES (16664, 'Gajularega', 618);
INSERT INTO village (id, name, panchayat_id) VALUES (16665, 'Gunkalam', 618);
INSERT INTO village (id, name, panchayat_id) VALUES (16666, 'Jagannadhapuram @ Jonnavalasa', 618);
INSERT INTO village (id, name, panchayat_id) VALUES (16667, 'Jammu Narayana Puram (R) (Part)', 618);
INSERT INTO village (id, name, panchayat_id) VALUES (16668, 'Kanapaka (Ct)', 618);
INSERT INTO village (id, name, panchayat_id) VALUES (16669, 'Kondakarakam', 618);
INSERT INTO village (id, name, panchayat_id) VALUES (16670, 'Korukonda', 618);
INSERT INTO village (id, name, panchayat_id) VALUES (16671, 'Kukalametta Lakshmipuram', 618);
INSERT INTO village (id, name, panchayat_id) VALUES (16672, 'Malicherla (Ct)', 618);
INSERT INTO village (id, name, panchayat_id) VALUES (16673, 'Pinavemali', 618);
INSERT INTO village (id, name, panchayat_id) VALUES (16674, 'Rakodu', 618);
INSERT INTO village (id, name, panchayat_id) VALUES (16675, 'Sarika', 618);
INSERT INTO village (id, name, panchayat_id) VALUES (16676, 'Siriyalapeta', 618);
INSERT INTO village (id, name, panchayat_id) VALUES (16677, 'Vantitadi Agraharam', 618);
INSERT INTO village (id, name, panchayat_id) VALUES (16678, 'Venugopalapuram', 618);
INSERT INTO village (id, name, panchayat_id) VALUES (16679, 'Venugopalapuram Bit 2', 618);
INSERT INTO village (id, name, panchayat_id) VALUES (16680, 'Vizianagaram Bit 1', 618);
INSERT INTO village (id, name, panchayat_id) VALUES (16681, 'Vizianagaram Bit 2', 618);
INSERT INTO mandal (id, name, constituency_id) VALUES (619, 'Vizianagaram Urban', 26);
INSERT INTO panchayat (id, name, mandal_id) VALUES (619, 'Default Panchayat Vizianagaram Urban', 619);
INSERT INTO village (id, name, panchayat_id) VALUES (16682, 'Hajisahebpeta', 619);
INSERT INTO district (id, name, state_id) VALUES (27, 'West Godavari', 1);
INSERT INTO constituency (id, name, district_id, mla_name, mp_name) VALUES (27, 'Default Constituency West Godavari', 27, 'Pending MLA', 'Pending MP');
INSERT INTO mandal (id, name, constituency_id) VALUES (620, 'Achanta', 27);
INSERT INTO panchayat (id, name, mandal_id) VALUES (620, 'Default Panchayat Achanta', 620);
INSERT INTO village (id, name, panchayat_id) VALUES (16683, 'Achanta', 620);
INSERT INTO village (id, name, panchayat_id) VALUES (16684, 'Achanta Vemavaram', 620);
INSERT INTO village (id, name, panchayat_id) VALUES (16685, 'Bhimalapuram', 620);
INSERT INTO village (id, name, panchayat_id) VALUES (16686, 'Kadamanchili', 620);
INSERT INTO village (id, name, panchayat_id) VALUES (16687, 'Kandaravalli', 620);
INSERT INTO village (id, name, panchayat_id) VALUES (16688, 'Karugorumilli', 620);
INSERT INTO village (id, name, panchayat_id) VALUES (16689, 'Kodamanchili', 620);
INSERT INTO village (id, name, panchayat_id) VALUES (16690, 'Koderu', 620);
INSERT INTO village (id, name, panchayat_id) VALUES (16691, 'Pedamallam', 620);
INSERT INTO village (id, name, panchayat_id) VALUES (16692, 'Penumanchili', 620);
INSERT INTO village (id, name, panchayat_id) VALUES (16693, 'Valluru', 620);
INSERT INTO mandal (id, name, constituency_id) VALUES (621, 'Akividu', 27);
INSERT INTO panchayat (id, name, mandal_id) VALUES (621, 'Default Panchayat Akividu', 621);
INSERT INTO village (id, name, panchayat_id) VALUES (16694, 'A.I.Bheemavaram', 621);
INSERT INTO village (id, name, panchayat_id) VALUES (16695, 'Ajjamuru', 621);
INSERT INTO village (id, name, panchayat_id) VALUES (16696, 'Akividu', 621);
INSERT INTO village (id, name, panchayat_id) VALUES (16697, 'Cherukumilli', 621);
INSERT INTO village (id, name, panchayat_id) VALUES (16698, 'Chinakapavaram', 621);
INSERT INTO village (id, name, panchayat_id) VALUES (16699, 'Dharmapuram', 621);
INSERT INTO village (id, name, panchayat_id) VALUES (16700, 'Dumpagadapa', 621);
INSERT INTO village (id, name, panchayat_id) VALUES (16701, 'Gummuluru', 621);
INSERT INTO village (id, name, panchayat_id) VALUES (16702, 'Kollaparru', 621);
INSERT INTO village (id, name, panchayat_id) VALUES (16703, 'Kolleru', 621);
INSERT INTO village (id, name, panchayat_id) VALUES (16704, 'Kuppanapudi', 621);
INSERT INTO village (id, name, panchayat_id) VALUES (16705, 'Madivada', 621);
INSERT INTO village (id, name, panchayat_id) VALUES (16706, 'Pedakapavaram', 621);
INSERT INTO village (id, name, panchayat_id) VALUES (16707, 'Siddapuram', 621);
INSERT INTO village (id, name, panchayat_id) VALUES (16708, 'Taratava', 621);
INSERT INTO mandal (id, name, constituency_id) VALUES (622, 'Attili', 27);
INSERT INTO panchayat (id, name, mandal_id) VALUES (622, 'Default Panchayat Attili', 622);
INSERT INTO village (id, name, panchayat_id) VALUES (16709, 'Aravalli', 622);
INSERT INTO village (id, name, panchayat_id) VALUES (16710, 'Attili', 622);
INSERT INTO village (id, name, panchayat_id) VALUES (16711, 'Ballipadu', 622);
INSERT INTO village (id, name, panchayat_id) VALUES (16712, 'Eduru', 622);
INSERT INTO village (id, name, panchayat_id) VALUES (16713, 'Gummampadu', 622);
INSERT INTO village (id, name, panchayat_id) VALUES (16714, 'Kanchumarru', 622);
INSERT INTO village (id, name, panchayat_id) VALUES (16715, 'Kommara', 622);
INSERT INTO village (id, name, panchayat_id) VALUES (16716, 'Manchili', 622);
INSERT INTO village (id, name, panchayat_id) VALUES (16717, 'Pali', 622);
INSERT INTO village (id, name, panchayat_id) VALUES (16718, 'Paluru', 622);
INSERT INTO village (id, name, panchayat_id) VALUES (16719, 'Skinnerapuram', 622);
INSERT INTO village (id, name, panchayat_id) VALUES (16720, 'Tirupatipuram', 622);
INSERT INTO village (id, name, panchayat_id) VALUES (16721, 'Unikili', 622);
INSERT INTO village (id, name, panchayat_id) VALUES (16722, 'Varighedu', 622);
INSERT INTO mandal (id, name, constituency_id) VALUES (623, 'Bhimavaram', 27);
INSERT INTO panchayat (id, name, mandal_id) VALUES (623, 'Default Panchayat Bhimavaram', 623);
INSERT INTO village (id, name, panchayat_id) VALUES (16723, 'Anakoderu', 623);
INSERT INTO village (id, name, panchayat_id) VALUES (16724, 'Annavaram', 623);
INSERT INTO village (id, name, panchayat_id) VALUES (16725, 'Bethapudi', 623);
INSERT INTO village (id, name, panchayat_id) VALUES (16726, 'Bheemavaram', 623);
INSERT INTO village (id, name, panchayat_id) VALUES (16727, 'Chinamiram (Part)', 623);
INSERT INTO village (id, name, panchayat_id) VALUES (16728, 'Dirusumarru', 623);
INSERT INTO village (id, name, panchayat_id) VALUES (16729, 'Gunupudi', 623);
INSERT INTO village (id, name, panchayat_id) VALUES (16730, 'Komarada', 623);
INSERT INTO village (id, name, panchayat_id) VALUES (16731, 'Kovvada', 623);
INSERT INTO village (id, name, panchayat_id) VALUES (16732, 'Losarigutlapadu', 623);
INSERT INTO village (id, name, panchayat_id) VALUES (16733, 'Narasimhapuram', 623);
INSERT INTO village (id, name, panchayat_id) VALUES (16734, 'Rayalam (R) (Part)', 623);
INSERT INTO village (id, name, panchayat_id) VALUES (16735, 'Taderu', 623);
INSERT INTO village (id, name, panchayat_id) VALUES (16736, 'Tundurru', 623);
INSERT INTO village (id, name, panchayat_id) VALUES (16737, 'Vempa', 623);
INSERT INTO village (id, name, panchayat_id) VALUES (16738, 'Yenamadurru', 623);
INSERT INTO mandal (id, name, constituency_id) VALUES (624, 'Ganapavaram', 27);
INSERT INTO panchayat (id, name, mandal_id) VALUES (624, 'Default Panchayat Ganapavaram', 624);
INSERT INTO village (id, name, panchayat_id) VALUES (16739, 'Agraharagopavaram', 624);
INSERT INTO village (id, name, panchayat_id) VALUES (16740, 'Ardhavaram', 624);
INSERT INTO village (id, name, panchayat_id) VALUES (16741, 'Cherukuganuma Agraharam', 624);
INSERT INTO village (id, name, panchayat_id) VALUES (16742, 'Chinaramachandrapuram', 624);
INSERT INTO village (id, name, panchayat_id) VALUES (16743, 'Dasulakumudavalli', 624);
INSERT INTO village (id, name, panchayat_id) VALUES (16744, 'Ganapavaram', 624);
INSERT INTO village (id, name, panchayat_id) VALUES (16745, 'Jagannadhapuram', 624);
INSERT INTO village (id, name, panchayat_id) VALUES (16746, 'Jallikakinada', 624);
INSERT INTO village (id, name, panchayat_id) VALUES (16747, 'Kasipadu', 624);
INSERT INTO village (id, name, panchayat_id) VALUES (16748, 'Kesavaram', 624);
INSERT INTO village (id, name, panchayat_id) VALUES (16749, 'Komarru', 624);
INSERT INTO village (id, name, panchayat_id) VALUES (16750, 'Kommara', 624);
INSERT INTO village (id, name, panchayat_id) VALUES (16751, 'Kothapalle', 624);
INSERT INTO village (id, name, panchayat_id) VALUES (16752, 'Moyyeru', 624);
INSERT INTO village (id, name, panchayat_id) VALUES (16753, 'Muggula', 624);
INSERT INTO village (id, name, panchayat_id) VALUES (16754, 'Mupparthipadu', 624);
INSERT INTO village (id, name, panchayat_id) VALUES (16755, 'Pippara', 624);
INSERT INTO village (id, name, panchayat_id) VALUES (16756, 'Saripalle', 624);
INSERT INTO village (id, name, panchayat_id) VALUES (16757, 'Seethalamkonde Padu', 624);
INSERT INTO village (id, name, panchayat_id) VALUES (16758, 'Vakapalle', 624);
INSERT INTO village (id, name, panchayat_id) VALUES (16759, 'Valluru', 624);
INSERT INTO village (id, name, panchayat_id) VALUES (16760, 'Varadarajapuram', 624);
INSERT INTO village (id, name, panchayat_id) VALUES (16761, 'Veereswarapuram', 624);
INSERT INTO village (id, name, panchayat_id) VALUES (16762, 'Velagapalle', 624);
INSERT INTO village (id, name, panchayat_id) VALUES (16763, 'Venkatrajapuram', 624);
INSERT INTO mandal (id, name, constituency_id) VALUES (625, 'Iragavaram', 27);
INSERT INTO panchayat (id, name, mandal_id) VALUES (625, 'Default Panchayat Iragavaram', 625);
INSERT INTO village (id, name, panchayat_id) VALUES (16764, 'Eletipadu', 625);
INSERT INTO village (id, name, panchayat_id) VALUES (16765, 'Garuvuguntakhandrika', 625);
INSERT INTO village (id, name, panchayat_id) VALUES (16766, 'Goteru', 625);
INSERT INTO village (id, name, panchayat_id) VALUES (16767, 'Inaparru', 625);
INSERT INTO village (id, name, panchayat_id) VALUES (16768, 'Iragavaram', 625);
INSERT INTO village (id, name, panchayat_id) VALUES (16769, 'Itempudi', 625);
INSERT INTO village (id, name, panchayat_id) VALUES (16770, 'Kakileru', 625);
INSERT INTO village (id, name, panchayat_id) VALUES (16771, 'Kakulaillindalaparru', 625);
INSERT INTO village (id, name, panchayat_id) VALUES (16772, 'Kannayakumudavalli', 625);
INSERT INTO village (id, name, panchayat_id) VALUES (16773, 'Kantheru', 625);
INSERT INTO village (id, name, panchayat_id) VALUES (16774, 'Kathavapadu', 625);
INSERT INTO village (id, name, panchayat_id) VALUES (16775, 'Kavalipuram', 625);
INSERT INTO village (id, name, panchayat_id) VALUES (16776, 'Kothapadu', 625);
INSERT INTO village (id, name, panchayat_id) VALUES (16777, 'Ogidi', 625);
INSERT INTO village (id, name, panchayat_id) VALUES (16778, 'Pekeru', 625);
INSERT INTO village (id, name, panchayat_id) VALUES (16779, 'Podalada', 625);
INSERT INTO village (id, name, panchayat_id) VALUES (16780, 'Rapaka', 625);
INSERT INTO village (id, name, panchayat_id) VALUES (16781, 'Relangi', 625);
INSERT INTO village (id, name, panchayat_id) VALUES (16782, 'Repakakhandrika', 625);
INSERT INTO village (id, name, panchayat_id) VALUES (16783, 'Surampudi', 625);
INSERT INTO village (id, name, panchayat_id) VALUES (16784, 'Thurupuvipparru', 625);
INSERT INTO mandal (id, name, constituency_id) VALUES (626, 'Kalla', 27);
INSERT INTO panchayat (id, name, mandal_id) VALUES (626, 'Default Panchayat Kalla', 626);
INSERT INTO village (id, name, panchayat_id) VALUES (16785, 'Bondada', 626);
INSERT INTO village (id, name, panchayat_id) VALUES (16786, 'Doddanapudi', 626);
INSERT INTO village (id, name, panchayat_id) VALUES (16787, 'Elurupadu', 626);
INSERT INTO village (id, name, panchayat_id) VALUES (16788, 'Jakkaram', 626);
INSERT INTO village (id, name, panchayat_id) VALUES (16789, 'Kalavapudi', 626);
INSERT INTO village (id, name, panchayat_id) VALUES (16790, 'Kalla', 626);
INSERT INTO village (id, name, panchayat_id) VALUES (16791, 'Kallakuru', 626);
INSERT INTO village (id, name, panchayat_id) VALUES (16792, 'Kolanapalle', 626);
INSERT INTO village (id, name, panchayat_id) VALUES (16793, 'Kopalle', 626);
INSERT INTO village (id, name, panchayat_id) VALUES (16794, 'Pedamiram', 626);
INSERT INTO village (id, name, panchayat_id) VALUES (16795, 'Prathallameraka', 626);
INSERT INTO village (id, name, panchayat_id) VALUES (16796, 'Seesali', 626);
INSERT INTO village (id, name, panchayat_id) VALUES (16797, 'Vempadu', 626);
INSERT INTO mandal (id, name, constituency_id) VALUES (627, 'Mogalthur', 27);
INSERT INTO panchayat (id, name, mandal_id) VALUES (627, 'Default Panchayat Mogalthur', 627);
INSERT INTO village (id, name, panchayat_id) VALUES (16798, 'Kalipatnam', 627);
INSERT INTO village (id, name, panchayat_id) VALUES (16799, 'Kummarapurugupalem', 627);
INSERT INTO village (id, name, panchayat_id) VALUES (16800, 'Mogalthur', 627);
INSERT INTO village (id, name, panchayat_id) VALUES (16801, 'Mutyalapalle', 627);
INSERT INTO village (id, name, panchayat_id) VALUES (16802, 'Perupalem', 627);
INSERT INTO village (id, name, panchayat_id) VALUES (16803, 'Seripalem', 627);
INSERT INTO mandal (id, name, constituency_id) VALUES (628, 'Narasapuram', 27);
INSERT INTO panchayat (id, name, mandal_id) VALUES (628, 'Default Panchayat Narasapuram', 628);
INSERT INTO village (id, name, panchayat_id) VALUES (16804, 'Chinamamidipalle (R)', 628);
INSERT INTO village (id, name, panchayat_id) VALUES (16805, 'Chittavaram', 628);
INSERT INTO village (id, name, panchayat_id) VALUES (16806, 'Gondi', 628);
INSERT INTO village (id, name, panchayat_id) VALUES (16807, 'Kamsalibethapudi', 628);
INSERT INTO village (id, name, panchayat_id) VALUES (16808, 'Kopparru', 628);
INSERT INTO village (id, name, panchayat_id) VALUES (16809, 'Lakshmaneswaram', 628);
INSERT INTO village (id, name, panchayat_id) VALUES (16810, 'Likhithapudi', 628);
INSERT INTO village (id, name, panchayat_id) VALUES (16811, 'Lingana Boinacherla', 628);
INSERT INTO village (id, name, panchayat_id) VALUES (16812, 'Madhavaipalem', 628);
INSERT INTO village (id, name, panchayat_id) VALUES (16813, 'Mallavaram', 628);
INSERT INTO village (id, name, panchayat_id) VALUES (16814, 'Narasapuram', 628);
INSERT INTO village (id, name, panchayat_id) VALUES (16815, 'Navarasapuram', 628);
INSERT INTO village (id, name, panchayat_id) VALUES (16816, 'Rustumbada (R)', 628);
INSERT INTO village (id, name, panchayat_id) VALUES (16817, 'Saripalle', 628);
INSERT INTO village (id, name, panchayat_id) VALUES (16818, 'Seetharamapuram', 628);
INSERT INTO village (id, name, panchayat_id) VALUES (16819, 'Thurputallu', 628);
INSERT INTO village (id, name, panchayat_id) VALUES (16820, 'Vemuladeevi', 628);
INSERT INTO mandal (id, name, constituency_id) VALUES (629, 'Palacoderu', 27);
INSERT INTO panchayat (id, name, mandal_id) VALUES (629, 'Default Panchayat Palacoderu', 629);
INSERT INTO village (id, name, panchayat_id) VALUES (16821, 'Garagaparru', 629);
INSERT INTO village (id, name, panchayat_id) VALUES (16822, 'Gollalakoderu', 629);
INSERT INTO village (id, name, panchayat_id) VALUES (16823, 'Goraganamudi', 629);
INSERT INTO village (id, name, panchayat_id) VALUES (16824, 'Kondepudi', 629);
INSERT INTO village (id, name, panchayat_id) VALUES (16825, 'Korukollu', 629);
INSERT INTO village (id, name, panchayat_id) VALUES (16826, 'Kumudavalli', 629);
INSERT INTO village (id, name, panchayat_id) VALUES (16827, 'Mogallu', 629);
INSERT INTO village (id, name, panchayat_id) VALUES (16828, 'Mypa', 629);
INSERT INTO village (id, name, panchayat_id) VALUES (16829, 'Palakoderu', 629);
INSERT INTO village (id, name, panchayat_id) VALUES (16830, 'Pennada Agraharam', 629);
INSERT INTO village (id, name, panchayat_id) VALUES (16831, 'Srungavruksham', 629);
INSERT INTO village (id, name, panchayat_id) VALUES (16832, 'Vendra', 629);
INSERT INTO village (id, name, panchayat_id) VALUES (16833, 'Vendra Agraharam', 629);
INSERT INTO village (id, name, panchayat_id) VALUES (16834, 'Vissakoderu', 629);
INSERT INTO mandal (id, name, constituency_id) VALUES (630, 'Palacole', 27);
INSERT INTO panchayat (id, name, mandal_id) VALUES (630, 'Default Panchayat Palacole', 630);
INSERT INTO village (id, name, panchayat_id) VALUES (16835, 'Agarru', 630);
INSERT INTO village (id, name, panchayat_id) VALUES (16836, 'Aratlakatla', 630);
INSERT INTO village (id, name, panchayat_id) VALUES (16837, 'Ballipadu', 630);
INSERT INTO village (id, name, panchayat_id) VALUES (16838, 'Chandaparru', 630);
INSERT INTO village (id, name, panchayat_id) VALUES (16839, 'Chintaparru', 630);
INSERT INTO village (id, name, panchayat_id) VALUES (16840, 'Dagguluru', 630);
INSERT INTO village (id, name, panchayat_id) VALUES (16841, 'Digamarru', 630);
INSERT INTO village (id, name, panchayat_id) VALUES (16842, 'Gorintada', 630);
INSERT INTO village (id, name, panchayat_id) VALUES (16843, 'Kapavaram', 630);
INSERT INTO village (id, name, panchayat_id) VALUES (16844, 'Lankalakoderu', 630);
INSERT INTO village (id, name, panchayat_id) VALUES (16845, 'Palacole (R) (Og)', 630);
INSERT INTO village (id, name, panchayat_id) VALUES (16846, 'Palamuru', 630);
INSERT INTO village (id, name, panchayat_id) VALUES (16847, 'Pedamamidipalle', 630);
INSERT INTO village (id, name, panchayat_id) VALUES (16848, 'Poolapalle (Og)', 630);
INSERT INTO village (id, name, panchayat_id) VALUES (16849, 'Sivadevunichikkala', 630);
INSERT INTO village (id, name, panchayat_id) VALUES (16850, 'Tillapudi', 630);
INSERT INTO village (id, name, panchayat_id) VALUES (16851, 'Ullamparru (Og)', 630);
INSERT INTO village (id, name, panchayat_id) VALUES (16852, 'Varidhanam', 630);
INSERT INTO village (id, name, panchayat_id) VALUES (16853, 'Velivela', 630);
INSERT INTO mandal (id, name, constituency_id) VALUES (631, 'Pentapadu', 27);
INSERT INTO panchayat (id, name, mandal_id) VALUES (631, 'Default Panchayat Pentapadu', 631);
INSERT INTO village (id, name, panchayat_id) VALUES (16854, 'Akuteegapadu', 631);
INSERT INTO village (id, name, panchayat_id) VALUES (16855, 'Alampuram', 631);
INSERT INTO village (id, name, panchayat_id) VALUES (16856, 'B.Kondepadu', 631);
INSERT INTO village (id, name, panchayat_id) VALUES (16857, 'Bodapadu', 631);
INSERT INTO village (id, name, panchayat_id) VALUES (16858, 'Chintapalle', 631);
INSERT INTO village (id, name, panchayat_id) VALUES (16859, 'Darsiparru (R)', 631);
INSERT INTO village (id, name, panchayat_id) VALUES (16860, 'Devaracheruvukhandrika', 631);
INSERT INTO village (id, name, panchayat_id) VALUES (16861, 'Jatlapalem', 631);
INSERT INTO village (id, name, panchayat_id) VALUES (16862, 'Kaspapentapadu', 631);
INSERT INTO village (id, name, panchayat_id) VALUES (16863, 'Korumilli', 631);
INSERT INTO village (id, name, panchayat_id) VALUES (16864, 'Meena Valluru', 631);
INSERT INTO village (id, name, panchayat_id) VALUES (16865, 'Mudunuru', 631);
INSERT INTO village (id, name, panchayat_id) VALUES (16866, 'Narasimha Apparaopuram', 631);
INSERT INTO village (id, name, panchayat_id) VALUES (16867, 'Padamara Vipparru', 631);
INSERT INTO village (id, name, panchayat_id) VALUES (16868, 'Parimella', 631);
INSERT INTO village (id, name, panchayat_id) VALUES (16869, 'Pentapadu', 631);
INSERT INTO village (id, name, panchayat_id) VALUES (16870, 'Prathipadu', 631);
INSERT INTO village (id, name, panchayat_id) VALUES (16871, 'Racharla', 631);
INSERT INTO village (id, name, panchayat_id) VALUES (16872, 'Ravipadu', 631);
INSERT INTO village (id, name, panchayat_id) VALUES (16873, 'Umamaheswaram', 631);
INSERT INTO village (id, name, panchayat_id) VALUES (16874, 'Vallurupalle', 631);
INSERT INTO village (id, name, panchayat_id) VALUES (16875, 'Yanalapalle', 631);
INSERT INTO mandal (id, name, constituency_id) VALUES (632, 'Penugonda', 27);
INSERT INTO panchayat (id, name, mandal_id) VALUES (632, 'Default Panchayat Penugonda', 632);
INSERT INTO village (id, name, panchayat_id) VALUES (16876, 'Cherukuwada', 632);
INSERT INTO village (id, name, panchayat_id) VALUES (16877, 'Chinamallam', 632);
INSERT INTO village (id, name, panchayat_id) VALUES (16878, 'Deva', 632);
INSERT INTO village (id, name, panchayat_id) VALUES (16879, 'Ilaparru', 632);
INSERT INTO village (id, name, panchayat_id) VALUES (16880, 'Kothalaparru', 632);
INSERT INTO village (id, name, panchayat_id) VALUES (16881, 'Mulaparru', 632);
INSERT INTO village (id, name, panchayat_id) VALUES (16882, 'Munamarru', 632);
INSERT INTO village (id, name, panchayat_id) VALUES (16883, 'Nadipudi', 632);
INSERT INTO village (id, name, panchayat_id) VALUES (16884, 'Ramannapalem', 632);
INSERT INTO village (id, name, panchayat_id) VALUES (16885, 'Sidhantham', 632);
INSERT INTO village (id, name, panchayat_id) VALUES (16886, 'Tamarada', 632);
INSERT INTO village (id, name, panchayat_id) VALUES (16887, 'Vadali', 632);
INSERT INTO village (id, name, panchayat_id) VALUES (16888, 'Vasavi Penugonda', 632);
INSERT INTO village (id, name, panchayat_id) VALUES (16889, 'Venkatramapuram', 632);
INSERT INTO mandal (id, name, constituency_id) VALUES (633, 'Penumantra', 27);
INSERT INTO panchayat (id, name, mandal_id) VALUES (633, 'Default Panchayat Penumantra', 633);
INSERT INTO village (id, name, panchayat_id) VALUES (16890, 'Alamuru', 633);
INSERT INTO village (id, name, panchayat_id) VALUES (16891, 'Bhatlamagutur', 633);
INSERT INTO village (id, name, panchayat_id) VALUES (16892, 'Juttiga', 633);
INSERT INTO village (id, name, panchayat_id) VALUES (16893, 'Koyyetipadu', 633);
INSERT INTO village (id, name, panchayat_id) VALUES (16894, 'Mallipudi', 633);
INSERT INTO village (id, name, panchayat_id) VALUES (16895, 'Mamuduru', 633);
INSERT INTO village (id, name, panchayat_id) VALUES (16896, 'Marteru', 633);
INSERT INTO village (id, name, panchayat_id) VALUES (16897, 'Nattarameswaram', 633);
INSERT INTO village (id, name, panchayat_id) VALUES (16898, 'Neggipudi', 633);
INSERT INTO village (id, name, panchayat_id) VALUES (16899, 'Nelamuru', 633);
INSERT INTO village (id, name, panchayat_id) VALUES (16900, 'Oduru', 633);
INSERT INTO village (id, name, panchayat_id) VALUES (16901, 'Penumantra', 633);
INSERT INTO village (id, name, panchayat_id) VALUES (16902, 'Polamuru', 633);
INSERT INTO village (id, name, panchayat_id) VALUES (16903, 'Satyavaram', 633);
INSERT INTO village (id, name, panchayat_id) VALUES (16904, 'Somarajuillindalaparru', 633);
INSERT INTO village (id, name, panchayat_id) VALUES (16905, 'Velagaleru', 633);
INSERT INTO mandal (id, name, constituency_id) VALUES (634, 'Poduru', 27);
INSERT INTO panchayat (id, name, mandal_id) VALUES (634, 'Default Panchayat Poduru', 634);
INSERT INTO village (id, name, panchayat_id) VALUES (16906, 'Gummaluru', 634);
INSERT INTO village (id, name, panchayat_id) VALUES (16907, 'Jagannadhapuram', 634);
INSERT INTO village (id, name, panchayat_id) VALUES (16908, 'Jinnuru', 634);
INSERT INTO village (id, name, panchayat_id) VALUES (16909, 'Kavitam', 634);
INSERT INTO village (id, name, panchayat_id) VALUES (16910, 'Kommuchikkala', 634);
INSERT INTO village (id, name, panchayat_id) VALUES (16911, 'Mettaparru', 634);
INSERT INTO village (id, name, panchayat_id) VALUES (16912, 'Miniminchilipadu', 634);
INSERT INTO village (id, name, panchayat_id) VALUES (16913, 'Pandithavilluru', 634);
INSERT INTO village (id, name, panchayat_id) VALUES (16914, 'Pemmarajupolavaram', 634);
INSERT INTO village (id, name, panchayat_id) VALUES (16915, 'Penumadam', 634);
INSERT INTO village (id, name, panchayat_id) VALUES (16916, 'Poduru', 634);
INSERT INTO village (id, name, panchayat_id) VALUES (16917, 'Ravipadu', 634);
INSERT INTO village (id, name, panchayat_id) VALUES (16918, 'Vaddiparru', 634);
INSERT INTO village (id, name, panchayat_id) VALUES (16919, 'Vedangi', 634);
INSERT INTO mandal (id, name, constituency_id) VALUES (635, 'Tadepalligudem', 27);
INSERT INTO panchayat (id, name, mandal_id) VALUES (635, 'Default Panchayat Tadepalligudem', 635);
INSERT INTO village (id, name, panchayat_id) VALUES (16920, 'Apparaopeta', 635);
INSERT INTO village (id, name, panchayat_id) VALUES (16921, 'Arugolanu', 635);
INSERT INTO village (id, name, panchayat_id) VALUES (16922, 'Arulla', 635);
INSERT INTO village (id, name, panchayat_id) VALUES (16923, 'Jagannadhapuram', 635);
INSERT INTO village (id, name, panchayat_id) VALUES (16924, 'Jaggannapeta', 635);
INSERT INTO village (id, name, panchayat_id) VALUES (16925, 'Kadakatla', 635);
INSERT INTO village (id, name, panchayat_id) VALUES (16926, 'Kadiyedda', 635);
INSERT INTO village (id, name, panchayat_id) VALUES (16927, 'Kommugudem', 635);
INSERT INTO village (id, name, panchayat_id) VALUES (16928, 'Kondruprolu', 635);
INSERT INTO village (id, name, panchayat_id) VALUES (16929, 'Krishnayapalem', 635);
INSERT INTO village (id, name, panchayat_id) VALUES (16930, 'Kunavaram', 635);
INSERT INTO village (id, name, panchayat_id) VALUES (16931, 'Kunchanapalle (Part)', 635);
INSERT INTO village (id, name, panchayat_id) VALUES (16932, 'Madhavaram', 635);
INSERT INTO village (id, name, panchayat_id) VALUES (16933, 'Nandamuru', 635);
INSERT INTO village (id, name, panchayat_id) VALUES (16934, 'Nawabpalem', 635);
INSERT INTO village (id, name, panchayat_id) VALUES (16935, 'Padala', 635);
INSERT INTO village (id, name, panchayat_id) VALUES (16936, 'Tadepalle', 635);
INSERT INTO village (id, name, panchayat_id) VALUES (16937, 'Tadepalligudem', 635);
INSERT INTO village (id, name, panchayat_id) VALUES (16938, 'Tallamuddunurupadu', 635);
INSERT INTO village (id, name, panchayat_id) VALUES (16939, 'Veerampalem', 635);
INSERT INTO village (id, name, panchayat_id) VALUES (16940, 'Venkatramannagudem', 635);
INSERT INTO village (id, name, panchayat_id) VALUES (16941, 'Yagarlapalle', 635);
INSERT INTO mandal (id, name, constituency_id) VALUES (636, 'Tanuku', 27);
INSERT INTO panchayat (id, name, mandal_id) VALUES (636, 'Default Panchayat Tanuku', 636);
INSERT INTO village (id, name, panchayat_id) VALUES (16942, 'Duvva', 636);
INSERT INTO village (id, name, panchayat_id) VALUES (16943, 'Komaravaram', 636);
INSERT INTO village (id, name, panchayat_id) VALUES (16944, 'Konala', 636);
INSERT INTO village (id, name, panchayat_id) VALUES (16945, 'Mandapaka (Part)', 636);
INSERT INTO village (id, name, panchayat_id) VALUES (16946, 'Muddapuram', 636);
INSERT INTO village (id, name, panchayat_id) VALUES (16947, 'Pydiparru', 636);
INSERT INTO village (id, name, panchayat_id) VALUES (16948, 'Sajjapuram', 636);
INSERT INTO village (id, name, panchayat_id) VALUES (16949, 'Tanuku', 636);
INSERT INTO village (id, name, panchayat_id) VALUES (16950, 'Tanuku Vemavaram', 636);
INSERT INTO village (id, name, panchayat_id) VALUES (16951, 'Tetali', 636);
INSERT INTO village (id, name, panchayat_id) VALUES (16952, 'Velpuru', 636);
INSERT INTO mandal (id, name, constituency_id) VALUES (637, 'Undi', 27);
INSERT INTO panchayat (id, name, mandal_id) VALUES (637, 'Default Panchayat Undi', 637);
INSERT INTO village (id, name, panchayat_id) VALUES (16953, 'Aredu', 637);
INSERT INTO village (id, name, panchayat_id) VALUES (16954, 'Arthamuru', 637);
INSERT INTO village (id, name, panchayat_id) VALUES (16955, 'Cherukuwada', 637);
INSERT INTO village (id, name, panchayat_id) VALUES (16956, 'Chilukuru', 637);
INSERT INTO village (id, name, panchayat_id) VALUES (16957, 'Chinapulluru', 637);
INSERT INTO village (id, name, panchayat_id) VALUES (16958, 'Kaligotla', 637);
INSERT INTO village (id, name, panchayat_id) VALUES (16959, 'Kalisipudi', 637);
INSERT INTO village (id, name, panchayat_id) VALUES (16960, 'Kolamuru', 637);
INSERT INTO village (id, name, panchayat_id) VALUES (16961, 'Mahadevapatnam', 637);
INSERT INTO village (id, name, panchayat_id) VALUES (16962, 'Narasimharajapura Agraharam', 637);
INSERT INTO village (id, name, panchayat_id) VALUES (16963, 'Pamulaparru', 637);
INSERT INTO village (id, name, panchayat_id) VALUES (16964, 'Panduvva', 637);
INSERT INTO village (id, name, panchayat_id) VALUES (16965, 'Panduvvakhandrika', 637);
INSERT INTO village (id, name, panchayat_id) VALUES (16966, 'Pedapulleru', 637);
INSERT INTO village (id, name, panchayat_id) VALUES (16967, 'Undi', 637);
INSERT INTO village (id, name, panchayat_id) VALUES (16968, 'Unudurru', 637);
INSERT INTO village (id, name, panchayat_id) VALUES (16969, 'Uppuluru', 637);
INSERT INTO village (id, name, panchayat_id) VALUES (16970, 'Vandrum', 637);
INSERT INTO village (id, name, panchayat_id) VALUES (16971, 'Velivarru', 637);
INSERT INTO village (id, name, panchayat_id) VALUES (16972, 'Yendagandi', 637);
INSERT INTO mandal (id, name, constituency_id) VALUES (638, 'Veeravasaram', 27);
INSERT INTO panchayat (id, name, mandal_id) VALUES (638, 'Default Panchayat Veeravasaram', 638);
INSERT INTO village (id, name, panchayat_id) VALUES (16973, 'Andaluru', 638);
INSERT INTO village (id, name, panchayat_id) VALUES (16974, 'Bobbanapalle', 638);
INSERT INTO village (id, name, panchayat_id) VALUES (16975, 'Konithiwada', 638);
INSERT INTO village (id, name, panchayat_id) VALUES (16976, 'Machipuri', 638);
INSERT INTO village (id, name, panchayat_id) VALUES (16977, 'Machipuripalem', 638);
INSERT INTO village (id, name, panchayat_id) VALUES (16978, 'Madugupolavaram', 638);
INSERT INTO village (id, name, panchayat_id) VALUES (16979, 'Mentepudi', 638);
INSERT INTO village (id, name, panchayat_id) VALUES (16980, 'Navuduru', 638);
INSERT INTO village (id, name, panchayat_id) VALUES (16981, 'Nelapogula', 638);
INSERT INTO village (id, name, panchayat_id) VALUES (16982, 'Panjavemavaram', 638);
INSERT INTO village (id, name, panchayat_id) VALUES (16983, 'Rayakuduru', 638);
INSERT INTO village (id, name, panchayat_id) VALUES (16984, 'Thokalapudi', 638);
INSERT INTO village (id, name, panchayat_id) VALUES (16985, 'Tholeru', 638);
INSERT INTO village (id, name, panchayat_id) VALUES (16986, 'Veeravasaram', 638);
INSERT INTO village (id, name, panchayat_id) VALUES (16987, 'Burugupalle', 35);
INSERT INTO village (id, name, panchayat_id) VALUES (16988, 'Chinchinada', 35);
INSERT INTO village (id, name, panchayat_id) VALUES (16989, 'Doddipatla', 35);
INSERT INTO village (id, name, panchayat_id) VALUES (16990, 'Gumparru', 35);
INSERT INTO village (id, name, panchayat_id) VALUES (16991, 'Ilapakurru', 35);
INSERT INTO village (id, name, panchayat_id) VALUES (16992, 'Kalagampudi', 35);
INSERT INTO village (id, name, panchayat_id) VALUES (16993, 'Kaza', 35);
INSERT INTO village (id, name, panchayat_id) VALUES (16994, 'Kontheru', 35);
INSERT INTO village (id, name, panchayat_id) VALUES (16995, 'Medapadu', 35);
INSERT INTO village (id, name, panchayat_id) VALUES (16996, 'Neredumilli', 35);
INSERT INTO village (id, name, panchayat_id) VALUES (16997, 'Penumarru', 35);
INSERT INTO village (id, name, panchayat_id) VALUES (16998, 'Siragalapalle', 35);
INSERT INTO village (id, name, panchayat_id) VALUES (16999, 'Utada', 35);
INSERT INTO village (id, name, panchayat_id) VALUES (17000, 'Yelamanchili', 35);
INSERT INTO village (id, name, panchayat_id) VALUES (17001, 'Yenuguvanilanka', 35);
INSERT INTO district (id, name, state_id) VALUES (28, 'Y.S.R. Kadapa', 1);
INSERT INTO constituency (id, name, district_id, mla_name, mp_name) VALUES (28, 'Default Constituency Y.S.R. Kadapa', 28, 'Pending MLA', 'Pending MP');
INSERT INTO mandal (id, name, constituency_id) VALUES (639, 'Atlur', 28);
INSERT INTO panchayat (id, name, mandal_id) VALUES (639, 'Default Panchayat Atlur', 639);
INSERT INTO village (id, name, panchayat_id) VALUES (17002, 'Atlur', 639);
INSERT INTO village (id, name, panchayat_id) VALUES (17003, 'Chenduvoy', 639);
INSERT INTO village (id, name, panchayat_id) VALUES (17004, 'Gujjalavaripalle', 639);
INSERT INTO village (id, name, panchayat_id) VALUES (17005, 'Jonnavaram', 639);
INSERT INTO village (id, name, panchayat_id) VALUES (17006, 'Kamalakuru', 639);
INSERT INTO village (id, name, panchayat_id) VALUES (17007, 'Kamasamudram', 639);
INSERT INTO village (id, name, panchayat_id) VALUES (17008, 'Kondur', 639);
INSERT INTO village (id, name, panchayat_id) VALUES (17009, 'Kumbhagiri', 639);
INSERT INTO village (id, name, panchayat_id) VALUES (17010, 'Madapur', 639);
INSERT INTO village (id, name, panchayat_id) VALUES (17011, 'Maddur', 639);
INSERT INTO village (id, name, panchayat_id) VALUES (17012, 'Malinenipatnam', 639);
INSERT INTO village (id, name, panchayat_id) VALUES (17013, 'Muthukur', 639);
INSERT INTO village (id, name, panchayat_id) VALUES (17014, 'Nallayapalle', 639);
INSERT INTO village (id, name, panchayat_id) VALUES (17015, 'Pidathalaveerayapalle', 639);
INSERT INTO village (id, name, panchayat_id) VALUES (17016, 'Rangampalle', 639);
INSERT INTO village (id, name, panchayat_id) VALUES (17017, 'Shrotriya Venkatapuram', 639);
INSERT INTO village (id, name, panchayat_id) VALUES (17018, 'Thamballagondi', 639);
INSERT INTO village (id, name, panchayat_id) VALUES (17019, 'Thudur', 639);
INSERT INTO village (id, name, panchayat_id) VALUES (17020, 'Uppatur', 639);
INSERT INTO village (id, name, panchayat_id) VALUES (17021, 'Varikunta', 639);
INSERT INTO village (id, name, panchayat_id) VALUES (17022, 'Vemalur', 639);
INSERT INTO village (id, name, panchayat_id) VALUES (17023, 'Viruru', 639);
INSERT INTO village (id, name, panchayat_id) VALUES (17024, 'Yerraballe', 639);
INSERT INTO mandal (id, name, constituency_id) VALUES (640, 'Badvel', 28);
INSERT INTO panchayat (id, name, mandal_id) VALUES (640, 'Default Panchayat Badvel', 640);
INSERT INTO village (id, name, panchayat_id) VALUES (17025, 'Abbusahebpeta', 640);
INSERT INTO village (id, name, panchayat_id) VALUES (17026, 'Anantharajupuram', 640);
INSERT INTO village (id, name, panchayat_id) VALUES (17027, 'Appajipeta', 640);
INSERT INTO village (id, name, panchayat_id) VALUES (17028, 'Badvel (P) (U)', 640);
INSERT INTO village (id, name, panchayat_id) VALUES (17029, 'Bayanapalle', 640);
INSERT INTO village (id, name, panchayat_id) VALUES (17030, 'Chennampalli', 640);
INSERT INTO village (id, name, panchayat_id) VALUES (17031, 'Chintalacheruvu', 640);
INSERT INTO village (id, name, panchayat_id) VALUES (17032, 'C.Kothapalle', 640);
INSERT INTO village (id, name, panchayat_id) VALUES (17033, 'Ethirajupalle', 640);
INSERT INTO village (id, name, panchayat_id) VALUES (17034, 'Godugunur', 640);
INSERT INTO village (id, name, panchayat_id) VALUES (17035, 'Gopalapuram', 640);
INSERT INTO village (id, name, panchayat_id) VALUES (17036, 'Guntapalle', 640);
INSERT INTO village (id, name, panchayat_id) VALUES (17037, 'Imadapuram @ Pedakesampalle', 640);
INSERT INTO village (id, name, panchayat_id) VALUES (17038, 'Konasamudram', 640);
INSERT INTO village (id, name, panchayat_id) VALUES (17039, 'Kondugaripalle', 640);
INSERT INTO village (id, name, panchayat_id) VALUES (17040, 'Kongalaveedu', 640);
INSERT INTO village (id, name, panchayat_id) VALUES (17041, 'Mohinuddinpuram', 640);
INSERT INTO village (id, name, panchayat_id) VALUES (17042, 'Puttayapalle', 640);
INSERT INTO village (id, name, panchayat_id) VALUES (17043, 'Rajupalem', 640);
INSERT INTO village (id, name, panchayat_id) VALUES (17044, 'Thippanapalle', 640);
INSERT INTO village (id, name, panchayat_id) VALUES (17045, 'Tiruvengalapuram', 640);
INSERT INTO village (id, name, panchayat_id) VALUES (17046, 'Vanampula', 640);
INSERT INTO village (id, name, panchayat_id) VALUES (17047, 'Veerapalle', 640);
INSERT INTO village (id, name, panchayat_id) VALUES (17048, 'Venkatasettipalle', 640);
INSERT INTO mandal (id, name, constituency_id) VALUES (641, 'B.Kodur', 28);
INSERT INTO panchayat (id, name, mandal_id) VALUES (641, 'Default Panchayat B.Kodur', 641);
INSERT INTO village (id, name, panchayat_id) VALUES (17049, 'A.Kothapalle', 641);
INSERT INTO village (id, name, panchayat_id) VALUES (17050, 'Ankanagodu Gunuru', 641);
INSERT INTO village (id, name, panchayat_id) VALUES (17051, 'Bodugundupalle', 641);
INSERT INTO village (id, name, panchayat_id) VALUES (17052, 'Channakesapuram', 641);
INSERT INTO village (id, name, panchayat_id) VALUES (17053, 'Kamakunta', 641);
INSERT INTO village (id, name, panchayat_id) VALUES (17054, 'Kodur', 641);
INSERT INTO village (id, name, panchayat_id) VALUES (17055, 'Kondampalle', 641);
INSERT INTO village (id, name, panchayat_id) VALUES (17056, 'Madhavarayunipalle', 641);
INSERT INTO village (id, name, panchayat_id) VALUES (17057, 'Maratipalle', 641);
INSERT INTO village (id, name, panchayat_id) VALUES (17058, 'Mekavaripalle', 641);
INSERT INTO village (id, name, panchayat_id) VALUES (17059, 'M.Narasimhapuram', 641);
INSERT INTO village (id, name, panchayat_id) VALUES (17060, 'Munnelli', 641);
INSERT INTO village (id, name, panchayat_id) VALUES (17061, 'Papanapalle', 641);
INSERT INTO village (id, name, panchayat_id) VALUES (17062, 'Peddullapalle', 641);
INSERT INTO village (id, name, panchayat_id) VALUES (17063, 'Prabhalaveedu', 641);
INSERT INTO village (id, name, panchayat_id) VALUES (17064, 'Thangedupalle', 641);
INSERT INTO village (id, name, panchayat_id) VALUES (17065, 'Thipparajupalle', 641);
INSERT INTO village (id, name, panchayat_id) VALUES (17066, 'Vemakunta', 641);
INSERT INTO village (id, name, panchayat_id) VALUES (17067, 'Venkatapuram', 641);
INSERT INTO mandal (id, name, constituency_id) VALUES (642, 'Brahmamgarimattam', 28);
INSERT INTO panchayat (id, name, mandal_id) VALUES (642, 'Default Panchayat Brahmamgarimattam', 642);
INSERT INTO village (id, name, panchayat_id) VALUES (17068, 'Boodavada', 642);
INSERT INTO village (id, name, panchayat_id) VALUES (17069, 'Darbhavariagraharam', 642);
INSERT INTO village (id, name, panchayat_id) VALUES (17070, 'Diguva Nelatur', 642);
INSERT INTO village (id, name, panchayat_id) VALUES (17071, 'Dirasavancha', 642);
INSERT INTO village (id, name, panchayat_id) VALUES (17072, 'D.Lingampalle', 642);
INSERT INTO village (id, name, panchayat_id) VALUES (17073, 'D.Narasimhapuram', 642);
INSERT INTO village (id, name, panchayat_id) VALUES (17074, 'Eguvanelatur', 642);
INSERT INTO village (id, name, panchayat_id) VALUES (17075, 'G.Narasimhapuram', 642);
INSERT INTO village (id, name, panchayat_id) VALUES (17076, 'Godlaveedu', 642);
INSERT INTO village (id, name, panchayat_id) VALUES (17077, 'Gundapuram', 642);
INSERT INTO village (id, name, panchayat_id) VALUES (17078, 'Jangamrajupalle', 642);
INSERT INTO village (id, name, panchayat_id) VALUES (17079, 'Mallepalle', 642);
INSERT INTO village (id, name, panchayat_id) VALUES (17080, 'Mudumala', 642);
INSERT INTO village (id, name, panchayat_id) VALUES (17081, 'Nagisettipalle', 642);
INSERT INTO village (id, name, panchayat_id) VALUES (17082, 'Palugurallapalle', 642);
INSERT INTO village (id, name, panchayat_id) VALUES (17083, 'Palugurallapalle (Part Iv)', 642);
INSERT INTO village (id, name, panchayat_id) VALUES (17084, 'Papireddipalle', 642);
INSERT INTO village (id, name, panchayat_id) VALUES (17085, 'Rekalakunta', 642);
INSERT INTO village (id, name, panchayat_id) VALUES (17086, 'Somireddipalle', 642);
INSERT INTO village (id, name, panchayat_id) VALUES (17087, 'T.Soudaravaripalle', 642);
INSERT INTO mandal (id, name, constituency_id) VALUES (643, 'Chakrayapet', 28);
INSERT INTO panchayat (id, name, mandal_id) VALUES (643, 'Default Panchayat Chakrayapet', 643);
INSERT INTO village (id, name, panchayat_id) VALUES (17088, 'Addalamarri', 643);
INSERT INTO village (id, name, panchayat_id) VALUES (17089, 'Anjaneyapuram', 643);
INSERT INTO village (id, name, panchayat_id) VALUES (17090, 'Chakrayapet', 643);
INSERT INTO village (id, name, panchayat_id) VALUES (17091, 'Chilekampalle', 643);
INSERT INTO village (id, name, panchayat_id) VALUES (17092, 'Errabommanapalle', 643);
INSERT INTO village (id, name, panchayat_id) VALUES (17093, 'Gandikovvur', 643);
INSERT INTO village (id, name, panchayat_id) VALUES (17094, 'Gotlamitta', 643);
INSERT INTO village (id, name, panchayat_id) VALUES (17095, 'Kallurupalle', 643);
INSERT INTO village (id, name, panchayat_id) VALUES (17096, 'Kateneniyerragudi', 643);
INSERT INTO village (id, name, panchayat_id) VALUES (17097, 'Kondappagaripalle', 643);
INSERT INTO village (id, name, panchayat_id) VALUES (17098, 'Kumarakalva', 643);
INSERT INTO village (id, name, panchayat_id) VALUES (17099, 'Kuppam', 643);
INSERT INTO village (id, name, panchayat_id) VALUES (17100, 'Mahadevapalle', 643);
INSERT INTO village (id, name, panchayat_id) VALUES (17101, 'Marellamadaka', 643);
INSERT INTO village (id, name, panchayat_id) VALUES (17102, 'Nersupalle', 643);
INSERT INTO village (id, name, panchayat_id) VALUES (17103, 'Rajupalle', 643);
INSERT INTO village (id, name, panchayat_id) VALUES (17104, 'Surabhi', 643);
INSERT INTO mandal (id, name, constituency_id) VALUES (644, 'Chapad', 28);
INSERT INTO panchayat (id, name, mandal_id) VALUES (644, 'Default Panchayat Chapad', 644);
INSERT INTO village (id, name, panchayat_id) VALUES (17105, 'Alladupalle', 644);
INSERT INTO village (id, name, panchayat_id) VALUES (17106, 'Ananthapuram', 644);
INSERT INTO village (id, name, panchayat_id) VALUES (17107, 'Bhadripalle', 644);
INSERT INTO village (id, name, panchayat_id) VALUES (17108, 'Budidapadu', 644);
INSERT INTO village (id, name, panchayat_id) VALUES (17109, 'Chapad', 644);
INSERT INTO village (id, name, panchayat_id) VALUES (17110, 'Chinnagurvalur', 644);
INSERT INTO village (id, name, panchayat_id) VALUES (17111, 'Chiyyapadu', 644);
INSERT INTO village (id, name, panchayat_id) VALUES (17112, 'Kethavaram', 644);
INSERT INTO village (id, name, panchayat_id) VALUES (17113, 'Kutchupapa', 644);
INSERT INTO village (id, name, panchayat_id) VALUES (17114, 'Madur', 644);
INSERT INTO village (id, name, panchayat_id) VALUES (17115, 'Morrayapalle', 644);
INSERT INTO village (id, name, panchayat_id) VALUES (17116, 'Nerrawada', 644);
INSERT INTO village (id, name, panchayat_id) VALUES (17117, 'Pallavolu', 644);
INSERT INTO village (id, name, panchayat_id) VALUES (17118, 'Peddaguruvalur', 644);
INSERT INTO village (id, name, panchayat_id) VALUES (17119, 'Pitchapadu', 644);
INSERT INTO village (id, name, panchayat_id) VALUES (17120, 'Somapuram', 644);
INSERT INTO village (id, name, panchayat_id) VALUES (17121, 'Thummalapadu', 644);
INSERT INTO village (id, name, panchayat_id) VALUES (17122, 'Vedurur', 644);
INSERT INTO village (id, name, panchayat_id) VALUES (17123, 'Vengannagaripalle', 644);
INSERT INTO mandal (id, name, constituency_id) VALUES (645, 'Chennur', 28);
INSERT INTO panchayat (id, name, mandal_id) VALUES (645, 'Default Panchayat Chennur', 645);
INSERT INTO village (id, name, panchayat_id) VALUES (17124, 'Bayanapalle', 645);
INSERT INTO village (id, name, panchayat_id) VALUES (17125, 'Chennur', 645);
INSERT INTO village (id, name, panchayat_id) VALUES (17126, 'Chinnamachupalle', 645);
INSERT INTO village (id, name, panchayat_id) VALUES (17127, 'Doulathapuram', 645);
INSERT INTO village (id, name, panchayat_id) VALUES (17128, 'Dugganapalle', 645);
INSERT INTO village (id, name, panchayat_id) VALUES (17129, 'Gurrampadu', 645);
INSERT INTO village (id, name, panchayat_id) VALUES (17130, 'Kanuparthi', 645);
INSERT INTO village (id, name, panchayat_id) VALUES (17131, 'Kokkarayapalle', 645);
INSERT INTO village (id, name, panchayat_id) VALUES (17132, 'Mundlapalle', 645);
INSERT INTO village (id, name, panchayat_id) VALUES (17133, 'Nazeerbegpalle', 645);
INSERT INTO village (id, name, panchayat_id) VALUES (17134, 'Rachinnayapalle', 645);
INSERT INTO village (id, name, panchayat_id) VALUES (17135, 'Ramanapalle (Part)', 645);
INSERT INTO village (id, name, panchayat_id) VALUES (17136, 'Rudra Bharathi Peta', 645);
INSERT INTO village (id, name, panchayat_id) VALUES (17137, 'Sivalapalle', 645);
INSERT INTO village (id, name, panchayat_id) VALUES (17138, 'Upparapalle', 645);
INSERT INTO mandal (id, name, constituency_id) VALUES (646, 'Chinthakommadinne', 28);
INSERT INTO panchayat (id, name, mandal_id) VALUES (646, 'Default Panchayat Chinthakommadinne', 646);
INSERT INTO village (id, name, panchayat_id) VALUES (17139, 'Apparajupalle', 646);
INSERT INTO village (id, name, panchayat_id) VALUES (17140, 'Balupalle', 646);
INSERT INTO village (id, name, panchayat_id) VALUES (17141, 'Boggalapalle (Part)', 646);
INSERT INTO village (id, name, panchayat_id) VALUES (17142, 'Buggaletipalle', 646);
INSERT INTO village (id, name, panchayat_id) VALUES (17143, 'Cherlopalle', 646);
INSERT INTO village (id, name, panchayat_id) VALUES (17144, 'Chinnakampalle', 646);
INSERT INTO village (id, name, panchayat_id) VALUES (17145, 'Chinthakommadinne (Part)', 646);
INSERT INTO village (id, name, panchayat_id) VALUES (17146, 'Ippapenta', 646);
INSERT INTO village (id, name, panchayat_id) VALUES (17147, 'Jamal Palle', 646);
INSERT INTO village (id, name, panchayat_id) VALUES (17148, 'Kammavaripalle', 646);
INSERT INTO village (id, name, panchayat_id) VALUES (17149, 'Kolumulapalle', 646);
INSERT INTO village (id, name, panchayat_id) VALUES (17150, 'Kopparthi', 646);
INSERT INTO village (id, name, panchayat_id) VALUES (17151, 'K.Ramachandrapuram', 646);
INSERT INTO village (id, name, panchayat_id) VALUES (17152, 'Krishnapuram', 646);
INSERT INTO village (id, name, panchayat_id) VALUES (17153, 'Mamillapalle', 646);
INSERT INTO village (id, name, panchayat_id) VALUES (17154, 'Pabbapuram', 646);
INSERT INTO village (id, name, panchayat_id) VALUES (17155, 'Papasahebpet', 646);
INSERT INTO village (id, name, panchayat_id) VALUES (17156, 'Peddakampalle', 646);
INSERT INTO village (id, name, panchayat_id) VALUES (17157, 'Rayalapantula Palle', 646);
INSERT INTO village (id, name, panchayat_id) VALUES (17158, 'Rudrayagaripalle', 646);
INSERT INTO village (id, name, panchayat_id) VALUES (17159, 'Thadigotla', 646);
INSERT INTO village (id, name, panchayat_id) VALUES (17160, 'T Ramachandrapuram', 646);
INSERT INTO village (id, name, panchayat_id) VALUES (17161, 'Utukur', 646);
INSERT INTO village (id, name, panchayat_id) VALUES (17162, 'Viswanathapuram', 646);
INSERT INTO mandal (id, name, constituency_id) VALUES (647, 'Duvvur', 28);
INSERT INTO panchayat (id, name, mandal_id) VALUES (647, 'Default Panchayat Duvvur', 647);
INSERT INTO village (id, name, panchayat_id) VALUES (17163, 'Annapusastrula Palle', 647);
INSERT INTO village (id, name, panchayat_id) VALUES (17164, 'Ballakkivaripalle', 647);
INSERT INTO village (id, name, panchayat_id) VALUES (17165, 'Chinna Singanapalle', 647);
INSERT INTO village (id, name, panchayat_id) VALUES (17166, 'Chintakunta', 647);
INSERT INTO village (id, name, panchayat_id) VALUES (17167, 'Dasaripalle', 647);
INSERT INTO village (id, name, panchayat_id) VALUES (17168, 'Duvvur', 647);
INSERT INTO village (id, name, panchayat_id) VALUES (17169, 'Gollapalle', 647);
INSERT INTO village (id, name, panchayat_id) VALUES (17170, 'Gudipadu', 647);
INSERT INTO village (id, name, panchayat_id) VALUES (17171, 'Idamadaka', 647);
INSERT INTO village (id, name, panchayat_id) VALUES (17172, 'Jillela', 647);
INSERT INTO village (id, name, panchayat_id) VALUES (17173, 'Kanagudur', 647);
INSERT INTO village (id, name, panchayat_id) VALUES (17174, 'Machanapalle', 647);
INSERT INTO village (id, name, panchayat_id) VALUES (17175, 'Madirepalle', 647);
INSERT INTO village (id, name, panchayat_id) VALUES (17176, 'Manerampalle', 647);
INSERT INTO village (id, name, panchayat_id) VALUES (17177, 'Neelapuram', 647);
INSERT INTO village (id, name, panchayat_id) VALUES (17178, 'Nelaturu', 647);
INSERT INTO village (id, name, panchayat_id) VALUES (17179, 'Pedda Jonnavaram', 647);
INSERT INTO village (id, name, panchayat_id) VALUES (17180, 'Rajupalem', 647);
INSERT INTO village (id, name, panchayat_id) VALUES (17181, 'Ramachandrapuram', 647);
INSERT INTO village (id, name, panchayat_id) VALUES (17182, 'T.Sallabasayapalle', 647);
INSERT INTO mandal (id, name, constituency_id) VALUES (648, 'Gopavaram', 28);
INSERT INTO panchayat (id, name, mandal_id) VALUES (648, 'Default Panchayat Gopavaram', 648);
INSERT INTO village (id, name, panchayat_id) VALUES (17183, 'Boddecharla', 648);
INSERT INTO village (id, name, panchayat_id) VALUES (17184, 'Brahmanapalle', 648);
INSERT INTO village (id, name, panchayat_id) VALUES (17185, 'Bukkayapalle', 648);
INSERT INTO village (id, name, panchayat_id) VALUES (17186, 'Eppirala', 648);
INSERT INTO village (id, name, panchayat_id) VALUES (17187, 'Gopavaram', 648);
INSERT INTO village (id, name, panchayat_id) VALUES (17188, 'Juvvalapalle', 648);
INSERT INTO village (id, name, panchayat_id) VALUES (17189, 'Kalvapalle', 648);
INSERT INTO village (id, name, panchayat_id) VALUES (17190, 'Lakkavaripalle', 648);
INSERT INTO village (id, name, panchayat_id) VALUES (17191, 'Madakalavaripalle', 648);
INSERT INTO village (id, name, panchayat_id) VALUES (17192, 'Nemallagondi', 648);
INSERT INTO village (id, name, panchayat_id) VALUES (17193, 'North Ramapuram', 648);
INSERT INTO village (id, name, panchayat_id) VALUES (17194, 'Obulam', 648);
INSERT INTO village (id, name, panchayat_id) VALUES (17195, 'Oguru', 648);
INSERT INTO village (id, name, panchayat_id) VALUES (17196, 'Pattapurai', 648);
INSERT INTO village (id, name, panchayat_id) VALUES (17197, 'Ramapuram', 648);
INSERT INTO village (id, name, panchayat_id) VALUES (17198, 'Ravalakollu', 648);
INSERT INTO village (id, name, panchayat_id) VALUES (17199, 'Rekalakunta', 648);
INSERT INTO village (id, name, panchayat_id) VALUES (17200, 'South Ramapuram', 648);
INSERT INTO village (id, name, panchayat_id) VALUES (17201, 'Vakamada', 648);
INSERT INTO village (id, name, panchayat_id) VALUES (17202, 'Viswanathapuram', 648);
INSERT INTO mandal (id, name, constituency_id) VALUES (649, 'Jammalamadugu', 28);
INSERT INTO panchayat (id, name, mandal_id) VALUES (649, 'Default Panchayat Jammalamadugu', 649);
INSERT INTO village (id, name, panchayat_id) VALUES (17203, 'Ambavaram', 649);
INSERT INTO village (id, name, panchayat_id) VALUES (17204, 'Danavulapadu', 649);
INSERT INTO village (id, name, panchayat_id) VALUES (17205, 'Devagudi', 649);
INSERT INTO village (id, name, panchayat_id) VALUES (17206, 'Dharmapuram', 649);
INSERT INTO village (id, name, panchayat_id) VALUES (17207, 'Diguvapatnam', 649);
INSERT INTO village (id, name, panchayat_id) VALUES (17208, 'Gandikota', 649);
INSERT INTO village (id, name, panchayat_id) VALUES (17209, 'Goriganur', 649);
INSERT INTO village (id, name, panchayat_id) VALUES (17210, 'Gudemcheruvu', 649);
INSERT INTO village (id, name, panchayat_id) VALUES (17211, 'Jammalamadugu', 649);
INSERT INTO village (id, name, panchayat_id) VALUES (17212, 'Kannelur', 649);
INSERT INTO village (id, name, panchayat_id) VALUES (17213, 'Kothaguntapalle', 649);
INSERT INTO village (id, name, panchayat_id) VALUES (17214, 'Moragudi (Ct)', 649);
INSERT INTO village (id, name, panchayat_id) VALUES (17215, 'Peddandlur', 649);
INSERT INTO village (id, name, panchayat_id) VALUES (17216, 'Ponnathota', 649);
INSERT INTO village (id, name, panchayat_id) VALUES (17217, 'Poorva Bommepalle', 649);
INSERT INTO village (id, name, panchayat_id) VALUES (17218, 'Poorvapu Sugumanchipalle', 649);
INSERT INTO village (id, name, panchayat_id) VALUES (17219, 'Salevariuppalapadu', 649);
INSERT INTO village (id, name, panchayat_id) VALUES (17220, 'Sanjeevapalle', 649);
INSERT INTO village (id, name, panchayat_id) VALUES (17221, 'Sirigepalle', 649);
INSERT INTO village (id, name, panchayat_id) VALUES (17222, 'Sunnapurallapalle', 649);
INSERT INTO village (id, name, panchayat_id) VALUES (17223, 'Thugutlapalle', 649);
INSERT INTO village (id, name, panchayat_id) VALUES (17224, 'Vemaguntapalle', 649);
INSERT INTO mandal (id, name, constituency_id) VALUES (650, 'Kadapa', 28);
INSERT INTO panchayat (id, name, mandal_id) VALUES (650, 'Default Panchayat Kadapa', 650);
INSERT INTO village (id, name, panchayat_id) VALUES (17225, 'Akkayapalle', 650);
INSERT INTO village (id, name, panchayat_id) VALUES (17226, 'Chemmumiapeta', 650);
INSERT INTO village (id, name, panchayat_id) VALUES (17227, 'Chinnachowk', 650);
INSERT INTO village (id, name, panchayat_id) VALUES (17228, 'Gudur', 650);
INSERT INTO village (id, name, panchayat_id) VALUES (17229, 'Kadapa Urban', 650);
INSERT INTO village (id, name, panchayat_id) VALUES (17230, 'Nagarajupeta', 650);
INSERT INTO village (id, name, panchayat_id) VALUES (17231, 'Palempalle', 650);
INSERT INTO village (id, name, panchayat_id) VALUES (17232, 'Patha Kadapa', 650);
INSERT INTO village (id, name, panchayat_id) VALUES (17233, 'Putlampalle', 650);
INSERT INTO village (id, name, panchayat_id) VALUES (17234, 'Ramarajupalle', 650);
INSERT INTO village (id, name, panchayat_id) VALUES (17235, 'Ukkayapalle', 650);
INSERT INTO mandal (id, name, constituency_id) VALUES (651, 'Kalasapadu', 28);
INSERT INTO panchayat (id, name, mandal_id) VALUES (651, 'Default Panchayat Kalasapadu', 651);
INSERT INTO village (id, name, panchayat_id) VALUES (17236, 'Ayyavaripalle', 651);
INSERT INTO village (id, name, panchayat_id) VALUES (17237, 'Brahmanapalle', 651);
INSERT INTO village (id, name, panchayat_id) VALUES (17238, 'Chennupalle', 651);
INSERT INTO village (id, name, panchayat_id) VALUES (17239, 'Diguva Thamballapalle', 651);
INSERT INTO village (id, name, panchayat_id) VALUES (17240, 'Dulamvaripalle', 651);
INSERT INTO village (id, name, panchayat_id) VALUES (17241, 'Eguva Thamballapalle', 651);
INSERT INTO village (id, name, panchayat_id) VALUES (17242, 'Gangayapalle', 651);
INSERT INTO village (id, name, panchayat_id) VALUES (17243, 'Gopavarampalle', 651);
INSERT INTO village (id, name, panchayat_id) VALUES (17244, 'Kalasapadu', 651);
INSERT INTO village (id, name, panchayat_id) VALUES (17245, 'Kondapeta', 651);
INSERT INTO village (id, name, panchayat_id) VALUES (17246, 'Kothakota', 651);
INSERT INTO village (id, name, panchayat_id) VALUES (17247, 'Mahanandipalle', 651);
INSERT INTO village (id, name, panchayat_id) VALUES (17248, 'Malluvaripalle', 651);
INSERT INTO village (id, name, panchayat_id) VALUES (17249, 'Mamillapalle (Rural)', 651);
INSERT INTO village (id, name, panchayat_id) VALUES (17250, 'Musalareddipalle', 651);
INSERT INTO village (id, name, panchayat_id) VALUES (17251, 'Patha Ramapuram', 651);
INSERT INTO village (id, name, panchayat_id) VALUES (17252, 'Pendlimarri', 651);
INSERT INTO village (id, name, panchayat_id) VALUES (17253, 'Pullareddypalle', 651);
INSERT INTO village (id, name, panchayat_id) VALUES (17254, 'Rajupalem', 651);
INSERT INTO village (id, name, panchayat_id) VALUES (17255, 'Reddypalle', 651);
INSERT INTO village (id, name, panchayat_id) VALUES (17256, 'Sankavaram', 651);
INSERT INTO village (id, name, panchayat_id) VALUES (17257, 'Siddamurthypalle', 651);
INSERT INTO village (id, name, panchayat_id) VALUES (17258, 'Singarayapalle', 651);
INSERT INTO village (id, name, panchayat_id) VALUES (17259, 'Tellapadu', 651);
INSERT INTO mandal (id, name, constituency_id) VALUES (652, 'Kamalapuram', 28);
INSERT INTO panchayat (id, name, mandal_id) VALUES (652, 'Default Panchayat Kamalapuram', 652);
INSERT INTO village (id, name, panchayat_id) VALUES (17260, 'Apparaopalle', 652);
INSERT INTO village (id, name, panchayat_id) VALUES (17261, 'C.Gopalapuram', 652);
INSERT INTO village (id, name, panchayat_id) VALUES (17262, 'Chinnachepalle', 652);
INSERT INTO village (id, name, panchayat_id) VALUES (17263, 'Dadireddipalle', 652);
INSERT INTO village (id, name, panchayat_id) VALUES (17264, 'Gangavaram', 652);
INSERT INTO village (id, name, panchayat_id) VALUES (17265, 'Gollapalle', 652);
INSERT INTO village (id, name, panchayat_id) VALUES (17266, 'Jambapuram', 652);
INSERT INTO village (id, name, panchayat_id) VALUES (17267, 'Kamalapuram', 652);
INSERT INTO village (id, name, panchayat_id) VALUES (17268, 'Kokatam', 652);
INSERT INTO village (id, name, panchayat_id) VALUES (17269, 'Letapalle', 652);
INSERT INTO village (id, name, panchayat_id) VALUES (17270, 'Mirapuram', 652);
INSERT INTO village (id, name, panchayat_id) VALUES (17271, 'Nallingayapalle', 652);
INSERT INTO village (id, name, panchayat_id) VALUES (17272, 'Pachikalapadu', 652);
INSERT INTO village (id, name, panchayat_id) VALUES (17273, 'Pandillapalle', 652);
INSERT INTO village (id, name, panchayat_id) VALUES (17274, 'Peddacheppalle', 652);
INSERT INTO village (id, name, panchayat_id) VALUES (17275, 'Podadurthi', 652);
INSERT INTO village (id, name, panchayat_id) VALUES (17276, 'Ramachandrapuram', 652);
INSERT INTO village (id, name, panchayat_id) VALUES (17277, 'Sambatur', 652);
INSERT INTO village (id, name, panchayat_id) VALUES (17278, 'Thurakapalle', 652);
INSERT INTO village (id, name, panchayat_id) VALUES (17279, 'T.Sadipirala', 652);
INSERT INTO village (id, name, panchayat_id) VALUES (17280, 'Vankamada', 652);
INSERT INTO village (id, name, panchayat_id) VALUES (17281, 'Vibharampuram', 652);
INSERT INTO village (id, name, panchayat_id) VALUES (17282, 'Yellareddipalle', 652);
INSERT INTO village (id, name, panchayat_id) VALUES (17283, 'Yerragudipadu', 652);
INSERT INTO mandal (id, name, constituency_id) VALUES (653, 'Khajipeta', 28);
INSERT INTO panchayat (id, name, mandal_id) VALUES (653, 'Default Panchayat Khajipeta', 653);
INSERT INTO village (id, name, panchayat_id) VALUES (17284, 'Bhumayapalle', 653);
INSERT INTO village (id, name, panchayat_id) VALUES (17285, 'Buddayapalem', 653);
INSERT INTO village (id, name, panchayat_id) VALUES (17286, 'Chemullapalle', 653);
INSERT INTO village (id, name, panchayat_id) VALUES (17287, 'Chennamukkapalle', 653);
INSERT INTO village (id, name, panchayat_id) VALUES (17288, 'Dumpalagattu', 653);
INSERT INTO village (id, name, panchayat_id) VALUES (17289, 'Eturu', 653);
INSERT INTO village (id, name, panchayat_id) VALUES (17290, 'Khajipet Sunkesula', 653);
INSERT INTO village (id, name, panchayat_id) VALUES (17291, 'Kommaluru', 653);
INSERT INTO village (id, name, panchayat_id) VALUES (17292, 'Machupalle', 653);
INSERT INTO village (id, name, panchayat_id) VALUES (17293, 'Miduthuru', 653);
INSERT INTO village (id, name, panchayat_id) VALUES (17294, 'Nagasanipalle', 653);
INSERT INTO village (id, name, panchayat_id) VALUES (17295, 'Pathur', 653);
INSERT INTO village (id, name, panchayat_id) VALUES (17296, 'Pullur', 653);
INSERT INTO village (id, name, panchayat_id) VALUES (17297, 'Ravulapalle', 653);
INSERT INTO village (id, name, panchayat_id) VALUES (17298, 'Thavvaripalle', 653);
INSERT INTO village (id, name, panchayat_id) VALUES (17299, 'Thripuravaram', 653);
INSERT INTO village (id, name, panchayat_id) VALUES (17300, 'Thudumuladinne', 653);
INSERT INTO village (id, name, panchayat_id) VALUES (17301, 'Anantapuram', 495);
INSERT INTO village (id, name, panchayat_id) VALUES (17302, 'Bedaduru', 495);
INSERT INTO village (id, name, panchayat_id) VALUES (17303, 'Bukkapatnam', 495);
INSERT INTO village (id, name, panchayat_id) VALUES (17304, 'Burujupalli', 495);
INSERT INTO village (id, name, panchayat_id) VALUES (17305, 'Chamaluru', 495);
INSERT INTO village (id, name, panchayat_id) VALUES (17306, 'Chennamanenipalle', 495);
INSERT INTO village (id, name, panchayat_id) VALUES (17307, 'Chowtapalli', 495);
INSERT INTO village (id, name, panchayat_id) VALUES (17308, 'Donkupalli', 495);
INSERT INTO village (id, name, panchayat_id) VALUES (17309, 'Eturu', 495);
INSERT INTO village (id, name, panchayat_id) VALUES (17310, 'Fakhirpeta', 495);
INSERT INTO village (id, name, panchayat_id) VALUES (17311, 'Gandaluru', 495);
INSERT INTO village (id, name, panchayat_id) VALUES (17312, 'Gangapuram', 495);
INSERT INTO village (id, name, panchayat_id) VALUES (17313, 'Jogapuram', 495);
INSERT INTO village (id, name, panchayat_id) VALUES (17314, 'K.Bommepalli', 495);
INSERT INTO village (id, name, panchayat_id) VALUES (17315, 'K.Brahmanapalle', 495);
INSERT INTO village (id, name, panchayat_id) VALUES (17316, 'Koduru', 495);
INSERT INTO village (id, name, panchayat_id) VALUES (17317, 'Konavaripalli', 495);
INSERT INTO village (id, name, panchayat_id) VALUES (17318, 'Kondapuram', 495);
INSERT INTO village (id, name, panchayat_id) VALUES (17319, 'Koppolu', 495);
INSERT INTO village (id, name, panchayat_id) VALUES (17320, 'K.Sugumanchipalle', 495);
INSERT INTO village (id, name, panchayat_id) VALUES (17321, 'K.Venkatapuram', 495);
INSERT INTO village (id, name, panchayat_id) VALUES (17322, 'Lavanuru', 495);
INSERT INTO village (id, name, panchayat_id) VALUES (17323, 'Lingamanenipalle', 495);
INSERT INTO village (id, name, panchayat_id) VALUES (17324, 'Murugampalli', 495);
INSERT INTO village (id, name, panchayat_id) VALUES (17325, 'Mutchumarri', 495);
INSERT INTO village (id, name, panchayat_id) VALUES (17326, 'Nagamalla Dinne', 495);
INSERT INTO village (id, name, panchayat_id) VALUES (17327, 'Neknampeta', 495);
INSERT INTO village (id, name, panchayat_id) VALUES (17328, 'Obannapeta', 495);
INSERT INTO village (id, name, panchayat_id) VALUES (17329, 'Penjuvvi', 495);
INSERT INTO village (id, name, panchayat_id) VALUES (17330, 'Pottipadu', 495);
INSERT INTO village (id, name, panchayat_id) VALUES (17331, 'Regadipally', 495);
INSERT INTO village (id, name, panchayat_id) VALUES (17332, 'Sankepalli', 495);
INSERT INTO village (id, name, panchayat_id) VALUES (17333, 'Sivapuram', 495);
INSERT INTO village (id, name, panchayat_id) VALUES (17334, 'S.Timmapuram', 495);
INSERT INTO village (id, name, panchayat_id) VALUES (17335, 'Thallaproddatur', 495);
INSERT INTO village (id, name, panchayat_id) VALUES (17336, 'Venkaiah Kalva', 495);
INSERT INTO village (id, name, panchayat_id) VALUES (17337, 'Yenamalachintala', 495);
INSERT INTO village (id, name, panchayat_id) VALUES (17338, 'Yerragudi', 495);
INSERT INTO mandal (id, name, constituency_id) VALUES (654, 'Lingala', 28);
INSERT INTO panchayat (id, name, mandal_id) VALUES (654, 'Default Panchayat Lingala', 654);
INSERT INTO village (id, name, panchayat_id) VALUES (17339, 'Ambakapalle', 654);
INSERT INTO village (id, name, panchayat_id) VALUES (17340, 'Bonala', 654);
INSERT INTO village (id, name, panchayat_id) VALUES (17341, 'Chinnakudala', 654);
INSERT INTO village (id, name, panchayat_id) VALUES (17342, 'Dondlavagu', 654);
INSERT INTO village (id, name, panchayat_id) VALUES (17343, 'Gunakanepalle', 654);
INSERT INTO village (id, name, panchayat_id) VALUES (17344, 'Herojipuram', 654);
INSERT INTO village (id, name, panchayat_id) VALUES (17345, 'Ippatla', 654);
INSERT INTO village (id, name, panchayat_id) VALUES (17346, 'Kamasamudram', 654);
INSERT INTO village (id, name, panchayat_id) VALUES (17347, 'Kommanuthala', 654);
INSERT INTO village (id, name, panchayat_id) VALUES (17348, 'Lingala', 654);
INSERT INTO village (id, name, panchayat_id) VALUES (17349, 'Lopatnuthala', 654);
INSERT INTO village (id, name, panchayat_id) VALUES (17350, 'Murarichintala', 654);
INSERT INTO village (id, name, panchayat_id) VALUES (17351, 'Narsingaraopalle', 654);
INSERT INTO village (id, name, panchayat_id) VALUES (17352, 'Parnapalle', 654);
INSERT INTO village (id, name, panchayat_id) VALUES (17353, 'Peddakudala', 654);
INSERT INTO village (id, name, panchayat_id) VALUES (17354, 'Ramanuthalapalle', 654);
INSERT INTO village (id, name, panchayat_id) VALUES (17355, 'Vadlavaripalle', 654);
INSERT INTO village (id, name, panchayat_id) VALUES (17356, 'Velidandla', 654);
INSERT INTO mandal (id, name, constituency_id) VALUES (655, 'Muddanur', 28);
INSERT INTO panchayat (id, name, mandal_id) VALUES (655, 'Default Panchayat Muddanur', 655);
INSERT INTO village (id, name, panchayat_id) VALUES (17357, 'Aravetipalle', 655);
INSERT INTO village (id, name, panchayat_id) VALUES (17358, 'Bondalakunta', 655);
INSERT INTO village (id, name, panchayat_id) VALUES (17359, 'Chinnadudyala', 655);
INSERT INTO village (id, name, panchayat_id) VALUES (17360, 'Chintakunta', 655);
INSERT INTO village (id, name, panchayat_id) VALUES (17361, 'Denepalle', 655);
INSERT INTO village (id, name, panchayat_id) VALUES (17362, 'Diguva Brahmanapalle', 655);
INSERT INTO village (id, name, panchayat_id) VALUES (17363, 'Kadasani Kothapalle', 655);
INSERT INTO village (id, name, panchayat_id) VALUES (17364, 'Kibili Raghavapuram', 655);
INSERT INTO village (id, name, panchayat_id) VALUES (17365, 'Kolavali', 655);
INSERT INTO village (id, name, panchayat_id) VALUES (17366, 'Korrapadu', 655);
INSERT INTO village (id, name, panchayat_id) VALUES (17367, 'Kosinepalle', 655);
INSERT INTO village (id, name, panchayat_id) VALUES (17368, 'K.Thimmapuram', 655);
INSERT INTO village (id, name, panchayat_id) VALUES (17369, 'Mangapatnam', 655);
INSERT INTO village (id, name, panchayat_id) VALUES (17370, 'Muddanur (Ct)', 655);
INSERT INTO village (id, name, panchayat_id) VALUES (17371, 'Nallaballe', 655);
INSERT INTO village (id, name, panchayat_id) VALUES (17372, 'Obulapuram', 655);
INSERT INTO village (id, name, panchayat_id) VALUES (17373, 'Peddadudyala', 655);
INSERT INTO village (id, name, panchayat_id) VALUES (17374, 'Penikalapadu', 655);
INSERT INTO village (id, name, panchayat_id) VALUES (17375, 'Rajulaguruvaiahpalle', 655);
INSERT INTO village (id, name, panchayat_id) VALUES (17376, 'Uppalur', 655);
INSERT INTO village (id, name, panchayat_id) VALUES (17377, 'Velpucherla', 655);
INSERT INTO village (id, name, panchayat_id) VALUES (17378, 'V.Raghavapuram', 655);
INSERT INTO village (id, name, panchayat_id) VALUES (17379, 'Yamavaram', 655);
INSERT INTO village (id, name, panchayat_id) VALUES (17380, 'Ayyavari Kambala Dinne', 357);
INSERT INTO village (id, name, panchayat_id) VALUES (17381, 'Bestavemula', 357);
INSERT INTO village (id, name, panchayat_id) VALUES (17382, 'Bestavemula Venkatapuram', 357);
INSERT INTO village (id, name, panchayat_id) VALUES (17383, 'Chinna Komerla', 357);
INSERT INTO village (id, name, panchayat_id) VALUES (17384, 'Chinna Venthurla', 357);
INSERT INTO village (id, name, panchayat_id) VALUES (17385, 'Dhannavada', 357);
INSERT INTO village (id, name, panchayat_id) VALUES (17386, 'Dhodium', 357);
INSERT INTO village (id, name, panchayat_id) VALUES (17387, 'Dommara Nandyala (Ct)', 357);
INSERT INTO village (id, name, panchayat_id) VALUES (17388, 'Duggana Palle', 357);
INSERT INTO village (id, name, panchayat_id) VALUES (17389, 'Gollapalle', 357);
INSERT INTO village (id, name, panchayat_id) VALUES (17390, 'Golla Uppalapadu', 357);
INSERT INTO village (id, name, panchayat_id) VALUES (17391, 'Kallutla', 357);
INSERT INTO village (id, name, panchayat_id) VALUES (17392, 'Khaderabad', 357);
INSERT INTO village (id, name, panchayat_id) VALUES (17393, 'Kona Annathapuram', 357);
INSERT INTO village (id, name, panchayat_id) VALUES (17394, 'Lingapuram', 357);
INSERT INTO village (id, name, panchayat_id) VALUES (17395, 'Madhavapuram', 357);
INSERT INTO village (id, name, panchayat_id) VALUES (17396, 'Malameedi Kambala Dinne', 357);
INSERT INTO village (id, name, panchayat_id) VALUES (17397, 'Murapandi', 357);
INSERT INTO village (id, name, panchayat_id) VALUES (17398, 'Nakkavanipalle', 357);
INSERT INTO village (id, name, panchayat_id) VALUES (17399, 'Nawabpet', 357);
INSERT INTO village (id, name, panchayat_id) VALUES (17400, 'Nelanuthala', 357);
INSERT INTO village (id, name, panchayat_id) VALUES (17401, 'Ponnampalle', 357);
INSERT INTO village (id, name, panchayat_id) VALUES (17402, 'Ramachandrayapalle', 357);
INSERT INTO village (id, name, panchayat_id) VALUES (17403, 'Talamanchi Patnam', 357);
INSERT INTO village (id, name, panchayat_id) VALUES (17404, 'Thorrivemula', 357);
INSERT INTO village (id, name, panchayat_id) VALUES (17405, 'Vaddirala', 357);
INSERT INTO village (id, name, panchayat_id) VALUES (17406, 'Veparala (Ct)', 357);
INSERT INTO mandal (id, name, constituency_id) VALUES (656, 'Nandalur', 28);
INSERT INTO panchayat (id, name, mandal_id) VALUES (656, 'Default Panchayat Nandalur', 656);
INSERT INTO village (id, name, panchayat_id) VALUES (17407, 'Adapur', 656);
INSERT INTO village (id, name, panchayat_id) VALUES (17408, 'Chintalakunta', 656);
INSERT INTO village (id, name, panchayat_id) VALUES (17409, 'Jangalapalle', 656);
INSERT INTO village (id, name, panchayat_id) VALUES (17410, 'Komarunipalle', 656);
INSERT INTO village (id, name, panchayat_id) VALUES (17411, 'Kommuru', 656);
INSERT INTO village (id, name, panchayat_id) VALUES (17412, 'Konapuram', 656);
INSERT INTO village (id, name, panchayat_id) VALUES (17413, 'Kunda Nellore', 656);
INSERT INTO village (id, name, panchayat_id) VALUES (17414, 'Lebaka', 656);
INSERT INTO village (id, name, panchayat_id) VALUES (17415, 'Lebaka Manga Mamba Puram', 656);
INSERT INTO village (id, name, panchayat_id) VALUES (17416, 'Nagireddipalle (Ct)', 656);
INSERT INTO village (id, name, panchayat_id) VALUES (17417, 'Nallathimmayapalle', 656);
INSERT INTO village (id, name, panchayat_id) VALUES (17418, 'Nandalur', 656);
INSERT INTO village (id, name, panchayat_id) VALUES (17419, 'Nookinenipalle', 656);
INSERT INTO village (id, name, panchayat_id) VALUES (17420, 'Patur', 656);
INSERT INTO village (id, name, panchayat_id) VALUES (17421, 'Pothapi', 656);
INSERT INTO village (id, name, panchayat_id) VALUES (17422, 'Ramamambapuram', 656);
INSERT INTO village (id, name, panchayat_id) VALUES (17423, 'Rangayapalle', 656);
INSERT INTO village (id, name, panchayat_id) VALUES (17424, 'Tanguturu', 656);
INSERT INTO village (id, name, panchayat_id) VALUES (17425, 'Tangutur Vengamambapuram', 656);
INSERT INTO village (id, name, panchayat_id) VALUES (17426, 'Thimmarajupalle', 656);
INSERT INTO village (id, name, panchayat_id) VALUES (17427, 'Yellamarajupalle', 656);
INSERT INTO mandal (id, name, constituency_id) VALUES (657, 'Peddamudiam', 28);
INSERT INTO panchayat (id, name, mandal_id) VALUES (657, 'Default Panchayat Peddamudiam', 657);
INSERT INTO village (id, name, panchayat_id) VALUES (17428, 'Balapana Gudur', 657);
INSERT INTO village (id, name, panchayat_id) VALUES (17429, 'Bheemagundam', 657);
INSERT INTO village (id, name, panchayat_id) VALUES (17430, 'Bhutamapuram', 657);
INSERT INTO village (id, name, panchayat_id) VALUES (17431, 'Boditippanapadu', 657);
INSERT INTO village (id, name, panchayat_id) VALUES (17432, 'B.Venkatapuram', 657);
INSERT INTO village (id, name, panchayat_id) VALUES (17433, 'Chidipiralladinne', 657);
INSERT INTO village (id, name, panchayat_id) VALUES (17434, 'Chinamudium', 657);
INSERT INTO village (id, name, panchayat_id) VALUES (17435, 'Chinnapasupula', 657);
INSERT INTO village (id, name, panchayat_id) VALUES (17436, 'Diguva Kalvatala', 657);
INSERT INTO village (id, name, panchayat_id) VALUES (17437, 'Garisaluru', 657);
INSERT INTO village (id, name, panchayat_id) VALUES (17438, 'G. Kothapalle', 657);
INSERT INTO village (id, name, panchayat_id) VALUES (17439, 'Gopalapuram', 657);
INSERT INTO village (id, name, panchayat_id) VALUES (17440, 'Gundlakunta', 657);
INSERT INTO village (id, name, panchayat_id) VALUES (17441, 'Jangalapalle', 657);
INSERT INTO village (id, name, panchayat_id) VALUES (17442, 'J.Kottalapalle', 657);
INSERT INTO village (id, name, panchayat_id) VALUES (17443, 'Kondasunkesula', 657);
INSERT INTO village (id, name, panchayat_id) VALUES (17444, 'Medidinne', 657);
INSERT INTO village (id, name, panchayat_id) VALUES (17445, 'Nagarajupalle', 657);
INSERT INTO village (id, name, panchayat_id) VALUES (17446, 'Nagireddypalle', 657);
INSERT INTO village (id, name, panchayat_id) VALUES (17447, 'Nemalladinne', 657);
INSERT INTO village (id, name, panchayat_id) VALUES (17448, 'N.Kottalapalle', 657);
INSERT INTO village (id, name, panchayat_id) VALUES (17449, 'Palur', 657);
INSERT INTO village (id, name, panchayat_id) VALUES (17450, 'Papayapalle', 657);
INSERT INTO village (id, name, panchayat_id) VALUES (17451, 'Peddamudium', 657);
INSERT INTO village (id, name, panchayat_id) VALUES (17452, 'Peddapasupula', 657);
INSERT INTO village (id, name, panchayat_id) VALUES (17453, 'Suddapalle', 657);
INSERT INTO village (id, name, panchayat_id) VALUES (17454, 'Ulavapalle', 657);
INSERT INTO village (id, name, panchayat_id) VALUES (17455, 'Uppalur', 657);
INSERT INTO mandal (id, name, constituency_id) VALUES (658, 'Pendlimarry', 28);
INSERT INTO panchayat (id, name, mandal_id) VALUES (658, 'Default Panchayat Pendlimarry', 658);
INSERT INTO village (id, name, panchayat_id) VALUES (17456, 'Amaniviswanathapuram', 658);
INSERT INTO village (id, name, panchayat_id) VALUES (17457, 'A.Ramachandrapuram', 658);
INSERT INTO village (id, name, panchayat_id) VALUES (17458, 'Binduraopalle', 658);
INSERT INTO village (id, name, panchayat_id) VALUES (17459, 'Chabali', 658);
INSERT INTO village (id, name, panchayat_id) VALUES (17460, 'Cheemalapenta', 658);
INSERT INTO village (id, name, panchayat_id) VALUES (17461, 'Chennamraju Palle', 658);
INSERT INTO village (id, name, panchayat_id) VALUES (17462, 'Chinna Dasaripalle', 658);
INSERT INTO village (id, name, panchayat_id) VALUES (17463, 'Eguva Palle', 658);
INSERT INTO village (id, name, panchayat_id) VALUES (17464, 'Ganganapalle', 658);
INSERT INTO village (id, name, panchayat_id) VALUES (17465, 'Gondipalle', 658);
INSERT INTO village (id, name, panchayat_id) VALUES (17466, 'Konayapalle', 658);
INSERT INTO village (id, name, panchayat_id) VALUES (17467, 'Konduru', 658);
INSERT INTO village (id, name, panchayat_id) VALUES (17468, 'Kothagiriapalle', 658);
INSERT INTO village (id, name, panchayat_id) VALUES (17469, 'Kothapeta', 658);
INSERT INTO village (id, name, panchayat_id) VALUES (17470, 'Machanur', 658);
INSERT INTO village (id, name, panchayat_id) VALUES (17471, 'Moillakalava', 658);
INSERT INTO village (id, name, panchayat_id) VALUES (17472, 'Nandimandalam', 658);
INSERT INTO village (id, name, panchayat_id) VALUES (17473, 'Pagadalapalle', 658);
INSERT INTO village (id, name, panchayat_id) VALUES (17474, 'Pedda Dasaripalle', 658);
INSERT INTO village (id, name, panchayat_id) VALUES (17475, 'Pendlimarri', 658);
INSERT INTO village (id, name, panchayat_id) VALUES (17476, 'Ramapuram @ Mittameedapalle', 658);
INSERT INTO village (id, name, panchayat_id) VALUES (17477, 'Rampathadu', 658);
INSERT INTO village (id, name, panchayat_id) VALUES (17478, 'Sangatipalle', 658);
INSERT INTO village (id, name, panchayat_id) VALUES (17479, 'Thippireddipalle', 658);
INSERT INTO village (id, name, panchayat_id) VALUES (17480, 'Tummalur', 658);
INSERT INTO village (id, name, panchayat_id) VALUES (17481, 'Vellatur', 658);
INSERT INTO mandal (id, name, constituency_id) VALUES (659, 'Porumamilla', 28);
INSERT INTO panchayat (id, name, mandal_id) VALUES (659, 'Default Panchayat Porumamilla', 659);
INSERT INTO village (id, name, panchayat_id) VALUES (17482, 'Akkalreddipalle', 659);
INSERT INTO village (id, name, panchayat_id) VALUES (17483, 'Boppapuram', 659);
INSERT INTO village (id, name, panchayat_id) VALUES (17484, 'Buchampalle', 659);
INSERT INTO village (id, name, panchayat_id) VALUES (17485, 'Challagirigella', 659);
INSERT INTO village (id, name, panchayat_id) VALUES (17486, 'Chennakrishnapuram', 659);
INSERT INTO village (id, name, panchayat_id) VALUES (17487, 'Chennareddipeta', 659);
INSERT INTO village (id, name, panchayat_id) VALUES (17488, 'Cherlopalle', 659);
INSERT INTO village (id, name, panchayat_id) VALUES (17489, 'Chinayerasala', 659);
INSERT INTO village (id, name, panchayat_id) VALUES (17490, 'Chinnayapalle', 659);
INSERT INTO village (id, name, panchayat_id) VALUES (17491, 'Dammanapalle', 659);
INSERT INTO village (id, name, panchayat_id) VALUES (17492, 'Ganugapenta', 659);
INSERT INTO village (id, name, panchayat_id) VALUES (17493, 'Kavalakuntla', 659);
INSERT INTO village (id, name, panchayat_id) VALUES (17494, 'Korrapatupalle', 659);
INSERT INTO village (id, name, panchayat_id) VALUES (17495, 'Lachampalle', 659);
INSERT INTO village (id, name, panchayat_id) VALUES (17496, 'Markapuram', 659);
INSERT INTO village (id, name, panchayat_id) VALUES (17497, 'Middepadu', 659);
INSERT INTO village (id, name, panchayat_id) VALUES (17498, 'Musalreddipalle', 659);
INSERT INTO village (id, name, panchayat_id) VALUES (17499, 'Perammagaripalle', 659);
INSERT INTO village (id, name, panchayat_id) VALUES (17500, 'Porumamilla', 659);
INSERT INTO village (id, name, panchayat_id) VALUES (17501, 'Pulliveedu', 659);
INSERT INTO village (id, name, panchayat_id) VALUES (17502, 'Ranga Samudram', 659);
INSERT INTO village (id, name, panchayat_id) VALUES (17503, 'Rowthupalle', 659);
INSERT INTO village (id, name, panchayat_id) VALUES (17504, 'Sancharala', 659);
INSERT INTO village (id, name, panchayat_id) VALUES (17505, 'Siddanakitchayapalle', 659);
INSERT INTO village (id, name, panchayat_id) VALUES (17506, 'Siddavaram', 659);
INSERT INTO village (id, name, panchayat_id) VALUES (17507, 'S.Lingampalle', 659);
INSERT INTO village (id, name, panchayat_id) VALUES (17508, 'S.Seshampalle', 659);
INSERT INTO village (id, name, panchayat_id) VALUES (17509, 'S.Veerlapalle', 659);
INSERT INTO village (id, name, panchayat_id) VALUES (17510, 'T.Seshampalle', 659);
INSERT INTO village (id, name, panchayat_id) VALUES (17511, 'Venkataramapuram', 659);
INSERT INTO village (id, name, panchayat_id) VALUES (17512, 'Yellapalle', 659);
INSERT INTO mandal (id, name, constituency_id) VALUES (660, 'Proddutur', 28);
INSERT INTO panchayat (id, name, mandal_id) VALUES (660, 'Default Panchayat Proddutur', 660);
INSERT INTO village (id, name, panchayat_id) VALUES (17513, 'Bollavaram (R ) (Og)', 660);
INSERT INTO village (id, name, panchayat_id) VALUES (17514, 'Chowdur', 660);
INSERT INTO village (id, name, panchayat_id) VALUES (17515, 'Dorasanipalle', 660);
INSERT INTO village (id, name, panchayat_id) VALUES (17516, 'Gopavaram (Ct)', 660);
INSERT INTO village (id, name, panchayat_id) VALUES (17517, 'Kallur', 660);
INSERT INTO village (id, name, panchayat_id) VALUES (17518, 'Kamanur', 660);
INSERT INTO village (id, name, panchayat_id) VALUES (17519, 'Kothapalle', 660);
INSERT INTO village (id, name, panchayat_id) VALUES (17520, 'Modameedipalle (Ct)', 660);
INSERT INTO village (id, name, panchayat_id) VALUES (17521, 'Nanganurpalle', 660);
INSERT INTO village (id, name, panchayat_id) VALUES (17522, 'Peddasettipalle', 660);
INSERT INTO village (id, name, panchayat_id) VALUES (17523, 'Proddatur', 660);
INSERT INTO village (id, name, panchayat_id) VALUES (17524, 'Rameswaram (Ct)', 660);
INSERT INTO village (id, name, panchayat_id) VALUES (17525, 'Rangasayapuram', 660);
INSERT INTO village (id, name, panchayat_id) VALUES (17526, 'Regulapalle', 660);
INSERT INTO village (id, name, panchayat_id) VALUES (17527, 'Sarvireddipalle', 660);
INSERT INTO village (id, name, panchayat_id) VALUES (17528, 'Thallamapuram', 660);
INSERT INTO village (id, name, panchayat_id) VALUES (17529, 'Upparapalle', 660);
INSERT INTO village (id, name, panchayat_id) VALUES (17530, 'Yerraguntlapalle', 660);
INSERT INTO mandal (id, name, constituency_id) VALUES (661, 'Pulivendula', 28);
INSERT INTO panchayat (id, name, mandal_id) VALUES (661, 'Default Panchayat Pulivendula', 661);
INSERT INTO village (id, name, panchayat_id) VALUES (17531, 'Ahobilapuram', 661);
INSERT INTO village (id, name, panchayat_id) VALUES (17532, 'Atchavalle', 661);
INSERT INTO village (id, name, panchayat_id) VALUES (17533, 'Bakarapuram', 661);
INSERT INTO village (id, name, panchayat_id) VALUES (17534, 'Boggudupalli', 661);
INSERT INTO village (id, name, panchayat_id) VALUES (17535, 'Brahmanapalle', 661);
INSERT INTO village (id, name, panchayat_id) VALUES (17536, 'Chinnarangapuram', 661);
INSERT INTO village (id, name, panchayat_id) VALUES (17537, 'Erraballe', 661);
INSERT INTO village (id, name, panchayat_id) VALUES (17538, 'Kachivaripalle', 661);
INSERT INTO village (id, name, panchayat_id) VALUES (17539, 'Konampalle', 661);
INSERT INTO village (id, name, panchayat_id) VALUES (17540, 'Korrapadu', 661);
INSERT INTO village (id, name, panchayat_id) VALUES (17541, 'K Velamanavanipalle', 661);
INSERT INTO village (id, name, panchayat_id) VALUES (17542, 'Peddarangapuram', 661);
INSERT INTO village (id, name, panchayat_id) VALUES (17543, 'Polepalle', 661);
INSERT INTO village (id, name, panchayat_id) VALUES (17544, 'Pulivendula (P) Urban', 661);
INSERT INTO village (id, name, panchayat_id) VALUES (17545, 'Rachumarripalle', 661);
INSERT INTO village (id, name, panchayat_id) VALUES (17546, 'Ragimanupalle', 661);
INSERT INTO village (id, name, panchayat_id) VALUES (17547, 'Rayalapuram', 661);
INSERT INTO village (id, name, panchayat_id) VALUES (17548, 'Ulimella (R)', 661);
INSERT INTO village (id, name, panchayat_id) VALUES (17549, 'Venkatampalle', 661);
INSERT INTO village (id, name, panchayat_id) VALUES (17550, 'Yerragudipalle', 661);
INSERT INTO mandal (id, name, constituency_id) VALUES (662, 'Rajampet', 28);
INSERT INTO panchayat (id, name, mandal_id) VALUES (662, 'Default Panchayat Rajampet', 662);
INSERT INTO village (id, name, panchayat_id) VALUES (17551, 'Akepadu', 662);
INSERT INTO village (id, name, panchayat_id) VALUES (17552, 'Anantharajupuram', 662);
INSERT INTO village (id, name, panchayat_id) VALUES (17553, 'Bahirajapalle', 662);
INSERT INTO village (id, name, panchayat_id) VALUES (17554, 'Brahmanapalle', 662);
INSERT INTO village (id, name, panchayat_id) VALUES (17555, 'Gopamambapuram', 662);
INSERT INTO village (id, name, panchayat_id) VALUES (17556, 'Gundluru', 662);
INSERT INTO village (id, name, panchayat_id) VALUES (17557, 'Hastavaram', 662);
INSERT INTO village (id, name, panchayat_id) VALUES (17558, 'Kitchamambapuram', 662);
INSERT INTO village (id, name, panchayat_id) VALUES (17559, 'Kothapalle', 662);
INSERT INTO village (id, name, panchayat_id) VALUES (17560, 'Madanagopalapuram', 662);
INSERT INTO village (id, name, panchayat_id) VALUES (17561, 'Mandapalle', 662);
INSERT INTO village (id, name, panchayat_id) VALUES (17562, 'Mannur', 662);
INSERT INTO village (id, name, panchayat_id) VALUES (17563, 'Mittameedapalle', 662);
INSERT INTO village (id, name, panchayat_id) VALUES (17564, 'Poli', 662);
INSERT INTO village (id, name, panchayat_id) VALUES (17565, 'Pulapathuru', 662);
INSERT INTO village (id, name, panchayat_id) VALUES (17566, 'Rajampet (R) (Part)', 662);
INSERT INTO village (id, name, panchayat_id) VALUES (17567, 'R.Buduguntapalle', 662);
INSERT INTO village (id, name, panchayat_id) VALUES (17568, 'Rollamadugu', 662);
INSERT INTO village (id, name, panchayat_id) VALUES (17569, 'Seshamambapuram', 662);
INSERT INTO village (id, name, panchayat_id) VALUES (17570, 'Sitarampuram', 662);
INSERT INTO village (id, name, panchayat_id) VALUES (17571, 'Srirangarajapuram', 662);
INSERT INTO village (id, name, panchayat_id) VALUES (17572, 'Tallapaka', 662);
INSERT INTO village (id, name, panchayat_id) VALUES (17573, 'Utukur', 662);
INSERT INTO village (id, name, panchayat_id) VALUES (17574, 'Arakatavemula', 391);
INSERT INTO village (id, name, panchayat_id) VALUES (17575, 'Chinna Jonnavaram', 391);
INSERT INTO village (id, name, panchayat_id) VALUES (17576, 'Chinnasettipalle', 391);
INSERT INTO village (id, name, panchayat_id) VALUES (17577, 'Doddanala', 391);
INSERT INTO village (id, name, panchayat_id) VALUES (17578, 'Eruvapalem', 391);
INSERT INTO village (id, name, panchayat_id) VALUES (17579, 'Gadegudur', 391);
INSERT INTO village (id, name, panchayat_id) VALUES (17580, 'Gopayapalle', 391);
INSERT INTO village (id, name, panchayat_id) VALUES (17581, 'Korrapadu', 391);
INSERT INTO village (id, name, panchayat_id) VALUES (17582, 'Kulur', 391);
INSERT INTO village (id, name, panchayat_id) VALUES (17583, 'Paidala', 391);
INSERT INTO village (id, name, panchayat_id) VALUES (17584, 'Parlapadu', 391);
INSERT INTO village (id, name, panchayat_id) VALUES (17585, 'Pottipadu', 391);
INSERT INTO village (id, name, panchayat_id) VALUES (17586, 'Tangatur', 391);
INSERT INTO village (id, name, panchayat_id) VALUES (17587, 'Thondaladinne', 391);
INSERT INTO village (id, name, panchayat_id) VALUES (17588, 'Velavali', 391);
INSERT INTO village (id, name, panchayat_id) VALUES (17589, 'Vellala', 391);
INSERT INTO mandal (id, name, constituency_id) VALUES (663, 'Sidhout', 28);
INSERT INTO panchayat (id, name, mandal_id) VALUES (663, 'Default Panchayat Sidhout', 663);
INSERT INTO village (id, name, panchayat_id) VALUES (17590, 'Gundlamoola', 663);
INSERT INTO village (id, name, panchayat_id) VALUES (17591, 'Jangalapalle', 663);
INSERT INTO village (id, name, panchayat_id) VALUES (17592, 'Jyothi', 663);
INSERT INTO village (id, name, panchayat_id) VALUES (17593, 'Kadapayapalle', 663);
INSERT INTO village (id, name, panchayat_id) VALUES (17594, 'Kanumalapalle', 663);
INSERT INTO village (id, name, panchayat_id) VALUES (17595, 'Lingampalle', 663);
INSERT INTO village (id, name, panchayat_id) VALUES (17596, 'Machupalle', 663);
INSERT INTO village (id, name, panchayat_id) VALUES (17597, 'Mandapalle', 663);
INSERT INTO village (id, name, panchayat_id) VALUES (17598, 'Mulapalle', 663);
INSERT INTO village (id, name, panchayat_id) VALUES (17599, 'Nekanapuram', 663);
INSERT INTO village (id, name, panchayat_id) VALUES (17600, 'Peddapalle', 663);
INSERT INTO village (id, name, panchayat_id) VALUES (17601, 'Ponnavolu', 663);
INSERT INTO village (id, name, panchayat_id) VALUES (17602, 'Shakarajupalle', 663);
INSERT INTO village (id, name, panchayat_id) VALUES (17603, 'Sidhout', 663);
INSERT INTO village (id, name, panchayat_id) VALUES (17604, 'S.Rajampeta', 663);
INSERT INTO village (id, name, panchayat_id) VALUES (17605, 'Tokkolu', 663);
INSERT INTO village (id, name, panchayat_id) VALUES (17606, 'Velugupalle', 663);
INSERT INTO village (id, name, panchayat_id) VALUES (17607, 'Vontithatipalle', 663);
INSERT INTO mandal (id, name, constituency_id) VALUES (664, 'Simhadripuram', 28);
INSERT INTO panchayat (id, name, mandal_id) VALUES (664, 'Default Panchayat Simhadripuram', 664);
INSERT INTO village (id, name, panchayat_id) VALUES (17608, 'Agraharam', 664);
INSERT INTO village (id, name, panchayat_id) VALUES (17609, 'Ankalammagudur', 664);
INSERT INTO village (id, name, panchayat_id) VALUES (17610, 'Balapanur', 664);
INSERT INTO village (id, name, panchayat_id) VALUES (17611, 'Bidinamcherla', 664);
INSERT INTO village (id, name, panchayat_id) VALUES (17612, 'Chavvaripalle', 664);
INSERT INTO village (id, name, panchayat_id) VALUES (17613, 'Devathapuram', 664);
INSERT INTO village (id, name, panchayat_id) VALUES (17614, 'Duddekunta', 664);
INSERT INTO village (id, name, panchayat_id) VALUES (17615, 'Gurjala', 664);
INSERT INTO village (id, name, panchayat_id) VALUES (17616, 'Himakuntla', 664);
INSERT INTO village (id, name, panchayat_id) VALUES (17617, 'Jangamreddipalle', 664);
INSERT INTO village (id, name, panchayat_id) VALUES (17618, 'Kasanur', 664);
INSERT INTO village (id, name, panchayat_id) VALUES (17619, 'Lomada', 664);
INSERT INTO village (id, name, panchayat_id) VALUES (17620, 'Maddulapaya', 664);
INSERT INTO village (id, name, panchayat_id) VALUES (17621, 'Nandyalampalle', 664);
INSERT INTO village (id, name, panchayat_id) VALUES (17622, 'Nidivelagala', 664);
INSERT INTO village (id, name, panchayat_id) VALUES (17623, 'Pydipalem', 664);
INSERT INTO village (id, name, panchayat_id) VALUES (17624, 'Ravulakolanu', 664);
INSERT INTO village (id, name, panchayat_id) VALUES (17625, 'Simhadripuram', 664);
INSERT INTO village (id, name, panchayat_id) VALUES (17626, 'Sunkesula', 664);
INSERT INTO village (id, name, panchayat_id) VALUES (17627, 'Theliki', 664);
INSERT INTO mandal (id, name, constituency_id) VALUES (665, 'S.Mydukur', 28);
INSERT INTO panchayat (id, name, mandal_id) VALUES (665, 'Default Panchayat S.Mydukur', 665);
INSERT INTO village (id, name, panchayat_id) VALUES (17628, 'Annalur', 665);
INSERT INTO village (id, name, panchayat_id) VALUES (17629, 'Audireddipalle', 665);
INSERT INTO village (id, name, panchayat_id) VALUES (17630, 'Gaddamayapalle', 665);
INSERT INTO village (id, name, panchayat_id) VALUES (17631, 'Ganjikunta', 665);
INSERT INTO village (id, name, panchayat_id) VALUES (17632, 'Lingaladinne', 665);
INSERT INTO village (id, name, panchayat_id) VALUES (17633, 'Mittamanipalle', 665);
INSERT INTO village (id, name, panchayat_id) VALUES (17634, 'Mudireddipalle', 665);
INSERT INTO village (id, name, panchayat_id) VALUES (17635, 'Nandyalampeta', 665);
INSERT INTO village (id, name, panchayat_id) VALUES (17636, 'N.Mydukur', 665);
INSERT INTO village (id, name, panchayat_id) VALUES (17637, 'Onipenta', 665);
INSERT INTO village (id, name, panchayat_id) VALUES (17638, 'Settivaripalle', 665);
INSERT INTO village (id, name, panchayat_id) VALUES (17639, 'Sivapuram', 665);
INSERT INTO village (id, name, panchayat_id) VALUES (17640, 'S.Mydukur', 665);
INSERT INTO village (id, name, panchayat_id) VALUES (17641, 'Somayajulapalle', 665);
INSERT INTO village (id, name, panchayat_id) VALUES (17642, 'Thippireddipalle', 665);
INSERT INTO village (id, name, panchayat_id) VALUES (17643, 'Yakarlapalem', 665);
INSERT INTO mandal (id, name, constituency_id) VALUES (666, 'Sri Avadhutha Kasinayana', 28);
INSERT INTO panchayat (id, name, mandal_id) VALUES (666, 'Default Panchayat Sri Avadhutha Kasinayana', 666);
INSERT INTO village (id, name, panchayat_id) VALUES (17644, 'Akkampet', 666);
INSERT INTO village (id, name, panchayat_id) VALUES (17645, 'Akkemgundla', 666);
INSERT INTO village (id, name, panchayat_id) VALUES (17646, 'Balayapalle', 666);
INSERT INTO village (id, name, panchayat_id) VALUES (17647, 'Ganganapalle', 666);
INSERT INTO village (id, name, panchayat_id) VALUES (17648, 'Guntuvaripalle', 666);
INSERT INTO village (id, name, panchayat_id) VALUES (17649, 'Itigullapadu', 666);
INSERT INTO village (id, name, panchayat_id) VALUES (17650, 'Katheragandla', 666);
INSERT INTO village (id, name, panchayat_id) VALUES (17651, 'Moolapalle', 666);
INSERT INTO village (id, name, panchayat_id) VALUES (17652, 'Narasapuram', 666);
INSERT INTO village (id, name, panchayat_id) VALUES (17653, 'Nayunipalle', 666);
INSERT INTO village (id, name, panchayat_id) VALUES (17654, 'Obulapuram', 666);
INSERT INTO village (id, name, panchayat_id) VALUES (17655, 'Pagadalapalle', 666);
INSERT INTO village (id, name, panchayat_id) VALUES (17656, 'Pittigunta', 666);
INSERT INTO village (id, name, panchayat_id) VALUES (17657, 'Rampadu', 666);
INSERT INTO village (id, name, panchayat_id) VALUES (17658, 'Savisettipalle', 666);
INSERT INTO village (id, name, panchayat_id) VALUES (17659, 'Uppalur', 666);
INSERT INTO village (id, name, panchayat_id) VALUES (17660, 'Vankamarri', 666);
INSERT INTO village (id, name, panchayat_id) VALUES (17661, 'Varikunta', 666);
INSERT INTO village (id, name, panchayat_id) VALUES (17662, 'Vasudevapuram', 666);
INSERT INTO village (id, name, panchayat_id) VALUES (17663, 'Vengalampalle', 666);
INSERT INTO mandal (id, name, constituency_id) VALUES (667, 'Thondur', 28);
INSERT INTO panchayat (id, name, mandal_id) VALUES (667, 'Default Panchayat Thondur', 667);
INSERT INTO village (id, name, panchayat_id) VALUES (17664, 'Agadur', 667);
INSERT INTO village (id, name, panchayat_id) VALUES (17665, 'Bhadrampalle', 667);
INSERT INTO village (id, name, panchayat_id) VALUES (17666, 'Buchupalle', 667);
INSERT INTO village (id, name, panchayat_id) VALUES (17667, 'Gotur', 667);
INSERT INTO village (id, name, panchayat_id) VALUES (17668, 'Gundlamadugu', 667);
INSERT INTO village (id, name, panchayat_id) VALUES (17669, 'Inagalur', 667);
INSERT INTO village (id, name, panchayat_id) VALUES (17670, 'Jalaparthi', 667);
INSERT INTO village (id, name, panchayat_id) VALUES (17671, 'Madur', 667);
INSERT INTO village (id, name, panchayat_id) VALUES (17672, 'Mallela', 667);
INSERT INTO village (id, name, panchayat_id) VALUES (17673, 'Palur', 667);
INSERT INTO village (id, name, panchayat_id) VALUES (17674, 'Santhakovvur', 667);
INSERT INTO village (id, name, panchayat_id) VALUES (17675, 'Sydapuram', 667);
INSERT INTO village (id, name, panchayat_id) VALUES (17676, 'Thellur', 667);
INSERT INTO village (id, name, panchayat_id) VALUES (17677, 'Thimmapurampeta', 667);
INSERT INTO village (id, name, panchayat_id) VALUES (17678, 'Thondur', 667);
INSERT INTO village (id, name, panchayat_id) VALUES (17679, 'Udavagandla', 667);
INSERT INTO village (id, name, panchayat_id) VALUES (17680, 'Yadavakunta', 667);
INSERT INTO mandal (id, name, constituency_id) VALUES (668, 'T.Sundupalle', 28);
INSERT INTO panchayat (id, name, mandal_id) VALUES (668, 'Default Panchayat T.Sundupalle', 668);
INSERT INTO village (id, name, panchayat_id) VALUES (17681, 'Akkampalle', 668);
INSERT INTO village (id, name, panchayat_id) VALUES (17682, 'Bhagampalle', 668);
INSERT INTO village (id, name, panchayat_id) VALUES (17683, 'Chinnaiahgaripalle', 668);
INSERT INTO village (id, name, panchayat_id) VALUES (17684, 'Gundlapalle', 668);
INSERT INTO village (id, name, panchayat_id) VALUES (17685, 'Madithadu', 668);
INSERT INTO village (id, name, panchayat_id) VALUES (17686, 'Mudampadu', 668);
INSERT INTO village (id, name, panchayat_id) VALUES (17687, 'Peddinenikalva', 668);
INSERT INTO village (id, name, panchayat_id) VALUES (17688, 'Perumallaiahgaripalle', 668);
INSERT INTO village (id, name, panchayat_id) VALUES (17689, 'Polimerapalle', 668);
INSERT INTO village (id, name, panchayat_id) VALUES (17690, 'Rayavaram', 668);
INSERT INTO village (id, name, panchayat_id) VALUES (17691, 'Reddivaripalle', 668);
INSERT INTO village (id, name, panchayat_id) VALUES (17692, 'Thimmasamudram', 668);
INSERT INTO village (id, name, panchayat_id) VALUES (17693, 'T Sundupalle', 668);
INSERT INTO village (id, name, panchayat_id) VALUES (17694, 'Yerramanenipalem', 668);
INSERT INTO mandal (id, name, constituency_id) VALUES (669, 'Vallur', 28);
INSERT INTO panchayat (id, name, mandal_id) VALUES (669, 'Default Panchayat Vallur', 669);
INSERT INTO village (id, name, panchayat_id) VALUES (17695, 'Ambavaram', 669);
INSERT INTO village (id, name, panchayat_id) VALUES (17696, 'Ankayapalle', 669);
INSERT INTO village (id, name, panchayat_id) VALUES (17697, 'Chinnaputha', 669);
INSERT INTO village (id, name, panchayat_id) VALUES (17698, 'Gotur', 669);
INSERT INTO village (id, name, panchayat_id) VALUES (17699, 'Isukapalle', 669);
INSERT INTO village (id, name, panchayat_id) VALUES (17700, 'Jangampalle', 669);
INSERT INTO village (id, name, panchayat_id) VALUES (17701, 'Kodandaramapuram', 669);
INSERT INTO village (id, name, panchayat_id) VALUES (17702, 'Koppolu', 669);
INSERT INTO village (id, name, panchayat_id) VALUES (17703, 'Kotluru', 669);
INSERT INTO village (id, name, panchayat_id) VALUES (17704, 'Kumarunipalle', 669);
INSERT INTO village (id, name, panchayat_id) VALUES (17705, 'Lebaka', 669);
INSERT INTO village (id, name, panchayat_id) VALUES (17706, 'Obana Somayajulapalle', 669);
INSERT INTO village (id, name, panchayat_id) VALUES (17707, 'Paidikalva', 669);
INSERT INTO village (id, name, panchayat_id) VALUES (17708, 'Peddaputha', 669);
INSERT INTO village (id, name, panchayat_id) VALUES (17709, 'Putha Chinnayapalle', 669);
INSERT INTO village (id, name, panchayat_id) VALUES (17710, 'Tappetla', 669);
INSERT INTO village (id, name, panchayat_id) VALUES (17711, 'Thollaganganapalle', 669);
INSERT INTO village (id, name, panchayat_id) VALUES (17712, 'Vallur', 669);
INSERT INTO village (id, name, panchayat_id) VALUES (17713, 'Venkatesapuram', 669);
INSERT INTO village (id, name, panchayat_id) VALUES (17714, 'Yadavapuram', 669);
INSERT INTO mandal (id, name, constituency_id) VALUES (670, 'Veeraballe', 28);
INSERT INTO panchayat (id, name, mandal_id) VALUES (670, 'Default Panchayat Veeraballe', 670);
INSERT INTO village (id, name, panchayat_id) VALUES (17715, 'Gadikota', 670);
INSERT INTO village (id, name, panchayat_id) VALUES (17716, 'Matli', 670);
INSERT INTO village (id, name, panchayat_id) VALUES (17717, 'Odiveedu', 670);
INSERT INTO village (id, name, panchayat_id) VALUES (17718, 'Peddiveedu', 670);
INSERT INTO village (id, name, panchayat_id) VALUES (17719, 'Sanipaya', 670);
INSERT INTO village (id, name, panchayat_id) VALUES (17720, 'Somavaram', 670);
INSERT INTO village (id, name, panchayat_id) VALUES (17721, 'Veeraballe', 670);
INSERT INTO village (id, name, panchayat_id) VALUES (17722, 'Vongimalla', 670);
INSERT INTO village (id, name, panchayat_id) VALUES (17723, 'Yadaballe', 670);
INSERT INTO mandal (id, name, constituency_id) VALUES (671, 'Veerapunayunipalle', 28);
INSERT INTO panchayat (id, name, mandal_id) VALUES (671, 'Default Panchayat Veerapunayunipalle', 671);
INSERT INTO village (id, name, panchayat_id) VALUES (17724, 'Alidena', 671);
INSERT INTO village (id, name, panchayat_id) VALUES (17725, 'Animela', 671);
INSERT INTO village (id, name, panchayat_id) VALUES (17726, 'Ankireddipalle', 671);
INSERT INTO village (id, name, panchayat_id) VALUES (17727, 'Ayyavaripalle', 671);
INSERT INTO village (id, name, panchayat_id) VALUES (17728, 'Gangireddipalle', 671);
INSERT INTO village (id, name, panchayat_id) VALUES (17729, 'Gonumakulapalle', 671);
INSERT INTO village (id, name, panchayat_id) VALUES (17730, 'Indukur', 671);
INSERT INTO village (id, name, panchayat_id) VALUES (17731, 'Keerthipalle', 671);
INSERT INTO village (id, name, panchayat_id) VALUES (17732, 'Kommaddi', 671);
INSERT INTO village (id, name, panchayat_id) VALUES (17733, 'Lingala', 671);
INSERT INTO village (id, name, panchayat_id) VALUES (17734, 'Moillacheruvu', 671);
INSERT INTO village (id, name, panchayat_id) VALUES (17735, 'Northpalagiri', 671);
INSERT INTO village (id, name, panchayat_id) VALUES (17736, 'Payasampalle', 671);
INSERT INTO village (id, name, panchayat_id) VALUES (17737, 'Pillivaripalle', 671);
INSERT INTO village (id, name, panchayat_id) VALUES (17738, 'Southpalagiri', 671);
INSERT INTO village (id, name, panchayat_id) VALUES (17739, 'Talapanur', 671);
INSERT INTO village (id, name, panchayat_id) VALUES (17740, 'Tangedupalle', 671);
INSERT INTO village (id, name, panchayat_id) VALUES (17741, 'U.Rajupalem', 671);
INSERT INTO village (id, name, panchayat_id) VALUES (17742, 'Urutur', 671);
INSERT INTO village (id, name, panchayat_id) VALUES (17743, 'Veldurthi', 671);
INSERT INTO mandal (id, name, constituency_id) VALUES (672, 'Vempalli', 28);
INSERT INTO panchayat (id, name, mandal_id) VALUES (672, 'Default Panchayat Vempalli', 672);
INSERT INTO village (id, name, panchayat_id) VALUES (17744, 'Alavalapadu', 672);
INSERT INTO village (id, name, panchayat_id) VALUES (17745, 'Alireddipalle', 672);
INSERT INTO village (id, name, panchayat_id) VALUES (17746, 'Idupulapaya', 672);
INSERT INTO village (id, name, panchayat_id) VALUES (17747, 'Kathaluru', 672);
INSERT INTO village (id, name, panchayat_id) VALUES (17748, 'Muthukuru', 672);
INSERT INTO village (id, name, panchayat_id) VALUES (17749, 'Naguru', 672);
INSERT INTO village (id, name, panchayat_id) VALUES (17750, 'Pamulur', 672);
INSERT INTO village (id, name, panchayat_id) VALUES (17751, 'Ramireddipalle', 672);
INSERT INTO village (id, name, panchayat_id) VALUES (17752, 'Tallapalle', 672);
INSERT INTO village (id, name, panchayat_id) VALUES (17753, 'T.Velamvaripalle', 672);
INSERT INTO village (id, name, panchayat_id) VALUES (17754, 'Vempalle', 672);
INSERT INTO mandal (id, name, constituency_id) VALUES (673, 'Vemula', 28);
INSERT INTO panchayat (id, name, mandal_id) VALUES (673, 'Default Panchayat Vemula', 673);
INSERT INTO village (id, name, panchayat_id) VALUES (17755, 'Chagaleru', 673);
INSERT INTO village (id, name, panchayat_id) VALUES (17756, 'Chintalajutur', 673);
INSERT INTO village (id, name, panchayat_id) VALUES (17757, 'Gollalagudur', 673);
INSERT INTO village (id, name, panchayat_id) VALUES (17758, 'Gondipalle', 673);
INSERT INTO village (id, name, panchayat_id) VALUES (17759, 'Meedipentla', 673);
INSERT INTO village (id, name, panchayat_id) VALUES (17760, 'Nallacheruvupalle', 673);
INSERT INTO village (id, name, panchayat_id) VALUES (17761, 'Peddajutur', 673);
INSERT INTO village (id, name, panchayat_id) VALUES (17762, 'Pendluru', 673);
INSERT INTO village (id, name, panchayat_id) VALUES (17763, 'Pernapadu', 673);
INSERT INTO village (id, name, panchayat_id) VALUES (17764, 'Velpula', 673);
INSERT INTO village (id, name, panchayat_id) VALUES (17765, 'Vemula', 673);
INSERT INTO village (id, name, panchayat_id) VALUES (17766, 'V.Kothapalle', 673);
INSERT INTO mandal (id, name, constituency_id) VALUES (674, 'Vontimitta', 28);
INSERT INTO panchayat (id, name, mandal_id) VALUES (674, 'Default Panchayat Vontimitta', 674);
INSERT INTO village (id, name, panchayat_id) VALUES (17767, 'Brahmanapalle', 674);
INSERT INTO village (id, name, panchayat_id) VALUES (17768, 'Chintarajupalle', 674);
INSERT INTO village (id, name, panchayat_id) VALUES (17769, 'Darjipalle', 674);
INSERT INTO village (id, name, panchayat_id) VALUES (17770, 'Gangaperuru', 674);
INSERT INTO village (id, name, panchayat_id) VALUES (17771, 'Gollapalle', 674);
INSERT INTO village (id, name, panchayat_id) VALUES (17772, 'Gundlamada', 674);
INSERT INTO village (id, name, panchayat_id) VALUES (17773, 'Jowkulapalle', 674);
INSERT INTO village (id, name, panchayat_id) VALUES (17774, 'Konarajupalle', 674);
INSERT INTO village (id, name, panchayat_id) VALUES (17775, 'Kotapadu', 674);
INSERT INTO village (id, name, panchayat_id) VALUES (17776, 'Kudumalur', 674);
INSERT INTO village (id, name, panchayat_id) VALUES (17777, 'Kuruguntlapalle', 674);
INSERT INTO village (id, name, panchayat_id) VALUES (17778, 'Madhavaram', 674);
INSERT INTO village (id, name, panchayat_id) VALUES (17779, 'Mangampeta', 674);
INSERT INTO village (id, name, panchayat_id) VALUES (17780, 'Mantapampalle', 674);
INSERT INTO village (id, name, panchayat_id) VALUES (17781, 'Narayanarajupeta', 674);
INSERT INTO village (id, name, panchayat_id) VALUES (17782, 'Pennaperuru', 674);
INSERT INTO village (id, name, panchayat_id) VALUES (17783, 'Ponnapalle', 674);
INSERT INTO village (id, name, panchayat_id) VALUES (17784, 'Rachagudipalle', 674);
INSERT INTO village (id, name, panchayat_id) VALUES (17785, 'Vontimitta', 674);
INSERT INTO mandal (id, name, constituency_id) VALUES (675, 'Yerraguntla', 28);
INSERT INTO panchayat (id, name, mandal_id) VALUES (675, 'Default Panchayat Yerraguntla', 675);
INSERT INTO village (id, name, panchayat_id) VALUES (17786, 'Chilamkur', 675);
INSERT INTO village (id, name, panchayat_id) VALUES (17787, 'Chinnadandluru', 675);
INSERT INTO village (id, name, panchayat_id) VALUES (17788, 'Hanumanagutti', 675);
INSERT INTO village (id, name, panchayat_id) VALUES (17789, 'Illuru', 675);
INSERT INTO village (id, name, panchayat_id) VALUES (17790, 'Kalamalla', 675);
INSERT INTO village (id, name, panchayat_id) VALUES (17791, 'Kathugutavengannagaripalle', 675);
INSERT INTO village (id, name, panchayat_id) VALUES (17792, 'Koduru', 675);
INSERT INTO village (id, name, panchayat_id) VALUES (17793, 'Malepadu', 675);
INSERT INTO village (id, name, panchayat_id) VALUES (17794, 'Nidizivve', 675);
INSERT INTO village (id, name, panchayat_id) VALUES (17795, 'Peddanapadu', 675);
INSERT INTO village (id, name, panchayat_id) VALUES (17796, 'P.Gopalapuram', 675);
INSERT INTO village (id, name, panchayat_id) VALUES (17797, 'Potladurthi', 675);
INSERT INTO village (id, name, panchayat_id) VALUES (17798, 'Thippaluru', 675);
INSERT INTO village (id, name, panchayat_id) VALUES (17799, 'T.Sunkesala', 675);
INSERT INTO village (id, name, panchayat_id) VALUES (17800, 'Valasapalle', 675);
INSERT INTO village (id, name, panchayat_id) VALUES (17801, 'Yerraguntla (Ct)', 675);
INSERT INTO users (id, username, password_hash, role, full_name, phone) VALUES (1, 'admin', 'password', 'ADMIN', 'Admin User', '1234567890');
INSERT INTO users (id, username, password_hash, role, full_name, phone) VALUES (2, 'Nodal-101', 'password', 'NODAL_OFFICER', 'Nodal Officer 1', '1234567890');
INSERT INTO users (id, username, password_hash, role, full_name, phone) VALUES (3, 'VOL-101', 'password', 'VOLUNTEER', 'Volunteer 1', '1234567890');
